name,src_file,src_line,ns_since_start,exec_time_ns,thread,value
Physics::Step,C:\Users\ivanm\source\repos\myengine\engine\src\ecs\systems\PhysicsSystem.cpp,825,2462734545,4951225,17,
Physics::Step,C:\Users\ivanm\source\repos\myengine\engine\src\ecs\systems\PhysicsSystem.cpp,825,2467685931,3504972,17,
Physics::Step,C:\Users\ivanm\source\repos\myengine\engine\src\ecs\systems\PhysicsSystem.cpp,825,2471190953,2893751,17,
Physics::Step,C:\Users\ivanm\source\repos\myengine\engine\src\ecs\systems\PhysicsSystem.cpp,825,2474084734,3004391,17,
Physics::Step,C:\Users\ivanm\source\repos\myengine\engine\src\ecs\systems\PhysicsSystem.cpp,825,2502270885,3717116,17,
Physics::Step,C:\Users\ivanm\source\repos\myengine\engine\src\ecs\systems\PhysicsSystem.cpp,825,2505988102,2785064,17,
Physics::Step,C:\Users\ivanm\source\repos\myengine\engine\src\ecs\systems\PhysicsSystem.cpp,825,2562462676,3687650,17,
Physics::Step,C:\Users\ivanm\source\repos\myengine\engine\src\ecs\systems\PhysicsSystem.cpp,825,2566150476,2682620,17,
Physics::Step,C:\Users\ivanm\source\repos\myengine\engine\src\ecs\systems\PhysicsSystem.cpp,825,2568833176,2466328,17,
Physics::Step,C:\Users\ivanm\source\repos\myengine\engine\src\ecs\systems\PhysicsSystem.cpp,825,2571299534,2438476,17,
Physics::Step,C:\Users\ivanm\source\repos\myengine\engine\src\ecs\systems\PhysicsSystem.cpp,825,2587835658,3199482,17,
Physics::Step,C:\Users\ivanm\source\repos\myengine\engine\src\ecs\systems\PhysicsSystem.cpp,825,2605003318,2382529,17,
Physics::Step,C:\Users\ivanm\source\repos\myengine\engine\src\ecs\systems\PhysicsSystem.cpp,825,2620130514,2833927,17,
Physics::Step,C:\Users\ivanm\source\repos\myengine\engine\src\ecs\systems\PhysicsSystem.cpp,825,2636756684,2235700,17,
Physics::Step,C:\Users\ivanm\source\repos\myengine\engine\src\ecs\systems\PhysicsSystem.cpp,825,2651776911,2451380,17,
Physics::Step,C:\Users\ivanm\source\repos\myengine\engine\src\ecs\systems\PhysicsSystem.cpp,825,2666770067,2605139,17,
Physics::Step,C:\Users\ivanm\source\repos\myengine\engine\src\ecs\systems\PhysicsSystem.cpp,825,2682849268,3552192,17,
Physics::Step,C:\Users\ivanm\source\repos\myengine\engine\src\ecs\systems\PhysicsSystem.cpp,825,2699207634,2331862,17,
Physics::Step,C:\Users\ivanm\source\repos\myengine\engine\src\ecs\systems\PhysicsSystem.cpp,825,2713396706,2412426,17,
Physics::Step,C:\Users\ivanm\source\repos\myengine\engine\src\ecs\systems\PhysicsSystem.cpp,825,2728755212,5249489,17,
Physics::Step,C:\Users\ivanm\source\repos\myengine\engine\src\ecs\systems\PhysicsSystem.cpp,825,2746050288,3800288,17,
Physics::Step,C:\Users\ivanm\source\repos\myengine\engine\src\ecs\systems\PhysicsSystem.cpp,825,2761728024,2884089,17,
Physics::Step,C:\Users\ivanm\source\repos\myengine\engine\src\ecs\systems\PhysicsSystem.cpp,825,2776396774,2543676,17,
Physics::Step,C:\Users\ivanm\source\repos\myengine\engine\src\ecs\systems\PhysicsSystem.cpp,825,2791042445,2996817,17,
Physics::Step,C:\Users\ivanm\source\repos\myengine\engine\src\ecs\systems\PhysicsSystem.cpp,825,2817914507,3472811,17,
Physics::Step,C:\Users\ivanm\source\repos\myengine\engine\src\ecs\systems\PhysicsSystem.cpp,825,2832874014,3483922,17,
Physics::Step,C:\Users\ivanm\source\repos\myengine\engine\src\ecs\systems\PhysicsSystem.cpp,825,2848184338,4347274,17,
Physics::Step,C:\Users\ivanm\source\repos\myengine\engine\src\ecs\systems\PhysicsSystem.cpp,825,2864436131,5636941,17,
Physics::Step,C:\Users\ivanm\source\repos\myengine\engine\src\ecs\systems\PhysicsSystem.cpp,825,2882580347,7055763,17,
Physics::Step,C:\Users\ivanm\source\repos\myengine\engine\src\ecs\systems\PhysicsSystem.cpp,825,2902438607,5040722,17,
Physics::Step,C:\Users\ivanm\source\repos\myengine\engine\src\ecs\systems\PhysicsSystem.cpp,825,2919693537,5169672,17,
Physics::Step,C:\Users\ivanm\source\repos\myengine\engine\src\ecs\systems\PhysicsSystem.cpp,825,2936513295,4512147,17,
Physics::Step,C:\Users\ivanm\source\repos\myengine\engine\src\ecs\systems\PhysicsSystem.cpp,825,2954148593,4790842,17,
Physics::Step,C:\Users\ivanm\source\repos\myengine\engine\src\ecs\systems\PhysicsSystem.cpp,825,2971959141,4546870,17,
Physics::Step,C:\Users\ivanm\source\repos\myengine\engine\src\ecs\systems\PhysicsSystem.cpp,825,2989649135,4514720,17,
Physics::Step,C:\Users\ivanm\source\repos\myengine\engine\src\ecs\systems\PhysicsSystem.cpp,825,3007104078,5960017,17,
Physics::Step,C:\Users\ivanm\source\repos\myengine\engine\src\ecs\systems\PhysicsSystem.cpp,825,3013064215,5345214,17,
Physics::Step,C:\Users\ivanm\source\repos\myengine\engine\src\ecs\systems\PhysicsSystem.cpp,825,3032483693,5763812,17,
Physics::Step,C:\Users\ivanm\source\repos\myengine\engine\src\ecs\systems\PhysicsSystem.cpp,825,3050381871,5793225,17,
Physics::Step,C:\Users\ivanm\source\repos\myengine\engine\src\ecs\systems\PhysicsSystem.cpp,825,3068882632,5007018,17,
Physics::Step,C:\Users\ivanm\source\repos\myengine\engine\src\ecs\systems\PhysicsSystem.cpp,825,3090248738,5425001,17,
Physics::Step,C:\Users\ivanm\source\repos\myengine\engine\src\ecs\systems\PhysicsSystem.cpp,825,3095673889,6368750,17,
Physics::Step,C:\Users\ivanm\source\repos\myengine\engine\src\ecs\systems\PhysicsSystem.cpp,825,3115059389,6575123,17,
Physics::Step,C:\Users\ivanm\source\repos\myengine\engine\src\ecs\systems\PhysicsSystem.cpp,825,3133272355,6943585,17,
Physics::Step,C:\Users\ivanm\source\repos\myengine\engine\src\ecs\systems\PhysicsSystem.cpp,825,3152266016,6797006,17,
Physics::Step,C:\Users\ivanm\source\repos\myengine\engine\src\ecs\systems\PhysicsSystem.cpp,825,3172388854,6442005,17,
Physics::Step,C:\Users\ivanm\source\repos\myengine\engine\src\ecs\systems\PhysicsSystem.cpp,825,3192227765,6875822,17,
Physics::Step,C:\Users\ivanm\source\repos\myengine\engine\src\ecs\systems\PhysicsSystem.cpp,825,3199103727,5127175,17,
Physics::Step,C:\Users\ivanm\source\repos\myengine\engine\src\ecs\systems\PhysicsSystem.cpp,825,3217085699,6703993,17,
Physics::Step,C:\Users\ivanm\source\repos\myengine\engine\src\ecs\systems\PhysicsSystem.cpp,825,3237310765,6141189,17,
Physics::Step,C:\Users\ivanm\source\repos\myengine\engine\src\ecs\systems\PhysicsSystem.cpp,825,3257511080,7034815,17,
Physics::Step,C:\Users\ivanm\source\repos\myengine\engine\src\ecs\systems\PhysicsSystem.cpp,825,3264546235,7429524,17,
Physics::Step,C:\Users\ivanm\source\repos\myengine\engine\src\ecs\systems\PhysicsSystem.cpp,825,3284951004,5918714,17,
Physics::Step,C:\Users\ivanm\source\repos\myengine\engine\src\ecs\systems\PhysicsSystem.cpp,825,3304258479,5361496,17,
Physics::Step,C:\Users\ivanm\source\repos\myengine\engine\src\ecs\systems\PhysicsSystem.cpp,825,3323652360,6565546,17,
Physics::Step,C:\Users\ivanm\source\repos\myengine\engine\src\ecs\systems\PhysicsSystem.cpp,825,3330218226,5931711,17,
Physics::Step,C:\Users\ivanm\source\repos\myengine\engine\src\ecs\systems\PhysicsSystem.cpp,825,3349547154,7423522,17,
Physics::Step,C:\Users\ivanm\source\repos\myengine\engine\src\ecs\systems\PhysicsSystem.cpp,825,3369733256,5511413,17,
Physics::Step,C:\Users\ivanm\source\repos\myengine\engine\src\ecs\systems\PhysicsSystem.cpp,825,3388189977,5740351,17,
Physics::Step,C:\Users\ivanm\source\repos\myengine\engine\src\ecs\systems\PhysicsSystem.cpp,825,3407431703,6132308,17,
Physics::Step,C:\Users\ivanm\source\repos\myengine\engine\src\ecs\systems\PhysicsSystem.cpp,825,3413564132,4925179,17,
Physics::Step,C:\Users\ivanm\source\repos\myengine\engine\src\ecs\systems\PhysicsSystem.cpp,825,3431938888,7049844,17,
Physics::Step,C:\Users\ivanm\source\repos\myengine\engine\src\ecs\systems\PhysicsSystem.cpp,825,3451844921,4922727,17,
Physics::Step,C:\Users\ivanm\source\repos\myengine\engine\src\ecs\systems\PhysicsSystem.cpp,825,3469584672,5164718,17,
Physics::Step,C:\Users\ivanm\source\repos\myengine\engine\src\ecs\systems\PhysicsSystem.cpp,825,3486818973,5664416,17,
Physics::Step,C:\Users\ivanm\source\repos\myengine\engine\src\ecs\systems\PhysicsSystem.cpp,825,3504427153,5011376,17,
Physics::Step,C:\Users\ivanm\source\repos\myengine\engine\src\ecs\systems\PhysicsSystem.cpp,825,3521692974,5289388,17,
Physics::Step,C:\Users\ivanm\source\repos\myengine\engine\src\ecs\systems\PhysicsSystem.cpp,825,3538648428,5202990,17,
Physics::Step,C:\Users\ivanm\source\repos\myengine\engine\src\ecs\systems\PhysicsSystem.cpp,825,3555816834,6098413,17,
Physics::Step,C:\Users\ivanm\source\repos\myengine\engine\src\ecs\systems\PhysicsSystem.cpp,825,3574626650,6756643,17,
Physics::Step,C:\Users\ivanm\source\repos\myengine\engine\src\ecs\systems\PhysicsSystem.cpp,825,3581383544,5738235,17,
Physics::Step,C:\Users\ivanm\source\repos\myengine\engine\src\ecs\systems\PhysicsSystem.cpp,825,3602709815,5684175,17,
Physics::Step,C:\Users\ivanm\source\repos\myengine\engine\src\ecs\systems\PhysicsSystem.cpp,825,3622250931,5204660,17,
Physics::Step,C:\Users\ivanm\source\repos\myengine\engine\src\ecs\systems\PhysicsSystem.cpp,825,3643091394,7340376,17,
Physics::Step,C:\Users\ivanm\source\repos\myengine\engine\src\ecs\systems\PhysicsSystem.cpp,825,3650432121,5520393,17,
Physics::Step,C:\Users\ivanm\source\repos\myengine\engine\src\ecs\systems\PhysicsSystem.cpp,825,3670522410,5627409,17,
Physics::Step,C:\Users\ivanm\source\repos\myengine\engine\src\ecs\systems\PhysicsSystem.cpp,825,3689537347,6450770,17,
Physics::Step,C:\Users\ivanm\source\repos\myengine\engine\src\ecs\systems\PhysicsSystem.cpp,825,3709129478,6145233,17,
Physics::Step,C:\Users\ivanm\source\repos\myengine\engine\src\ecs\systems\PhysicsSystem.cpp,825,3715274812,5932072,17,
Physics::Step,C:\Users\ivanm\source\repos\myengine\engine\src\ecs\systems\PhysicsSystem.cpp,825,3735407644,6029351,17,
Physics::Step,C:\Users\ivanm\source\repos\myengine\engine\src\ecs\systems\PhysicsSystem.cpp,825,3755910375,6366876,17,
Physics::Step,C:\Users\ivanm\source\repos\myengine\engine\src\ecs\systems\PhysicsSystem.cpp,825,3776507482,6821838,17,
Physics::Step,C:\Users\ivanm\source\repos\myengine\engine\src\ecs\systems\PhysicsSystem.cpp,825,3783329420,5309462,17,
Physics::Step,C:\Users\ivanm\source\repos\myengine\engine\src\ecs\systems\PhysicsSystem.cpp,825,3806088372,5777293,17,
Physics::Step,C:\Users\ivanm\source\repos\myengine\engine\src\ecs\systems\PhysicsSystem.cpp,825,3825112837,7722460,17,
Physics::Step,C:\Users\ivanm\source\repos\myengine\engine\src\ecs\systems\PhysicsSystem.cpp,825,3832835367,4789685,17,
Physics::Step,C:\Users\ivanm\source\repos\myengine\engine\src\ecs\systems\PhysicsSystem.cpp,825,3851124283,6192326,17,
Physics::Step,C:\Users\ivanm\source\repos\myengine\engine\src\ecs\systems\PhysicsSystem.cpp,825,3870910600,6626613,17,
Physics::Step,C:\Users\ivanm\source\repos\myengine\engine\src\ecs\systems\PhysicsSystem.cpp,825,3890507418,7359740,17,
Physics::Step,C:\Users\ivanm\source\repos\myengine\engine\src\ecs\systems\PhysicsSystem.cpp,825,3897867279,5737917,17,
Physics::Step,C:\Users\ivanm\source\repos\myengine\engine\src\ecs\systems\PhysicsSystem.cpp,825,3916704327,5958481,17,
Physics::Step,C:\Users\ivanm\source\repos\myengine\engine\src\ecs\systems\PhysicsSystem.cpp,825,3936341335,7288001,17,
Physics::Step,C:\Users\ivanm\source\repos\myengine\engine\src\ecs\systems\PhysicsSystem.cpp,825,3957550529,6521305,17,
Physics::Step,C:\Users\ivanm\source\repos\myengine\engine\src\ecs\systems\PhysicsSystem.cpp,825,3964071964,7433831,17,
Physics::Step,C:\Users\ivanm\source\repos\myengine\engine\src\ecs\systems\PhysicsSystem.cpp,825,3984946765,6163993,17,
Physics::Step,C:\Users\ivanm\source\repos\myengine\engine\src\ecs\systems\PhysicsSystem.cpp,825,4006279012,5943026,17,
Physics::Step,C:\Users\ivanm\source\repos\myengine\engine\src\ecs\systems\PhysicsSystem.cpp,825,4025533893,7475381,17,
Physics::Step,C:\Users\ivanm\source\repos\myengine\engine\src\ecs\systems\PhysicsSystem.cpp,825,4033009454,7276231,17,
Physics::Step,C:\Users\ivanm\source\repos\myengine\engine\src\ecs\systems\PhysicsSystem.cpp,825,4056262977,6175420,17,
Physics::Step,C:\Users\ivanm\source\repos\myengine\engine\src\ecs\systems\PhysicsSystem.cpp,825,4075793754,6855008,17,
Physics::Step,C:\Users\ivanm\source\repos\myengine\engine\src\ecs\systems\PhysicsSystem.cpp,825,4082648823,5515908,17,
Physics::Step,C:\Users\ivanm\source\repos\myengine\engine\src\ecs\systems\PhysicsSystem.cpp,825,4102441200,5055861,17,
Physics::Step,C:\Users\ivanm\source\repos\myengine\engine\src\ecs\systems\PhysicsSystem.cpp,825,4120356405,5938208,17,
Physics::Step,C:\Users\ivanm\source\repos\myengine\engine\src\ecs\systems\PhysicsSystem.cpp,825,4140126817,5887637,17,
Physics::Step,C:\Users\ivanm\source\repos\myengine\engine\src\ecs\systems\PhysicsSystem.cpp,825,4146014504,6091395,17,
Physics::Step,C:\Users\ivanm\source\repos\myengine\engine\src\ecs\systems\PhysicsSystem.cpp,825,4166080063,6395594,17,
Physics::Step,C:\Users\ivanm\source\repos\myengine\engine\src\ecs\systems\PhysicsSystem.cpp,825,4185763877,6751577,17,
Physics::Step,C:\Users\ivanm\source\repos\myengine\engine\src\ecs\systems\PhysicsSystem.cpp,825,4206579949,6657787,17,
Physics::Step,C:\Users\ivanm\source\repos\myengine\engine\src\ecs\systems\PhysicsSystem.cpp,825,4213237796,6404334,17,
Physics::Step,C:\Users\ivanm\source\repos\myengine\engine\src\ecs\systems\PhysicsSystem.cpp,825,4233667150,5556093,17,
Physics::Step,C:\Users\ivanm\source\repos\myengine\engine\src\ecs\systems\PhysicsSystem.cpp,825,4258806138,6314290,17,
Physics::Step,C:\Users\ivanm\source\repos\myengine\engine\src\ecs\systems\PhysicsSystem.cpp,825,4265120789,5767253,17,
Physics::Step,C:\Users\ivanm\source\repos\myengine\engine\src\ecs\systems\PhysicsSystem.cpp,825,4284985972,5759097,17,
Physics::Step,C:\Users\ivanm\source\repos\myengine\engine\src\ecs\systems\PhysicsSystem.cpp,825,4305524567,5871941,17,
Physics::Step,C:\Users\ivanm\source\repos\myengine\engine\src\ecs\systems\PhysicsSystem.cpp,825,4324261825,7020144,17,
Physics::Step,C:\Users\ivanm\source\repos\myengine\engine\src\ecs\systems\PhysicsSystem.cpp,825,4331282170,5824127,17,
Physics::Step,C:\Users\ivanm\source\repos\myengine\engine\src\ecs\systems\PhysicsSystem.cpp,825,4351882305,6826622,17,
Physics::Step,C:\Users\ivanm\source\repos\myengine\engine\src\ecs\systems\PhysicsSystem.cpp,825,4372706661,5533674,17,
Physics::Step,C:\Users\ivanm\source\repos\myengine\engine\src\ecs\systems\PhysicsSystem.cpp,825,4392098458,6261022,17,
Physics::Step,C:\Users\ivanm\source\repos\myengine\engine\src\ecs\systems\PhysicsSystem.cpp,825,4398359570,7931246,17,
Physics::Step,C:\Users\ivanm\source\repos\myengine\engine\src\ecs\systems\PhysicsSystem.cpp,825,4420222870,5725956,17,
Physics::Step,C:\Users\ivanm\source\repos\myengine\engine\src\ecs\systems\PhysicsSystem.cpp,825,4439013270,6891150,17,
Physics::Step,C:\Users\ivanm\source\repos\myengine\engine\src\ecs\systems\PhysicsSystem.cpp,825,4458856922,6101076,17,
Physics::Step,C:\Users\ivanm\source\repos\myengine\engine\src\ecs\systems\PhysicsSystem.cpp,825,4464958179,5899815,17,
Physics::Step,C:\Users\ivanm\source\repos\myengine\engine\src\ecs\systems\PhysicsSystem.cpp,825,4484833200,5892051,17,
Physics::Step,C:\Users\ivanm\source\repos\myengine\engine\src\ecs\systems\PhysicsSystem.cpp,825,4505437999,6103860,17,
Physics::Step,C:\Users\ivanm\source\repos\myengine\engine\src\ecs\systems\PhysicsSystem.cpp,825,4525156509,6999323,17,
Physics::Step,C:\Users\ivanm\source\repos\myengine\engine\src\ecs\systems\PhysicsSystem.cpp,825,4532155902,5142346,17,
Physics::Step,C:\Users\ivanm\source\repos\myengine\engine\src\ecs\systems\PhysicsSystem.cpp,825,4551049418,7639652,17,
Physics::Step,C:\Users\ivanm\source\repos\myengine\engine\src\ecs\systems\PhysicsSystem.cpp,825,4571352623,5756985,17,
Physics::Step,C:\Users\ivanm\source\repos\myengine\engine\src\ecs\systems\PhysicsSystem.cpp,825,4589234247,5197057,17,
Physics::Step,C:\Users\ivanm\source\repos\myengine\engine\src\ecs\systems\PhysicsSystem.cpp,825,4608718715,5915107,17,
Physics::Step,C:\Users\ivanm\source\repos\myengine\engine\src\ecs\systems\PhysicsSystem.cpp,825,4614633953,5306764,17,
Physics::Step,C:\Users\ivanm\source\repos\myengine\engine\src\ecs\systems\PhysicsSystem.cpp,825,4636280879,5401628,17,
Physics::Step,C:\Users\ivanm\source\repos\myengine\engine\src\ecs\systems\PhysicsSystem.cpp,825,4654714400,5339934,17,
Physics::Step,C:\Users\ivanm\source\repos\myengine\engine\src\ecs\systems\PhysicsSystem.cpp,825,4672203930,4710254,17,
Physics::Step,C:\Users\ivanm\source\repos\myengine\engine\src\ecs\systems\PhysicsSystem.cpp,825,4688748069,4900525,17,
Physics::Step,C:\Users\ivanm\source\repos\myengine\engine\src\ecs\systems\PhysicsSystem.cpp,825,4705887570,5147475,17,
Physics::Step,C:\Users\ivanm\source\repos\myengine\engine\src\ecs\systems\PhysicsSystem.cpp,825,4722582897,5247599,17,
Physics::Step,C:\Users\ivanm\source\repos\myengine\engine\src\ecs\systems\PhysicsSystem.cpp,825,4739553842,5629166,17,
Physics::Step,C:\Users\ivanm\source\repos\myengine\engine\src\ecs\systems\PhysicsSystem.cpp,825,4756573901,5103821,17,
Physics::Step,C:\Users\ivanm\source\repos\myengine\engine\src\ecs\systems\PhysicsSystem.cpp,825,4761677802,4860205,17,
Physics::Step,C:\Users\ivanm\source\repos\myengine\engine\src\ecs\systems\PhysicsSystem.cpp,825,4778555782,5295907,17,
Physics::Step,C:\Users\ivanm\source\repos\myengine\engine\src\ecs\systems\PhysicsSystem.cpp,825,4795812525,5595482,17,
Physics::Step,C:\Users\ivanm\source\repos\myengine\engine\src\ecs\systems\PhysicsSystem.cpp,825,4813589072,5523640,17,
Physics::Step,C:\Users\ivanm\source\repos\myengine\engine\src\ecs\systems\PhysicsSystem.cpp,825,4831658631,5190117,17,
Physics::Step,C:\Users\ivanm\source\repos\myengine\engine\src\ecs\systems\PhysicsSystem.cpp,825,4850186783,5614958,17,
Physics::Step,C:\Users\ivanm\source\repos\myengine\engine\src\ecs\systems\PhysicsSystem.cpp,825,4868576004,5141539,17,
Physics::Step,C:\Users\ivanm\source\repos\myengine\engine\src\ecs\systems\PhysicsSystem.cpp,825,4885532463,4802379,17,
Physics::Step,C:\Users\ivanm\source\repos\myengine\engine\src\ecs\systems\PhysicsSystem.cpp,825,4902013712,5112439,17,
Physics::Step,C:\Users\ivanm\source\repos\myengine\engine\src\ecs\systems\PhysicsSystem.cpp,825,4919637644,5014058,17,
Physics::Step,C:\Users\ivanm\source\repos\myengine\engine\src\ecs\systems\PhysicsSystem.cpp,825,4936198602,5698305,17,
Physics::Step,C:\Users\ivanm\source\repos\myengine\engine\src\ecs\systems\PhysicsSystem.cpp,825,4953954928,4972027,17,
Physics::Step,C:\Users\ivanm\source\repos\myengine\engine\src\ecs\systems\PhysicsSystem.cpp,825,4970659728,4819131,17,
Physics::Step,C:\Users\ivanm\source\repos\myengine\engine\src\ecs\systems\PhysicsSystem.cpp,825,4987501934,5040106,17,
Physics::Step,C:\Users\ivanm\source\repos\myengine\engine\src\ecs\systems\PhysicsSystem.cpp,825,5004128656,4963890,17,
Physics::Step,C:\Users\ivanm\source\repos\myengine\engine\src\ecs\systems\PhysicsSystem.cpp,825,5020700292,4891849,17,
Physics::Step,C:\Users\ivanm\source\repos\myengine\engine\src\ecs\systems\PhysicsSystem.cpp,825,5037044561,5107023,17,
Physics::Step,C:\Users\ivanm\source\repos\myengine\engine\src\ecs\systems\PhysicsSystem.cpp,825,5054823162,5520259,17,
Physics::Step,C:\Users\ivanm\source\repos\myengine\engine\src\ecs\systems\PhysicsSystem.cpp,825,5071924556,5168870,17,
Physics::Step,C:\Users\ivanm\source\repos\myengine\engine\src\ecs\systems\PhysicsSystem.cpp,825,5088659332,4908761,17,
Physics::Step,C:\Users\ivanm\source\repos\myengine\engine\src\ecs\systems\PhysicsSystem.cpp,825,5105069967,5986461,17,
Physics::Step,C:\Users\ivanm\source\repos\myengine\engine\src\ecs\systems\PhysicsSystem.cpp,825,5122245017,4963846,17,
Physics::Step,C:\Users\ivanm\source\repos\myengine\engine\src\ecs\systems\PhysicsSystem.cpp,825,5138544591,5112924,17,
Physics::Step,C:\Users\ivanm\source\repos\myengine\engine\src\ecs\systems\PhysicsSystem.cpp,825,5155048398,5900592,17,
Physics::Step,C:\Users\ivanm\source\repos\myengine\engine\src\ecs\systems\PhysicsSystem.cpp,825,5172536828,5024952,17,
Physics::Step,C:\Users\ivanm\source\repos\myengine\engine\src\ecs\systems\PhysicsSystem.cpp,825,5189603020,5120990,17,
Physics::Step,C:\Users\ivanm\source\repos\myengine\engine\src\ecs\systems\PhysicsSystem.cpp,825,5206087190,5260184,17,
Physics::Step,C:\Users\ivanm\source\repos\myengine\engine\src\ecs\systems\PhysicsSystem.cpp,825,5223022007,4912605,17,
Physics::Step,C:\Users\ivanm\source\repos\myengine\engine\src\ecs\systems\PhysicsSystem.cpp,825,5227934722,5153890,17,
Physics::Step,C:\Users\ivanm\source\repos\myengine\engine\src\ecs\systems\PhysicsSystem.cpp,825,5244658977,5994410,17,
Physics::Step,C:\Users\ivanm\source\repos\myengine\engine\src\ecs\systems\PhysicsSystem.cpp,825,5261604504,5552640,17,
Physics::Step,C:\Users\ivanm\source\repos\myengine\engine\src\ecs\systems\PhysicsSystem.cpp,825,5279124293,5969969,17,
Physics::Step,C:\Users\ivanm\source\repos\myengine\engine\src\ecs\systems\PhysicsSystem.cpp,825,5296560930,6326583,17,
Physics::Step,C:\Users\ivanm\source\repos\myengine\engine\src\ecs\systems\PhysicsSystem.cpp,825,5314891485,4796678,17,
Physics::Step,C:\Users\ivanm\source\repos\myengine\engine\src\ecs\systems\PhysicsSystem.cpp,825,5331144010,4716535,17,
Physics::Step,C:\Users\ivanm\source\repos\myengine\engine\src\ecs\systems\PhysicsSystem.cpp,825,5346609518,6121026,17,
Physics::Step,C:\Users\ivanm\source\repos\myengine\engine\src\ecs\systems\PhysicsSystem.cpp,825,5364429032,4831705,17,
Physics::Step,C:\Users\ivanm\source\repos\myengine\engine\src\ecs\systems\PhysicsSystem.cpp,825,5380447683,5930442,17,
Physics::Step,C:\Users\ivanm\source\repos\myengine\engine\src\ecs\systems\PhysicsSystem.cpp,825,5398551416,5237857,17,
Physics::Step,C:\Users\ivanm\source\repos\myengine\engine\src\ecs\systems\PhysicsSystem.cpp,825,5415178093,4826809,17,
Physics::Step,C:\Users\ivanm\source\repos\myengine\engine\src\ecs\systems\PhysicsSystem.cpp,825,5431761130,5504494,17,
Physics::Step,C:\Users\ivanm\source\repos\myengine\engine\src\ecs\systems\PhysicsSystem.cpp,825,5448639785,5092071,17,
Physics::Step,C:\Users\ivanm\source\repos\myengine\engine\src\ecs\systems\PhysicsSystem.cpp,825,5464591339,5737305,17,
Physics::Step,C:\Users\ivanm\source\repos\myengine\engine\src\ecs\systems\PhysicsSystem.cpp,825,5482267900,5804730,17,
Physics::Step,C:\Users\ivanm\source\repos\myengine\engine\src\ecs\systems\PhysicsSystem.cpp,825,5500720523,5259532,17,
Physics::Step,C:\Users\ivanm\source\repos\myengine\engine\src\ecs\systems\PhysicsSystem.cpp,825,5518693763,5112559,17,
Physics::Step,C:\Users\ivanm\source\repos\myengine\engine\src\ecs\systems\PhysicsSystem.cpp,825,5536270225,4999846,17,
Physics::Step,C:\Users\ivanm\source\repos\myengine\engine\src\ecs\systems\PhysicsSystem.cpp,825,5553096172,5016439,17,
Physics::Step,C:\Users\ivanm\source\repos\myengine\engine\src\ecs\systems\PhysicsSystem.cpp,825,5569380841,4855279,17,
Physics::Step,C:\Users\ivanm\source\repos\myengine\engine\src\ecs\systems\PhysicsSystem.cpp,825,5585785475,5152816,17,
Physics::Step,C:\Users\ivanm\source\repos\myengine\engine\src\ecs\systems\PhysicsSystem.cpp,825,5602788317,5931125,17,
Physics::Step,C:\Users\ivanm\source\repos\myengine\engine\src\ecs\systems\PhysicsSystem.cpp,825,5620779757,5188012,17,
Physics::Step,C:\Users\ivanm\source\repos\myengine\engine\src\ecs\systems\PhysicsSystem.cpp,825,5638013788,5180622,17,
Physics::Step,C:\Users\ivanm\source\repos\myengine\engine\src\ecs\systems\PhysicsSystem.cpp,825,5654686246,5161907,17,
Physics::Step,C:\Users\ivanm\source\repos\myengine\engine\src\ecs\systems\PhysicsSystem.cpp,825,5671867541,4797069,17,
Physics::Step,C:\Users\ivanm\source\repos\myengine\engine\src\ecs\systems\PhysicsSystem.cpp,825,5688023443,5350307,17,
Physics::Step,C:\Users\ivanm\source\repos\myengine\engine\src\ecs\systems\PhysicsSystem.cpp,825,5706115852,4916809,17,
Physics::Step,C:\Users\ivanm\source\repos\myengine\engine\src\ecs\systems\PhysicsSystem.cpp,825,5722271325,5081379,17,
Physics::Step,C:\Users\ivanm\source\repos\myengine\engine\src\ecs\systems\PhysicsSystem.cpp,825,5738646443,5092160,17,
Physics::Step,C:\Users\ivanm\source\repos\myengine\engine\src\ecs\systems\PhysicsSystem.cpp,825,5754834936,4815975,17,
Physics::Step,C:\Users\ivanm\source\repos\myengine\engine\src\ecs\systems\PhysicsSystem.cpp,825,5771195126,4843272,17,
Physics::Step,C:\Users\ivanm\source\repos\myengine\engine\src\ecs\systems\PhysicsSystem.cpp,825,5787362454,5229757,17,
Physics::Step,C:\Users\ivanm\source\repos\myengine\engine\src\ecs\systems\PhysicsSystem.cpp,825,5804707952,4987037,17,
Physics::Step,C:\Users\ivanm\source\repos\myengine\engine\src\ecs\systems\PhysicsSystem.cpp,825,5821843893,5021218,17,
Physics::Step,C:\Users\ivanm\source\repos\myengine\engine\src\ecs\systems\PhysicsSystem.cpp,825,5838586273,4873303,17,
Physics::Step,C:\Users\ivanm\source\repos\myengine\engine\src\ecs\systems\PhysicsSystem.cpp,825,5855527607,5050861,17,
Physics::Step,C:\Users\ivanm\source\repos\myengine\engine\src\ecs\systems\PhysicsSystem.cpp,825,5872050325,4869967,17,
Physics::Step,C:\Users\ivanm\source\repos\myengine\engine\src\ecs\systems\PhysicsSystem.cpp,825,5888353285,4954118,17,
Physics::Step,C:\Users\ivanm\source\repos\myengine\engine\src\ecs\systems\PhysicsSystem.cpp,825,5905505741,5723350,17,
Physics::Step,C:\Users\ivanm\source\repos\myengine\engine\src\ecs\systems\PhysicsSystem.cpp,825,5922673436,5278564,17,
Physics::Step,C:\Users\ivanm\source\repos\myengine\engine\src\ecs\systems\PhysicsSystem.cpp,825,5939764425,5972831,17,
Physics::Step,C:\Users\ivanm\source\repos\myengine\engine\src\ecs\systems\PhysicsSystem.cpp,825,5945737376,4832516,17,
Physics::Step,C:\Users\ivanm\source\repos\myengine\engine\src\ecs\systems\PhysicsSystem.cpp,825,5961674241,5632515,17,
Physics::Step,C:\Users\ivanm\source\repos\myengine\engine\src\ecs\systems\PhysicsSystem.cpp,825,5978672141,5567247,17,
Physics::Step,C:\Users\ivanm\source\repos\myengine\engine\src\ecs\systems\PhysicsSystem.cpp,825,5996185137,5369517,17,
Physics::Step,C:\Users\ivanm\source\repos\myengine\engine\src\ecs\systems\PhysicsSystem.cpp,825,6013285093,6121557,17,
Physics::Step,C:\Users\ivanm\source\repos\myengine\engine\src\ecs\systems\PhysicsSystem.cpp,825,6031487591,4964999,17,
Physics::Step,C:\Users\ivanm\source\repos\myengine\engine\src\ecs\systems\PhysicsSystem.cpp,825,6047691885,6489509,17,
Physics::Step,C:\Users\ivanm\source\repos\myengine\engine\src\ecs\systems\PhysicsSystem.cpp,825,6066192821,5079301,17,
Physics::Step,C:\Users\ivanm\source\repos\myengine\engine\src\ecs\systems\PhysicsSystem.cpp,825,6083170300,5140331,17,
Physics::Step,C:\Users\ivanm\source\repos\myengine\engine\src\ecs\systems\PhysicsSystem.cpp,825,6100253434,5262323,17,
Physics::Step,C:\Users\ivanm\source\repos\myengine\engine\src\ecs\systems\PhysicsSystem.cpp,825,6117634855,5294615,17,
Physics::Step,C:\Users\ivanm\source\repos\myengine\engine\src\ecs\systems\PhysicsSystem.cpp,825,6134736925,5940712,17,
Physics::Step,C:\Users\ivanm\source\repos\myengine\engine\src\ecs\systems\PhysicsSystem.cpp,825,6152378871,5469121,17,
Physics::Step,C:\Users\ivanm\source\repos\myengine\engine\src\ecs\systems\PhysicsSystem.cpp,825,6169683541,4904823,17,
Physics::Step,C:\Users\ivanm\source\repos\myengine\engine\src\ecs\systems\PhysicsSystem.cpp,825,6186089507,5673210,17,
Physics::Step,C:\Users\ivanm\source\repos\myengine\engine\src\ecs\systems\PhysicsSystem.cpp,825,6204304989,5353902,17,
Physics::Step,C:\Users\ivanm\source\repos\myengine\engine\src\ecs\systems\PhysicsSystem.cpp,825,6221242791,5702145,17,
Physics::Step,C:\Users\ivanm\source\repos\myengine\engine\src\ecs\systems\PhysicsSystem.cpp,825,6238788169,5382108,17,
Physics::Step,C:\Users\ivanm\source\repos\myengine\engine\src\ecs\systems\PhysicsSystem.cpp,825,6255740862,5297693,17,
Physics::Step,C:\Users\ivanm\source\repos\myengine\engine\src\ecs\systems\PhysicsSystem.cpp,825,6272871959,4976431,17,
Physics::Step,C:\Users\ivanm\source\repos\myengine\engine\src\ecs\systems\PhysicsSystem.cpp,825,6289321069,5497410,17,
Physics::Step,C:\Users\ivanm\source\repos\myengine\engine\src\ecs\systems\PhysicsSystem.cpp,825,6307307970,4982937,17,
Physics::Step,C:\Users\ivanm\source\repos\myengine\engine\src\ecs\systems\PhysicsSystem.cpp,825,6312290937,4902664,17,
Physics::Step,C:\Users\ivanm\source\repos\myengine\engine\src\ecs\systems\PhysicsSystem.cpp,825,6329616043,5358906,17,
Physics::Step,C:\Users\ivanm\source\repos\myengine\engine\src\ecs\systems\PhysicsSystem.cpp,825,6346499917,5869572,17,
Physics::Step,C:\Users\ivanm\source\repos\myengine\engine\src\ecs\systems\PhysicsSystem.cpp,825,6364176634,4970037,17,
Physics::Step,C:\Users\ivanm\source\repos\myengine\engine\src\ecs\systems\PhysicsSystem.cpp,825,6380285125,5500135,17,
Physics::Step,C:\Users\ivanm\source\repos\myengine\engine\src\ecs\systems\PhysicsSystem.cpp,825,6397462999,5889320,17,
Physics::Step,C:\Users\ivanm\source\repos\myengine\engine\src\ecs\systems\PhysicsSystem.cpp,825,6414989310,5002916,17,
Physics::Step,C:\Users\ivanm\source\repos\myengine\engine\src\ecs\systems\PhysicsSystem.cpp,825,6431477558,5986731,17,
Physics::Step,C:\Users\ivanm\source\repos\myengine\engine\src\ecs\systems\PhysicsSystem.cpp,825,6449042538,5097029,17,
Physics::Step,C:\Users\ivanm\source\repos\myengine\engine\src\ecs\systems\PhysicsSystem.cpp,825,6465937825,5792431,17,
Physics::Step,C:\Users\ivanm\source\repos\myengine\engine\src\ecs\systems\PhysicsSystem.cpp,825,6483849854,5127277,17,
Physics::Step,C:\Users\ivanm\source\repos\myengine\engine\src\ecs\systems\PhysicsSystem.cpp,825,6502292252,6494334,17,
Physics::Step,C:\Users\ivanm\source\repos\myengine\engine\src\ecs\systems\PhysicsSystem.cpp,825,6522224160,6112450,17,
Physics::Step,C:\Users\ivanm\source\repos\myengine\engine\src\ecs\systems\PhysicsSystem.cpp,825,6540433585,5739957,17,
Physics::Step,C:\Users\ivanm\source\repos\myengine\engine\src\ecs\systems\PhysicsSystem.cpp,825,6546173632,5558101,17,
Physics::Step,C:\Users\ivanm\source\repos\myengine\engine\src\ecs\systems\PhysicsSystem.cpp,825,6565799756,5776871,17,
Physics::Step,C:\Users\ivanm\source\repos\myengine\engine\src\ecs\systems\PhysicsSystem.cpp,825,6585024982,5357554,17,
Physics::Step,C:\Users\ivanm\source\repos\myengine\engine\src\ecs\systems\PhysicsSystem.cpp,825,6603980820,5740386,17,
Physics::Step,C:\Users\ivanm\source\repos\myengine\engine\src\ecs\systems\PhysicsSystem.cpp,825,6622992134,5712829,17,
Physics::Step,C:\Users\ivanm\source\repos\myengine\engine\src\ecs\systems\PhysicsSystem.cpp,825,6642419181,6397428,17,
Physics::Step,C:\Users\ivanm\source\repos\myengine\engine\src\ecs\systems\PhysicsSystem.cpp,825,6648816760,5252168,17,
Physics::Step,C:\Users\ivanm\source\repos\myengine\engine\src\ecs\systems\PhysicsSystem.cpp,825,6667114387,5945161,17,
Physics::Step,C:\Users\ivanm\source\repos\myengine\engine\src\ecs\systems\PhysicsSystem.cpp,825,6686087413,5385669,17,
Physics::Step,C:\Users\ivanm\source\repos\myengine\engine\src\ecs\systems\PhysicsSystem.cpp,825,6703976761,5364016,17,
Physics::Step,C:\Users\ivanm\source\repos\myengine\engine\src\ecs\systems\PhysicsSystem.cpp,825,6721838815,6360738,17,
Physics::Step,C:\Users\ivanm\source\repos\myengine\engine\src\ecs\systems\PhysicsSystem.cpp,825,6740742416,6872527,17,
Physics::Step,C:\Users\ivanm\source\repos\myengine\engine\src\ecs\systems\PhysicsSystem.cpp,825,6747615083,5501779,17,
Physics::Step,C:\Users\ivanm\source\repos\myengine\engine\src\ecs\systems\PhysicsSystem.cpp,825,6766843425,5512600,17,
Physics::Step,C:\Users\ivanm\source\repos\myengine\engine\src\ecs\systems\PhysicsSystem.cpp,825,6785303958,5428499,17,
Physics::Step,C:\Users\ivanm\source\repos\myengine\engine\src\ecs\systems\PhysicsSystem.cpp,825,6804723814,5892979,17,
Physics::Step,C:\Users\ivanm\source\repos\myengine\engine\src\ecs\systems\PhysicsSystem.cpp,825,6825497690,7749374,17,
Physics::Step,C:\Users\ivanm\source\repos\myengine\engine\src\ecs\systems\PhysicsSystem.cpp,825,6833247145,6028947,17,
Physics::Step,C:\Users\ivanm\source\repos\myengine\engine\src\ecs\systems\PhysicsSystem.cpp,825,6854006473,5504692,17,
Physics::Step,C:\Users\ivanm\source\repos\myengine\engine\src\ecs\systems\PhysicsSystem.cpp,825,6872666879,5299451,17,
Physics::Step,C:\Users\ivanm\source\repos\myengine\engine\src\ecs\systems\PhysicsSystem.cpp,825,6892304579,6581030,17,
Physics::Step,C:\Users\ivanm\source\repos\myengine\engine\src\ecs\systems\PhysicsSystem.cpp,825,6898885699,5646344,17,
Physics::Step,C:\Users\ivanm\source\repos\myengine\engine\src\ecs\systems\PhysicsSystem.cpp,825,6918317527,5691159,17,
Physics::Step,C:\Users\ivanm\source\repos\myengine\engine\src\ecs\systems\PhysicsSystem.cpp,825,6937034858,5413540,17,
Physics::Step,C:\Users\ivanm\source\repos\myengine\engine\src\ecs\systems\PhysicsSystem.cpp,825,6955381994,5450791,17,
Physics::Step,C:\Users\ivanm\source\repos\myengine\engine\src\ecs\systems\PhysicsSystem.cpp,825,6974167675,6056312,17,
Physics::Step,C:\Users\ivanm\source\repos\myengine\engine\src\ecs\systems\PhysicsSystem.cpp,825,6980224348,5486073,17,
Physics::Step,C:\Users\ivanm\source\repos\myengine\engine\src\ecs\systems\PhysicsSystem.cpp,825,6999110224,5430605,17,
Physics::Step,C:\Users\ivanm\source\repos\myengine\engine\src\ecs\systems\PhysicsSystem.cpp,825,7018370779,5439572,17,
Physics::Step,C:\Users\ivanm\source\repos\myengine\engine\src\ecs\systems\PhysicsSystem.cpp,825,7037596668,5381620,17,
Physics::Step,C:\Users\ivanm\source\repos\myengine\engine\src\ecs\systems\PhysicsSystem.cpp,825,7055600363,5147665,17,
Physics::Step,C:\Users\ivanm\source\repos\myengine\engine\src\ecs\systems\PhysicsSystem.cpp,825,7072652687,6121727,17,
Physics::Step,C:\Users\ivanm\source\repos\myengine\engine\src\ecs\systems\PhysicsSystem.cpp,825,7090943357,5459088,17,
Physics::Step,C:\Users\ivanm\source\repos\myengine\engine\src\ecs\systems\PhysicsSystem.cpp,825,7096402585,5260360,17,
Physics::Step,C:\Users\ivanm\source\repos\myengine\engine\src\ecs\systems\PhysicsSystem.cpp,825,7114603624,5933158,17,
Physics::Step,C:\Users\ivanm\source\repos\myengine\engine\src\ecs\systems\PhysicsSystem.cpp,825,7132976530,5799414,17,
Physics::Step,C:\Users\ivanm\source\repos\myengine\engine\src\ecs\systems\PhysicsSystem.cpp,825,7150726020,5050140,17,
Physics::Step,C:\Users\ivanm\source\repos\myengine\engine\src\ecs\systems\PhysicsSystem.cpp,825,7170445520,5916329,17,
Physics::Step,C:\Users\ivanm\source\repos\myengine\engine\src\ecs\systems\PhysicsSystem.cpp,825,7190292701,6697224,17,
Physics::Step,C:\Users\ivanm\source\repos\myengine\engine\src\ecs\systems\PhysicsSystem.cpp,825,7196989995,5736383,17,
Physics::Step,C:\Users\ivanm\source\repos\myengine\engine\src\ecs\systems\PhysicsSystem.cpp,825,7214784470,6384416,17,
Physics::Step,C:\Users\ivanm\source\repos\myengine\engine\src\ecs\systems\PhysicsSystem.cpp,825,7235330076,5156413,17,
Physics::Step,C:\Users\ivanm\source\repos\myengine\engine\src\ecs\systems\PhysicsSystem.cpp,825,7252938529,5119091,17,
Physics::Step,C:\Users\ivanm\source\repos\myengine\engine\src\ecs\systems\PhysicsSystem.cpp,825,7271361921,6522022,17,
Physics::Step,C:\Users\ivanm\source\repos\myengine\engine\src\ecs\systems\PhysicsSystem.cpp,825,7290021807,5186754,17,
Physics::Step,C:\Users\ivanm\source\repos\myengine\engine\src\ecs\systems\PhysicsSystem.cpp,825,7295208631,5239369,17,
Physics::Step,C:\Users\ivanm\source\repos\myengine\engine\src\ecs\systems\PhysicsSystem.cpp,825,7313038896,6296990,17,
Physics::Step,C:\Users\ivanm\source\repos\myengine\engine\src\ecs\systems\PhysicsSystem.cpp,825,7333482317,5268886,17,
Physics::Step,C:\Users\ivanm\source\repos\myengine\engine\src\ecs\systems\PhysicsSystem.cpp,825,7352834745,5107259,17,
Physics::Step,C:\Users\ivanm\source\repos\myengine\engine\src\ecs\systems\PhysicsSystem.cpp,825,7370130644,5168695,17,
Physics::Step,C:\Users\ivanm\source\repos\myengine\engine\src\ecs\systems\PhysicsSystem.cpp,825,7387870553,5138738,17,
Physics::Step,C:\Users\ivanm\source\repos\myengine\engine\src\ecs\systems\PhysicsSystem.cpp,825,7405869541,7033484,17,
Physics::Step,C:\Users\ivanm\source\repos\myengine\engine\src\ecs\systems\PhysicsSystem.cpp,825,7424644766,5874820,17,
Physics::Step,C:\Users\ivanm\source\repos\myengine\engine\src\ecs\systems\PhysicsSystem.cpp,825,7430519816,5574364,17,
Physics::Step,C:\Users\ivanm\source\repos\myengine\engine\src\ecs\systems\PhysicsSystem.cpp,825,7451636040,5277667,17,
Physics::Step,C:\Users\ivanm\source\repos\myengine\engine\src\ecs\systems\PhysicsSystem.cpp,825,7470653134,5149770,17,
Physics::Step,C:\Users\ivanm\source\repos\myengine\engine\src\ecs\systems\PhysicsSystem.cpp,825,7488279351,6107235,17,
Physics::Step,C:\Users\ivanm\source\repos\myengine\engine\src\ecs\systems\PhysicsSystem.cpp,825,7506605703,5219011,17,
Physics::Step,C:\Users\ivanm\source\repos\myengine\engine\src\ecs\systems\PhysicsSystem.cpp,825,7511824935,5321716,17,
Physics::Step,C:\Users\ivanm\source\repos\myengine\engine\src\ecs\systems\PhysicsSystem.cpp,825,7532690548,5303181,17,
Physics::Step,C:\Users\ivanm\source\repos\myengine\engine\src\ecs\systems\PhysicsSystem.cpp,825,7550264475,5396316,17,
Physics::Step,C:\Users\ivanm\source\repos\myengine\engine\src\ecs\systems\PhysicsSystem.cpp,825,7568651004,5163704,17,
Physics::Step,C:\Users\ivanm\source\repos\myengine\engine\src\ecs\systems\PhysicsSystem.cpp,825,7586108688,5415797,17,
Physics::Step,C:\Users\ivanm\source\repos\myengine\engine\src\ecs\systems\PhysicsSystem.cpp,825,7603819637,5289929,17,
Physics::Step,C:\Users\ivanm\source\repos\myengine\engine\src\ecs\systems\PhysicsSystem.cpp,825,7621037801,5473865,17,
Physics::Step,C:\Users\ivanm\source\repos\myengine\engine\src\ecs\systems\PhysicsSystem.cpp,825,7638894014,5393620,17,
Physics::Step,C:\Users\ivanm\source\repos\myengine\engine\src\ecs\systems\PhysicsSystem.cpp,825,7656340255,6088444,17,
Physics::Step,C:\Users\ivanm\source\repos\myengine\engine\src\ecs\systems\PhysicsSystem.cpp,825,7673940793,5070398,17,
Physics::Step,C:\Users\ivanm\source\repos\myengine\engine\src\ecs\systems\PhysicsSystem.cpp,825,7679011352,5981450,17,
Physics::Step,C:\Users\ivanm\source\repos\myengine\engine\src\ecs\systems\PhysicsSystem.cpp,825,7697735294,5335266,17,
Physics::Step,C:\Users\ivanm\source\repos\myengine\engine\src\ecs\systems\PhysicsSystem.cpp,825,7714370049,6346955,17,
Physics::Step,C:\Users\ivanm\source\repos\myengine\engine\src\ecs\systems\PhysicsSystem.cpp,825,7733889905,4977788,17,
Physics::Step,C:\Users\ivanm\source\repos\myengine\engine\src\ecs\systems\PhysicsSystem.cpp,825,7751399815,5743654,17,
Physics::Step,C:\Users\ivanm\source\repos\myengine\engine\src\ecs\systems\PhysicsSystem.cpp,825,7769290649,5197270,17,
Physics::Step,C:\Users\ivanm\source\repos\myengine\engine\src\ecs\systems\PhysicsSystem.cpp,825,7786877738,5103950,17,
Physics::Step,C:\Users\ivanm\source\repos\myengine\engine\src\ecs\systems\PhysicsSystem.cpp,825,7806054560,5251252,17,
Physics::Step,C:\Users\ivanm\source\repos\myengine\engine\src\ecs\systems\PhysicsSystem.cpp,825,7822596665,5997320,17,
Physics::Step,C:\Users\ivanm\source\repos\myengine\engine\src\ecs\systems\PhysicsSystem.cpp,825,7841282816,5254899,17,
Physics::Step,C:\Users\ivanm\source\repos\myengine\engine\src\ecs\systems\PhysicsSystem.cpp,825,7846537805,5241729,17,
Physics::Step,C:\Users\ivanm\source\repos\myengine\engine\src\ecs\systems\PhysicsSystem.cpp,825,7864222187,5809424,17,
Physics::Step,C:\Users\ivanm\source\repos\myengine\engine\src\ecs\systems\PhysicsSystem.cpp,825,7881892297,7059650,17,
Physics::Step,C:\Users\ivanm\source\repos\myengine\engine\src\ecs\systems\PhysicsSystem.cpp,825,7903040188,5324592,17,
Physics::Step,C:\Users\ivanm\source\repos\myengine\engine\src\ecs\systems\PhysicsSystem.cpp,825,7920175351,5440078,17,
Physics::Step,C:\Users\ivanm\source\repos\myengine\engine\src\ecs\systems\PhysicsSystem.cpp,825,7938616143,6009723,17,
Physics::Step,C:\Users\ivanm\source\repos\myengine\engine\src\ecs\systems\PhysicsSystem.cpp,825,7957254095,4990186,17,
Physics::Step,C:\Users\ivanm\source\repos\myengine\engine\src\ecs\systems\PhysicsSystem.cpp,825,7962244431,5193493,17,
Physics::Step,C:\Users\ivanm\source\repos\myengine\engine\src\ecs\systems\PhysicsSystem.cpp,825,7980304102,6348738,17,
Physics::Step,C:\Users\ivanm\source\repos\myengine\engine\src\ecs\systems\PhysicsSystem.cpp,825,7999350698,5197710,17,
Physics::Step,C:\Users\ivanm\source\repos\myengine\engine\src\ecs\systems\PhysicsSystem.cpp,825,8017122340,5522964,17,
Physics::Step,C:\Users\ivanm\source\repos\myengine\engine\src\ecs\systems\PhysicsSystem.cpp,825,8035189359,5431480,17,
Physics::Step,C:\Users\ivanm\source\repos\myengine\engine\src\ecs\systems\PhysicsSystem.cpp,825,8053113387,4970759,17,
Physics::Step,C:\Users\ivanm\source\repos\myengine\engine\src\ecs\systems\PhysicsSystem.cpp,825,8070350363,5866923,17,
Physics::Step,C:\Users\ivanm\source\repos\myengine\engine\src\ecs\systems\PhysicsSystem.cpp,825,8088392620,5850622,17,
Physics::Step,C:\Users\ivanm\source\repos\myengine\engine\src\ecs\systems\PhysicsSystem.cpp,825,8107435930,6166098,17,
Physics::Step,C:\Users\ivanm\source\repos\myengine\engine\src\ecs\systems\PhysicsSystem.cpp,825,8113602259,4954388,17,
Physics::Step,C:\Users\ivanm\source\repos\myengine\engine\src\ecs\systems\PhysicsSystem.cpp,825,8130106252,6308524,17,
Physics::Step,C:\Users\ivanm\source\repos\myengine\engine\src\ecs\systems\PhysicsSystem.cpp,825,8149002094,5201207,17,
Physics::Step,C:\Users\ivanm\source\repos\myengine\engine\src\ecs\systems\PhysicsSystem.cpp,825,8166142236,5372222,17,
Physics::Step,C:\Users\ivanm\source\repos\myengine\engine\src\ecs\systems\PhysicsSystem.cpp,825,8184548565,5185178,17,
Physics::Step,C:\Users\ivanm\source\repos\myengine\engine\src\ecs\systems\PhysicsSystem.cpp,825,8203179102,5481780,17,
Physics::Step,C:\Users\ivanm\source\repos\myengine\engine\src\ecs\systems\PhysicsSystem.cpp,825,8221046166,5122456,17,
Physics::Step,C:\Users\ivanm\source\repos\myengine\engine\src\ecs\systems\PhysicsSystem.cpp,825,8238348736,5828138,17,
Physics::Step,C:\Users\ivanm\source\repos\myengine\engine\src\ecs\systems\PhysicsSystem.cpp,825,8256005911,5167694,17,
Physics::Step,C:\Users\ivanm\source\repos\myengine\engine\src\ecs\systems\PhysicsSystem.cpp,825,8273181712,5588914,17,
Physics::Step,C:\Users\ivanm\source\repos\myengine\engine\src\ecs\systems\PhysicsSystem.cpp,825,8278770766,5080795,17,
Physics::Step,C:\Users\ivanm\source\repos\myengine\engine\src\ecs\systems\PhysicsSystem.cpp,825,8295001657,6049810,17,
Physics::Step,C:\Users\ivanm\source\repos\myengine\engine\src\ecs\systems\PhysicsSystem.cpp,825,8316146752,5758229,17,
Physics::Step,C:\Users\ivanm\source\repos\myengine\engine\src\ecs\systems\PhysicsSystem.cpp,825,8333959176,5139149,17,
Physics::Step,C:\Users\ivanm\source\repos\myengine\engine\src\ecs\systems\PhysicsSystem.cpp,825,8352545226,5665286,17,
Physics::Step,C:\Users\ivanm\source\repos\myengine\engine\src\ecs\systems\PhysicsSystem.cpp,825,8370545520,5233489,17,
Physics::Step,C:\Users\ivanm\source\repos\myengine\engine\src\ecs\systems\PhysicsSystem.cpp,825,8387873149,5106279,17,
Physics::Step,C:\Users\ivanm\source\repos\myengine\engine\src\ecs\systems\PhysicsSystem.cpp,825,8406317793,5934582,17,
Physics::Step,C:\Users\ivanm\source\repos\myengine\engine\src\ecs\systems\PhysicsSystem.cpp,825,8424075360,5038318,17,
Physics::Step,C:\Users\ivanm\source\repos\myengine\engine\src\ecs\systems\PhysicsSystem.cpp,825,8429113848,5686129,17,
Physics::Step,C:\Users\ivanm\source\repos\myengine\engine\src\ecs\systems\PhysicsSystem.cpp,825,8448013184,5136284,17,
Physics::Step,C:\Users\ivanm\source\repos\myengine\engine\src\ecs\systems\PhysicsSystem.cpp,825,8464948948,6128139,17,
Physics::Step,C:\Users\ivanm\source\repos\myengine\engine\src\ecs\systems\PhysicsSystem.cpp,825,8483338656,5071045,17,
Physics::Step,C:\Users\ivanm\source\repos\myengine\engine\src\ecs\systems\PhysicsSystem.cpp,825,8501375137,5025874,17,
Physics::Step,C:\Users\ivanm\source\repos\myengine\engine\src\ecs\systems\PhysicsSystem.cpp,825,8519320019,5415619,17,
Physics::Step,C:\Users\ivanm\source\repos\myengine\engine\src\ecs\systems\PhysicsSystem.cpp,825,8537923327,5407098,17,
Physics::Step,C:\Users\ivanm\source\repos\myengine\engine\src\ecs\systems\PhysicsSystem.cpp,825,8555938432,5610346,17,
Physics::Step,C:\Users\ivanm\source\repos\myengine\engine\src\ecs\systems\PhysicsSystem.cpp,825,8574503764,6000376,17,
Physics::Step,C:\Users\ivanm\source\repos\myengine\engine\src\ecs\systems\PhysicsSystem.cpp,825,8580504330,4885266,17,
Physics::Step,C:\Users\ivanm\source\repos\myengine\engine\src\ecs\systems\PhysicsSystem.cpp,825,8597357406,6700769,17,
Physics::Step,C:\Users\ivanm\source\repos\myengine\engine\src\ecs\systems\PhysicsSystem.cpp,825,8616496279,5169867,17,
Physics::Step,C:\Users\ivanm\source\repos\myengine\engine\src\ecs\systems\PhysicsSystem.cpp,825,8634438716,5324351,17,
Physics::Step,C:\Users\ivanm\source\repos\myengine\engine\src\ecs\systems\PhysicsSystem.cpp,825,8652220818,5119643,17,
Physics::Step,C:\Users\ivanm\source\repos\myengine\engine\src\ecs\systems\PhysicsSystem.cpp,825,8669950973,5372452,17,
Physics::Step,C:\Users\ivanm\source\repos\myengine\engine\src\ecs\systems\PhysicsSystem.cpp,825,8687543084,5158844,17,
Physics::Step,C:\Users\ivanm\source\repos\myengine\engine\src\ecs\systems\PhysicsSystem.cpp,825,8704853335,5296032,17,
Physics::Step,C:\Users\ivanm\source\repos\myengine\engine\src\ecs\systems\PhysicsSystem.cpp,825,8722029578,6687943,17,
Physics::Step,C:\Users\ivanm\source\repos\myengine\engine\src\ecs\systems\PhysicsSystem.cpp,825,8740934725,6576835,17,
Physics::Step,C:\Users\ivanm\source\repos\myengine\engine\src\ecs\systems\PhysicsSystem.cpp,825,8747511961,4680494,17,
Physics::Step,C:\Users\ivanm\source\repos\myengine\engine\src\ecs\systems\PhysicsSystem.cpp,825,8764476870,5907019,17,
Physics::Step,C:\Users\ivanm\source\repos\myengine\engine\src\ecs\systems\PhysicsSystem.cpp,825,8782604760,5022708,17,
Physics::Step,C:\Users\ivanm\source\repos\myengine\engine\src\ecs\systems\PhysicsSystem.cpp,825,8799394326,6786340,17,
Physics::Step,C:\Users\ivanm\source\repos\myengine\engine\src\ecs\systems\PhysicsSystem.cpp,825,8818614823,5438548,17,
Physics::Step,C:\Users\ivanm\source\repos\myengine\engine\src\ecs\systems\PhysicsSystem.cpp,825,8836207876,5553491,17,
Physics::Step,C:\Users\ivanm\source\repos\myengine\engine\src\ecs\systems\PhysicsSystem.cpp,825,8856159402,6152155,17,
Physics::Step,C:\Users\ivanm\source\repos\myengine\engine\src\ecs\systems\PhysicsSystem.cpp,825,8874072644,5077339,17,
Physics::Step,C:\Users\ivanm\source\repos\myengine\engine\src\ecs\systems\PhysicsSystem.cpp,825,8879150263,6328153,17,
Physics::Step,C:\Users\ivanm\source\repos\myengine\engine\src\ecs\systems\PhysicsSystem.cpp,825,8898941117,5236284,17,
Physics::Step,C:\Users\ivanm\source\repos\myengine\engine\src\ecs\systems\PhysicsSystem.cpp,825,8916441575,5085151,17,
Physics::Step,C:\Users\ivanm\source\repos\myengine\engine\src\ecs\systems\PhysicsSystem.cpp,825,8933918773,5699058,17,
Physics::Step,C:\Users\ivanm\source\repos\myengine\engine\src\ecs\systems\PhysicsSystem.cpp,825,8952129475,5520043,17,
Physics::Step,C:\Users\ivanm\source\repos\myengine\engine\src\ecs\systems\PhysicsSystem.cpp,825,8970313221,5357544,17,
Physics::Step,C:\Users\ivanm\source\repos\myengine\engine\src\ecs\systems\PhysicsSystem.cpp,825,8988378803,5833639,17,
Physics::Step,C:\Users\ivanm\source\repos\myengine\engine\src\ecs\systems\PhysicsSystem.cpp,825,9005921590,5046422,17,
Physics::Step,C:\Users\ivanm\source\repos\myengine\engine\src\ecs\systems\PhysicsSystem.cpp,825,9023199774,5705022,17,
Physics::Step,C:\Users\ivanm\source\repos\myengine\engine\src\ecs\systems\PhysicsSystem.cpp,825,9028905858,5503770,17,
Physics::Step,C:\Users\ivanm\source\repos\myengine\engine\src\ecs\systems\PhysicsSystem.cpp,825,9045493288,5892291,17,
Physics::Step,C:\Users\ivanm\source\repos\myengine\engine\src\ecs\systems\PhysicsSystem.cpp,825,9064363529,5706968,17,
Physics::Step,C:\Users\ivanm\source\repos\myengine\engine\src\ecs\systems\PhysicsSystem.cpp,825,9082295416,5003401,17,
Physics::Step,C:\Users\ivanm\source\repos\myengine\engine\src\ecs\systems\PhysicsSystem.cpp,825,9100174653,5187624,17,
Physics::Step,C:\Users\ivanm\source\repos\myengine\engine\src\ecs\systems\PhysicsSystem.cpp,825,9118140497,5192925,17,
Physics::Step,C:\Users\ivanm\source\repos\myengine\engine\src\ecs\systems\PhysicsSystem.cpp,825,9135939896,5392776,17,
Physics::Step,C:\Users\ivanm\source\repos\myengine\engine\src\ecs\systems\PhysicsSystem.cpp,825,9153949906,5978387,17,
Physics::Step,C:\Users\ivanm\source\repos\myengine\engine\src\ecs\systems\PhysicsSystem.cpp,825,9172194410,5186129,17,
Physics::Step,C:\Users\ivanm\source\repos\myengine\engine\src\ecs\systems\PhysicsSystem.cpp,825,9190788386,6237169,17,
Physics::Step,C:\Users\ivanm\source\repos\myengine\engine\src\ecs\systems\PhysicsSystem.cpp,825,9197025715,5015836,17,
Physics::Step,C:\Users\ivanm\source\repos\myengine\engine\src\ecs\systems\PhysicsSystem.cpp,825,9213689493,6043598,17,
Physics::Step,C:\Users\ivanm\source\repos\myengine\engine\src\ecs\systems\PhysicsSystem.cpp,825,9232454854,5195046,17,
Physics::Step,C:\Users\ivanm\source\repos\myengine\engine\src\ecs\systems\PhysicsSystem.cpp,825,9250578713,5387441,17,
Physics::Step,C:\Users\ivanm\source\repos\myengine\engine\src\ecs\systems\PhysicsSystem.cpp,825,9269519752,5069196,17,
Physics::Step,C:\Users\ivanm\source\repos\myengine\engine\src\ecs\systems\PhysicsSystem.cpp,825,9290841584,6271471,17,
Physics::Step,C:\Users\ivanm\source\repos\myengine\engine\src\ecs\systems\PhysicsSystem.cpp,825,9297113286,5917704,17,
Physics::Step,C:\Users\ivanm\source\repos\myengine\engine\src\ecs\systems\PhysicsSystem.cpp,825,9315742724,5418836,17,
Physics::Step,C:\Users\ivanm\source\repos\myengine\engine\src\ecs\systems\PhysicsSystem.cpp,825,9333005079,4994486,17,
Physics::Step,C:\Users\ivanm\source\repos\myengine\engine\src\ecs\systems\PhysicsSystem.cpp,825,9351069700,6156717,17,
Physics::Step,C:\Users\ivanm\source\repos\myengine\engine\src\ecs\systems\PhysicsSystem.cpp,825,9370933112,5540938,17,
Physics::Step,C:\Users\ivanm\source\repos\myengine\engine\src\ecs\systems\PhysicsSystem.cpp,825,9388654254,5322552,17,
Physics::Step,C:\Users\ivanm\source\repos\myengine\engine\src\ecs\systems\PhysicsSystem.cpp,825,9406616023,6419400,17,
Physics::Step,C:\Users\ivanm\source\repos\myengine\engine\src\ecs\systems\PhysicsSystem.cpp,825,9413035503,4998334,17,
Physics::Step,C:\Users\ivanm\source\repos\myengine\engine\src\ecs\systems\PhysicsSystem.cpp,825,9430026455,5881386,17,
Physics::Step,C:\Users\ivanm\source\repos\myengine\engine\src\ecs\systems\PhysicsSystem.cpp,825,9448728673,5194815,17,
Physics::Step,C:\Users\ivanm\source\repos\myengine\engine\src\ecs\systems\PhysicsSystem.cpp,825,9466204073,6226058,17,
Physics::Step,C:\Users\ivanm\source\repos\myengine\engine\src\ecs\systems\PhysicsSystem.cpp,825,9485351263,5400265,17,
Physics::Step,C:\Users\ivanm\source\repos\myengine\engine\src\ecs\systems\PhysicsSystem.cpp,825,9503165083,5809914,17,
Physics::Step,C:\Users\ivanm\source\repos\myengine\engine\src\ecs\systems\PhysicsSystem.cpp,825,9522725726,6015577,17,
Physics::Step,C:\Users\ivanm\source\repos\myengine\engine\src\ecs\systems\PhysicsSystem.cpp,825,9542367938,6008903,17,
Physics::Step,C:\Users\ivanm\source\repos\myengine\engine\src\ecs\systems\PhysicsSystem.cpp,825,9548376911,4909877,17,
Physics::Step,C:\Users\ivanm\source\repos\myengine\engine\src\ecs\systems\PhysicsSystem.cpp,825,9566182081,5539715,17,
Physics::Step,C:\Users\ivanm\source\repos\myengine\engine\src\ecs\systems\PhysicsSystem.cpp,825,9584509977,5266351,17,
Physics::Step,C:\Users\ivanm\source\repos\myengine\engine\src\ecs\systems\PhysicsSystem.cpp,825,9602678063,5593578,17,
Physics::Step,C:\Users\ivanm\source\repos\myengine\engine\src\ecs\systems\PhysicsSystem.cpp,825,9621890194,6003118,17,
Physics::Step,C:\Users\ivanm\source\repos\myengine\engine\src\ecs\systems\PhysicsSystem.cpp,825,9640530595,5908359,17,
Physics::Step,C:\Users\ivanm\source\repos\myengine\engine\src\ecs\systems\PhysicsSystem.cpp,825,9646439305,5255486,17,
Physics::Step,C:\Users\ivanm\source\repos\myengine\engine\src\ecs\systems\PhysicsSystem.cpp,825,9664761770,5237175,17,
Physics::Step,C:\Users\ivanm\source\repos\myengine\engine\src\ecs\systems\PhysicsSystem.cpp,825,9684218385,6279823,17,
Physics::Step,C:\Users\ivanm\source\repos\myengine\engine\src\ecs\systems\PhysicsSystem.cpp,825,9703889313,5157755,17,
Physics::Step,C:\Users\ivanm\source\repos\myengine\engine\src\ecs\systems\PhysicsSystem.cpp,825,9721526310,5033554,17,
Physics::Step,C:\Users\ivanm\source\repos\myengine\engine\src\ecs\systems\PhysicsSystem.cpp,825,9739067801,5973059,17,
Physics::Step,C:\Users\ivanm\source\repos\myengine\engine\src\ecs\systems\PhysicsSystem.cpp,825,9756773783,5279632,17,
Physics::Step,C:\Users\ivanm\source\repos\myengine\engine\src\ecs\systems\PhysicsSystem.cpp,825,9762053475,5336865,17,
Physics::Step,C:\Users\ivanm\source\repos\myengine\engine\src\ecs\systems\PhysicsSystem.cpp,825,9781352842,5325363,17,
Physics::Step,C:\Users\ivanm\source\repos\myengine\engine\src\ecs\systems\PhysicsSystem.cpp,825,9799400629,5448327,17,
Physics::Step,C:\Users\ivanm\source\repos\myengine\engine\src\ecs\systems\PhysicsSystem.cpp,825,9817774998,5406788,17,
Physics::Step,C:\Users\ivanm\source\repos\myengine\engine\src\ecs\systems\PhysicsSystem.cpp,825,9835418156,5367824,17,
Physics::Step,C:\Users\ivanm\source\repos\myengine\engine\src\ecs\systems\PhysicsSystem.cpp,825,9853120387,5263861,17,
Physics::Step,C:\Users\ivanm\source\repos\myengine\engine\src\ecs\systems\PhysicsSystem.cpp,825,9871433825,5405600,17,
Physics::Step,C:\Users\ivanm\source\repos\myengine\engine\src\ecs\systems\PhysicsSystem.cpp,825,9889572470,5388563,17,
Physics::Step,C:\Users\ivanm\source\repos\myengine\engine\src\ecs\systems\PhysicsSystem.cpp,825,9907565694,6367180,17,
Physics::Step,C:\Users\ivanm\source\repos\myengine\engine\src\ecs\systems\PhysicsSystem.cpp,825,9913932975,4716315,17,
Physics::Step,C:\Users\ivanm\source\repos\myengine\engine\src\ecs\systems\PhysicsSystem.cpp,825,9930993325,6204317,17,
Physics::Step,C:\Users\ivanm\source\repos\myengine\engine\src\ecs\systems\PhysicsSystem.cpp,825,9949685230,5095626,17,
Physics::Step,C:\Users\ivanm\source\repos\myengine\engine\src\ecs\systems\PhysicsSystem.cpp,825,9967849348,5364187,17,
Physics::Step,C:\Users\ivanm\source\repos\myengine\engine\src\ecs\systems\PhysicsSystem.cpp,825,9985261918,4965649,17,
Physics::Step,C:\Users\ivanm\source\repos\myengine\engine\src\ecs\systems\PhysicsSystem.cpp,825,10002796871,5367544,17,
Physics::Step,C:\Users\ivanm\source\repos\myengine\engine\src\ecs\systems\PhysicsSystem.cpp,825,10020417227,6019019,17,
Physics::Step,C:\Users\ivanm\source\repos\myengine\engine\src\ecs\systems\PhysicsSystem.cpp,825,10039539734,5095046,17,
Physics::Step,C:\Users\ivanm\source\repos\myengine\engine\src\ecs\systems\PhysicsSystem.cpp,825,10057381551,6204452,17,
Physics::Step,C:\Users\ivanm\source\repos\myengine\engine\src\ecs\systems\PhysicsSystem.cpp,825,10063586334,5910760,17,
Physics::Step,C:\Users\ivanm\source\repos\myengine\engine\src\ecs\systems\PhysicsSystem.cpp,825,10082213237,5150870,17,
Physics::Step,C:\Users\ivanm\source\repos\myengine\engine\src\ecs\systems\PhysicsSystem.cpp,825,10100430225,5685388,17,
Physics::Step,C:\Users\ivanm\source\repos\myengine\engine\src\ecs\systems\PhysicsSystem.cpp,825,10118986369,5156192,17,
Physics::Step,C:\Users\ivanm\source\repos\myengine\engine\src\ecs\systems\PhysicsSystem.cpp,825,10137308303,5192807,17,
Physics::Step,C:\Users\ivanm\source\repos\myengine\engine\src\ecs\systems\PhysicsSystem.cpp,825,10154631720,5214903,17,
Physics::Step,C:\Users\ivanm\source\repos\myengine\engine\src\ecs\systems\PhysicsSystem.cpp,825,10172017439,5260760,17,
Physics::Step,C:\Users\ivanm\source\repos\myengine\engine\src\ecs\systems\PhysicsSystem.cpp,825,10189713407,6231615,17,
Physics::Step,C:\Users\ivanm\source\repos\myengine\engine\src\ecs\systems\PhysicsSystem.cpp,825,10195945232,5368707,17,
Physics::Step,C:\Users\ivanm\source\repos\myengine\engine\src\ecs\systems\PhysicsSystem.cpp,825,10213018569,5723981,17,
Physics::Step,C:\Users\ivanm\source\repos\myengine\engine\src\ecs\systems\PhysicsSystem.cpp,825,10231759023,5817205,17,
Physics::Step,C:\Users\ivanm\source\repos\myengine\engine\src\ecs\systems\PhysicsSystem.cpp,825,10250448400,5356883,17,
Physics::Step,C:\Users\ivanm\source\repos\myengine\engine\src\ecs\systems\PhysicsSystem.cpp,825,10268173144,5787929,17,
Physics::Step,C:\Users\ivanm\source\repos\myengine\engine\src\ecs\systems\PhysicsSystem.cpp,825,10287058570,5421395,17,
Physics::Step,C:\Users\ivanm\source\repos\myengine\engine\src\ecs\systems\PhysicsSystem.cpp,825,10304972322,4957758,17,
Physics::Step,C:\Users\ivanm\source\repos\myengine\engine\src\ecs\systems\PhysicsSystem.cpp,825,10323185618,6420663,17,
Physics::Step,C:\Users\ivanm\source\repos\myengine\engine\src\ecs\systems\PhysicsSystem.cpp,825,10329606451,5730827,17,
Physics::Step,C:\Users\ivanm\source\repos\myengine\engine\src\ecs\systems\PhysicsSystem.cpp,825,10347049682,6605023,17,
Physics::Step,C:\Users\ivanm\source\repos\myengine\engine\src\ecs\systems\PhysicsSystem.cpp,825,10366596316,5114333,17,
Physics::Step,C:\Users\ivanm\source\repos\myengine\engine\src\ecs\systems\PhysicsSystem.cpp,825,10385320971,5261562,17,
Physics::Step,C:\Users\ivanm\source\repos\myengine\engine\src\ecs\systems\PhysicsSystem.cpp,825,10402828792,5321950,17,
Physics::Step,C:\Users\ivanm\source\repos\myengine\engine\src\ecs\systems\PhysicsSystem.cpp,825,10420027308,5238358,17,
Physics::Step,C:\Users\ivanm\source\repos\myengine\engine\src\ecs\systems\PhysicsSystem.cpp,825,10438213269,5410555,17,
Physics::Step,C:\Users\ivanm\source\repos\myengine\engine\src\ecs\systems\PhysicsSystem.cpp,825,10455228003,5111636,17,
Physics::Step,C:\Users\ivanm\source\repos\myengine\engine\src\ecs\systems\PhysicsSystem.cpp,825,10472753668,5775078,17,
Physics::Step,C:\Users\ivanm\source\repos\myengine\engine\src\ecs\systems\PhysicsSystem.cpp,825,10493597770,6732455,17,
Physics::Step,C:\Users\ivanm\source\repos\myengine\engine\src\ecs\systems\PhysicsSystem.cpp,825,10500330386,5086912,17,
Physics::Step,C:\Users\ivanm\source\repos\myengine\engine\src\ecs\systems\PhysicsSystem.cpp,825,10519006440,5268832,17,
Physics::Step,C:\Users\ivanm\source\repos\myengine\engine\src\ecs\systems\PhysicsSystem.cpp,825,10540609542,6153026,17,
Physics::Step,C:\Users\ivanm\source\repos\myengine\engine\src\ecs\systems\PhysicsSystem.cpp,825,10546762839,6163726,17,
Physics::Step,C:\Users\ivanm\source\repos\myengine\engine\src\ecs\systems\PhysicsSystem.cpp,825,10567489288,5092893,17,
Physics::Step,C:\Users\ivanm\source\repos\myengine\engine\src\ecs\systems\PhysicsSystem.cpp,825,10587978121,7188375,17,
Physics::Step,C:\Users\ivanm\source\repos\myengine\engine\src\ecs\systems\PhysicsSystem.cpp,825,10612899019,5951554,17,
Physics::Step,C:\Users\ivanm\source\repos\myengine\engine\src\ecs\systems\PhysicsSystem.cpp,825,10618850633,5343557,17,
Physics::Step,C:\Users\ivanm\source\repos\myengine\engine\src\ecs\systems\PhysicsSystem.cpp,825,10637004472,5157413,17,
Physics::Step,C:\Users\ivanm\source\repos\myengine\engine\src\ecs\systems\PhysicsSystem.cpp,825,10654848582,5540968,17,
Physics::Step,C:\Users\ivanm\source\repos\myengine\engine\src\ecs\systems\PhysicsSystem.cpp,825,10672587979,5583863,17,
Physics::Step,C:\Users\ivanm\source\repos\myengine\engine\src\ecs\systems\PhysicsSystem.cpp,825,10691230646,6196520,17,
Physics::Step,C:\Users\ivanm\source\repos\myengine\engine\src\ecs\systems\PhysicsSystem.cpp,825,10697427456,4813680,17,
Physics::Step,C:\Users\ivanm\source\repos\myengine\engine\src\ecs\systems\PhysicsSystem.cpp,825,10714532561,5645423,17,
Physics::Step,C:\Users\ivanm\source\repos\myengine\engine\src\ecs\systems\PhysicsSystem.cpp,825,10732543180,5031945,17,
Physics::Step,C:\Users\ivanm\source\repos\myengine\engine\src\ecs\systems\PhysicsSystem.cpp,825,10750074996,5183443,17,
Physics::Step,C:\Users\ivanm\source\repos\myengine\engine\src\ecs\systems\PhysicsSystem.cpp,825,10767337009,5408902,17,
Physics::Step,C:\Users\ivanm\source\repos\myengine\engine\src\ecs\systems\PhysicsSystem.cpp,825,10785998414,5440837,17,
Physics::Step,C:\Users\ivanm\source\repos\myengine\engine\src\ecs\systems\PhysicsSystem.cpp,825,10805352893,5389082,17,
Physics::Step,C:\Users\ivanm\source\repos\myengine\engine\src\ecs\systems\PhysicsSystem.cpp,825,10822567374,6347020,17,
Physics::Step,C:\Users\ivanm\source\repos\myengine\engine\src\ecs\systems\PhysicsSystem.cpp,825,10840670266,5024276,17,
Physics::Step,C:\Users\ivanm\source\repos\myengine\engine\src\ecs\systems\PhysicsSystem.cpp,825,10845694602,5901904,17,
Physics::Step,C:\Users\ivanm\source\repos\myengine\engine\src\ecs\systems\PhysicsSystem.cpp,825,10864063866,5347448,17,
Physics::Step,C:\Users\ivanm\source\repos\myengine\engine\src\ecs\systems\PhysicsSystem.cpp,825,10881921014,7892726,17,
Physics::Step,C:\Users\ivanm\source\repos\myengine\engine\src\ecs\systems\PhysicsSystem.cpp,825,10902665501,5094619,17,
Physics::Step,C:\Users\ivanm\source\repos\myengine\engine\src\ecs\systems\PhysicsSystem.cpp,825,10920872215,5103093,17,
Physics::Step,C:\Users\ivanm\source\repos\myengine\engine\src\ecs\systems\PhysicsSystem.cpp,825,10938888513,5613476,17,
Physics::Step,C:\Users\ivanm\source\repos\myengine\engine\src\ecs\systems\PhysicsSystem.cpp,825,10956128039,5046638,17,
Physics::Step,C:\Users\ivanm\source\repos\myengine\engine\src\ecs\systems\PhysicsSystem.cpp,825,10973418131,5773440,17,
Physics::Step,C:\Users\ivanm\source\repos\myengine\engine\src\ecs\systems\PhysicsSystem.cpp,825,10979191631,5735123,17,
Physics::Step,C:\Users\ivanm\source\repos\myengine\engine\src\ecs\systems\PhysicsSystem.cpp,825,10997921095,5500663,17,
Physics::Step,C:\Users\ivanm\source\repos\myengine\engine\src\ecs\systems\PhysicsSystem.cpp,825,11017346241,6444260,17,
Physics::Step,C:\Users\ivanm\source\repos\myengine\engine\src\ecs\systems\PhysicsSystem.cpp,825,11036244575,5391198,17,
Physics::Step,C:\Users\ivanm\source\repos\myengine\engine\src\ecs\systems\PhysicsSystem.cpp,825,11054857907,5321928,17,
Physics::Step,C:\Users\ivanm\source\repos\myengine\engine\src\ecs\systems\PhysicsSystem.cpp,825,11077094608,6329201,17,
Physics::Step,C:\Users\ivanm\source\repos\myengine\engine\src\ecs\systems\PhysicsSystem.cpp,825,11083423880,5050250,17,
Physics::Step,C:\Users\ivanm\source\repos\myengine\engine\src\ecs\systems\PhysicsSystem.cpp,825,11102084072,6400475,17,
Physics::Step,C:\Users\ivanm\source\repos\myengine\engine\src\ecs\systems\PhysicsSystem.cpp,825,11120904397,5297620,17,
Physics::Step,C:\Users\ivanm\source\repos\myengine\engine\src\ecs\systems\PhysicsSystem.cpp,825,11138360740,5155671,17,
Physics::Step,C:\Users\ivanm\source\repos\myengine\engine\src\ecs\systems\PhysicsSystem.cpp,825,11156317996,5701980,17,
Physics::Step,C:\Users\ivanm\source\repos\myengine\engine\src\ecs\systems\PhysicsSystem.cpp,825,11173583828,5484606,17,
Physics::Step,C:\Users\ivanm\source\repos\myengine\engine\src\ecs\systems\PhysicsSystem.cpp,825,11179068604,6461973,17,
Physics::Step,C:\Users\ivanm\source\repos\myengine\engine\src\ecs\systems\PhysicsSystem.cpp,825,11198036290,5352695,17,
Physics::Step,C:\Users\ivanm\source\repos\myengine\engine\src\ecs\systems\PhysicsSystem.cpp,825,11215579538,5786791,17,
Physics::Step,C:\Users\ivanm\source\repos\myengine\engine\src\ecs\systems\PhysicsSystem.cpp,825,11234111286,5336424,17,
Physics::Step,C:\Users\ivanm\source\repos\myengine\engine\src\ecs\systems\PhysicsSystem.cpp,825,11252446280,5157634,17,
Physics::Step,C:\Users\ivanm\source\repos\myengine\engine\src\ecs\systems\PhysicsSystem.cpp,825,11269832710,5171387,17,
Physics::Step,C:\Users\ivanm\source\repos\myengine\engine\src\ecs\systems\PhysicsSystem.cpp,825,11287801574,5644935,17,
Physics::Step,C:\Users\ivanm\source\repos\myengine\engine\src\ecs\systems\PhysicsSystem.cpp,825,11305801925,5259467,17,
Physics::Step,C:\Users\ivanm\source\repos\myengine\engine\src\ecs\systems\PhysicsSystem.cpp,825,11323318522,6230831,17,
Physics::Step,C:\Users\ivanm\source\repos\myengine\engine\src\ecs\systems\PhysicsSystem.cpp,825,11329549513,4875427,17,
Physics::Step,C:\Users\ivanm\source\repos\myengine\engine\src\ecs\systems\PhysicsSystem.cpp,825,11345764646,5994390,17,
Physics::Step,C:\Users\ivanm\source\repos\myengine\engine\src\ecs\systems\PhysicsSystem.cpp,825,11365599566,5698523,17,
Physics::Step,C:\Users\ivanm\source\repos\myengine\engine\src\ecs\systems\PhysicsSystem.cpp,825,11384195907,6103601,17,
Physics::Step,C:\Users\ivanm\source\repos\myengine\engine\src\ecs\systems\PhysicsSystem.cpp,825,11403168672,5462510,17,
Physics::Step,C:\Users\ivanm\source\repos\myengine\engine\src\ecs\systems\PhysicsSystem.cpp,825,11419837264,5434109,17,
Physics::Step,C:\Users\ivanm\source\repos\myengine\engine\src\ecs\systems\PhysicsSystem.cpp,825,11437832305,5258975,17,
Physics::Step,C:\Users\ivanm\source\repos\myengine\engine\src\ecs\systems\PhysicsSystem.cpp,825,11454813573,4952584,17,
Physics::Step,C:\Users\ivanm\source\repos\myengine\engine\src\ecs\systems\PhysicsSystem.cpp,825,11473179716,5368739,17,
Physics::Step,C:\Users\ivanm\source\repos\myengine\engine\src\ecs\systems\PhysicsSystem.cpp,825,11478548645,5961437,17,
Physics::Step,C:\Users\ivanm\source\repos\myengine\engine\src\ecs\systems\PhysicsSystem.cpp,825,11497352314,5383344,17,
Physics::Step,C:\Users\ivanm\source\repos\myengine\engine\src\ecs\systems\PhysicsSystem.cpp,825,11514837935,6356877,17,
Physics::Step,C:\Users\ivanm\source\repos\myengine\engine\src\ecs\systems\PhysicsSystem.cpp,825,11534358125,5093131,17,
Physics::Step,C:\Users\ivanm\source\repos\myengine\engine\src\ecs\systems\PhysicsSystem.cpp,825,11552770735,5068595,17,
Physics::Step,C:\Users\ivanm\source\repos\myengine\engine\src\ecs\systems\PhysicsSystem.cpp,825,11570633727,5678264,17,
Physics::Step,C:\Users\ivanm\source\repos\myengine\engine\src\ecs\systems\PhysicsSystem.cpp,825,11588284820,5600983,17,
Physics::Step,C:\Users\ivanm\source\repos\myengine\engine\src\ecs\systems\PhysicsSystem.cpp,825,11606460567,6350131,17,
Physics::Step,C:\Users\ivanm\source\repos\myengine\engine\src\ecs\systems\PhysicsSystem.cpp,825,11612810758,4969587,17,
Physics::Step,C:\Users\ivanm\source\repos\myengine\engine\src\ecs\systems\PhysicsSystem.cpp,825,11629492299,6175238,17,
Physics::Step,C:\Users\ivanm\source\repos\myengine\engine\src\ecs\systems\PhysicsSystem.cpp,825,11648423145,5280177,17,
Physics::Step,C:\Users\ivanm\source\repos\myengine\engine\src\ecs\systems\PhysicsSystem.cpp,825,11665977845,5376500,17,
Physics::Step,C:\Users\ivanm\source\repos\myengine\engine\src\ecs\systems\PhysicsSystem.cpp,825,11683893982,6015700,17,
Physics::Step,C:\Users\ivanm\source\repos\myengine\engine\src\ecs\systems\PhysicsSystem.cpp,825,11703948058,5492426,17,
Physics::Step,C:\Users\ivanm\source\repos\myengine\engine\src\ecs\systems\PhysicsSystem.cpp,825,11722042690,5356377,17,
Physics::Step,C:\Users\ivanm\source\repos\myengine\engine\src\ecs\systems\PhysicsSystem.cpp,825,11740480935,6737019,17,
Physics::Step,C:\Users\ivanm\source\repos\myengine\engine\src\ecs\systems\PhysicsSystem.cpp,825,11747218134,5388912,17,
Physics::Step,C:\Users\ivanm\source\repos\myengine\engine\src\ecs\systems\PhysicsSystem.cpp,825,11769804918,5098332,17,
Physics::Step,C:\Users\ivanm\source\repos\myengine\engine\src\ecs\systems\PhysicsSystem.cpp,825,11787270168,5579481,17,
Physics::Step,C:\Users\ivanm\source\repos\myengine\engine\src\ecs\systems\PhysicsSystem.cpp,825,11806998916,6112727,17,
Physics::Step,C:\Users\ivanm\source\repos\myengine\engine\src\ecs\systems\PhysicsSystem.cpp,825,11813111833,5423472,17,
Physics::Step,C:\Users\ivanm\source\repos\myengine\engine\src\ecs\systems\PhysicsSystem.cpp,825,11830884751,5062283,17,
Physics::Step,C:\Users\ivanm\source\repos\myengine\engine\src\ecs\systems\PhysicsSystem.cpp,825,11848089065,5788073,17,
Physics::Step,C:\Users\ivanm\source\repos\myengine\engine\src\ecs\systems\PhysicsSystem.cpp,825,11866322746,5235623,17,
Physics::Step,C:\Users\ivanm\source\repos\myengine\engine\src\ecs\systems\PhysicsSystem.cpp,825,11884188387,5665320,17,
Physics::Step,C:\Users\ivanm\source\repos\myengine\engine\src\ecs\systems\PhysicsSystem.cpp,825,11902202862,5164969,17,
Physics::Step,C:\Users\ivanm\source\repos\myengine\engine\src\ecs\systems\PhysicsSystem.cpp,825,11920567853,5084105,17,
Physics::Step,C:\Users\ivanm\source\repos\myengine\engine\src\ecs\systems\PhysicsSystem.cpp,825,11938020065,5335936,17,
Physics::Step,C:\Users\ivanm\source\repos\myengine\engine\src\ecs\systems\PhysicsSystem.cpp,825,11954868095,4931945,17,
Physics::Step,C:\Users\ivanm\source\repos\myengine\engine\src\ecs\systems\PhysicsSystem.cpp,825,11972478562,5292279,17,
Physics::Step,C:\Users\ivanm\source\repos\myengine\engine\src\ecs\systems\PhysicsSystem.cpp,825,11989745745,6191621,17,
Physics::Step,C:\Users\ivanm\source\repos\myengine\engine\src\ecs\systems\PhysicsSystem.cpp,825,11995937666,5077828,17,
Physics::Step,C:\Users\ivanm\source\repos\myengine\engine\src\ecs\systems\PhysicsSystem.cpp,825,12013103466,5854190,17,
Physics::Step,C:\Users\ivanm\source\repos\myengine\engine\src\ecs\systems\PhysicsSystem.cpp,825,12034488559,6310826,17,
Physics::Step,C:\Users\ivanm\source\repos\myengine\engine\src\ecs\systems\PhysicsSystem.cpp,825,12054115067,6351614,17,
Physics::Step,C:\Users\ivanm\source\repos\myengine\engine\src\ecs\systems\PhysicsSystem.cpp,825,12073482323,6901960,17,
Physics::Step,C:\Users\ivanm\source\repos\myengine\engine\src\ecs\systems\PhysicsSystem.cpp,825,12080384534,5366181,17,
Physics::Step,C:\Users\ivanm\source\repos\myengine\engine\src\ecs\systems\PhysicsSystem.cpp,825,12098651278,6282462,17,
Physics::Step,C:\Users\ivanm\source\repos\myengine\engine\src\ecs\systems\PhysicsSystem.cpp,825,12117160583,5068221,17,
Physics::Step,C:\Users\ivanm\source\repos\myengine\engine\src\ecs\systems\PhysicsSystem.cpp,825,12134958342,6175937,17,
Physics::Step,C:\Users\ivanm\source\repos\myengine\engine\src\ecs\systems\PhysicsSystem.cpp,825,12153354168,5073355,17,
Physics::Step,C:\Users\ivanm\source\repos\myengine\engine\src\ecs\systems\PhysicsSystem.cpp,825,12169891676,5483839,17,
Physics::Step,C:\Users\ivanm\source\repos\myengine\engine\src\ecs\systems\PhysicsSystem.cpp,825,12188362182,5837897,17,
Physics::Step,C:\Users\ivanm\source\repos\myengine\engine\src\ecs\systems\PhysicsSystem.cpp,825,12206216682,5081740,17,
Physics::Step,C:\Users\ivanm\source\repos\myengine\engine\src\ecs\systems\PhysicsSystem.cpp,825,12223831757,5977009,17,
Physics::Step,C:\Users\ivanm\source\repos\myengine\engine\src\ecs\systems\PhysicsSystem.cpp,825,12229808926,5393813,17,
Physics::Step,C:\Users\ivanm\source\repos\myengine\engine\src\ecs\systems\PhysicsSystem.cpp,825,12248363317,4997770,17,
Physics::Step,C:\Users\ivanm\source\repos\myengine\engine\src\ecs\systems\PhysicsSystem.cpp,825,12266253284,5658369,17,
Physics::Step,C:\Users\ivanm\source\repos\myengine\engine\src\ecs\systems\PhysicsSystem.cpp,825,12284293159,5141291,17,
Physics::Step,C:\Users\ivanm\source\repos\myengine\engine\src\ecs\systems\PhysicsSystem.cpp,825,12302867247,5065530,17,
Physics::Step,C:\Users\ivanm\source\repos\myengine\engine\src\ecs\systems\PhysicsSystem.cpp,825,12320269528,5749991,17,
Physics::Step,C:\Users\ivanm\source\repos\myengine\engine\src\ecs\systems\PhysicsSystem.cpp,825,12338153144,5100731,17,
Physics::Step,C:\Users\ivanm\source\repos\myengine\engine\src\ecs\systems\PhysicsSystem.cpp,825,12356307064,6085964,17,
Physics::Step,C:\Users\ivanm\source\repos\myengine\engine\src\ecs\systems\PhysicsSystem.cpp,825,12375534859,5667518,17,
Physics::Step,C:\Users\ivanm\source\repos\myengine\engine\src\ecs\systems\PhysicsSystem.cpp,825,12381202798,5768395,17,
Physics::Step,C:\Users\ivanm\source\repos\myengine\engine\src\ecs\systems\PhysicsSystem.cpp,825,12399920248,5651014,17,
Physics::Step,C:\Users\ivanm\source\repos\myengine\engine\src\ecs\systems\PhysicsSystem.cpp,825,12418242879,5488633,17,
Physics::Step,C:\Users\ivanm\source\repos\myengine\engine\src\ecs\systems\PhysicsSystem.cpp,825,12436541953,5179985,17,
Physics::Step,C:\Users\ivanm\source\repos\myengine\engine\src\ecs\systems\PhysicsSystem.cpp,825,12453990901,5584108,17,
Physics::Step,C:\Users\ivanm\source\repos\myengine\engine\src\ecs\systems\PhysicsSystem.cpp,825,12472427820,5047146,17,
Physics::Step,C:\Users\ivanm\source\repos\myengine\engine\src\ecs\systems\PhysicsSystem.cpp,825,12489842686,6528399,17,
Physics::Step,C:\Users\ivanm\source\repos\myengine\engine\src\ecs\systems\PhysicsSystem.cpp,825,12496371236,5151913,17,
Physics::Step,C:\Users\ivanm\source\repos\myengine\engine\src\ecs\systems\PhysicsSystem.cpp,825,12513567064,5868907,17,
Physics::Step,C:\Users\ivanm\source\repos\myengine\engine\src\ecs\systems\PhysicsSystem.cpp,825,12533753772,5393899,17,
Physics::Step,C:\Users\ivanm\source\repos\myengine\engine\src\ecs\systems\PhysicsSystem.cpp,825,12551720371,5498432,17,
Physics::Step,C:\Users\ivanm\source\repos\myengine\engine\src\ecs\systems\PhysicsSystem.cpp,825,12569465894,5192290,17,
Physics::Step,C:\Users\ivanm\source\repos\myengine\engine\src\ecs\systems\PhysicsSystem.cpp,825,12587291740,5053693,17,
Physics::Step,C:\Users\ivanm\source\repos\myengine\engine\src\ecs\systems\PhysicsSystem.cpp,825,12609678522,7876556,17,
Physics::Step,C:\Users\ivanm\source\repos\myengine\engine\src\ecs\systems\PhysicsSystem.cpp,825,12617555309,6196646,17,
Physics::Step,C:\Users\ivanm\source\repos\myengine\engine\src\ecs\systems\PhysicsSystem.cpp,825,12636564901,5640062,17,
Physics::Step,C:\Users\ivanm\source\repos\myengine\engine\src\ecs\systems\PhysicsSystem.cpp,825,12658488446,6965040,17,
Physics::Step,C:\Users\ivanm\source\repos\myengine\engine\src\ecs\systems\PhysicsSystem.cpp,825,12665453597,4719541,17,
Physics::Step,C:\Users\ivanm\source\repos\myengine\engine\src\ecs\systems\PhysicsSystem.cpp,825,12684511544,5862368,17,
Physics::Step,C:\Users\ivanm\source\repos\myengine\engine\src\ecs\systems\PhysicsSystem.cpp,825,12703657082,5500536,17,
Physics::Step,C:\Users\ivanm\source\repos\myengine\engine\src\ecs\systems\PhysicsSystem.cpp,825,12722016532,5468372,17,
Physics::Step,C:\Users\ivanm\source\repos\myengine\engine\src\ecs\systems\PhysicsSystem.cpp,825,12743643480,5776852,17,
Physics::Step,C:\Users\ivanm\source\repos\myengine\engine\src\ecs\systems\PhysicsSystem.cpp,825,12749420382,4637165,17,
Physics::Step,C:\Users\ivanm\source\repos\myengine\engine\src\ecs\systems\PhysicsSystem.cpp,825,12766459051,5547459,17,
Physics::Step,C:\Users\ivanm\source\repos\myengine\engine\src\ecs\systems\PhysicsSystem.cpp,825,12784718194,5121235,17,
Physics::Step,C:\Users\ivanm\source\repos\myengine\engine\src\ecs\systems\PhysicsSystem.cpp,825,12803836944,4939340,17,
Physics::Step,C:\Users\ivanm\source\repos\myengine\engine\src\ecs\systems\PhysicsSystem.cpp,825,12820924857,5313242,17,
Physics::Step,C:\Users\ivanm\source\repos\myengine\engine\src\ecs\systems\PhysicsSystem.cpp,825,12838619024,5137847,17,
Physics::Step,C:\Users\ivanm\source\repos\myengine\engine\src\ecs\systems\PhysicsSystem.cpp,825,12856312499,6231792,17,
Physics::Step,C:\Users\ivanm\source\repos\myengine\engine\src\ecs\systems\PhysicsSystem.cpp,825,12874803956,5040396,17,
Physics::Step,C:\Users\ivanm\source\repos\myengine\engine\src\ecs\systems\PhysicsSystem.cpp,825,12879844472,5658336,17,
Physics::Step,C:\Users\ivanm\source\repos\myengine\engine\src\ecs\systems\PhysicsSystem.cpp,825,12898715134,5656362,17,
Physics::Step,C:\Users\ivanm\source\repos\myengine\engine\src\ecs\systems\PhysicsSystem.cpp,825,12916823447,5291688,17,
Physics::Step,C:\Users\ivanm\source\repos\myengine\engine\src\ecs\systems\PhysicsSystem.cpp,825,12935827332,5127932,17,
Physics::Step,C:\Users\ivanm\source\repos\myengine\engine\src\ecs\systems\PhysicsSystem.cpp,825,12954506554,5905208,17,
Physics::Step,C:\Users\ivanm\source\repos\myengine\engine\src\ecs\systems\PhysicsSystem.cpp,825,12973877873,5093101,17,
Physics::Step,C:\Users\ivanm\source\repos\myengine\engine\src\ecs\systems\PhysicsSystem.cpp,825,12978971124,5266974,17,
Physics::Step,C:\Users\ivanm\source\repos\myengine\engine\src\ecs\systems\PhysicsSystem.cpp,825,12997215747,5111026,17,
Physics::Step,C:\Users\ivanm\source\repos\myengine\engine\src\ecs\systems\PhysicsSystem.cpp,825,13014548636,6471922,17,
Physics::Step,C:\Users\ivanm\source\repos\myengine\engine\src\ecs\systems\PhysicsSystem.cpp,825,13033010655,4914593,17,
Physics::Step,C:\Users\ivanm\source\repos\myengine\engine\src\ecs\systems\PhysicsSystem.cpp,825,13052168738,5776331,17,
Physics::Step,C:\Users\ivanm\source\repos\myengine\engine\src\ecs\systems\PhysicsSystem.cpp,825,13071697351,7160983,17,
Physics::Step,C:\Users\ivanm\source\repos\myengine\engine\src\ecs\systems\PhysicsSystem.cpp,825,13090889034,5355828,17,
Physics::Step,C:\Users\ivanm\source\repos\myengine\engine\src\ecs\systems\PhysicsSystem.cpp,825,13096245042,6202338,17,
Physics::Step,C:\Users\ivanm\source\repos\myengine\engine\src\ecs\systems\PhysicsSystem.cpp,825,13115713918,5233078,17,
Physics::Step,C:\Users\ivanm\source\repos\myengine\engine\src\ecs\systems\PhysicsSystem.cpp,825,13132891822,6117973,17,
Physics::Step,C:\Users\ivanm\source\repos\myengine\engine\src\ecs\systems\PhysicsSystem.cpp,825,13151540174,6014797,17,
Physics::Step,C:\Users\ivanm\source\repos\myengine\engine\src\ecs\systems\PhysicsSystem.cpp,825,13170036547,5344600,17,
Physics::Step,C:\Users\ivanm\source\repos\myengine\engine\src\ecs\systems\PhysicsSystem.cpp,825,13187782842,4958185,17,
Physics::Step,C:\Users\ivanm\source\repos\myengine\engine\src\ecs\systems\PhysicsSystem.cpp,825,13204665164,5375145,17,
Physics::Step,C:\Users\ivanm\source\repos\myengine\engine\src\ecs\systems\PhysicsSystem.cpp,825,13222871841,5289819,17,
Physics::Step,C:\Users\ivanm\source\repos\myengine\engine\src\ecs\systems\PhysicsSystem.cpp,825,13239398891,6108622,17,
Physics::Step,C:\Users\ivanm\source\repos\myengine\engine\src\ecs\systems\PhysicsSystem.cpp,825,13257564753,5256008,17,
Physics::Step,C:\Users\ivanm\source\repos\myengine\engine\src\ecs\systems\PhysicsSystem.cpp,825,13262820931,5780108,17,
Physics::Step,C:\Users\ivanm\source\repos\myengine\engine\src\ecs\systems\PhysicsSystem.cpp,825,13285179012,5375709,17,
Physics::Step,C:\Users\ivanm\source\repos\myengine\engine\src\ecs\systems\PhysicsSystem.cpp,825,13303713936,5247939,17,
Physics::Step,C:\Users\ivanm\source\repos\myengine\engine\src\ecs\systems\PhysicsSystem.cpp,825,13321776024,5900243,17,
Physics::Step,C:\Users\ivanm\source\repos\myengine\engine\src\ecs\systems\PhysicsSystem.cpp,825,13339152482,5095526,17,
Physics::Step,C:\Users\ivanm\source\repos\myengine\engine\src\ecs\systems\PhysicsSystem.cpp,825,13357272597,6349398,17,
Physics::Step,C:\Users\ivanm\source\repos\myengine\engine\src\ecs\systems\PhysicsSystem.cpp,825,13363622296,5003986,17,
Physics::Step,C:\Users\ivanm\source\repos\myengine\engine\src\ecs\systems\PhysicsSystem.cpp,825,13380887620,5762913,17,
Physics::Step,C:\Users\ivanm\source\repos\myengine\engine\src\ecs\systems\PhysicsSystem.cpp,825,13399066775,5482636,17,
Physics::Step,C:\Users\ivanm\source\repos\myengine\engine\src\ecs\systems\PhysicsSystem.cpp,825,13416725336,5295210,17,
Physics::Step,C:\Users\ivanm\source\repos\myengine\engine\src\ecs\systems\PhysicsSystem.cpp,825,13434852920,4935858,17,
Physics::Step,C:\Users\ivanm\source\repos\myengine\engine\src\ecs\systems\PhysicsSystem.cpp,825,13451704349,4858646,17,
Physics::Step,C:\Users\ivanm\source\repos\myengine\engine\src\ecs\systems\PhysicsSystem.cpp,825,13470512322,4922437,17,
Physics::Step,C:\Users\ivanm\source\repos\myengine\engine\src\ecs\systems\PhysicsSystem.cpp,825,13488296608,5920765,17,
Physics::Step,C:\Users\ivanm\source\repos\myengine\engine\src\ecs\systems\PhysicsSystem.cpp,825,13506209609,5115505,17,
Physics::Step,C:\Users\ivanm\source\repos\myengine\engine\src\ecs\systems\PhysicsSystem.cpp,825,13523837509,6088434,17,
Physics::Step,C:\Users\ivanm\source\repos\myengine\engine\src\ecs\systems\PhysicsSystem.cpp,825,13529926314,5792591,17,
Physics::Step,C:\Users\ivanm\source\repos\myengine\engine\src\ecs\systems\PhysicsSystem.cpp,825,13547399629,6885035,17,
Physics::Step,C:\Users\ivanm\source\repos\myengine\engine\src\ecs\systems\PhysicsSystem.cpp,825,13567108050,6848582,17,
Physics::Step,C:\Users\ivanm\source\repos\myengine\engine\src\ecs\systems\PhysicsSystem.cpp,825,13588412522,6529211,17,
Physics::Step,C:\Users\ivanm\source\repos\myengine\engine\src\ecs\systems\PhysicsSystem.cpp,825,13609854591,6867254,17,
Physics::Step,C:\Users\ivanm\source\repos\myengine\engine\src\ecs\systems\PhysicsSystem.cpp,825,13616722055,5764970,17,
Physics::Step,C:\Users\ivanm\source\repos\myengine\engine\src\ecs\systems\PhysicsSystem.cpp,825,13637278112,5483804,17,
Physics::Step,C:\Users\ivanm\source\repos\myengine\engine\src\ecs\systems\PhysicsSystem.cpp,825,13656509219,6914904,17,
Physics::Step,C:\Users\ivanm\source\repos\myengine\engine\src\ecs\systems\PhysicsSystem.cpp,825,13663424293,5325694,17,
Physics::Step,C:\Users\ivanm\source\repos\myengine\engine\src\ecs\systems\PhysicsSystem.cpp,825,13682688010,7103907,17,
Physics::Step,C:\Users\ivanm\source\repos\myengine\engine\src\ecs\systems\PhysicsSystem.cpp,825,13705312651,6100864,17,
Physics::Step,C:\Users\ivanm\source\repos\myengine\engine\src\ecs\systems\PhysicsSystem.cpp,825,13725746072,7176734,17,
Physics::Step,C:\Users\ivanm\source\repos\myengine\engine\src\ecs\systems\PhysicsSystem.cpp,825,13732922976,6628605,17,
Physics::Step,C:\Users\ivanm\source\repos\myengine\engine\src\ecs\systems\PhysicsSystem.cpp,825,13755486688,5799404,17,
Physics::Step,C:\Users\ivanm\source\repos\myengine\engine\src\ecs\systems\PhysicsSystem.cpp,825,13777247855,7010937,17,
Physics::Step,C:\Users\ivanm\source\repos\myengine\engine\src\ecs\systems\PhysicsSystem.cpp,825,13784258872,5268325,17,
Physics::Step,C:\Users\ivanm\source\repos\myengine\engine\src\ecs\systems\PhysicsSystem.cpp,825,13804973937,6886282,17,
Physics::Step,C:\Users\ivanm\source\repos\myengine\engine\src\ecs\systems\PhysicsSystem.cpp,825,13824561423,6186085,17,
Physics::Step,C:\Users\ivanm\source\repos\myengine\engine\src\ecs\systems\PhysicsSystem.cpp,825,13830747629,5575494,17,
Physics::Step,C:\Users\ivanm\source\repos\myengine\engine\src\ecs\systems\PhysicsSystem.cpp,825,13850350678,6052646,17,
Physics::Step,C:\Users\ivanm\source\repos\myengine\engine\src\ecs\systems\PhysicsSystem.cpp,825,13871264183,6601439,17,
Physics::Step,C:\Users\ivanm\source\repos\myengine\engine\src\ecs\systems\PhysicsSystem.cpp,825,13892696685,6406007,17,
Physics::Step,C:\Users\ivanm\source\repos\myengine\engine\src\ecs\systems\PhysicsSystem.cpp,825,13899102782,7843678,17,
Physics::Step,C:\Users\ivanm\source\repos\myengine\engine\src\ecs\systems\PhysicsSystem.cpp,825,13921937861,6028797,17,
Physics::Step,C:\Users\ivanm\source\repos\myengine\engine\src\ecs\systems\PhysicsSystem.cpp,825,13943556964,7165083,17,
Physics::Step,C:\Users\ivanm\source\repos\myengine\engine\src\ecs\systems\PhysicsSystem.cpp,825,13950722188,5554575,17,
Physics::Step,C:\Users\ivanm\source\repos\myengine\engine\src\ecs\systems\PhysicsSystem.cpp,825,13971501063,6134149,17,
Physics::Step,C:\Users\ivanm\source\repos\myengine\engine\src\ecs\systems\PhysicsSystem.cpp,825,13992079690,6133955,17,
Physics::Step,C:\Users\ivanm\source\repos\myengine\engine\src\ecs\systems\PhysicsSystem.cpp,825,13998213735,6121768,17,
Physics::Step,C:\Users\ivanm\source\repos\myengine\engine\src\ecs\systems\PhysicsSystem.cpp,825,14020191334,6369838,17,
Physics::Step,C:\Users\ivanm\source\repos\myengine\engine\src\ecs\systems\PhysicsSystem.cpp,825,14041014411,5771096,17,
Physics::Step,C:\Users\ivanm\source\repos\myengine\engine\src\ecs\systems\PhysicsSystem.cpp,825,14046785707,7302412,17,
Physics::Step,C:\Users\ivanm\source\repos\myengine\engine\src\ecs\systems\PhysicsSystem.cpp,825,14067430091,6982443,17,
Physics::Step,C:\Users\ivanm\source\repos\myengine\engine\src\ecs\systems\PhysicsSystem.cpp,825,14087691807,6460552,17,
Physics::Step,C:\Users\ivanm\source\repos\myengine\engine\src\ecs\systems\PhysicsSystem.cpp,825,14110030502,7075760,17,
Physics::Step,C:\Users\ivanm\source\repos\myengine\engine\src\ecs\systems\PhysicsSystem.cpp,825,14117106413,6264803,17,
Physics::Step,C:\Users\ivanm\source\repos\myengine\engine\src\ecs\systems\PhysicsSystem.cpp,825,14138857560,6682262,17,
Physics::Step,C:\Users\ivanm\source\repos\myengine\engine\src\ecs\systems\PhysicsSystem.cpp,825,14159978847,7462959,17,
Physics::Step,C:\Users\ivanm\source\repos\myengine\engine\src\ecs\systems\PhysicsSystem.cpp,825,14167442056,5461403,17,
Physics::Step,C:\Users\ivanm\source\repos\myengine\engine\src\ecs\systems\PhysicsSystem.cpp,825,14187584166,5760420,17,
Physics::Step,C:\Users\ivanm\source\repos\myengine\engine\src\ecs\systems\PhysicsSystem.cpp,825,14206405153,6907191,17,
Physics::Step,C:\Users\ivanm\source\repos\myengine\engine\src\ecs\systems\PhysicsSystem.cpp,825,14213312524,6635939,17,
Physics::Step,C:\Users\ivanm\source\repos\myengine\engine\src\ecs\systems\PhysicsSystem.cpp,825,14234399579,6216867,17,
Physics::Step,C:\Users\ivanm\source\repos\myengine\engine\src\ecs\systems\PhysicsSystem.cpp,825,14255459962,6444932,17,
Physics::Step,C:\Users\ivanm\source\repos\myengine\engine\src\ecs\systems\PhysicsSystem.cpp,825,14275321599,6889867,17,
Physics::Step,C:\Users\ivanm\source\repos\myengine\engine\src\ecs\systems\PhysicsSystem.cpp,825,14282211616,5430638,17,
Physics::Step,C:\Users\ivanm\source\repos\myengine\engine\src\ecs\systems\PhysicsSystem.cpp,825,14300999325,6456318,17,
Physics::Step,C:\Users\ivanm\source\repos\myengine\engine\src\ecs\systems\PhysicsSystem.cpp,825,14321294089,6304184,17,
Physics::Step,C:\Users\ivanm\source\repos\myengine\engine\src\ecs\systems\PhysicsSystem.cpp,825,14340659542,5390483,17,
Physics::Step,C:\Users\ivanm\source\repos\myengine\engine\src\ecs\systems\PhysicsSystem.cpp,825,14346050386,7380804,17,
Physics::Step,C:\Users\ivanm\source\repos\myengine\engine\src\ecs\systems\PhysicsSystem.cpp,825,14367053875,5790785,17,
Physics::Step,C:\Users\ivanm\source\repos\myengine\engine\src\ecs\systems\PhysicsSystem.cpp,825,14387173889,5672824,17,
Physics::Step,C:\Users\ivanm\source\repos\myengine\engine\src\ecs\systems\PhysicsSystem.cpp,825,14408594658,8442372,17,
Physics::Step,C:\Users\ivanm\source\repos\myengine\engine\src\ecs\systems\PhysicsSystem.cpp,825,14417037100,6006218,17,
Physics::Step,C:\Users\ivanm\source\repos\myengine\engine\src\ecs\systems\PhysicsSystem.cpp,825,14437833723,6280880,17,
Physics::Step,C:\Users\ivanm\source\repos\myengine\engine\src\ecs\systems\PhysicsSystem.cpp,825,14459003926,6240383,17,
Physics::Step,C:\Users\ivanm\source\repos\myengine\engine\src\ecs\systems\PhysicsSystem.cpp,825,14465244559,6759474,17,
Physics::Step,C:\Users\ivanm\source\repos\myengine\engine\src\ecs\systems\PhysicsSystem.cpp,825,14486210238,5857026,17,
Physics::Step,C:\Users\ivanm\source\repos\myengine\engine\src\ecs\systems\PhysicsSystem.cpp,825,14506611342,6776645,17,
Physics::Step,C:\Users\ivanm\source\repos\myengine\engine\src\ecs\systems\PhysicsSystem.cpp,825,14513388348,6216667,17,
Physics::Step,C:\Users\ivanm\source\repos\myengine\engine\src\ecs\systems\PhysicsSystem.cpp,825,14533834564,6900001,17,
Physics::Step,C:\Users\ivanm\source\repos\myengine\engine\src\ecs\systems\PhysicsSystem.cpp,825,14555119039,5590868,17,
Physics::Step,C:\Users\ivanm\source\repos\myengine\engine\src\ecs\systems\PhysicsSystem.cpp,825,14575441623,6732180,17,
Physics::Step,C:\Users\ivanm\source\repos\myengine\engine\src\ecs\systems\PhysicsSystem.cpp,825,14582174013,4949920,17,
Physics::Step,C:\Users\ivanm\source\repos\myengine\engine\src\ecs\systems\PhysicsSystem.cpp,825,14600424277,5478805,17,
Physics::Step,C:\Users\ivanm\source\repos\myengine\engine\src\ecs\systems\PhysicsSystem.cpp,825,14619214031,5381774,17,
Physics::Step,C:\Users\ivanm\source\repos\myengine\engine\src\ecs\systems\PhysicsSystem.cpp,825,14637405325,5010203,17,
Physics::Step,C:\Users\ivanm\source\repos\myengine\engine\src\ecs\systems\PhysicsSystem.cpp,825,14654913576,5699956,17,
Physics::Step,C:\Users\ivanm\source\repos\myengine\engine\src\ecs\systems\PhysicsSystem.cpp,825,14672479929,5328289,17,
Physics::Step,C:\Users\ivanm\source\repos\myengine\engine\src\ecs\systems\PhysicsSystem.cpp,825,14690455209,6024810,17,
Physics::Step,C:\Users\ivanm\source\repos\myengine\engine\src\ecs\systems\PhysicsSystem.cpp,825,14696480209,5657769,17,
Physics::Step,C:\Users\ivanm\source\repos\myengine\engine\src\ecs\systems\PhysicsSystem.cpp,825,14714743650,5593672,17,
Physics::Step,C:\Users\ivanm\source\repos\myengine\engine\src\ecs\systems\PhysicsSystem.cpp,825,14733317196,5204309,17,
Physics::Step,C:\Users\ivanm\source\repos\myengine\engine\src\ecs\systems\PhysicsSystem.cpp,825,14751456073,5257494,17,
Physics::Step,C:\Users\ivanm\source\repos\myengine\engine\src\ecs\systems\PhysicsSystem.cpp,825,14769014090,6704239,17,
Physics::Step,C:\Users\ivanm\source\repos\myengine\engine\src\ecs\systems\PhysicsSystem.cpp,825,14787961612,5366973,17,
Physics::Step,C:\Users\ivanm\source\repos\myengine\engine\src\ecs\systems\PhysicsSystem.cpp,825,14805899141,5051993,17,
Physics::Step,C:\Users\ivanm\source\repos\myengine\engine\src\ecs\systems\PhysicsSystem.cpp,825,14823780091,5859569,17,
Physics::Step,C:\Users\ivanm\source\repos\myengine\engine\src\ecs\systems\PhysicsSystem.cpp,825,14829639720,5552605,17,
Physics::Step,C:\Users\ivanm\source\repos\myengine\engine\src\ecs\systems\PhysicsSystem.cpp,825,14847150637,5530993,17,
Physics::Step,C:\Users\ivanm\source\repos\myengine\engine\src\ecs\systems\PhysicsSystem.cpp,825,14864670410,5069166,17,
Physics::Step,C:\Users\ivanm\source\repos\myengine\engine\src\ecs\systems\PhysicsSystem.cpp,825,14881812175,5277914,17,
Physics::Step,C:\Users\ivanm\source\repos\myengine\engine\src\ecs\systems\PhysicsSystem.cpp,825,14899642921,5794730,17,
Physics::Step,C:\Users\ivanm\source\repos\myengine\engine\src\ecs\systems\PhysicsSystem.cpp,825,14917677207,4960490,17,
Physics::Step,C:\Users\ivanm\source\repos\myengine\engine\src\ecs\systems\PhysicsSystem.cpp,825,14935082824,5020118,17,
Physics::Step,C:\Users\ivanm\source\repos\myengine\engine\src\ecs\systems\PhysicsSystem.cpp,825,14952741316,4945572,17,
Physics::Step,C:\Users\ivanm\source\repos\myengine\engine\src\ecs\systems\PhysicsSystem.cpp,825,14970070959,4971358,17,
Physics::Step,C:\Users\ivanm\source\repos\myengine\engine\src\ecs\systems\PhysicsSystem.cpp,825,14988051654,5588113,17,
Physics::Step,C:\Users\ivanm\source\repos\myengine\engine\src\ecs\systems\PhysicsSystem.cpp,825,15006330221,5233794,17,
Physics::Step,C:\Users\ivanm\source\repos\myengine\engine\src\ecs\systems\PhysicsSystem.cpp,825,15023748457,5885966,17,
Physics::Step,C:\Users\ivanm\source\repos\myengine\engine\src\ecs\systems\PhysicsSystem.cpp,825,15029634954,5876123,17,
Physics::Step,C:\Users\ivanm\source\repos\myengine\engine\src\ecs\systems\PhysicsSystem.cpp,825,15047807331,5751809,17,
Physics::Step,C:\Users\ivanm\source\repos\myengine\engine\src\ecs\systems\PhysicsSystem.cpp,825,15066133823,5236314,17,
Physics::Step,C:\Users\ivanm\source\repos\myengine\engine\src\ecs\systems\PhysicsSystem.cpp,825,15083891970,5229551,17,
Physics::Step,C:\Users\ivanm\source\repos\myengine\engine\src\ecs\systems\PhysicsSystem.cpp,825,15102146170,4892210,17,
Physics::Step,C:\Users\ivanm\source\repos\myengine\engine\src\ecs\systems\PhysicsSystem.cpp,825,15121135532,5639962,17,
Physics::Step,C:\Users\ivanm\source\repos\myengine\engine\src\ecs\systems\PhysicsSystem.cpp,825,15140024079,5326840,17,
Physics::Step,C:\Users\ivanm\source\repos\myengine\engine\src\ecs\systems\PhysicsSystem.cpp,825,15145351180,5578700,17,
Physics::Step,C:\Users\ivanm\source\repos\myengine\engine\src\ecs\systems\PhysicsSystem.cpp,825,15163297611,4960168,17,
Physics::Step,C:\Users\ivanm\source\repos\myengine\engine\src\ecs\systems\PhysicsSystem.cpp,825,15180068160,5844400,17,
Physics::Step,C:\Users\ivanm\source\repos\myengine\engine\src\ecs\systems\PhysicsSystem.cpp,825,15198124765,5393282,17,
Physics::Step,C:\Users\ivanm\source\repos\myengine\engine\src\ecs\systems\PhysicsSystem.cpp,825,15215854317,6746614,17,
Physics::Step,C:\Users\ivanm\source\repos\myengine\engine\src\ecs\systems\PhysicsSystem.cpp,825,15235083580,5085477,17,
Physics::Step,C:\Users\ivanm\source\repos\myengine\engine\src\ecs\systems\PhysicsSystem.cpp,825,15253655294,4837205,17,
Physics::Step,C:\Users\ivanm\source\repos\myengine\engine\src\ecs\systems\PhysicsSystem.cpp,825,15271269027,5218459,17,
Physics::Step,C:\Users\ivanm\source\repos\myengine\engine\src\ecs\systems\PhysicsSystem.cpp,825,15290051751,5556049,17,
Physics::Step,C:\Users\ivanm\source\repos\myengine\engine\src\ecs\systems\PhysicsSystem.cpp,825,15295607990,5894383,17,
Physics::Step,C:\Users\ivanm\source\repos\myengine\engine\src\ecs\systems\PhysicsSystem.cpp,825,15315572920,5059704,17,
Physics::Step,C:\Users\ivanm\source\repos\myengine\engine\src\ecs\systems\PhysicsSystem.cpp,825,15333596026,5243026,17,
Physics::Step,C:\Users\ivanm\source\repos\myengine\engine\src\ecs\systems\PhysicsSystem.cpp,825,15352004969,6127214,17,
Physics::Step,C:\Users\ivanm\source\repos\myengine\engine\src\ecs\systems\PhysicsSystem.cpp,825,15370227946,5105846,17,
Physics::Step,C:\Users\ivanm\source\repos\myengine\engine\src\ecs\systems\PhysicsSystem.cpp,825,15387819526,4930767,17,
Physics::Step,C:\Users\ivanm\source\repos\myengine\engine\src\ecs\systems\PhysicsSystem.cpp,825,15405427522,6061192,17,
Physics::Step,C:\Users\ivanm\source\repos\myengine\engine\src\ecs\systems\PhysicsSystem.cpp,825,15423352686,4961984,17,
Physics::Step,C:\Users\ivanm\source\repos\myengine\engine\src\ecs\systems\PhysicsSystem.cpp,825,15428314750,5698442,17,
Physics::Step,C:\Users\ivanm\source\repos\myengine\engine\src\ecs\systems\PhysicsSystem.cpp,825,15446967538,5347151,17,
Physics::Step,C:\Users\ivanm\source\repos\myengine\engine\src\ecs\systems\PhysicsSystem.cpp,825,15464167148,5785613,17,
Physics::Step,C:\Users\ivanm\source\repos\myengine\engine\src\ecs\systems\PhysicsSystem.cpp,825,15482675787,5121916,17,
Physics::Step,C:\Users\ivanm\source\repos\myengine\engine\src\ecs\systems\PhysicsSystem.cpp,825,15499772606,5202557,17,
Physics::Step,C:\Users\ivanm\source\repos\myengine\engine\src\ecs\systems\PhysicsSystem.cpp,825,15518603890,5136647,17,
Physics::Step,C:\Users\ivanm\source\repos\myengine\engine\src\ecs\systems\PhysicsSystem.cpp,825,15538375697,5644696,17,
Physics::Step,C:\Users\ivanm\source\repos\myengine\engine\src\ecs\systems\PhysicsSystem.cpp,825,15556651584,5273640,17,
Physics::Step,C:\Users\ivanm\source\repos\myengine\engine\src\ecs\systems\PhysicsSystem.cpp,825,15561925434,5851268,17,
Physics::Step,C:\Users\ivanm\source\repos\myengine\engine\src\ecs\systems\PhysicsSystem.cpp,825,15580315598,5047549,17,
Physics::Step,C:\Users\ivanm\source\repos\myengine\engine\src\ecs\systems\PhysicsSystem.cpp,825,15597192103,6503794,17,
Physics::Step,C:\Users\ivanm\source\repos\myengine\engine\src\ecs\systems\PhysicsSystem.cpp,825,15616222690,5099834,17,
Physics::Step,C:\Users\ivanm\source\repos\myengine\engine\src\ecs\systems\PhysicsSystem.cpp,825,15633909872,5668931,17,
Physics::Step,C:\Users\ivanm\source\repos\myengine\engine\src\ecs\systems\PhysicsSystem.cpp,825,15652111266,5044996,17,
Physics::Step,C:\Users\ivanm\source\repos\myengine\engine\src\ecs\systems\PhysicsSystem.cpp,825,15670327910,5377703,17,
Physics::Step,C:\Users\ivanm\source\repos\myengine\engine\src\ecs\systems\PhysicsSystem.cpp,825,15688098792,5206215,17,
Physics::Step,C:\Users\ivanm\source\repos\myengine\engine\src\ecs\systems\PhysicsSystem.cpp,825,15705243171,4949629,17,
Physics::Step,C:\Users\ivanm\source\repos\myengine\engine\src\ecs\systems\PhysicsSystem.cpp,825,15722362161,5490639,17,
Physics::Step,C:\Users\ivanm\source\repos\myengine\engine\src\ecs\systems\PhysicsSystem.cpp,825,15739934046,5876629,17,
Physics::Step,C:\Users\ivanm\source\repos\myengine\engine\src\ecs\systems\PhysicsSystem.cpp,825,15745810795,4926274,17,
Physics::Step,C:\Users\ivanm\source\repos\myengine\engine\src\ecs\systems\PhysicsSystem.cpp,825,15762530398,6465062,17,
Physics::Step,C:\Users\ivanm\source\repos\myengine\engine\src\ecs\systems\PhysicsSystem.cpp,825,15781750998,4942215,17,
Physics::Step,C:\Users\ivanm\source\repos\myengine\engine\src\ecs\systems\PhysicsSystem.cpp,825,15798325665,6429212,17,
Physics::Step,C:\Users\ivanm\source\repos\myengine\engine\src\ecs\systems\PhysicsSystem.cpp,825,15817205354,4963730,17,
Physics::Step,C:\Users\ivanm\source\repos\myengine\engine\src\ecs\systems\PhysicsSystem.cpp,825,15834314973,4963415,17,
Physics::Step,C:\Users\ivanm\source\repos\myengine\engine\src\ecs\systems\PhysicsSystem.cpp,825,15852059885,4974927,17,
Physics::Step,C:\Users\ivanm\source\repos\myengine\engine\src\ecs\systems\PhysicsSystem.cpp,825,15870280032,5565683,17,
Physics::Step,C:\Users\ivanm\source\repos\myengine\engine\src\ecs\systems\PhysicsSystem.cpp,825,15888136399,4984716,17,
Physics::Step,C:\Users\ivanm\source\repos\myengine\engine\src\ecs\systems\PhysicsSystem.cpp,825,15905452747,5354568,17,
Physics::Step,C:\Users\ivanm\source\repos\myengine\engine\src\ecs\systems\PhysicsSystem.cpp,825,15922453915,4966030,17,
Physics::Step,C:\Users\ivanm\source\repos\myengine\engine\src\ecs\systems\PhysicsSystem.cpp,825,15940454082,5987411,17,
Physics::Step,C:\Users\ivanm\source\repos\myengine\engine\src\ecs\systems\PhysicsSystem.cpp,825,15946441664,5458275,17,
Physics::Step,C:\Users\ivanm\source\repos\myengine\engine\src\ecs\systems\PhysicsSystem.cpp,825,15963573410,6392421,17,
Physics::Step,C:\Users\ivanm\source\repos\myengine\engine\src\ecs\systems\PhysicsSystem.cpp,825,15982504296,5558251,17,
Physics::Step,C:\Users\ivanm\source\repos\myengine\engine\src\ecs\systems\PhysicsSystem.cpp,825,16000543833,5076931,17,
Physics::Step,C:\Users\ivanm\source\repos\myengine\engine\src\ecs\systems\PhysicsSystem.cpp,825,16019954687,5064527,17,
Physics::Step,C:\Users\ivanm\source\repos\myengine\engine\src\ecs\systems\PhysicsSystem.cpp,825,16037731510,4996357,17,
Physics::Step,C:\Users\ivanm\source\repos\myengine\engine\src\ecs\systems\PhysicsSystem.cpp,825,16055038819,4991088,17,
Physics::Step,C:\Users\ivanm\source\repos\myengine\engine\src\ecs\systems\PhysicsSystem.cpp,825,16072684833,5893814,17,
Physics::Step,C:\Users\ivanm\source\repos\myengine\engine\src\ecs\systems\PhysicsSystem.cpp,825,16090795559,5294967,17,
Physics::Step,C:\Users\ivanm\source\repos\myengine\engine\src\ecs\systems\PhysicsSystem.cpp,825,16096090606,5926423,17,
Physics::Step,C:\Users\ivanm\source\repos\myengine\engine\src\ecs\systems\PhysicsSystem.cpp,825,16114578587,5026666,17,
Physics::Step,C:\Users\ivanm\source\repos\myengine\engine\src\ecs\systems\PhysicsSystem.cpp,825,16131203580,6693437,17,
Physics::Step,C:\Users\ivanm\source\repos\myengine\engine\src\ecs\systems\PhysicsSystem.cpp,825,16151196939,4854198,17,
Physics::Step,C:\Users\ivanm\source\repos\myengine\engine\src\ecs\systems\PhysicsSystem.cpp,825,16169067620,5336474,17,
Physics::Step,C:\Users\ivanm\source\repos\myengine\engine\src\ecs\systems\PhysicsSystem.cpp,825,16186857227,5489876,17,
Physics::Step,C:\Users\ivanm\source\repos\myengine\engine\src\ecs\systems\PhysicsSystem.cpp,825,16204813160,5122467,17,
Physics::Step,C:\Users\ivanm\source\repos\myengine\engine\src\ecs\systems\PhysicsSystem.cpp,825,16222736541,5188598,17,
Physics::Step,C:\Users\ivanm\source\repos\myengine\engine\src\ecs\systems\PhysicsSystem.cpp,825,16239908448,5843719,17,
Physics::Step,C:\Users\ivanm\source\repos\myengine\engine\src\ecs\systems\PhysicsSystem.cpp,825,16245752457,5418987,17,
Physics::Step,C:\Users\ivanm\source\repos\myengine\engine\src\ecs\systems\PhysicsSystem.cpp,825,16263350746,5598399,17,
Physics::Step,C:\Users\ivanm\source\repos\myengine\engine\src\ecs\systems\PhysicsSystem.cpp,825,16282181118,5150210,17,
Physics::Step,C:\Users\ivanm\source\repos\myengine\engine\src\ecs\systems\PhysicsSystem.cpp,825,16300384672,6167744,17,
Physics::Step,C:\Users\ivanm\source\repos\myengine\engine\src\ecs\systems\PhysicsSystem.cpp,825,16319332761,5129554,17,
Physics::Step,C:\Users\ivanm\source\repos\myengine\engine\src\ecs\systems\PhysicsSystem.cpp,825,16337030707,5148432,17,
Physics::Step,C:\Users\ivanm\source\repos\myengine\engine\src\ecs\systems\PhysicsSystem.cpp,825,16354328394,5224586,17,
Physics::Step,C:\Users\ivanm\source\repos\myengine\engine\src\ecs\systems\PhysicsSystem.cpp,825,16372223736,4906688,17,
Physics::Step,C:\Users\ivanm\source\repos\myengine\engine\src\ecs\systems\PhysicsSystem.cpp,825,16390082445,5404580,17,
Physics::Step,C:\Users\ivanm\source\repos\myengine\engine\src\ecs\systems\PhysicsSystem.cpp,825,16395487135,5246968,17,
Physics::Step,C:\Users\ivanm\source\repos\myengine\engine\src\ecs\systems\PhysicsSystem.cpp,825,16413664312,5092531,17,
Physics::Step,C:\Users\ivanm\source\repos\myengine\engine\src\ecs\systems\PhysicsSystem.cpp,825,16430721186,6039631,17,
Physics::Step,C:\Users\ivanm\source\repos\myengine\engine\src\ecs\systems\PhysicsSystem.cpp,825,16449171970,4949445,17,
Physics::Step,C:\Users\ivanm\source\repos\myengine\engine\src\ecs\systems\PhysicsSystem.cpp,825,16466070028,5519616,17,
Physics::Step,C:\Users\ivanm\source\repos\myengine\engine\src\ecs\systems\PhysicsSystem.cpp,825,16484361402,4971321,17,
Physics::Step,C:\Users\ivanm\source\repos\myengine\engine\src\ecs\systems\PhysicsSystem.cpp,825,16502226753,5156452,17,
Physics::Step,C:\Users\ivanm\source\repos\myengine\engine\src\ecs\systems\PhysicsSystem.cpp,825,16520720909,5390527,17,
Physics::Step,C:\Users\ivanm\source\repos\myengine\engine\src\ecs\systems\PhysicsSystem.cpp,825,16538334171,5296738,17,
Physics::Step,C:\Users\ivanm\source\repos\myengine\engine\src\ecs\systems\PhysicsSystem.cpp,825,16555700022,5262063,17,
Physics::Step,C:\Users\ivanm\source\repos\myengine\engine\src\ecs\systems\PhysicsSystem.cpp,825,16573124084,6155802,17,
Physics::Step,C:\Users\ivanm\source\repos\myengine\engine\src\ecs\systems\PhysicsSystem.cpp,825,16579280427,5478745,17,
Physics::Step,C:\Users\ivanm\source\repos\myengine\engine\src\ecs\systems\PhysicsSystem.cpp,825,16596651879,5953377,17,
Physics::Step,C:\Users\ivanm\source\repos\myengine\engine\src\ecs\systems\PhysicsSystem.cpp,825,16615164559,6525482,17,
Physics::Step,C:\Users\ivanm\source\repos\myengine\engine\src\ecs\systems\PhysicsSystem.cpp,825,16634893049,5682703,17,
Physics::Step,C:\Users\ivanm\source\repos\myengine\engine\src\ecs\systems\PhysicsSystem.cpp,825,16652926950,5049763,17,
Physics::Step,C:\Users\ivanm\source\repos\myengine\engine\src\ecs\systems\PhysicsSystem.cpp,825,16669807944,5554282,17,
Physics::Step,C:\Users\ivanm\source\repos\myengine\engine\src\ecs\systems\PhysicsSystem.cpp,825,16687693477,5069583,17,
Physics::Step,C:\Users\ivanm\source\repos\myengine\engine\src\ecs\systems\PhysicsSystem.cpp,825,16704746109,5120203,17,
Physics::Step,C:\Users\ivanm\source\repos\myengine\engine\src\ecs\systems\PhysicsSystem.cpp,825,16722267175,5258325,17,
Physics::Step,C:\Users\ivanm\source\repos\myengine\engine\src\ecs\systems\PhysicsSystem.cpp,825,16739755228,6536603,17,
Physics::Step,C:\Users\ivanm\source\repos\myengine\engine\src\ecs\systems\PhysicsSystem.cpp,825,16746291941,5146977,17,
Physics::Step,C:\Users\ivanm\source\repos\myengine\engine\src\ecs\systems\PhysicsSystem.cpp,825,16762950401,5855638,17,
Physics::Step,C:\Users\ivanm\source\repos\myengine\engine\src\ecs\systems\PhysicsSystem.cpp,825,16782083087,5058961,17,
Physics::Step,C:\Users\ivanm\source\repos\myengine\engine\src\ecs\systems\PhysicsSystem.cpp,825,16799220127,5970326,17,
Physics::Step,C:\Users\ivanm\source\repos\myengine\engine\src\ecs\systems\PhysicsSystem.cpp,825,16818484047,5704433,17,
Physics::Step,C:\Users\ivanm\source\repos\myengine\engine\src\ecs\systems\PhysicsSystem.cpp,825,16836729219,5426204,17,
Physics::Step,C:\Users\ivanm\source\repos\myengine\engine\src\ecs\systems\PhysicsSystem.cpp,825,16854834936,5033880,17,
Physics::Step,C:\Users\ivanm\source\repos\myengine\engine\src\ecs\systems\PhysicsSystem.cpp,825,16871735935,5078739,17,
Physics::Step,C:\Users\ivanm\source\repos\myengine\engine\src\ecs\systems\PhysicsSystem.cpp,825,16889718944,5003276,17,
Physics::Step,C:\Users\ivanm\source\repos\myengine\engine\src\ecs\systems\PhysicsSystem.cpp,825,16894722290,5425554,17,
Physics::Step,C:\Users\ivanm\source\repos\myengine\engine\src\ecs\systems\PhysicsSystem.cpp,825,16913820384,5118831,17,
Physics::Step,C:\Users\ivanm\source\repos\myengine\engine\src\ecs\systems\PhysicsSystem.cpp,825,16930910181,5671982,17,
Physics::Step,C:\Users\ivanm\source\repos\myengine\engine\src\ecs\systems\PhysicsSystem.cpp,825,16949524325,5036554,17,
Physics::Step,C:\Users\ivanm\source\repos\myengine\engine\src\ecs\systems\PhysicsSystem.cpp,825,16968146965,5652522,17,
Physics::Step,C:\Users\ivanm\source\repos\myengine\engine\src\ecs\systems\PhysicsSystem.cpp,825,16985833196,5418477,17,
Physics::Step,C:\Users\ivanm\source\repos\myengine\engine\src\ecs\systems\PhysicsSystem.cpp,825,17003710256,5175701,17,
Physics::Step,C:\Users\ivanm\source\repos\myengine\engine\src\ecs\systems\PhysicsSystem.cpp,825,17023194817,5625650,17,
Physics::Step,C:\Users\ivanm\source\repos\myengine\engine\src\ecs\systems\PhysicsSystem.cpp,825,17028820617,5337637,17,
Physics::Step,C:\Users\ivanm\source\repos\myengine\engine\src\ecs\systems\PhysicsSystem.cpp,825,17045343917,5394313,17,
Physics::Step,C:\Users\ivanm\source\repos\myengine\engine\src\ecs\systems\PhysicsSystem.cpp,825,17062785582,5738088,17,
Physics::Step,C:\Users\ivanm\source\repos\myengine\engine\src\ecs\systems\PhysicsSystem.cpp,825,17081073416,4919532,17,
Physics::Step,C:\Users\ivanm\source\repos\myengine\engine\src\ecs\systems\PhysicsSystem.cpp,825,17098066749,5847917,17,
Physics::Step,C:\Users\ivanm\source\repos\myengine\engine\src\ecs\systems\PhysicsSystem.cpp,825,17116759768,4908167,17,
Physics::Step,C:\Users\ivanm\source\repos\myengine\engine\src\ecs\systems\PhysicsSystem.cpp,825,17134007262,5433338,17,
Physics::Step,C:\Users\ivanm\source\repos\myengine\engine\src\ecs\systems\PhysicsSystem.cpp,825,17151995736,4996639,17,
Physics::Step,C:\Users\ivanm\source\repos\myengine\engine\src\ecs\systems\PhysicsSystem.cpp,825,17170176627,5421359,17,
Physics::Step,C:\Users\ivanm\source\repos\myengine\engine\src\ecs\systems\PhysicsSystem.cpp,825,17188412565,5505746,17,
Physics::Step,C:\Users\ivanm\source\repos\myengine\engine\src\ecs\systems\PhysicsSystem.cpp,825,17205138941,5035482,17,
Physics::Step,C:\Users\ivanm\source\repos\myengine\engine\src\ecs\systems\PhysicsSystem.cpp,825,17222546832,5032697,17,
Physics::Step,C:\Users\ivanm\source\repos\myengine\engine\src\ecs\systems\PhysicsSystem.cpp,825,17239540767,5594200,17,
Physics::Step,C:\Users\ivanm\source\repos\myengine\engine\src\ecs\systems\PhysicsSystem.cpp,825,17257125541,5140455,17,
Physics::Step,C:\Users\ivanm\source\repos\myengine\engine\src\ecs\systems\PhysicsSystem.cpp,825,17262266126,5723074,17,
Physics::Step,C:\Users\ivanm\source\repos\myengine\engine\src\ecs\systems\PhysicsSystem.cpp,825,17280831392,5768537,17,
Physics::Step,C:\Users\ivanm\source\repos\myengine\engine\src\ecs\systems\PhysicsSystem.cpp,825,17298123094,5320634,17,
Physics::Step,C:\Users\ivanm\source\repos\myengine\engine\src\ecs\systems\PhysicsSystem.cpp,825,17315830324,5045371,17,
Physics::Step,C:\Users\ivanm\source\repos\myengine\engine\src\ecs\systems\PhysicsSystem.cpp,825,17333075366,5121208,17,
Physics::Step,C:\Users\ivanm\source\repos\myengine\engine\src\ecs\systems\PhysicsSystem.cpp,825,17351555068,5427878,17,
Physics::Step,C:\Users\ivanm\source\repos\myengine\engine\src\ecs\systems\PhysicsSystem.cpp,825,17369691384,5121685,17,
Physics::Step,C:\Users\ivanm\source\repos\myengine\engine\src\ecs\systems\PhysicsSystem.cpp,825,17387463677,8049587,17,
Physics::Step,C:\Users\ivanm\source\repos\myengine\engine\src\ecs\systems\PhysicsSystem.cpp,825,17416006535,6714475,17,
Physics::Step,C:\Users\ivanm\source\repos\myengine\engine\src\ecs\systems\PhysicsSystem.cpp,825,17422721230,6295066,17,
Physics::Step,C:\Users\ivanm\source\repos\myengine\engine\src\ecs\systems\PhysicsSystem.cpp,825,17447279721,7511982,17,
Physics::Step,C:\Users\ivanm\source\repos\myengine\engine\src\ecs\systems\PhysicsSystem.cpp,825,17454791984,5672781,17,
Physics::Step,C:\Users\ivanm\source\repos\myengine\engine\src\ecs\systems\PhysicsSystem.cpp,825,17477534884,6556276,17,
Physics::Step,C:\Users\ivanm\source\repos\myengine\engine\src\ecs\systems\PhysicsSystem.cpp,825,17484091481,5216035,17,
Physics::Step,C:\Users\ivanm\source\repos\myengine\engine\src\ecs\systems\PhysicsSystem.cpp,825,17502558786,5431545,17,
Physics::Step,C:\Users\ivanm\source\repos\myengine\engine\src\ecs\systems\PhysicsSystem.cpp,825,17520519037,5546824,17,
Physics::Step,C:\Users\ivanm\source\repos\myengine\engine\src\ecs\systems\PhysicsSystem.cpp,825,17538574319,5133819,17,
Physics::Step,C:\Users\ivanm\source\repos\myengine\engine\src\ecs\systems\PhysicsSystem.cpp,825,17556296618,5542575,17,
Physics::Step,C:\Users\ivanm\source\repos\myengine\engine\src\ecs\systems\PhysicsSystem.cpp,825,17574054894,6252223,17,
Physics::Step,C:\Users\ivanm\source\repos\myengine\engine\src\ecs\systems\PhysicsSystem.cpp,825,17580307387,6293436,17,
Physics::Step,C:\Users\ivanm\source\repos\myengine\engine\src\ecs\systems\PhysicsSystem.cpp,825,17599588842,5559997,17,
Physics::Step,C:\Users\ivanm\source\repos\myengine\engine\src\ecs\systems\PhysicsSystem.cpp,825,17617973932,5170338,17,
Physics::Step,C:\Users\ivanm\source\repos\myengine\engine\src\ecs\systems\PhysicsSystem.cpp,825,17635728883,5128960,17,
Physics::Step,C:\Users\ivanm\source\repos\myengine\engine\src\ecs\systems\PhysicsSystem.cpp,825,17653232857,5242805,17,
Physics::Step,C:\Users\ivanm\source\repos\myengine\engine\src\ecs\systems\PhysicsSystem.cpp,825,17671050786,5189326,17,
Physics::Step,C:\Users\ivanm\source\repos\myengine\engine\src\ecs\systems\PhysicsSystem.cpp,825,17689026067,5278882,17,
Physics::Step,C:\Users\ivanm\source\repos\myengine\engine\src\ecs\systems\PhysicsSystem.cpp,825,17706485924,5603205,17,
Physics::Step,C:\Users\ivanm\source\repos\myengine\engine\src\ecs\systems\PhysicsSystem.cpp,825,17712089229,6051430,17,
Physics::Step,C:\Users\ivanm\source\repos\myengine\engine\src\ecs\systems\PhysicsSystem.cpp,825,17730876028,5992013,17,
Physics::Step,C:\Users\ivanm\source\repos\myengine\engine\src\ecs\systems\PhysicsSystem.cpp,825,17748709230,5042235,17,
Physics::Step,C:\Users\ivanm\source\repos\myengine\engine\src\ecs\systems\PhysicsSystem.cpp,825,17768289879,4903571,17,
Physics::Step,C:\Users\ivanm\source\repos\myengine\engine\src\ecs\systems\PhysicsSystem.cpp,825,17786015077,5103942,17,
Physics::Step,C:\Users\ivanm\source\repos\myengine\engine\src\ecs\systems\PhysicsSystem.cpp,825,17804122107,5139038,17,
Physics::Step,C:\Users\ivanm\source\repos\myengine\engine\src\ecs\systems\PhysicsSystem.cpp,825,17822170294,6117655,17,
Physics::Step,C:\Users\ivanm\source\repos\myengine\engine\src\ecs\systems\PhysicsSystem.cpp,825,17840478633,5242932,17,
Physics::Step,C:\Users\ivanm\source\repos\myengine\engine\src\ecs\systems\PhysicsSystem.cpp,825,17845721675,5922889,17,
Physics::Step,C:\Users\ivanm\source\repos\myengine\engine\src\ecs\systems\PhysicsSystem.cpp,825,17864047992,5259888,17,
Physics::Step,C:\Users\ivanm\source\repos\myengine\engine\src\ecs\systems\PhysicsSystem.cpp,825,17880839962,6305677,17,
Physics::Step,C:\Users\ivanm\source\repos\myengine\engine\src\ecs\systems\PhysicsSystem.cpp,825,17900576108,5312019,17,
Physics::Step,C:\Users\ivanm\source\repos\myengine\engine\src\ecs\systems\PhysicsSystem.cpp,825,17918865116,5331825,17,
Physics::Step,C:\Users\ivanm\source\repos\myengine\engine\src\ecs\systems\PhysicsSystem.cpp,825,17936826569,5069396,17,
Physics::Step,C:\Users\ivanm\source\repos\myengine\engine\src\ecs\systems\PhysicsSystem.cpp,825,17954915445,5009247,17,
Physics::Step,C:\Users\ivanm\source\repos\myengine\engine\src\ecs\systems\PhysicsSystem.cpp,825,17972837688,5398468,17,
Physics::Step,C:\Users\ivanm\source\repos\myengine\engine\src\ecs\systems\PhysicsSystem.cpp,825,17990671565,5935858,17,
Physics::Step,C:\Users\ivanm\source\repos\myengine\engine\src\ecs\systems\PhysicsSystem.cpp,825,17996607493,4835873,17,
Physics::Step,C:\Users\ivanm\source\repos\myengine\engine\src\ecs\systems\PhysicsSystem.cpp,825,18013653757,5430547,17,
Physics::Step,C:\Users\ivanm\source\repos\myengine\engine\src\ecs\systems\PhysicsSystem.cpp,825,18032743585,4831455,17,
Physics::Step,C:\Users\ivanm\source\repos\myengine\engine\src\ecs\systems\PhysicsSystem.cpp,825,18051889500,5263576,17,
Physics::Step,C:\Users\ivanm\source\repos\myengine\engine\src\ecs\systems\PhysicsSystem.cpp,825,18068968597,5012673,17,
Physics::Step,C:\Users\ivanm\source\repos\myengine\engine\src\ecs\systems\PhysicsSystem.cpp,825,18086398254,4963024,17,
Physics::Step,C:\Users\ivanm\source\repos\myengine\engine\src\ecs\systems\PhysicsSystem.cpp,825,18103276698,4965800,17,
Physics::Step,C:\Users\ivanm\source\repos\myengine\engine\src\ecs\systems\PhysicsSystem.cpp,825,18121444585,5268335,17,
Physics::Step,C:\Users\ivanm\source\repos\myengine\engine\src\ecs\systems\PhysicsSystem.cpp,825,18139188655,5148327,17,
Physics::Step,C:\Users\ivanm\source\repos\myengine\engine\src\ecs\systems\PhysicsSystem.cpp,825,18156929567,5936307,17,
Physics::Step,C:\Users\ivanm\source\repos\myengine\engine\src\ecs\systems\PhysicsSystem.cpp,825,18162865935,5386744,17,
Physics::Step,C:\Users\ivanm\source\repos\myengine\engine\src\ecs\systems\PhysicsSystem.cpp,825,18180250005,5632091,17,
Physics::Step,C:\Users\ivanm\source\repos\myengine\engine\src\ecs\systems\PhysicsSystem.cpp,825,18198815441,5096159,17,
Physics::Step,C:\Users\ivanm\source\repos\myengine\engine\src\ecs\systems\PhysicsSystem.cpp,825,18216164428,5531714,17,
Physics::Step,C:\Users\ivanm\source\repos\myengine\engine\src\ecs\systems\PhysicsSystem.cpp,825,18234082087,4854518,17,
Physics::Step,C:\Users\ivanm\source\repos\myengine\engine\src\ecs\systems\PhysicsSystem.cpp,825,18251447011,5092410,17,
Physics::Step,C:\Users\ivanm\source\repos\myengine\engine\src\ecs\systems\PhysicsSystem.cpp,825,18269633352,5197871,17,
Physics::Step,C:\Users\ivanm\source\repos\myengine\engine\src\ecs\systems\PhysicsSystem.cpp,825,18287400737,5460386,17,
Physics::Step,C:\Users\ivanm\source\repos\myengine\engine\src\ecs\systems\PhysicsSystem.cpp,825,18305370603,5136291,17,
Physics::Step,C:\Users\ivanm\source\repos\myengine\engine\src\ecs\systems\PhysicsSystem.cpp,825,18322661389,5969353,17,
Physics::Step,C:\Users\ivanm\source\repos\myengine\engine\src\ecs\systems\PhysicsSystem.cpp,825,18340382997,4924096,17,
Physics::Step,C:\Users\ivanm\source\repos\myengine\engine\src\ecs\systems\PhysicsSystem.cpp,825,18345307153,7022929,17,
Physics::Step,C:\Users\ivanm\source\repos\myengine\engine\src\ecs\systems\PhysicsSystem.cpp,825,18365212851,5128038,17,
Physics::Step,C:\Users\ivanm\source\repos\myengine\engine\src\ecs\systems\PhysicsSystem.cpp,825,18382947625,5871137,17,
Physics::Step,C:\Users\ivanm\source\repos\myengine\engine\src\ecs\systems\PhysicsSystem.cpp,825,18401404537,4896568,17,
Physics::Step,C:\Users\ivanm\source\repos\myengine\engine\src\ecs\systems\PhysicsSystem.cpp,825,18419468999,4852094,17,
Physics::Step,C:\Users\ivanm\source\repos\myengine\engine\src\ecs\systems\PhysicsSystem.cpp,825,18436644679,5347195,17,
Physics::Step,C:\Users\ivanm\source\repos\myengine\engine\src\ecs\systems\PhysicsSystem.cpp,825,18455033254,5350205,17,
Physics::Step,C:\Users\ivanm\source\repos\myengine\engine\src\ecs\systems\PhysicsSystem.cpp,825,18473280646,5403072,17,
Physics::Step,C:\Users\ivanm\source\repos\myengine\engine\src\ecs\systems\PhysicsSystem.cpp,825,18478684028,5281163,17,
Physics::Step,C:\Users\ivanm\source\repos\myengine\engine\src\ecs\systems\PhysicsSystem.cpp,825,18496300429,5186996,17,
Physics::Step,C:\Users\ivanm\source\repos\myengine\engine\src\ecs\systems\PhysicsSystem.cpp,825,18513076726,5728765,17,
Physics::Step,C:\Users\ivanm\source\repos\myengine\engine\src\ecs\systems\PhysicsSystem.cpp,825,18531834919,5001828,17,
Physics::Step,C:\Users\ivanm\source\repos\myengine\engine\src\ecs\systems\PhysicsSystem.cpp,825,18548489609,5962020,17,
Physics::Step,C:\Users\ivanm\source\repos\myengine\engine\src\ecs\systems\PhysicsSystem.cpp,825,18568206646,5568779,17,
Physics::Step,C:\Users\ivanm\source\repos\myengine\engine\src\ecs\systems\PhysicsSystem.cpp,825,18586557082,4966712,17,
Physics::Step,C:\Users\ivanm\source\repos\myengine\engine\src\ecs\systems\PhysicsSystem.cpp,825,18604070554,5216926,17,
Physics::Step,C:\Users\ivanm\source\repos\myengine\engine\src\ecs\systems\PhysicsSystem.cpp,825,18622057413,5112178,17,
Physics::Step,C:\Users\ivanm\source\repos\myengine\engine\src\ecs\systems\PhysicsSystem.cpp,825,18641355697,6894129,17,
Physics::Step,C:\Users\ivanm\source\repos\myengine\engine\src\ecs\systems\PhysicsSystem.cpp,825,18648249886,5525468,17,
Physics::Step,C:\Users\ivanm\source\repos\myengine\engine\src\ecs\systems\PhysicsSystem.cpp,825,18666262952,4932362,17,
Physics::Step,C:\Users\ivanm\source\repos\myengine\engine\src\ecs\systems\PhysicsSystem.cpp,825,18684489105,5218710,17,
Physics::Step,C:\Users\ivanm\source\repos\myengine\engine\src\ecs\systems\PhysicsSystem.cpp,825,18701991555,5540112,17,
Physics::Step,C:\Users\ivanm\source\repos\myengine\engine\src\ecs\systems\PhysicsSystem.cpp,825,18719963228,4982331,17,
Physics::Step,C:\Users\ivanm\source\repos\myengine\engine\src\ecs\systems\PhysicsSystem.cpp,825,18737826064,5546849,17,
Physics::Step,C:\Users\ivanm\source\repos\myengine\engine\src\ecs\systems\PhysicsSystem.cpp,825,18754974747,4831575,17,
Physics::Step,C:\Users\ivanm\source\repos\myengine\engine\src\ecs\systems\PhysicsSystem.cpp,825,18772279793,5650301,17,
Physics::Step,C:\Users\ivanm\source\repos\myengine\engine\src\ecs\systems\PhysicsSystem.cpp,825,18791824418,5387204,17,
Physics::Step,C:\Users\ivanm\source\repos\myengine\engine\src\ecs\systems\PhysicsSystem.cpp,825,18797211672,6523821,17,
Physics::Step,C:\Users\ivanm\source\repos\myengine\engine\src\ecs\systems\PhysicsSystem.cpp,825,18816820978,5065268,17,
Physics::Step,C:\Users\ivanm\source\repos\myengine\engine\src\ecs\systems\PhysicsSystem.cpp,825,18834915214,4863706,17,
Physics::Step,C:\Users\ivanm\source\repos\myengine\engine\src\ecs\systems\PhysicsSystem.cpp,825,18852845829,4850591,17,
Physics::Step,C:\Users\ivanm\source\repos\myengine\engine\src\ecs\systems\PhysicsSystem.cpp,825,18870659792,5125814,17,
Physics::Step,C:\Users\ivanm\source\repos\myengine\engine\src\ecs\systems\PhysicsSystem.cpp,825,18888190657,5573695,17,
Physics::Step,C:\Users\ivanm\source\repos\myengine\engine\src\ecs\systems\PhysicsSystem.cpp,825,18906624960,5937411,17,
Physics::Step,C:\Users\ivanm\source\repos\myengine\engine\src\ecs\systems\PhysicsSystem.cpp,825,18912562441,5434019,17,
Physics::Step,C:\Users\ivanm\source\repos\myengine\engine\src\ecs\systems\PhysicsSystem.cpp,825,18930178738,5620356,17,
Physics::Step,C:\Users\ivanm\source\repos\myengine\engine\src\ecs\systems\PhysicsSystem.cpp,825,18948375251,5299687,17,
Physics::Step,C:\Users\ivanm\source\repos\myengine\engine\src\ecs\systems\PhysicsSystem.cpp,825,18965523131,5683885,17,
Physics::Step,C:\Users\ivanm\source\repos\myengine\engine\src\ecs\systems\PhysicsSystem.cpp,825,18984565676,4843758,17,
Physics::Step,C:\Users\ivanm\source\repos\myengine\engine\src\ecs\systems\PhysicsSystem.cpp,825,19001982147,5383203,17,
Physics::Step,C:\Users\ivanm\source\repos\myengine\engine\src\ecs\systems\PhysicsSystem.cpp,825,19020176844,5062343,17,
Physics::Step,C:\Users\ivanm\source\repos\myengine\engine\src\ecs\systems\PhysicsSystem.cpp,825,19037729110,5333274,17,
Physics::Step,C:\Users\ivanm\source\repos\myengine\engine\src\ecs\systems\PhysicsSystem.cpp,825,19055846807,5371925,17,
Physics::Step,C:\Users\ivanm\source\repos\myengine\engine\src\ecs\systems\PhysicsSystem.cpp,825,19074138311,5433297,17,
Physics::Step,C:\Users\ivanm\source\repos\myengine\engine\src\ecs\systems\PhysicsSystem.cpp,825,19079571729,5478715,17,
Physics::Step,C:\Users\ivanm\source\repos\myengine\engine\src\ecs\systems\PhysicsSystem.cpp,825,19096853832,5620694,17,
Physics::Step,C:\Users\ivanm\source\repos\myengine\engine\src\ecs\systems\PhysicsSystem.cpp,825,19115793675,5274105,17,
Physics::Step,C:\Users\ivanm\source\repos\myengine\engine\src\ecs\systems\PhysicsSystem.cpp,825,19133510293,5494544,17,
Physics::Step,C:\Users\ivanm\source\repos\myengine\engine\src\ecs\systems\PhysicsSystem.cpp,825,19151474532,4789103,17,
Physics::Step,C:\Users\ivanm\source\repos\myengine\engine\src\ecs\systems\PhysicsSystem.cpp,825,19169172033,5428399,17,
Physics::Step,C:\Users\ivanm\source\repos\myengine\engine\src\ecs\systems\PhysicsSystem.cpp,825,19186967521,4966852,17,
Physics::Step,C:\Users\ivanm\source\repos\myengine\engine\src\ecs\systems\PhysicsSystem.cpp,825,19204759991,5090076,17,
Physics::Step,C:\Users\ivanm\source\repos\myengine\engine\src\ecs\systems\PhysicsSystem.cpp,825,19222519914,5094573,17,
Physics::Step,C:\Users\ivanm\source\repos\myengine\engine\src\ecs\systems\PhysicsSystem.cpp,825,19239761837,5812687,17,
Physics::Step,C:\Users\ivanm\source\repos\myengine\engine\src\ecs\systems\PhysicsSystem.cpp,825,19245574674,5122983,17,
Physics::Step,C:\Users\ivanm\source\repos\myengine\engine\src\ecs\systems\PhysicsSystem.cpp,825,19262583762,6057576,17,
Physics::Step,C:\Users\ivanm\source\repos\myengine\engine\src\ecs\systems\PhysicsSystem.cpp,825,19281165425,5416255,17,
Physics::Step,C:\Users\ivanm\source\repos\myengine\engine\src\ecs\systems\PhysicsSystem.cpp,825,19298692572,5474242,17,
Physics::Step,C:\Users\ivanm\source\repos\myengine\engine\src\ecs\systems\PhysicsSystem.cpp,825,19316619215,4944960,17,
Physics::Step,C:\Users\ivanm\source\repos\myengine\engine\src\ecs\systems\PhysicsSystem.cpp,825,19334077572,5149725,17,
Physics::Step,C:\Users\ivanm\source\repos\myengine\engine\src\ecs\systems\PhysicsSystem.cpp,825,19353050340,5036705,17,
Physics::Step,C:\Users\ivanm\source\repos\myengine\engine\src\ecs\systems\PhysicsSystem.cpp,825,19370665515,5105589,17,
Physics::Step,C:\Users\ivanm\source\repos\myengine\engine\src\ecs\systems\PhysicsSystem.cpp,825,19387716502,4786358,17,
Physics::Step,C:\Users\ivanm\source\repos\myengine\engine\src\ecs\systems\PhysicsSystem.cpp,825,19405923198,6466670,17,
Physics::Step,C:\Users\ivanm\source\repos\myengine\engine\src\ecs\systems\PhysicsSystem.cpp,825,19423747218,4925555,17,
Physics::Step,C:\Users\ivanm\source\repos\myengine\engine\src\ecs\systems\PhysicsSystem.cpp,825,19428672894,6032575,17,
Physics::Step,C:\Users\ivanm\source\repos\myengine\engine\src\ecs\systems\PhysicsSystem.cpp,825,19447426471,5328423,17,
Physics::Step,C:\Users\ivanm\source\repos\myengine\engine\src\ecs\systems\PhysicsSystem.cpp,825,19464553352,5925720,17,
Physics::Step,C:\Users\ivanm\source\repos\myengine\engine\src\ecs\systems\PhysicsSystem.cpp,825,19483187961,4929130,17,
Physics::Step,C:\Users\ivanm\source\repos\myengine\engine\src\ecs\systems\PhysicsSystem.cpp,825,19500617263,5201052,17,
Physics::Step,C:\Users\ivanm\source\repos\myengine\engine\src\ecs\systems\PhysicsSystem.cpp,825,19518520481,5138107,17,
Physics::Step,C:\Users\ivanm\source\repos\myengine\engine\src\ecs\systems\PhysicsSystem.cpp,825,19536236347,5391098,17,
Physics::Step,C:\Users\ivanm\source\repos\myengine\engine\src\ecs\systems\PhysicsSystem.cpp,825,19554712279,4960667,17,
Physics::Step,C:\Users\ivanm\source\repos\myengine\engine\src\ecs\systems\PhysicsSystem.cpp,825,19572349062,5924260,17,
Physics::Step,C:\Users\ivanm\source\repos\myengine\engine\src\ecs\systems\PhysicsSystem.cpp,825,19594670161,6838044,17,
Physics::Step,C:\Users\ivanm\source\repos\myengine\engine\src\ecs\systems\PhysicsSystem.cpp,825,19601508566,6424141,17,
Physics::Step,C:\Users\ivanm\source\repos\myengine\engine\src\ecs\systems\PhysicsSystem.cpp,825,19621955123,5037446,17,
Physics::Step,C:\Users\ivanm\source\repos\myengine\engine\src\ecs\systems\PhysicsSystem.cpp,825,19639979145,5455702,17,
Physics::Step,C:\Users\ivanm\source\repos\myengine\engine\src\ecs\systems\PhysicsSystem.cpp,825,19645435087,7440962,17,
Physics::Step,C:\Users\ivanm\source\repos\myengine\engine\src\ecs\systems\PhysicsSystem.cpp,825,19665218631,4865188,17,
Physics::Step,C:\Users\ivanm\source\repos\myengine\engine\src\ecs\systems\PhysicsSystem.cpp,825,19682617235,5456181,17,
Physics::Step,C:\Users\ivanm\source\repos\myengine\engine\src\ecs\systems\PhysicsSystem.cpp,825,19700146096,5796406,17,
Physics::Step,C:\Users\ivanm\source\repos\myengine\engine\src\ecs\systems\PhysicsSystem.cpp,825,19718952984,5102435,17,
Physics::Step,C:\Users\ivanm\source\repos\myengine\engine\src\ecs\systems\PhysicsSystem.cpp,825,19736322037,5014297,17,
Physics::Step,C:\Users\ivanm\source\repos\myengine\engine\src\ecs\systems\PhysicsSystem.cpp,825,19753384226,5238287,17,
Physics::Step,C:\Users\ivanm\source\repos\myengine\engine\src\ecs\systems\PhysicsSystem.cpp,825,19771579944,5053857,17,
Physics::Step,C:\Users\ivanm\source\repos\myengine\engine\src\ecs\systems\PhysicsSystem.cpp,825,19791293158,5224353,17,
Physics::Step,C:\Users\ivanm\source\repos\myengine\engine\src\ecs\systems\PhysicsSystem.cpp,825,19796517621,7063130,17,
Physics::Step,C:\Users\ivanm\source\repos\myengine\engine\src\ecs\systems\PhysicsSystem.cpp,825,19816767488,5296638,17,
Physics::Step,C:\Users\ivanm\source\repos\myengine\engine\src\ecs\systems\PhysicsSystem.cpp,825,19834900498,4964046,17,
Physics::Step,C:\Users\ivanm\source\repos\myengine\engine\src\ecs\systems\PhysicsSystem.cpp,825,19853316001,5091601,17,
Physics::Step,C:\Users\ivanm\source\repos\myengine\engine\src\ecs\systems\PhysicsSystem.cpp,825,19871227883,5163626,17,
Physics::Step,C:\Users\ivanm\source\repos\myengine\engine\src\ecs\systems\PhysicsSystem.cpp,825,19888789958,5389940,17,
Physics::Step,C:\Users\ivanm\source\repos\myengine\engine\src\ecs\systems\PhysicsSystem.cpp,825,19906052678,6039055,17,
Physics::Step,C:\Users\ivanm\source\repos\myengine\engine\src\ecs\systems\PhysicsSystem.cpp,825,19926007235,5769838,17,
Physics::Step,C:\Users\ivanm\source\repos\myengine\engine\src\ecs\systems\PhysicsSystem.cpp,825,19931777243,5224752,17,
Physics::Step,C:\Users\ivanm\source\repos\myengine\engine\src\ecs\systems\PhysicsSystem.cpp,825,19949378402,5116987,17,
Physics::Step,C:\Users\ivanm\source\repos\myengine\engine\src\ecs\systems\PhysicsSystem.cpp,825,19967327793,5731995,17,
Physics::Step,C:\Users\ivanm\source\repos\myengine\engine\src\ecs\systems\PhysicsSystem.cpp,825,19985708112,5034090,17,
Physics::Step,C:\Users\ivanm\source\repos\myengine\engine\src\ecs\systems\PhysicsSystem.cpp,825,20003201356,4983323,17,
Physics::Step,C:\Users\ivanm\source\repos\myengine\engine\src\ecs\systems\PhysicsSystem.cpp,825,20020810550,6324663,17,
Physics::Step,C:\Users\ivanm\source\repos\myengine\engine\src\ecs\systems\PhysicsSystem.cpp,825,20043340207,6649648,17,
Physics::Step,C:\Users\ivanm\source\repos\myengine\engine\src\ecs\systems\PhysicsSystem.cpp,825,20049990025,6035380,17,
Physics::Step,C:\Users\ivanm\source\repos\myengine\engine\src\ecs\systems\PhysicsSystem.cpp,825,20069119647,5622092,17,
Physics::Step,C:\Users\ivanm\source\repos\myengine\engine\src\ecs\systems\PhysicsSystem.cpp,825,20088283130,5479627,17,
Physics::Step,C:\Users\ivanm\source\repos\myengine\engine\src\ecs\systems\PhysicsSystem.cpp,825,20107638969,5779983,17,
Physics::Step,C:\Users\ivanm\source\repos\myengine\engine\src\ecs\systems\PhysicsSystem.cpp,825,20113419012,5313150,17,
Physics::Step,C:\Users\ivanm\source\repos\myengine\engine\src\ecs\systems\PhysicsSystem.cpp,825,20130531041,6097020,17,
Physics::Step,C:\Users\ivanm\source\repos\myengine\engine\src\ecs\systems\PhysicsSystem.cpp,825,20149325689,5090045,17,
Physics::Step,C:\Users\ivanm\source\repos\myengine\engine\src\ecs\systems\PhysicsSystem.cpp,825,20166674357,5154154,17,
Physics::Step,C:\Users\ivanm\source\repos\myengine\engine\src\ecs\systems\PhysicsSystem.cpp,825,20184321680,5211367,17,
Physics::Step,C:\Users\ivanm\source\repos\myengine\engine\src\ecs\systems\PhysicsSystem.cpp,825,20202226286,5149839,17,
Physics::Step,C:\Users\ivanm\source\repos\myengine\engine\src\ecs\systems\PhysicsSystem.cpp,825,20221010363,5049819,17,
Physics::Step,C:\Users\ivanm\source\repos\myengine\engine\src\ecs\systems\PhysicsSystem.cpp,825,20238592385,5322020,17,
Physics::Step,C:\Users\ivanm\source\repos\myengine\engine\src\ecs\systems\PhysicsSystem.cpp,825,20255729485,4776079,17,
Physics::Step,C:\Users\ivanm\source\repos\myengine\engine\src\ecs\systems\PhysicsSystem.cpp,825,20273071801,5934851,17,
Physics::Step,C:\Users\ivanm\source\repos\myengine\engine\src\ecs\systems\PhysicsSystem.cpp,825,20279006953,5925895,17,
Physics::Step,C:\Users\ivanm\source\repos\myengine\engine\src\ecs\systems\PhysicsSystem.cpp,825,20297212000,5924743,17,
Physics::Step,C:\Users\ivanm\source\repos\myengine\engine\src\ecs\systems\PhysicsSystem.cpp,825,20316028198,5259956,17,
Physics::Step,C:\Users\ivanm\source\repos\myengine\engine\src\ecs\systems\PhysicsSystem.cpp,825,20333139914,4864740,17,
Physics::Step,C:\Users\ivanm\source\repos\myengine\engine\src\ecs\systems\PhysicsSystem.cpp,825,20350830636,6326352,17,
Physics::Step,C:\Users\ivanm\source\repos\myengine\engine\src\ecs\systems\PhysicsSystem.cpp,825,20370310105,5142039,17,
Physics::Step,C:\Users\ivanm\source\repos\myengine\engine\src\ecs\systems\PhysicsSystem.cpp,825,20388002306,4912778,17,
Physics::Step,C:\Users\ivanm\source\repos\myengine\engine\src\ecs\systems\PhysicsSystem.cpp,825,20406330606,5827769,17,
Physics::Step,C:\Users\ivanm\source\repos\myengine\engine\src\ecs\systems\PhysicsSystem.cpp,825,20424369547,5211184,17,
Physics::Step,C:\Users\ivanm\source\repos\myengine\engine\src\ecs\systems\PhysicsSystem.cpp,825,20429580911,5911291,17,
Physics::Step,C:\Users\ivanm\source\repos\myengine\engine\src\ecs\systems\PhysicsSystem.cpp,825,20448244783,5301478,17,
Physics::Step,C:\Users\ivanm\source\repos\myengine\engine\src\ecs\systems\PhysicsSystem.cpp,825,20465659645,5767942,17,
Physics::Step,C:\Users\ivanm\source\repos\myengine\engine\src\ecs\systems\PhysicsSystem.cpp,825,20483564207,4866612,17,
Physics::Step,C:\Users\ivanm\source\repos\myengine\engine\src\ecs\systems\PhysicsSystem.cpp,825,20500956038,5059558,17,
Physics::Step,C:\Users\ivanm\source\repos\myengine\engine\src\ecs\systems\PhysicsSystem.cpp,825,20518795921,5469602,17,
Physics::Step,C:\Users\ivanm\source\repos\myengine\engine\src\ecs\systems\PhysicsSystem.cpp,825,20537977819,5136985,17,
Physics::Step,C:\Users\ivanm\source\repos\myengine\engine\src\ecs\systems\PhysicsSystem.cpp,825,20555001941,4828028,17,
Physics::Step,C:\Users\ivanm\source\repos\myengine\engine\src\ecs\systems\PhysicsSystem.cpp,825,20572659197,6152973,17,
Physics::Step,C:\Users\ivanm\source\repos\myengine\engine\src\ecs\systems\PhysicsSystem.cpp,825,20591243070,4973067,17,
Physics::Step,C:\Users\ivanm\source\repos\myengine\engine\src\ecs\systems\PhysicsSystem.cpp,825,20596216297,6751454,17,
Physics::Step,C:\Users\ivanm\source\repos\myengine\engine\src\ecs\systems\PhysicsSystem.cpp,825,20617128789,4914448,17,
Physics::Step,C:\Users\ivanm\source\repos\myengine\engine\src\ecs\systems\PhysicsSystem.cpp,825,20634857586,5343263,17,
Physics::Step,C:\Users\ivanm\source\repos\myengine\engine\src\ecs\systems\PhysicsSystem.cpp,825,20653446959,5291037,17,
Physics::Step,C:\Users\ivanm\source\repos\myengine\engine\src\ecs\systems\PhysicsSystem.cpp,825,20671387231,5398743,17,
Physics::Step,C:\Users\ivanm\source\repos\myengine\engine\src\ecs\systems\PhysicsSystem.cpp,825,20689386065,5455266,17,
Physics::Step,C:\Users\ivanm\source\repos\myengine\engine\src\ecs\systems\PhysicsSystem.cpp,825,20706463895,5264974,17,
Physics::Step,C:\Users\ivanm\source\repos\myengine\engine\src\ecs\systems\PhysicsSystem.cpp,825,20711728959,5791970,17,
Physics::Step,C:\Users\ivanm\source\repos\myengine\engine\src\ecs\systems\PhysicsSystem.cpp,825,20731163136,6205652,17,
Physics::Step,C:\Users\ivanm\source\repos\myengine\engine\src\ecs\systems\PhysicsSystem.cpp,825,20750032247,5037109,17,
Physics::Step,C:\Users\ivanm\source\repos\myengine\engine\src\ecs\systems\PhysicsSystem.cpp,825,20767820775,4919763,17,
Physics::Step,C:\Users\ivanm\source\repos\myengine\engine\src\ecs\systems\PhysicsSystem.cpp,825,20785256199,4985882,17,
Physics::Step,C:\Users\ivanm\source\repos\myengine\engine\src\ecs\systems\PhysicsSystem.cpp,825,20804003871,5393347,17,
Physics::Step,C:\Users\ivanm\source\repos\myengine\engine\src\ecs\systems\PhysicsSystem.cpp,825,20822305606,5514754,17,
Physics::Step,C:\Users\ivanm\source\repos\myengine\engine\src\ecs\systems\PhysicsSystem.cpp,825,20840127125,5101097,17,
Physics::Step,C:\Users\ivanm\source\repos\myengine\engine\src\ecs\systems\PhysicsSystem.cpp,825,20845228352,5911928,17,
Physics::Step,C:\Users\ivanm\source\repos\myengine\engine\src\ecs\systems\PhysicsSystem.cpp,825,20863786359,5156663,17,
Physics::Step,C:\Users\ivanm\source\repos\myengine\engine\src\ecs\systems\PhysicsSystem.cpp,825,20880509168,6584046,17,
Physics::Step,C:\Users\ivanm\source\repos\myengine\engine\src\ecs\systems\PhysicsSystem.cpp,825,20899588206,5303819,17,
Physics::Step,C:\Users\ivanm\source\repos\myengine\engine\src\ecs\systems\PhysicsSystem.cpp,825,20917861071,5164498,17,
Physics::Step,C:\Users\ivanm\source\repos\myengine\engine\src\ecs\systems\PhysicsSystem.cpp,825,20935478621,5098753,17,
Physics::Step,C:\Users\ivanm\source\repos\myengine\engine\src\ecs\systems\PhysicsSystem.cpp,825,20953909467,5013460,17,
Physics::Step,C:\Users\ivanm\source\repos\myengine\engine\src\ecs\systems\PhysicsSystem.cpp,825,20971359438,5304233,17,
Physics::Step,C:\Users\ivanm\source\repos\myengine\engine\src\ecs\systems\PhysicsSystem.cpp,825,20990031773,6225063,17,
Physics::Step,C:\Users\ivanm\source\repos\myengine\engine\src\ecs\systems\PhysicsSystem.cpp,825,20996256997,5270138,17,
Physics::Step,C:\Users\ivanm\source\repos\myengine\engine\src\ecs\systems\PhysicsSystem.cpp,825,21013750871,5618320,17,
Physics::Step,C:\Users\ivanm\source\repos\myengine\engine\src\ecs\systems\PhysicsSystem.cpp,825,21031849555,5118841,17,
Physics::Step,C:\Users\ivanm\source\repos\myengine\engine\src\ecs\systems\PhysicsSystem.cpp,825,21049560212,5858687,17,
Physics::Step,C:\Users\ivanm\source\repos\myengine\engine\src\ecs\systems\PhysicsSystem.cpp,825,21067962214,4852294,17,
Physics::Step,C:\Users\ivanm\source\repos\myengine\engine\src\ecs\systems\PhysicsSystem.cpp,825,21085953042,5126505,17,
Physics::Step,C:\Users\ivanm\source\repos\myengine\engine\src\ecs\systems\PhysicsSystem.cpp,825,21103217681,5142826,17,
Physics::Step,C:\Users\ivanm\source\repos\myengine\engine\src\ecs\systems\PhysicsSystem.cpp,825,21121957474,4969577,17,
Physics::Step,C:\Users\ivanm\source\repos\myengine\engine\src\ecs\systems\PhysicsSystem.cpp,825,21139794471,6579853,17,
Physics::Step,C:\Users\ivanm\source\repos\myengine\engine\src\ecs\systems\PhysicsSystem.cpp,825,21146374625,6316662,17,
Physics::Step,C:\Users\ivanm\source\repos\myengine\engine\src\ecs\systems\PhysicsSystem.cpp,825,21165646584,4999354,17,
Physics::Step,C:\Users\ivanm\source\repos\myengine\engine\src\ecs\systems\PhysicsSystem.cpp,825,21183536972,5437544,17,
Physics::Step,C:\Users\ivanm\source\repos\myengine\engine\src\ecs\systems\PhysicsSystem.cpp,825,21200762575,5084614,17,
Physics::Step,C:\Users\ivanm\source\repos\myengine\engine\src\ecs\systems\PhysicsSystem.cpp,825,21219002596,4988543,17,
Physics::Step,C:\Users\ivanm\source\repos\myengine\engine\src\ecs\systems\PhysicsSystem.cpp,825,21236692083,5102394,17,
Physics::Step,C:\Users\ivanm\source\repos\myengine\engine\src\ecs\systems\PhysicsSystem.cpp,825,21254548862,4941534,17,
Physics::Step,C:\Users\ivanm\source\repos\myengine\engine\src\ecs\systems\PhysicsSystem.cpp,825,21272515155,5627624,17,
Physics::Step,C:\Users\ivanm\source\repos\myengine\engine\src\ecs\systems\PhysicsSystem.cpp,825,21290303929,4924922,17,
Physics::Step,C:\Users\ivanm\source\repos\myengine\engine\src\ecs\systems\PhysicsSystem.cpp,825,21295228911,5603884,17,
Physics::Step,C:\Users\ivanm\source\repos\myengine\engine\src\ecs\systems\PhysicsSystem.cpp,825,21313055469,5246053,17,
Physics::Step,C:\Users\ivanm\source\repos\myengine\engine\src\ecs\systems\PhysicsSystem.cpp,825,21330502735,4954388,17,
Physics::Step,C:\Users\ivanm\source\repos\myengine\engine\src\ecs\systems\PhysicsSystem.cpp,825,21347897889,6016539,17,
Physics::Step,C:\Users\ivanm\source\repos\myengine\engine\src\ecs\systems\PhysicsSystem.cpp,825,21366142733,5374688,17,
Physics::Step,C:\Users\ivanm\source\repos\myengine\engine\src\ecs\systems\PhysicsSystem.cpp,825,21384328685,6282060,17,
Physics::Step,C:\Users\ivanm\source\repos\myengine\engine\src\ecs\systems\PhysicsSystem.cpp,825,21403740915,5804830,17,
Physics::Step,C:\Users\ivanm\source\repos\myengine\engine\src\ecs\systems\PhysicsSystem.cpp,825,21422122613,4872813,17,
Physics::Step,C:\Users\ivanm\source\repos\myengine\engine\src\ecs\systems\PhysicsSystem.cpp,825,21439939542,5570211,17,
Physics::Step,C:\Users\ivanm\source\repos\myengine\engine\src\ecs\systems\PhysicsSystem.cpp,825,21445509943,5253085,17,
Physics::Step,C:\Users\ivanm\source\repos\myengine\engine\src\ecs\systems\PhysicsSystem.cpp,825,21462624529,5705967,17,
Physics::Step,C:\Users\ivanm\source\repos\myengine\engine\src\ecs\systems\PhysicsSystem.cpp,825,21481341940,5387892,17,
Physics::Step,C:\Users\ivanm\source\repos\myengine\engine\src\ecs\systems\PhysicsSystem.cpp,825,21499127148,5372751,17,
Physics::Step,C:\Users\ivanm\source\repos\myengine\engine\src\ecs\systems\PhysicsSystem.cpp,825,21517025138,5132196,17,
Physics::Step,C:\Users\ivanm\source\repos\myengine\engine\src\ecs\systems\PhysicsSystem.cpp,825,21533991149,5025657,17,
Physics::Step,C:\Users\ivanm\source\repos\myengine\engine\src\ecs\systems\PhysicsSystem.cpp,825,21551510275,5487586,17,
Physics::Step,C:\Users\ivanm\source\repos\myengine\engine\src\ecs\systems\PhysicsSystem.cpp,825,21569481584,5183377,17,
Physics::Step,C:\Users\ivanm\source\repos\myengine\engine\src\ecs\systems\PhysicsSystem.cpp,825,21588307905,5708446,17,
Physics::Step,C:\Users\ivanm\source\repos\myengine\engine\src\ecs\systems\PhysicsSystem.cpp,825,21607575732,5998382,17,
Physics::Step,C:\Users\ivanm\source\repos\myengine\engine\src\ecs\systems\PhysicsSystem.cpp,825,21613574455,5358115,17,
Physics::Step,C:\Users\ivanm\source\repos\myengine\engine\src\ecs\systems\PhysicsSystem.cpp,825,21632821903,6478074,17,
Physics::Step,C:\Users\ivanm\source\repos\myengine\engine\src\ecs\systems\PhysicsSystem.cpp,825,21652245526,5110956,17,
Physics::Step,C:\Users\ivanm\source\repos\myengine\engine\src\ecs\systems\PhysicsSystem.cpp,825,21669986871,6391760,17,
Physics::Step,C:\Users\ivanm\source\repos\myengine\engine\src\ecs\systems\PhysicsSystem.cpp,825,21689807569,6044070,17,
Physics::Step,C:\Users\ivanm\source\repos\myengine\engine\src\ecs\systems\PhysicsSystem.cpp,825,21695851769,6524432,17,
Physics::Step,C:\Users\ivanm\source\repos\myengine\engine\src\ecs\systems\PhysicsSystem.cpp,825,21716891591,7076672,17,
Physics::Step,C:\Users\ivanm\source\repos\myengine\engine\src\ecs\systems\PhysicsSystem.cpp,825,21737506408,5590010,17,
Physics::Step,C:\Users\ivanm\source\repos\myengine\engine\src\ecs\systems\PhysicsSystem.cpp,825,21754820735,5409189,17,
Physics::Step,C:\Users\ivanm\source\repos\myengine\engine\src\ecs\systems\PhysicsSystem.cpp,825,21773744464,5773988,17,
Physics::Step,C:\Users\ivanm\source\repos\myengine\engine\src\ecs\systems\PhysicsSystem.cpp,825,21779518693,5340772,17,
Physics::Step,C:\Users\ivanm\source\repos\myengine\engine\src\ecs\systems\PhysicsSystem.cpp,825,21796345249,5660171,17,
Physics::Step,C:\Users\ivanm\source\repos\myengine\engine\src\ecs\systems\PhysicsSystem.cpp,825,21816191912,5630218,17,
Physics::Step,C:\Users\ivanm\source\repos\myengine\engine\src\ecs\systems\PhysicsSystem.cpp,825,21834779401,4989334,17,
Physics::Step,C:\Users\ivanm\source\repos\myengine\engine\src\ecs\systems\PhysicsSystem.cpp,825,21852709755,5012198,17,
Physics::Step,C:\Users\ivanm\source\repos\myengine\engine\src\ecs\systems\PhysicsSystem.cpp,825,21871444786,5385250,17,
Physics::Step,C:\Users\ivanm\source\repos\myengine\engine\src\ecs\systems\PhysicsSystem.cpp,825,21889624352,5166005,17,
Physics::Step,C:\Users\ivanm\source\repos\myengine\engine\src\ecs\systems\PhysicsSystem.cpp,825,21906450499,6325297,17,
Physics::Step,C:\Users\ivanm\source\repos\myengine\engine\src\ecs\systems\PhysicsSystem.cpp,825,21912776056,6765482,17,
Physics::Step,C:\Users\ivanm\source\repos\myengine\engine\src\ecs\systems\PhysicsSystem.cpp,825,21931905932,5659888,17,
Physics::Step,C:\Users\ivanm\source\repos\myengine\engine\src\ecs\systems\PhysicsSystem.cpp,825,21949993644,4857704,17,
Physics::Step,C:\Users\ivanm\source\repos\myengine\engine\src\ecs\systems\PhysicsSystem.cpp,825,21968002067,5445743,17,
Physics::Step,C:\Users\ivanm\source\repos\myengine\engine\src\ecs\systems\PhysicsSystem.cpp,825,21986611573,5077322,17,
Physics::Step,C:\Users\ivanm\source\repos\myengine\engine\src\ecs\systems\PhysicsSystem.cpp,825,22003625976,5083123,17,
Physics::Step,C:\Users\ivanm\source\repos\myengine\engine\src\ecs\systems\PhysicsSystem.cpp,825,22021435441,5401698,17,
Physics::Step,C:\Users\ivanm\source\repos\myengine\engine\src\ecs\systems\PhysicsSystem.cpp,825,22038472628,5021625,17,
Physics::Step,C:\Users\ivanm\source\repos\myengine\engine\src\ecs\systems\PhysicsSystem.cpp,825,22055753107,4980577,17,
Physics::Step,C:\Users\ivanm\source\repos\myengine\engine\src\ecs\systems\PhysicsSystem.cpp,825,22073035950,5867900,17,
Physics::Step,C:\Users\ivanm\source\repos\myengine\engine\src\ecs\systems\PhysicsSystem.cpp,825,22090528958,5178730,17,
Physics::Step,C:\Users\ivanm\source\repos\myengine\engine\src\ecs\systems\PhysicsSystem.cpp,825,22095707798,5494434,17,
Physics::Step,C:\Users\ivanm\source\repos\myengine\engine\src\ecs\systems\PhysicsSystem.cpp,825,22114450486,5566181,17,
Physics::Step,C:\Users\ivanm\source\repos\myengine\engine\src\ecs\systems\PhysicsSystem.cpp,825,22132437679,5510435,17,
Physics::Step,C:\Users\ivanm\source\repos\myengine\engine\src\ecs\systems\PhysicsSystem.cpp,825,22150180657,5218826,17,
Physics::Step,C:\Users\ivanm\source\repos\myengine\engine\src\ecs\systems\PhysicsSystem.cpp,825,22167740622,5266105,17,
Physics::Step,C:\Users\ivanm\source\repos\myengine\engine\src\ecs\systems\PhysicsSystem.cpp,825,22186015636,5064658,17,
Physics::Step,C:\Users\ivanm\source\repos\myengine\engine\src\ecs\systems\PhysicsSystem.cpp,825,22204162573,5064327,17,
Physics::Step,C:\Users\ivanm\source\repos\myengine\engine\src\ecs\systems\PhysicsSystem.cpp,825,22221956939,5246833,17,
Physics::Step,C:\Users\ivanm\source\repos\myengine\engine\src\ecs\systems\PhysicsSystem.cpp,825,22239885770,5715901,17,
Physics::Step,C:\Users\ivanm\source\repos\myengine\engine\src\ecs\systems\PhysicsSystem.cpp,825,22245601771,6838785,17,
Physics::Step,C:\Users\ivanm\source\repos\myengine\engine\src\ecs\systems\PhysicsSystem.cpp,825,22264503106,5352605,17,
Physics::Step,C:\Users\ivanm\source\repos\myengine\engine\src\ecs\systems\PhysicsSystem.cpp,825,22282841917,4995987,17,
Physics::Step,C:\Users\ivanm\source\repos\myengine\engine\src\ecs\systems\PhysicsSystem.cpp,825,22300322606,5765520,17,
Physics::Step,C:\Users\ivanm\source\repos\myengine\engine\src\ecs\systems\PhysicsSystem.cpp,825,22318494680,5114291,17,
Physics::Step,C:\Users\ivanm\source\repos\myengine\engine\src\ecs\systems\PhysicsSystem.cpp,825,22336014093,5489355,17,
Physics::Step,C:\Users\ivanm\source\repos\myengine\engine\src\ecs\systems\PhysicsSystem.cpp,825,22354445731,4991317,17,
Physics::Step,C:\Users\ivanm\source\repos\myengine\engine\src\ecs\systems\PhysicsSystem.cpp,825,22371874020,5914904,17,
Physics::Step,C:\Users\ivanm\source\repos\myengine\engine\src\ecs\systems\PhysicsSystem.cpp,825,22389469678,5588479,17,
Physics::Step,C:\Users\ivanm\source\repos\myengine\engine\src\ecs\systems\PhysicsSystem.cpp,825,22407150960,6266938,17,
Physics::Step,C:\Users\ivanm\source\repos\myengine\engine\src\ecs\systems\PhysicsSystem.cpp,825,22413418038,5476581,17,
Physics::Step,C:\Users\ivanm\source\repos\myengine\engine\src\ecs\systems\PhysicsSystem.cpp,825,22431035071,5870128,17,
Physics::Step,C:\Users\ivanm\source\repos\myengine\engine\src\ecs\systems\PhysicsSystem.cpp,825,22449971868,4868605,17,
Physics::Step,C:\Users\ivanm\source\repos\myengine\engine\src\ecs\systems\PhysicsSystem.cpp,825,22468535007,5926703,17,
Physics::Step,C:\Users\ivanm\source\repos\myengine\engine\src\ecs\systems\PhysicsSystem.cpp,825,22486892202,5149048,17,
Physics::Step,C:\Users\ivanm\source\repos\myengine\engine\src\ecs\systems\PhysicsSystem.cpp,825,22503782729,5099194,17,
Physics::Step,C:\Users\ivanm\source\repos\myengine\engine\src\ecs\systems\PhysicsSystem.cpp,825,22521093367,5449488,17,
Physics::Step,C:\Users\ivanm\source\repos\myengine\engine\src\ecs\systems\PhysicsSystem.cpp,825,22539390367,6607608,17,
Physics::Step,C:\Users\ivanm\source\repos\myengine\engine\src\ecs\systems\PhysicsSystem.cpp,825,22557600952,5995975,17,
Physics::Step,C:\Users\ivanm\source\repos\myengine\engine\src\ecs\systems\PhysicsSystem.cpp,825,22563597098,5236614,17,
Physics::Step,C:\Users\ivanm\source\repos\myengine\engine\src\ecs\systems\PhysicsSystem.cpp,825,22581788729,5122281,17,
Physics::Step,C:\Users\ivanm\source\repos\myengine\engine\src\ecs\systems\PhysicsSystem.cpp,825,22600426362,5776761,17,
Physics::Step,C:\Users\ivanm\source\repos\myengine\engine\src\ecs\systems\PhysicsSystem.cpp,825,22618519155,5107858,17,
Physics::Step,C:\Users\ivanm\source\repos\myengine\engine\src\ecs\systems\PhysicsSystem.cpp,825,22637290807,5240234,17,
Physics::Step,C:\Users\ivanm\source\repos\myengine\engine\src\ecs\systems\PhysicsSystem.cpp,825,22655822337,5610710,17,
Physics::Step,C:\Users\ivanm\source\repos\myengine\engine\src\ecs\systems\PhysicsSystem.cpp,825,22673602210,5249338,17,
Physics::Step,C:\Users\ivanm\source\repos\myengine\engine\src\ecs\systems\PhysicsSystem.cpp,825,22678851619,5958342,17,
Physics::Step,C:\Users\ivanm\source\repos\myengine\engine\src\ecs\systems\PhysicsSystem.cpp,825,22697626544,5497581,17,
Physics::Step,C:\Users\ivanm\source\repos\myengine\engine\src\ecs\systems\PhysicsSystem.cpp,825,22715299339,5436553,17,
Physics::Step,C:\Users\ivanm\source\repos\myengine\engine\src\ecs\systems\PhysicsSystem.cpp,825,22733554830,4779386,17,
Physics::Step,C:\Users\ivanm\source\repos\myengine\engine\src\ecs\systems\PhysicsSystem.cpp,825,22750248855,4922558,17,
Physics::Step,C:\Users\ivanm\source\repos\myengine\engine\src\ecs\systems\PhysicsSystem.cpp,825,22767909207,5583492,17,
Physics::Step,C:\Users\ivanm\source\repos\myengine\engine\src\ecs\systems\PhysicsSystem.cpp,825,22786379887,5128319,17,
Physics::Step,C:\Users\ivanm\source\repos\myengine\engine\src\ecs\systems\PhysicsSystem.cpp,825,22804817125,5096264,17,
Physics::Step,C:\Users\ivanm\source\repos\myengine\engine\src\ecs\systems\PhysicsSystem.cpp,825,22822276490,6152626,17,
Physics::Step,C:\Users\ivanm\source\repos\myengine\engine\src\ecs\systems\PhysicsSystem.cpp,825,22840365596,5056436,17,
Physics::Step,C:\Users\ivanm\source\repos\myengine\engine\src\ecs\systems\PhysicsSystem.cpp,825,22845422203,5841880,17,
Physics::Step,C:\Users\ivanm\source\repos\myengine\engine\src\ecs\systems\PhysicsSystem.cpp,825,22864016554,5713576,17,
Physics::Step,C:\Users\ivanm\source\repos\myengine\engine\src\ecs\systems\PhysicsSystem.cpp,825,22882102139,6269796,17,
Physics::Step,C:\Users\ivanm\source\repos\myengine\engine\src\ecs\systems\PhysicsSystem.cpp,825,22900873659,5127377,17,
Physics::Step,C:\Users\ivanm\source\repos\myengine\engine\src\ecs\systems\PhysicsSystem.cpp,825,22918820195,5130522,17,
Physics::Step,C:\Users\ivanm\source\repos\myengine\engine\src\ecs\systems\PhysicsSystem.cpp,825,22936001445,4886158,17,
Physics::Step,C:\Users\ivanm\source\repos\myengine\engine\src\ecs\systems\PhysicsSystem.cpp,825,22953722499,5055756,17,
Physics::Step,C:\Users\ivanm\source\repos\myengine\engine\src\ecs\systems\PhysicsSystem.cpp,825,22971708655,5538784,17,
Physics::Step,C:\Users\ivanm\source\repos\myengine\engine\src\ecs\systems\PhysicsSystem.cpp,825,22989902115,5759963,17,
Physics::Step,C:\Users\ivanm\source\repos\myengine\engine\src\ecs\systems\PhysicsSystem.cpp,825,22995662259,5277261,17,
Physics::Step,C:\Users\ivanm\source\repos\myengine\engine\src\ecs\systems\PhysicsSystem.cpp,825,23012923170,5755471,17,
Physics::Step,C:\Users\ivanm\source\repos\myengine\engine\src\ecs\systems\PhysicsSystem.cpp,825,23031337915,5223942,17,
Physics::Step,C:\Users\ivanm\source\repos\myengine\engine\src\ecs\systems\PhysicsSystem.cpp,825,23048599369,5894906,17,
Physics::Step,C:\Users\ivanm\source\repos\myengine\engine\src\ecs\systems\PhysicsSystem.cpp,825,23067147949,6542341,17,
Physics::Step,C:\Users\ivanm\source\repos\myengine\engine\src\ecs\systems\PhysicsSystem.cpp,825,23087040107,5127297,17,
Physics::Step,C:\Users\ivanm\source\repos\myengine\engine\src\ecs\systems\PhysicsSystem.cpp,825,23105069029,5905070,17,
Physics::Step,C:\Users\ivanm\source\repos\myengine\engine\src\ecs\systems\PhysicsSystem.cpp,825,23124008557,4917057,17,
Physics::Step,C:\Users\ivanm\source\repos\myengine\engine\src\ecs\systems\PhysicsSystem.cpp,825,23128925724,6609429,17,
Physics::Step,C:\Users\ivanm\source\repos\myengine\engine\src\ecs\systems\PhysicsSystem.cpp,825,23149195801,5288423,17,
Physics::Step,C:\Users\ivanm\source\repos\myengine\engine\src\ecs\systems\PhysicsSystem.cpp,825,23166737095,5014634,17,
Physics::Step,C:\Users\ivanm\source\repos\myengine\engine\src\ecs\systems\PhysicsSystem.cpp,825,23184052552,5220906,17,
Physics::Step,C:\Users\ivanm\source\repos\myengine\engine\src\ecs\systems\PhysicsSystem.cpp,825,23201087325,5706435,17,
Physics::Step,C:\Users\ivanm\source\repos\myengine\engine\src\ecs\systems\PhysicsSystem.cpp,825,23219317933,5146188,17,
Physics::Step,C:\Users\ivanm\source\repos\myengine\engine\src\ecs\systems\PhysicsSystem.cpp,825,23237210505,5641430,17,
Physics::Step,C:\Users\ivanm\source\repos\myengine\engine\src\ecs\systems\PhysicsSystem.cpp,825,23254922400,4798942,17,
Physics::Step,C:\Users\ivanm\source\repos\myengine\engine\src\ecs\systems\PhysicsSystem.cpp,825,23272626384,5458852,17,
Physics::Step,C:\Users\ivanm\source\repos\myengine\engine\src\ecs\systems\PhysicsSystem.cpp,825,23289894946,4697920,17,
Physics::Step,C:\Users\ivanm\source\repos\myengine\engine\src\ecs\systems\PhysicsSystem.cpp,825,23294592926,5722505,17,
Physics::Step,C:\Users\ivanm\source\repos\myengine\engine\src\ecs\systems\PhysicsSystem.cpp,825,23312871920,6817820,17,
Physics::Step,C:\Users\ivanm\source\repos\myengine\engine\src\ecs\systems\PhysicsSystem.cpp,825,23332214309,4900385,17,
Physics::Step,C:\Users\ivanm\source\repos\myengine\engine\src\ecs\systems\PhysicsSystem.cpp,825,23349535345,5729624,17,
Physics::Step,C:\Users\ivanm\source\repos\myengine\engine\src\ecs\systems\PhysicsSystem.cpp,825,23367363127,4904342,17,
Physics::Step,C:\Users\ivanm\source\repos\myengine\engine\src\ecs\systems\PhysicsSystem.cpp,825,23384936262,5168445,17,
Physics::Step,C:\Users\ivanm\source\repos\myengine\engine\src\ecs\systems\PhysicsSystem.cpp,825,23402215779,5311414,17,
Physics::Step,C:\Users\ivanm\source\repos\myengine\engine\src\ecs\systems\PhysicsSystem.cpp,825,23419899121,5378678,17,
Physics::Step,C:\Users\ivanm\source\repos\myengine\engine\src\ecs\systems\PhysicsSystem.cpp,825,23438484404,5351219,17,
Physics::Step,C:\Users\ivanm\source\repos\myengine\engine\src\ecs\systems\PhysicsSystem.cpp,825,23456437859,6046467,17,
Physics::Step,C:\Users\ivanm\source\repos\myengine\engine\src\ecs\systems\PhysicsSystem.cpp,825,23473952914,5638248,17,
Physics::Step,C:\Users\ivanm\source\repos\myengine\engine\src\ecs\systems\PhysicsSystem.cpp,825,23479591312,5651887,17,
Physics::Step,C:\Users\ivanm\source\repos\myengine\engine\src\ecs\systems\PhysicsSystem.cpp,825,23497401261,5313147,17,
Physics::Step,C:\Users\ivanm\source\repos\myengine\engine\src\ecs\systems\PhysicsSystem.cpp,825,23514960266,5596639,17,
Physics::Step,C:\Users\ivanm\source\repos\myengine\engine\src\ecs\systems\PhysicsSystem.cpp,825,23533637590,4929271,17,
Physics::Step,C:\Users\ivanm\source\repos\myengine\engine\src\ecs\systems\PhysicsSystem.cpp,825,23551858517,5204504,17,
Physics::Step,C:\Users\ivanm\source\repos\myengine\engine\src\ecs\systems\PhysicsSystem.cpp,825,23570220913,6120214,17,
Physics::Step,C:\Users\ivanm\source\repos\myengine\engine\src\ecs\systems\PhysicsSystem.cpp,825,23590023987,6112610,17,
Physics::Step,C:\Users\ivanm\source\repos\myengine\engine\src\ecs\systems\PhysicsSystem.cpp,825,23596136908,6777186,17,
Physics::Step,C:\Users\ivanm\source\repos\myengine\engine\src\ecs\systems\PhysicsSystem.cpp,825,23617314438,5889946,17,
Physics::Step,C:\Users\ivanm\source\repos\myengine\engine\src\ecs\systems\PhysicsSystem.cpp,825,23637676404,6323996,17,
Physics::Step,C:\Users\ivanm\source\repos\myengine\engine\src\ecs\systems\PhysicsSystem.cpp,825,23659486328,6375746,17,
Physics::Step,C:\Users\ivanm\source\repos\myengine\engine\src\ecs\systems\PhysicsSystem.cpp,825,23665862264,6245637,17,
Physics::Step,C:\Users\ivanm\source\repos\myengine\engine\src\ecs\systems\PhysicsSystem.cpp,825,23686372347,7519549,17,
Physics::Step,C:\Users\ivanm\source\repos\myengine\engine\src\ecs\systems\PhysicsSystem.cpp,825,23706613118,6281119,17,
Physics::Step,C:\Users\ivanm\source\repos\myengine\engine\src\ecs\systems\PhysicsSystem.cpp,825,23712894438,6622054,17,
Physics::Step,C:\Users\ivanm\source\repos\myengine\engine\src\ecs\systems\PhysicsSystem.cpp,825,23734313961,5301868,17,
Physics::Step,C:\Users\ivanm\source\repos\myengine\engine\src\ecs\systems\PhysicsSystem.cpp,825,23753633666,6655235,17,
Physics::Step,C:\Users\ivanm\source\repos\myengine\engine\src\ecs\systems\PhysicsSystem.cpp,825,23776856376,7231243,17,
Physics::Step,C:\Users\ivanm\source\repos\myengine\engine\src\ecs\systems\PhysicsSystem.cpp,825,23784087769,6308255,17,
Physics::Step,C:\Users\ivanm\source\repos\myengine\engine\src\ecs\systems\PhysicsSystem.cpp,825,23804912619,5994906,17,
Physics::Step,C:\Users\ivanm\source\repos\myengine\engine\src\ecs\systems\PhysicsSystem.cpp,825,23824999257,6108787,17,
Physics::Step,C:\Users\ivanm\source\repos\myengine\engine\src\ecs\systems\PhysicsSystem.cpp,825,23831108144,5876140,17,
Physics::Step,C:\Users\ivanm\source\repos\myengine\engine\src\ecs\systems\PhysicsSystem.cpp,825,23852466445,6499985,17,
Physics::Step,C:\Users\ivanm\source\repos\myengine\engine\src\ecs\systems\PhysicsSystem.cpp,825,23874742269,5504575,17,
Physics::Step,C:\Users\ivanm\source\repos\myengine\engine\src\ecs\systems\PhysicsSystem.cpp,825,23880247034,7360249,17,
Physics::Step,C:\Users\ivanm\source\repos\myengine\engine\src\ecs\systems\PhysicsSystem.cpp,825,23902426844,5595179,17,
Physics::Step,C:\Users\ivanm\source\repos\myengine\engine\src\ecs\systems\PhysicsSystem.cpp,825,23923699294,5722633,17,
Physics::Step,C:\Users\ivanm\source\repos\myengine\engine\src\ecs\systems\PhysicsSystem.cpp,825,23929422117,6207246,17,
Physics::Step,C:\Users\ivanm\source\repos\myengine\engine\src\ecs\systems\PhysicsSystem.cpp,825,23951050036,5645892,17,
Physics::Step,C:\Users\ivanm\source\repos\myengine\engine\src\ecs\systems\PhysicsSystem.cpp,825,23970615067,6255322,17,
Physics::Step,C:\Users\ivanm\source\repos\myengine\engine\src\ecs\systems\PhysicsSystem.cpp,825,23991849323,7159359,17,
Physics::Step,C:\Users\ivanm\source\repos\myengine\engine\src\ecs\systems\PhysicsSystem.cpp,825,23999008893,7515683,17,
Physics::Step,C:\Users\ivanm\source\repos\myengine\engine\src\ecs\systems\PhysicsSystem.cpp,825,24021790005,5932765,17,
Physics::Step,C:\Users\ivanm\source\repos\myengine\engine\src\ecs\systems\PhysicsSystem.cpp,825,24042853388,6049043,17,
Physics::Step,C:\Users\ivanm\source\repos\myengine\engine\src\ecs\systems\PhysicsSystem.cpp,825,24048902582,5644855,17,
Physics::Step,C:\Users\ivanm\source\repos\myengine\engine\src\ecs\systems\PhysicsSystem.cpp,825,24068930770,6181039,17,
Physics::Step,C:\Users\ivanm\source\repos\myengine\engine\src\ecs\systems\PhysicsSystem.cpp,825,24090631491,6446371,17,
Physics::Step,C:\Users\ivanm\source\repos\myengine\engine\src\ecs\systems\PhysicsSystem.cpp,825,24097078052,6695496,17,
Physics::Step,C:\Users\ivanm\source\repos\myengine\engine\src\ecs\systems\PhysicsSystem.cpp,825,24117292426,5661493,17,
Physics::Step,C:\Users\ivanm\source\repos\myengine\engine\src\ecs\systems\PhysicsSystem.cpp,825,24138409008,5600211,17,
Physics::Step,C:\Users\ivanm\source\repos\myengine\engine\src\ecs\systems\PhysicsSystem.cpp,825,24158969727,6666593,17,
Physics::Step,C:\Users\ivanm\source\repos\myengine\engine\src\ecs\systems\PhysicsSystem.cpp,825,24165636500,5664052,17,
Physics::Step,C:\Users\ivanm\source\repos\myengine\engine\src\ecs\systems\PhysicsSystem.cpp,825,24186781310,6420840,17,
Physics::Step,C:\Users\ivanm\source\repos\myengine\engine\src\ecs\systems\PhysicsSystem.cpp,825,24208137170,5593554,17,
Physics::Step,C:\Users\ivanm\source\repos\myengine\engine\src\ecs\systems\PhysicsSystem.cpp,825,24213730885,6665059,17,
Physics::Step,C:\Users\ivanm\source\repos\myengine\engine\src\ecs\systems\PhysicsSystem.cpp,825,24234620013,5829767,17,
Physics::Step,C:\Users\ivanm\source\repos\myengine\engine\src\ecs\systems\PhysicsSystem.cpp,825,24255147981,5140972,17,
Physics::Step,C:\Users\ivanm\source\repos\myengine\engine\src\ecs\systems\PhysicsSystem.cpp,825,24276239233,7236301,17,
Physics::Step,C:\Users\ivanm\source\repos\myengine\engine\src\ecs\systems\PhysicsSystem.cpp,825,24283475644,6424403,17,
Physics::Step,C:\Users\ivanm\source\repos\myengine\engine\src\ecs\systems\PhysicsSystem.cpp,825,24304593899,6658196,17,
Physics::Step,C:\Users\ivanm\source\repos\myengine\engine\src\ecs\systems\PhysicsSystem.cpp,825,24324959802,6899587,17,
Physics::Step,C:\Users\ivanm\source\repos\myengine\engine\src\ecs\systems\PhysicsSystem.cpp,825,24331859900,6214209,17,
Physics::Step,C:\Users\ivanm\source\repos\myengine\engine\src\ecs\systems\PhysicsSystem.cpp,825,24352928657,7215067,17,
Physics::Step,C:\Users\ivanm\source\repos\myengine\engine\src\ecs\systems\PhysicsSystem.cpp,825,24373636323,6702276,17,
Physics::Step,C:\Users\ivanm\source\repos\myengine\engine\src\ecs\systems\PhysicsSystem.cpp,825,24380338689,6038534,17,
Physics::Step,C:\Users\ivanm\source\repos\myengine\engine\src\ecs\systems\PhysicsSystem.cpp,825,24401660225,5705942,17,
Physics::Step,C:\Users\ivanm\source\repos\myengine\engine\src\ecs\systems\PhysicsSystem.cpp,825,24421775888,5443062,17,
Physics::Step,C:\Users\ivanm\source\repos\myengine\engine\src\ecs\systems\PhysicsSystem.cpp,825,24442739363,6652116,17,
Physics::Step,C:\Users\ivanm\source\repos\myengine\engine\src\ecs\systems\PhysicsSystem.cpp,825,24449391679,6287718,17,
Physics::Step,C:\Users\ivanm\source\repos\myengine\engine\src\ecs\systems\PhysicsSystem.cpp,825,24471772619,6248452,17,
Physics::Step,C:\Users\ivanm\source\repos\myengine\engine\src\ecs\systems\PhysicsSystem.cpp,825,24492979187,6439569,17,
Physics::Step,C:\Users\ivanm\source\repos\myengine\engine\src\ecs\systems\PhysicsSystem.cpp,825,24499419027,6713097,17,
Physics::Step,C:\Users\ivanm\source\repos\myengine\engine\src\ecs\systems\PhysicsSystem.cpp,825,24521940689,5287497,17,
Physics::Step,C:\Users\ivanm\source\repos\myengine\engine\src\ecs\systems\PhysicsSystem.cpp,825,24541123640,6683721,17,
Physics::Step,C:\Users\ivanm\source\repos\myengine\engine\src\ecs\systems\PhysicsSystem.cpp,825,24547807651,5713426,17,
Physics::Step,C:\Users\ivanm\source\repos\myengine\engine\src\ecs\systems\PhysicsSystem.cpp,825,24567166696,6121958,17,
Physics::Step,C:\Users\ivanm\source\repos\myengine\engine\src\ecs\systems\PhysicsSystem.cpp,825,24586166133,5144895,17,
Physics::Step,C:\Users\ivanm\source\repos\myengine\engine\src\ecs\systems\PhysicsSystem.cpp,825,24604683418,5296774,17,
Physics::Step,C:\Users\ivanm\source\repos\myengine\engine\src\ecs\systems\PhysicsSystem.cpp,825,24623636712,5089751,17,
Physics::Step,C:\Users\ivanm\source\repos\myengine\engine\src\ecs\systems\PhysicsSystem.cpp,825,24628726543,6437344,17,
Physics::Step,C:\Users\ivanm\source\repos\myengine\engine\src\ecs\systems\PhysicsSystem.cpp,825,24647460542,5450434,17,
Physics::Step,C:\Users\ivanm\source\repos\myengine\engine\src\ecs\systems\PhysicsSystem.cpp,825,24666356124,5160650,17,
Physics::Step,C:\Users\ivanm\source\repos\myengine\engine\src\ecs\systems\PhysicsSystem.cpp,825,24685235923,5079330,17,
Physics::Step,C:\Users\ivanm\source\repos\myengine\engine\src\ecs\systems\PhysicsSystem.cpp,825,24702938399,5202194,17,
Physics::Step,C:\Users\ivanm\source\repos\myengine\engine\src\ecs\systems\PhysicsSystem.cpp,825,24720606971,6081351,17,
Physics::Step,C:\Users\ivanm\source\repos\myengine\engine\src\ecs\systems\PhysicsSystem.cpp,825,24739332427,5845903,17,
Physics::Step,C:\Users\ivanm\source\repos\myengine\engine\src\ecs\systems\PhysicsSystem.cpp,825,24756848253,4996118,17,
Physics::Step,C:\Users\ivanm\source\repos\myengine\engine\src\ecs\systems\PhysicsSystem.cpp,825,24761844501,5654926,17,
Physics::Step,C:\Users\ivanm\source\repos\myengine\engine\src\ecs\systems\PhysicsSystem.cpp,825,24781069461,5238754,17,
Physics::Step,C:\Users\ivanm\source\repos\myengine\engine\src\ecs\systems\PhysicsSystem.cpp,825,24797584190,6205222,17,
Physics::Step,C:\Users\ivanm\source\repos\myengine\engine\src\ecs\systems\PhysicsSystem.cpp,825,24816427258,5311386,17,
Physics::Step,C:\Users\ivanm\source\repos\myengine\engine\src\ecs\systems\PhysicsSystem.cpp,825,24834164034,5083684,17,
Physics::Step,C:\Users\ivanm\source\repos\myengine\engine\src\ecs\systems\PhysicsSystem.cpp,825,24851894248,4898051,17,
Physics::Step,C:\Users\ivanm\source\repos\myengine\engine\src\ecs\systems\PhysicsSystem.cpp,825,24870380551,5917869,17,
Physics::Step,C:\Users\ivanm\source\repos\myengine\engine\src\ecs\systems\PhysicsSystem.cpp,825,24888322898,5260890,17,
Physics::Step,C:\Users\ivanm\source\repos\myengine\engine\src\ecs\systems\PhysicsSystem.cpp,825,24905994319,5743103,17,
Physics::Step,C:\Users\ivanm\source\repos\myengine\engine\src\ecs\systems\PhysicsSystem.cpp,825,24926314908,6567571,17,
Physics::Step,C:\Users\ivanm\source\repos\myengine\engine\src\ecs\systems\PhysicsSystem.cpp,825,24932883271,6244984,17,
Physics::Step,C:\Users\ivanm\source\repos\myengine\engine\src\ecs\systems\PhysicsSystem.cpp,825,24951624891,5276986,17,
Physics::Step,C:\Users\ivanm\source\repos\myengine\engine\src\ecs\systems\PhysicsSystem.cpp,825,24969392681,4913550,17,
Physics::Step,C:\Users\ivanm\source\repos\myengine\engine\src\ecs\systems\PhysicsSystem.cpp,825,24986556288,5392172,17,
Physics::Step,C:\Users\ivanm\source\repos\myengine\engine\src\ecs\systems\PhysicsSystem.cpp,825,25004850716,4929945,17,
Physics::Step,C:\Users\ivanm\source\repos\myengine\engine\src\ecs\systems\PhysicsSystem.cpp,825,25022478739,5143125,17,
Physics::Step,C:\Users\ivanm\source\repos\myengine\engine\src\ecs\systems\PhysicsSystem.cpp,825,25039635653,4917808,17,
Physics::Step,C:\Users\ivanm\source\repos\myengine\engine\src\ecs\systems\PhysicsSystem.cpp,825,25057537984,5420805,17,
Physics::Step,C:\Users\ivanm\source\repos\myengine\engine\src\ecs\systems\PhysicsSystem.cpp,825,25062959099,5430420,17,
Physics::Step,C:\Users\ivanm\source\repos\myengine\engine\src\ecs\systems\PhysicsSystem.cpp,825,25081112264,5145621,17,
Physics::Step,C:\Users\ivanm\source\repos\myengine\engine\src\ecs\systems\PhysicsSystem.cpp,825,25098437117,5815245,17,
Physics::Step,C:\Users\ivanm\source\repos\myengine\engine\src\ecs\systems\PhysicsSystem.cpp,825,25117480858,5036167,17,
Physics::Step,C:\Users\ivanm\source\repos\myengine\engine\src\ecs\systems\PhysicsSystem.cpp,825,25135483573,5173735,17,
Physics::Step,C:\Users\ivanm\source\repos\myengine\engine\src\ecs\systems\PhysicsSystem.cpp,825,25153230519,5483258,17,
Physics::Step,C:\Users\ivanm\source\repos\myengine\engine\src\ecs\systems\PhysicsSystem.cpp,825,25171218848,5071736,17,
Physics::Step,C:\Users\ivanm\source\repos\myengine\engine\src\ecs\systems\PhysicsSystem.cpp,825,25189986078,5292411,17,
Physics::Step,C:\Users\ivanm\source\repos\myengine\engine\src\ecs\systems\PhysicsSystem.cpp,825,25195278620,5365995,17,
Physics::Step,C:\Users\ivanm\source\repos\myengine\engine\src\ecs\systems\PhysicsSystem.cpp,825,25212369774,6098907,17,
Physics::Step,C:\Users\ivanm\source\repos\myengine\engine\src\ecs\systems\PhysicsSystem.cpp,825,25232280356,6295729,17,
Physics::Step,C:\Users\ivanm\source\repos\myengine\engine\src\ecs\systems\PhysicsSystem.cpp,825,25251008909,5367613,17,
Physics::Step,C:\Users\ivanm\source\repos\myengine\engine\src\ecs\systems\PhysicsSystem.cpp,825,25269123430,5119412,17,
Physics::Step,C:\Users\ivanm\source\repos\myengine\engine\src\ecs\systems\PhysicsSystem.cpp,825,25288023912,5269988,17,
Physics::Step,C:\Users\ivanm\source\repos\myengine\engine\src\ecs\systems\PhysicsSystem.cpp,825,25305579564,5330357,17,
Physics::Step,C:\Users\ivanm\source\repos\myengine\engine\src\ecs\systems\PhysicsSystem.cpp,825,25322994974,5511351,17,
Physics::Step,C:\Users\ivanm\source\repos\myengine\engine\src\ecs\systems\PhysicsSystem.cpp,825,25340420193,5559794,17,
Physics::Step,C:\Users\ivanm\source\repos\myengine\engine\src\ecs\systems\PhysicsSystem.cpp,825,25345980047,6020039,17,
Physics::Step,C:\Users\ivanm\source\repos\myengine\engine\src\ecs\systems\PhysicsSystem.cpp,825,25364423012,5285325,17,
Physics::Step,C:\Users\ivanm\source\repos\myengine\engine\src\ecs\systems\PhysicsSystem.cpp,825,25382549057,5496476,17,
Physics::Step,C:\Users\ivanm\source\repos\myengine\engine\src\ecs\systems\PhysicsSystem.cpp,825,25400527992,5094484,17,
Physics::Step,C:\Users\ivanm\source\repos\myengine\engine\src\ecs\systems\PhysicsSystem.cpp,825,25418248697,4997811,17,
Physics::Step,C:\Users\ivanm\source\repos\myengine\engine\src\ecs\systems\PhysicsSystem.cpp,825,25435748593,4938138,17,
Physics::Step,C:\Users\ivanm\source\repos\myengine\engine\src\ecs\systems\PhysicsSystem.cpp,825,25454036407,4931815,17,
Physics::Step,C:\Users\ivanm\source\repos\myengine\engine\src\ecs\systems\PhysicsSystem.cpp,825,25472192020,5110637,17,
Physics::Step,C:\Users\ivanm\source\repos\myengine\engine\src\ecs\systems\PhysicsSystem.cpp,825,25490566751,6009750,17,
Physics::Step,C:\Users\ivanm\source\repos\myengine\engine\src\ecs\systems\PhysicsSystem.cpp,825,25496576571,5051122,17,
Physics::Step,C:\Users\ivanm\source\repos\myengine\engine\src\ecs\systems\PhysicsSystem.cpp,825,25513820731,5236614,17,
Physics::Step,C:\Users\ivanm\source\repos\myengine\engine\src\ecs\systems\PhysicsSystem.cpp,825,25531363659,4996488,17,
Physics::Step,C:\Users\ivanm\source\repos\myengine\engine\src\ecs\systems\PhysicsSystem.cpp,825,25548081519,5482876,17,
Physics::Step,C:\Users\ivanm\source\repos\myengine\engine\src\ecs\systems\PhysicsSystem.cpp,825,25566199634,5105686,17,
Physics::Step,C:\Users\ivanm\source\repos\myengine\engine\src\ecs\systems\PhysicsSystem.cpp,825,25584167800,5678463,17,
Physics::Step,C:\Users\ivanm\source\repos\myengine\engine\src\ecs\systems\PhysicsSystem.cpp,825,25603496681,5216674,17,
Physics::Step,C:\Users\ivanm\source\repos\myengine\engine\src\ecs\systems\PhysicsSystem.cpp,825,25623209471,6274480,17,
Physics::Step,C:\Users\ivanm\source\repos\myengine\engine\src\ecs\systems\PhysicsSystem.cpp,825,25629484101,5017782,17,
Physics::Step,C:\Users\ivanm\source\repos\myengine\engine\src\ecs\systems\PhysicsSystem.cpp,825,25646625790,5601017,17,
Physics::Step,C:\Users\ivanm\source\repos\myengine\engine\src\ecs\systems\PhysicsSystem.cpp,825,25664841316,4868795,17,
