name,src_file,src_line,ns_since_start,exec_time_ns,thread,value
Physics::Step,C:\Users\ivanm\source\repos\myengine\engine\src\ecs\systems\PhysicsSystem.cpp,825,2247120131,4210061,17,
Physics::Step,C:\Users\ivanm\source\repos\myengine\engine\src\ecs\systems\PhysicsSystem.cpp,825,2251330302,2786859,17,
Physics::Step,C:\Users\ivanm\source\repos\myengine\engine\src\ecs\systems\PhysicsSystem.cpp,825,2254117202,4217980,17,
Physics::Step,C:\Users\ivanm\source\repos\myengine\engine\src\ecs\systems\PhysicsSystem.cpp,825,2283273693,4158477,17,
Physics::Step,C:\Users\ivanm\source\repos\myengine\engine\src\ecs\systems\PhysicsSystem.cpp,825,2287432281,3945191,17,
Physics::Step,C:\Users\ivanm\source\repos\myengine\engine\src\ecs\systems\PhysicsSystem.cpp,825,2338351410,3694938,17,
Physics::Step,C:\Users\ivanm\source\repos\myengine\engine\src\ecs\systems\PhysicsSystem.cpp,825,2342046508,3320223,17,
Physics::Step,C:\Users\ivanm\source\repos\myengine\engine\src\ecs\systems\PhysicsSystem.cpp,825,2345366811,2707238,17,
Physics::Step,C:\Users\ivanm\source\repos\myengine\engine\src\ecs\systems\PhysicsSystem.cpp,825,2348074149,2487640,17,
Physics::Step,C:\Users\ivanm\source\repos\myengine\engine\src\ecs\systems\PhysicsSystem.cpp,825,2364353174,3790858,17,
Physics::Step,C:\Users\ivanm\source\repos\myengine\engine\src\ecs\systems\PhysicsSystem.cpp,825,2382190377,2790175,17,
Physics::Step,C:\Users\ivanm\source\repos\myengine\engine\src\ecs\systems\PhysicsSystem.cpp,825,2397393126,2420132,17,
Physics::Step,C:\Users\ivanm\source\repos\myengine\engine\src\ecs\systems\PhysicsSystem.cpp,825,2412554025,2683171,17,
Physics::Step,C:\Users\ivanm\source\repos\myengine\engine\src\ecs\systems\PhysicsSystem.cpp,825,2428774065,3036173,17,
Physics::Step,C:\Users\ivanm\source\repos\myengine\engine\src\ecs\systems\PhysicsSystem.cpp,825,2444196160,2621264,17,
Physics::Step,C:\Users\ivanm\source\repos\myengine\engine\src\ecs\systems\PhysicsSystem.cpp,825,2458901080,2155469,17,
Physics::Step,C:\Users\ivanm\source\repos\myengine\engine\src\ecs\systems\PhysicsSystem.cpp,825,2472671304,3083232,17,
Physics::Step,C:\Users\ivanm\source\repos\myengine\engine\src\ecs\systems\PhysicsSystem.cpp,825,2487656577,3144249,17,
Physics::Step,C:\Users\ivanm\source\repos\myengine\engine\src\ecs\systems\PhysicsSystem.cpp,825,2502255416,2413659,17,
Physics::Step,C:\Users\ivanm\source\repos\myengine\engine\src\ecs\systems\PhysicsSystem.cpp,825,2517398019,4979027,17,
Physics::Step,C:\Users\ivanm\source\repos\myengine\engine\src\ecs\systems\PhysicsSystem.cpp,825,2534396300,3869938,17,
Physics::Step,C:\Users\ivanm\source\repos\myengine\engine\src\ecs\systems\PhysicsSystem.cpp,825,2550646097,2532776,17,
Physics::Step,C:\Users\ivanm\source\repos\myengine\engine\src\ecs\systems\PhysicsSystem.cpp,825,2577013674,2420712,17,
Physics::Step,C:\Users\ivanm\source\repos\myengine\engine\src\ecs\systems\PhysicsSystem.cpp,825,2590966885,3534661,17,
Physics::Step,C:\Users\ivanm\source\repos\myengine\engine\src\ecs\systems\PhysicsSystem.cpp,825,2607302716,4023681,17,
Physics::Step,C:\Users\ivanm\source\repos\myengine\engine\src\ecs\systems\PhysicsSystem.cpp,825,2623119441,3675659,17,
Physics::Step,C:\Users\ivanm\source\repos\myengine\engine\src\ecs\systems\PhysicsSystem.cpp,825,2638401759,3921166,17,
Physics::Step,C:\Users\ivanm\source\repos\myengine\engine\src\ecs\systems\PhysicsSystem.cpp,825,2654660234,6221289,17,
Physics::Step,C:\Users\ivanm\source\repos\myengine\engine\src\ecs\systems\PhysicsSystem.cpp,825,2672724802,6235226,17,
Physics::Step,C:\Users\ivanm\source\repos\myengine\engine\src\ecs\systems\PhysicsSystem.cpp,825,2691149445,4717961,17,
Physics::Step,C:\Users\ivanm\source\repos\myengine\engine\src\ecs\systems\PhysicsSystem.cpp,825,2707959699,4806069,17,
Physics::Step,C:\Users\ivanm\source\repos\myengine\engine\src\ecs\systems\PhysicsSystem.cpp,825,2724701934,5435966,17,
Physics::Step,C:\Users\ivanm\source\repos\myengine\engine\src\ecs\systems\PhysicsSystem.cpp,825,2742905186,4139691,17,
Physics::Step,C:\Users\ivanm\source\repos\myengine\engine\src\ecs\systems\PhysicsSystem.cpp,825,2759209107,4975721,17,
Physics::Step,C:\Users\ivanm\source\repos\myengine\engine\src\ecs\systems\PhysicsSystem.cpp,825,2777861309,4409543,17,
Physics::Step,C:\Users\ivanm\source\repos\myengine\engine\src\ecs\systems\PhysicsSystem.cpp,825,2795396611,6605288,17,
Physics::Step,C:\Users\ivanm\source\repos\myengine\engine\src\ecs\systems\PhysicsSystem.cpp,825,2814229499,5367962,17,
Physics::Step,C:\Users\ivanm\source\repos\myengine\engine\src\ecs\systems\PhysicsSystem.cpp,825,2831705053,4931311,17,
Physics::Step,C:\Users\ivanm\source\repos\myengine\engine\src\ecs\systems\PhysicsSystem.cpp,825,2848749146,5436032,17,
Physics::Step,C:\Users\ivanm\source\repos\myengine\engine\src\ecs\systems\PhysicsSystem.cpp,825,2866518128,5571588,17,
Physics::Step,C:\Users\ivanm\source\repos\myengine\engine\src\ecs\systems\PhysicsSystem.cpp,825,2884266259,4926293,17,
Physics::Step,C:\Users\ivanm\source\repos\myengine\engine\src\ecs\systems\PhysicsSystem.cpp,825,2889192692,6178839,17,
Physics::Step,C:\Users\ivanm\source\repos\myengine\engine\src\ecs\systems\PhysicsSystem.cpp,825,2907900694,6375503,17,
Physics::Step,C:\Users\ivanm\source\repos\myengine\engine\src\ecs\systems\PhysicsSystem.cpp,825,2926601002,6977091,17,
Physics::Step,C:\Users\ivanm\source\repos\myengine\engine\src\ecs\systems\PhysicsSystem.cpp,825,2945592969,7396816,17,
Physics::Step,C:\Users\ivanm\source\repos\myengine\engine\src\ecs\systems\PhysicsSystem.cpp,825,2966268914,6433345,17,
Physics::Step,C:\Users\ivanm\source\repos\myengine\engine\src\ecs\systems\PhysicsSystem.cpp,825,2985885977,5671624,17,
Physics::Step,C:\Users\ivanm\source\repos\myengine\engine\src\ecs\systems\PhysicsSystem.cpp,825,2991557692,4801240,17,
Physics::Step,C:\Users\ivanm\source\repos\myengine\engine\src\ecs\systems\PhysicsSystem.cpp,825,3007882423,5981302,17,
Physics::Step,C:\Users\ivanm\source\repos\myengine\engine\src\ecs\systems\PhysicsSystem.cpp,825,3025986095,5123242,17,
Physics::Step,C:\Users\ivanm\source\repos\myengine\engine\src\ecs\systems\PhysicsSystem.cpp,825,3043145824,5136166,17,
Physics::Step,C:\Users\ivanm\source\repos\myengine\engine\src\ecs\systems\PhysicsSystem.cpp,825,3061106004,5055943,17,
Physics::Step,C:\Users\ivanm\source\repos\myengine\engine\src\ecs\systems\PhysicsSystem.cpp,825,3078113763,5099576,17,
Physics::Step,C:\Users\ivanm\source\repos\myengine\engine\src\ecs\systems\PhysicsSystem.cpp,825,3095478411,5212851,17,
Physics::Step,C:\Users\ivanm\source\repos\myengine\engine\src\ecs\systems\PhysicsSystem.cpp,825,3113112941,5463323,17,
Physics::Step,C:\Users\ivanm\source\repos\myengine\engine\src\ecs\systems\PhysicsSystem.cpp,825,3131004436,5250704,17,
Physics::Step,C:\Users\ivanm\source\repos\myengine\engine\src\ecs\systems\PhysicsSystem.cpp,825,3150106307,5851220,17,
Physics::Step,C:\Users\ivanm\source\repos\myengine\engine\src\ecs\systems\PhysicsSystem.cpp,825,3168294725,5412517,17,
Physics::Step,C:\Users\ivanm\source\repos\myengine\engine\src\ecs\systems\PhysicsSystem.cpp,825,3173707353,5535160,17,
Physics::Step,C:\Users\ivanm\source\repos\myengine\engine\src\ecs\systems\PhysicsSystem.cpp,825,3192300637,5743851,17,
Physics::Step,C:\Users\ivanm\source\repos\myengine\engine\src\ecs\systems\PhysicsSystem.cpp,825,3210513212,5072452,17,
Physics::Step,C:\Users\ivanm\source\repos\myengine\engine\src\ecs\systems\PhysicsSystem.cpp,825,3228634415,5360393,17,
Physics::Step,C:\Users\ivanm\source\repos\myengine\engine\src\ecs\systems\PhysicsSystem.cpp,825,3247938835,4995047,17,
Physics::Step,C:\Users\ivanm\source\repos\myengine\engine\src\ecs\systems\PhysicsSystem.cpp,825,3264950832,5875512,17,
Physics::Step,C:\Users\ivanm\source\repos\myengine\engine\src\ecs\systems\PhysicsSystem.cpp,825,3283403264,6151300,17,
Physics::Step,C:\Users\ivanm\source\repos\myengine\engine\src\ecs\systems\PhysicsSystem.cpp,825,3301263197,6206993,17,
Physics::Step,C:\Users\ivanm\source\repos\myengine\engine\src\ecs\systems\PhysicsSystem.cpp,825,3307470310,5673137,17,
Physics::Step,C:\Users\ivanm\source\repos\myengine\engine\src\ecs\systems\PhysicsSystem.cpp,825,3325314018,5069440,17,
Physics::Step,C:\Users\ivanm\source\repos\myengine\engine\src\ecs\systems\PhysicsSystem.cpp,825,3342541305,5579549,17,
Physics::Step,C:\Users\ivanm\source\repos\myengine\engine\src\ecs\systems\PhysicsSystem.cpp,825,3360469414,4934251,17,
Physics::Step,C:\Users\ivanm\source\repos\myengine\engine\src\ecs\systems\PhysicsSystem.cpp,825,3377398092,5282725,17,
Physics::Step,C:\Users\ivanm\source\repos\myengine\engine\src\ecs\systems\PhysicsSystem.cpp,825,3394718937,5190510,17,
Physics::Step,C:\Users\ivanm\source\repos\myengine\engine\src\ecs\systems\PhysicsSystem.cpp,825,3412393915,5157868,17,
Physics::Step,C:\Users\ivanm\source\repos\myengine\engine\src\ecs\systems\PhysicsSystem.cpp,825,3430086847,5208834,17,
Physics::Step,C:\Users\ivanm\source\repos\myengine\engine\src\ecs\systems\PhysicsSystem.cpp,825,3449680368,6742040,17,
Physics::Step,C:\Users\ivanm\source\repos\myengine\engine\src\ecs\systems\PhysicsSystem.cpp,825,3468180445,7036313,17,
Physics::Step,C:\Users\ivanm\source\repos\myengine\engine\src\ecs\systems\PhysicsSystem.cpp,825,3475216858,5136372,17,
Physics::Step,C:\Users\ivanm\source\repos\myengine\engine\src\ecs\systems\PhysicsSystem.cpp,825,3492797748,5028772,17,
Physics::Step,C:\Users\ivanm\source\repos\myengine\engine\src\ecs\systems\PhysicsSystem.cpp,825,3509936466,6197664,17,
Physics::Step,C:\Users\ivanm\source\repos\myengine\engine\src\ecs\systems\PhysicsSystem.cpp,825,3528794433,5329604,17,
Physics::Step,C:\Users\ivanm\source\repos\myengine\engine\src\ecs\systems\PhysicsSystem.cpp,825,3547385243,5307217,17,
Physics::Step,C:\Users\ivanm\source\repos\myengine\engine\src\ecs\systems\PhysicsSystem.cpp,825,3566863108,6281300,17,
Physics::Step,C:\Users\ivanm\source\repos\myengine\engine\src\ecs\systems\PhysicsSystem.cpp,825,3585544136,5552321,17,
Physics::Step,C:\Users\ivanm\source\repos\myengine\engine\src\ecs\systems\PhysicsSystem.cpp,825,3591096537,5610524,17,
Physics::Step,C:\Users\ivanm\source\repos\myengine\engine\src\ecs\systems\PhysicsSystem.cpp,825,3610944152,6817366,17,
Physics::Step,C:\Users\ivanm\source\repos\myengine\engine\src\ecs\systems\PhysicsSystem.cpp,825,3632043063,5301957,17,
Physics::Step,C:\Users\ivanm\source\repos\myengine\engine\src\ecs\systems\PhysicsSystem.cpp,825,3649818387,5863284,17,
Physics::Step,C:\Users\ivanm\source\repos\myengine\engine\src\ecs\systems\PhysicsSystem.cpp,825,3668455740,5286452,17,
Physics::Step,C:\Users\ivanm\source\repos\myengine\engine\src\ecs\systems\PhysicsSystem.cpp,825,3673742312,5096932,17,
Physics::Step,C:\Users\ivanm\source\repos\myengine\engine\src\ecs\systems\PhysicsSystem.cpp,825,3691744362,5677045,17,
Physics::Step,C:\Users\ivanm\source\repos\myengine\engine\src\ecs\systems\PhysicsSystem.cpp,825,3709611024,5186899,17,
Physics::Step,C:\Users\ivanm\source\repos\myengine\engine\src\ecs\systems\PhysicsSystem.cpp,825,3728160351,6114737,17,
Physics::Step,C:\Users\ivanm\source\repos\myengine\engine\src\ecs\systems\PhysicsSystem.cpp,825,3748502444,5424745,17,
Physics::Step,C:\Users\ivanm\source\repos\myengine\engine\src\ecs\systems\PhysicsSystem.cpp,825,3767667755,5892610,17,
Physics::Step,C:\Users\ivanm\source\repos\myengine\engine\src\ecs\systems\PhysicsSystem.cpp,825,3773560485,5983382,17,
Physics::Step,C:\Users\ivanm\source\repos\myengine\engine\src\ecs\systems\PhysicsSystem.cpp,825,3791786525,5221063,17,
Physics::Step,C:\Users\ivanm\source\repos\myengine\engine\src\ecs\systems\PhysicsSystem.cpp,825,3810016293,5317275,17,
Physics::Step,C:\Users\ivanm\source\repos\myengine\engine\src\ecs\systems\PhysicsSystem.cpp,825,3827446560,5002181,17,
Physics::Step,C:\Users\ivanm\source\repos\myengine\engine\src\ecs\systems\PhysicsSystem.cpp,825,3844436215,5067366,17,
Physics::Step,C:\Users\ivanm\source\repos\myengine\engine\src\ecs\systems\PhysicsSystem.cpp,825,3861335939,4891290,17,
Physics::Step,C:\Users\ivanm\source\repos\myengine\engine\src\ecs\systems\PhysicsSystem.cpp,825,3878049298,5033451,17,
Physics::Step,C:\Users\ivanm\source\repos\myengine\engine\src\ecs\systems\PhysicsSystem.cpp,825,3894835195,4934092,17,
Physics::Step,C:\Users\ivanm\source\repos\myengine\engine\src\ecs\systems\PhysicsSystem.cpp,825,3911449757,4775170,17,
Physics::Step,C:\Users\ivanm\source\repos\myengine\engine\src\ecs\systems\PhysicsSystem.cpp,825,3928455663,4720205,17,
Physics::Step,C:\Users\ivanm\source\repos\myengine\engine\src\ecs\systems\PhysicsSystem.cpp,825,3944708256,5083391,17,
Physics::Step,C:\Users\ivanm\source\repos\myengine\engine\src\ecs\systems\PhysicsSystem.cpp,825,3961582417,5173540,17,
Physics::Step,C:\Users\ivanm\source\repos\myengine\engine\src\ecs\systems\PhysicsSystem.cpp,825,3978484268,5399268,17,
Physics::Step,C:\Users\ivanm\source\repos\myengine\engine\src\ecs\systems\PhysicsSystem.cpp,825,3996143868,5004696,17,
Physics::Step,C:\Users\ivanm\source\repos\myengine\engine\src\ecs\systems\PhysicsSystem.cpp,825,4013392525,4885991,17,
Physics::Step,C:\Users\ivanm\source\repos\myengine\engine\src\ecs\systems\PhysicsSystem.cpp,825,4030300014,5159845,17,
Physics::Step,C:\Users\ivanm\source\repos\myengine\engine\src\ecs\systems\PhysicsSystem.cpp,825,4047205413,4949210,17,
Physics::Step,C:\Users\ivanm\source\repos\myengine\engine\src\ecs\systems\PhysicsSystem.cpp,825,4064640384,5097918,17,
Physics::Step,C:\Users\ivanm\source\repos\myengine\engine\src\ecs\systems\PhysicsSystem.cpp,825,4082030395,5108861,17,
Physics::Step,C:\Users\ivanm\source\repos\myengine\engine\src\ecs\systems\PhysicsSystem.cpp,825,4099136729,5602546,17,
Physics::Step,C:\Users\ivanm\source\repos\myengine\engine\src\ecs\systems\PhysicsSystem.cpp,825,4116301640,5864902,17,
Physics::Step,C:\Users\ivanm\source\repos\myengine\engine\src\ecs\systems\PhysicsSystem.cpp,825,4133751690,5164076,17,
Physics::Step,C:\Users\ivanm\source\repos\myengine\engine\src\ecs\systems\PhysicsSystem.cpp,825,4138915886,5132843,17,
Physics::Step,C:\Users\ivanm\source\repos\myengine\engine\src\ecs\systems\PhysicsSystem.cpp,825,4156308821,5196441,17,
Physics::Step,C:\Users\ivanm\source\repos\myengine\engine\src\ecs\systems\PhysicsSystem.cpp,825,4173233392,5853457,17,
Physics::Step,C:\Users\ivanm\source\repos\myengine\engine\src\ecs\systems\PhysicsSystem.cpp,825,4190562379,6083970,17,
Physics::Step,C:\Users\ivanm\source\repos\myengine\engine\src\ecs\systems\PhysicsSystem.cpp,825,4208438782,5139029,17,
Physics::Step,C:\Users\ivanm\source\repos\myengine\engine\src\ecs\systems\PhysicsSystem.cpp,825,4225704179,5217591,17,
Physics::Step,C:\Users\ivanm\source\repos\myengine\engine\src\ecs\systems\PhysicsSystem.cpp,825,4242574386,4926431,17,
Physics::Step,C:\Users\ivanm\source\repos\myengine\engine\src\ecs\systems\PhysicsSystem.cpp,825,4259190300,5685250,17,
Physics::Step,C:\Users\ivanm\source\repos\myengine\engine\src\ecs\systems\PhysicsSystem.cpp,825,4277651643,5172359,17,
Physics::Step,C:\Users\ivanm\source\repos\myengine\engine\src\ecs\systems\PhysicsSystem.cpp,825,4295102819,5027076,17,
Physics::Step,C:\Users\ivanm\source\repos\myengine\engine\src\ecs\systems\PhysicsSystem.cpp,825,4312650575,5361503,17,
Physics::Step,C:\Users\ivanm\source\repos\myengine\engine\src\ecs\systems\PhysicsSystem.cpp,825,4329946993,5124474,17,
Physics::Step,C:\Users\ivanm\source\repos\myengine\engine\src\ecs\systems\PhysicsSystem.cpp,825,4347935717,5215066,17,
Physics::Step,C:\Users\ivanm\source\repos\myengine\engine\src\ecs\systems\PhysicsSystem.cpp,825,4366211474,5795798,17,
Physics::Step,C:\Users\ivanm\source\repos\myengine\engine\src\ecs\systems\PhysicsSystem.cpp,825,4383977649,5181121,17,
Physics::Step,C:\Users\ivanm\source\repos\myengine\engine\src\ecs\systems\PhysicsSystem.cpp,825,4389158860,5324314,17,
Physics::Step,C:\Users\ivanm\source\repos\myengine\engine\src\ecs\systems\PhysicsSystem.cpp,825,4407245969,5370844,17,
Physics::Step,C:\Users\ivanm\source\repos\myengine\engine\src\ecs\systems\PhysicsSystem.cpp,825,4424990749,5751799,17,
Physics::Step,C:\Users\ivanm\source\repos\myengine\engine\src\ecs\systems\PhysicsSystem.cpp,825,4443742487,4967535,17,
Physics::Step,C:\Users\ivanm\source\repos\myengine\engine\src\ecs\systems\PhysicsSystem.cpp,825,4460989842,5197122,17,
Physics::Step,C:\Users\ivanm\source\repos\myengine\engine\src\ecs\systems\PhysicsSystem.cpp,825,4478908593,4798655,17,
Physics::Step,C:\Users\ivanm\source\repos\myengine\engine\src\ecs\systems\PhysicsSystem.cpp,825,4496106130,5199811,17,
Physics::Step,C:\Users\ivanm\source\repos\myengine\engine\src\ecs\systems\PhysicsSystem.cpp,825,4513371870,4942922,17,
Physics::Step,C:\Users\ivanm\source\repos\myengine\engine\src\ecs\systems\PhysicsSystem.cpp,825,4530515120,4964196,17,
Physics::Step,C:\Users\ivanm\source\repos\myengine\engine\src\ecs\systems\PhysicsSystem.cpp,825,4547493320,4910186,17,
Physics::Step,C:\Users\ivanm\source\repos\myengine\engine\src\ecs\systems\PhysicsSystem.cpp,825,4564785904,5282299,17,
Physics::Step,C:\Users\ivanm\source\repos\myengine\engine\src\ecs\systems\PhysicsSystem.cpp,825,4582911164,4726862,17,
Physics::Step,C:\Users\ivanm\source\repos\myengine\engine\src\ecs\systems\PhysicsSystem.cpp,825,4599960944,5071455,17,
Physics::Step,C:\Users\ivanm\source\repos\myengine\engine\src\ecs\systems\PhysicsSystem.cpp,825,4617856022,5643001,17,
Physics::Step,C:\Users\ivanm\source\repos\myengine\engine\src\ecs\systems\PhysicsSystem.cpp,825,4623499183,4897502,17,
Physics::Step,C:\Users\ivanm\source\repos\myengine\engine\src\ecs\systems\PhysicsSystem.cpp,825,4640221496,5385761,17,
Physics::Step,C:\Users\ivanm\source\repos\myengine\engine\src\ecs\systems\PhysicsSystem.cpp,825,4658213440,5055111,17,
Physics::Step,C:\Users\ivanm\source\repos\myengine\engine\src\ecs\systems\PhysicsSystem.cpp,825,4675115088,6465478,17,
Physics::Step,C:\Users\ivanm\source\repos\myengine\engine\src\ecs\systems\PhysicsSystem.cpp,825,4693788975,4858458,17,
Physics::Step,C:\Users\ivanm\source\repos\myengine\engine\src\ecs\systems\PhysicsSystem.cpp,825,4710917771,5231600,17,
Physics::Step,C:\Users\ivanm\source\repos\myengine\engine\src\ecs\systems\PhysicsSystem.cpp,825,4728055751,4794356,17,
Physics::Step,C:\Users\ivanm\source\repos\myengine\engine\src\ecs\systems\PhysicsSystem.cpp,825,4745209885,5015086,17,
Physics::Step,C:\Users\ivanm\source\repos\myengine\engine\src\ecs\systems\PhysicsSystem.cpp,825,4762669487,5165661,17,
Physics::Step,C:\Users\ivanm\source\repos\myengine\engine\src\ecs\systems\PhysicsSystem.cpp,825,4780121830,5029034,17,
Physics::Step,C:\Users\ivanm\source\repos\myengine\engine\src\ecs\systems\PhysicsSystem.cpp,825,4797250958,4919694,17,
Physics::Step,C:\Users\ivanm\source\repos\myengine\engine\src\ecs\systems\PhysicsSystem.cpp,825,4814879681,5324809,17,
Physics::Step,C:\Users\ivanm\source\repos\myengine\engine\src\ecs\systems\PhysicsSystem.cpp,825,4832343664,4861724,17,
Physics::Step,C:\Users\ivanm\source\repos\myengine\engine\src\ecs\systems\PhysicsSystem.cpp,825,4849416320,5377395,17,
Physics::Step,C:\Users\ivanm\source\repos\myengine\engine\src\ecs\systems\PhysicsSystem.cpp,825,4867323995,5761840,17,
Physics::Step,C:\Users\ivanm\source\repos\myengine\engine\src\ecs\systems\PhysicsSystem.cpp,825,4873085895,5421890,17,
Physics::Step,C:\Users\ivanm\source\repos\myengine\engine\src\ecs\systems\PhysicsSystem.cpp,825,4890533261,5671534,17,
Physics::Step,C:\Users\ivanm\source\repos\myengine\engine\src\ecs\systems\PhysicsSystem.cpp,825,4908692600,4825255,17,
Physics::Step,C:\Users\ivanm\source\repos\myengine\engine\src\ecs\systems\PhysicsSystem.cpp,825,4925650651,5805189,17,
Physics::Step,C:\Users\ivanm\source\repos\myengine\engine\src\ecs\systems\PhysicsSystem.cpp,825,4943747942,4871313,17,
Physics::Step,C:\Users\ivanm\source\repos\myengine\engine\src\ecs\systems\PhysicsSystem.cpp,825,4961185652,5273037,17,
Physics::Step,C:\Users\ivanm\source\repos\myengine\engine\src\ecs\systems\PhysicsSystem.cpp,825,4979208067,5174319,17,
Physics::Step,C:\Users\ivanm\source\repos\myengine\engine\src\ecs\systems\PhysicsSystem.cpp,825,4997236280,5077244,17,
Physics::Step,C:\Users\ivanm\source\repos\myengine\engine\src\ecs\systems\PhysicsSystem.cpp,825,5014597221,4957155,17,
Physics::Step,C:\Users\ivanm\source\repos\myengine\engine\src\ecs\systems\PhysicsSystem.cpp,825,5031300040,5185509,17,
Physics::Step,C:\Users\ivanm\source\repos\myengine\engine\src\ecs\systems\PhysicsSystem.cpp,825,5048275417,4793555,17,
Physics::Step,C:\Users\ivanm\source\repos\myengine\engine\src\ecs\systems\PhysicsSystem.cpp,825,5065113834,5640045,17,
Physics::Step,C:\Users\ivanm\source\repos\myengine\engine\src\ecs\systems\PhysicsSystem.cpp,825,5084100527,4898052,17,
Physics::Step,C:\Users\ivanm\source\repos\myengine\engine\src\ecs\systems\PhysicsSystem.cpp,825,5088998670,5163318,17,
Physics::Step,C:\Users\ivanm\source\repos\myengine\engine\src\ecs\systems\PhysicsSystem.cpp,825,5106243781,6467648,17,
Physics::Step,C:\Users\ivanm\source\repos\myengine\engine\src\ecs\systems\PhysicsSystem.cpp,825,5124614422,4967459,17,
Physics::Step,C:\Users\ivanm\source\repos\myengine\engine\src\ecs\systems\PhysicsSystem.cpp,825,5142131253,5092794,17,
Physics::Step,C:\Users\ivanm\source\repos\myengine\engine\src\ecs\systems\PhysicsSystem.cpp,825,5158820106,4771422,17,
Physics::Step,C:\Users\ivanm\source\repos\myengine\engine\src\ecs\systems\PhysicsSystem.cpp,825,5175437853,6415073,17,
Physics::Step,C:\Users\ivanm\source\repos\myengine\engine\src\ecs\systems\PhysicsSystem.cpp,825,5193592819,5103805,17,
Physics::Step,C:\Users\ivanm\source\repos\myengine\engine\src\ecs\systems\PhysicsSystem.cpp,825,5210632409,5107892,17,
Physics::Step,C:\Users\ivanm\source\repos\myengine\engine\src\ecs\systems\PhysicsSystem.cpp,825,5227790374,4776873,17,
Physics::Step,C:\Users\ivanm\source\repos\myengine\engine\src\ecs\systems\PhysicsSystem.cpp,825,5244048557,5194266,17,
Physics::Step,C:\Users\ivanm\source\repos\myengine\engine\src\ecs\systems\PhysicsSystem.cpp,825,5261322453,5313067,17,
Physics::Step,C:\Users\ivanm\source\repos\myengine\engine\src\ecs\systems\PhysicsSystem.cpp,825,5279543416,5722614,17,
Physics::Step,C:\Users\ivanm\source\repos\myengine\engine\src\ecs\systems\PhysicsSystem.cpp,825,5297791737,4813503,17,
Physics::Step,C:\Users\ivanm\source\repos\myengine\engine\src\ecs\systems\PhysicsSystem.cpp,825,5315133822,5426653,17,
Physics::Step,C:\Users\ivanm\source\repos\myengine\engine\src\ecs\systems\PhysicsSystem.cpp,825,5332467957,5026509,17,
Physics::Step,C:\Users\ivanm\source\repos\myengine\engine\src\ecs\systems\PhysicsSystem.cpp,825,5349741343,5301312,17,
Physics::Step,C:\Users\ivanm\source\repos\myengine\engine\src\ecs\systems\PhysicsSystem.cpp,825,5367545238,5610673,17,
Physics::Step,C:\Users\ivanm\source\repos\myengine\engine\src\ecs\systems\PhysicsSystem.cpp,825,5373155992,4637027,17,
Physics::Step,C:\Users\ivanm\source\repos\myengine\engine\src\ecs\systems\PhysicsSystem.cpp,825,5389655484,5854528,17,
Physics::Step,C:\Users\ivanm\source\repos\myengine\engine\src\ecs\systems\PhysicsSystem.cpp,825,5407779331,4865151,17,
Physics::Step,C:\Users\ivanm\source\repos\myengine\engine\src\ecs\systems\PhysicsSystem.cpp,825,5423930001,5832450,17,
Physics::Step,C:\Users\ivanm\source\repos\myengine\engine\src\ecs\systems\PhysicsSystem.cpp,825,5441662778,5087594,17,
Physics::Step,C:\Users\ivanm\source\repos\myengine\engine\src\ecs\systems\PhysicsSystem.cpp,825,5458178151,4976984,17,
Physics::Step,C:\Users\ivanm\source\repos\myengine\engine\src\ecs\systems\PhysicsSystem.cpp,825,5475320587,5541265,17,
Physics::Step,C:\Users\ivanm\source\repos\myengine\engine\src\ecs\systems\PhysicsSystem.cpp,825,5492525570,5367471,17,
Physics::Step,C:\Users\ivanm\source\repos\myengine\engine\src\ecs\systems\PhysicsSystem.cpp,825,5510547144,6138415,17,
Physics::Step,C:\Users\ivanm\source\repos\myengine\engine\src\ecs\systems\PhysicsSystem.cpp,825,5528510694,4782638,17,
Physics::Step,C:\Users\ivanm\source\repos\myengine\engine\src\ecs\systems\PhysicsSystem.cpp,825,5545561510,5242393,17,
Physics::Step,C:\Users\ivanm\source\repos\myengine\engine\src\ecs\systems\PhysicsSystem.cpp,825,5562893571,5024410,17,
Physics::Step,C:\Users\ivanm\source\repos\myengine\engine\src\ecs\systems\PhysicsSystem.cpp,825,5580442295,5243087,17,
Physics::Step,C:\Users\ivanm\source\repos\myengine\engine\src\ecs\systems\PhysicsSystem.cpp,825,5598505359,5049306,17,
Physics::Step,C:\Users\ivanm\source\repos\myengine\engine\src\ecs\systems\PhysicsSystem.cpp,825,5615463148,5637841,17,
Physics::Step,C:\Users\ivanm\source\repos\myengine\engine\src\ecs\systems\PhysicsSystem.cpp,825,5633077651,4895038,17,
Physics::Step,C:\Users\ivanm\source\repos\myengine\engine\src\ecs\systems\PhysicsSystem.cpp,825,5654820080,6912684,17,
Physics::Step,C:\Users\ivanm\source\repos\myengine\engine\src\ecs\systems\PhysicsSystem.cpp,825,5661732884,6470273,17,
Physics::Step,C:\Users\ivanm\source\repos\myengine\engine\src\ecs\systems\PhysicsSystem.cpp,825,5682163354,5321716,17,
Physics::Step,C:\Users\ivanm\source\repos\myengine\engine\src\ecs\systems\PhysicsSystem.cpp,825,5700933642,6179693,17,
Physics::Step,C:\Users\ivanm\source\repos\myengine\engine\src\ecs\systems\PhysicsSystem.cpp,825,5707113425,5326799,17,
Physics::Step,C:\Users\ivanm\source\repos\myengine\engine\src\ecs\systems\PhysicsSystem.cpp,825,5726989278,5201220,17,
Physics::Step,C:\Users\ivanm\source\repos\myengine\engine\src\ecs\systems\PhysicsSystem.cpp,825,5746328090,6017722,17,
Physics::Step,C:\Users\ivanm\source\repos\myengine\engine\src\ecs\systems\PhysicsSystem.cpp,825,5766091298,6237435,17,
Physics::Step,C:\Users\ivanm\source\repos\myengine\engine\src\ecs\systems\PhysicsSystem.cpp,825,5784777063,6188439,17,
Physics::Step,C:\Users\ivanm\source\repos\myengine\engine\src\ecs\systems\PhysicsSystem.cpp,825,5790965732,4786251,17,
Physics::Step,C:\Users\ivanm\source\repos\myengine\engine\src\ecs\systems\PhysicsSystem.cpp,825,5809402979,5387093,17,
Physics::Step,C:\Users\ivanm\source\repos\myengine\engine\src\ecs\systems\PhysicsSystem.cpp,825,5828814860,5492396,17,
Physics::Step,C:\Users\ivanm\source\repos\myengine\engine\src\ecs\systems\PhysicsSystem.cpp,825,5847534978,5496526,17,
Physics::Step,C:\Users\ivanm\source\repos\myengine\engine\src\ecs\systems\PhysicsSystem.cpp,825,5867425333,6006363,17,
Physics::Step,C:\Users\ivanm\source\repos\myengine\engine\src\ecs\systems\PhysicsSystem.cpp,825,5873431836,4917793,17,
Physics::Step,C:\Users\ivanm\source\repos\myengine\engine\src\ecs\systems\PhysicsSystem.cpp,825,5891335741,6316100,17,
Physics::Step,C:\Users\ivanm\source\repos\myengine\engine\src\ecs\systems\PhysicsSystem.cpp,825,5910353262,5397754,17,
Physics::Step,C:\Users\ivanm\source\repos\myengine\engine\src\ecs\systems\PhysicsSystem.cpp,825,5929861787,7192767,17,
Physics::Step,C:\Users\ivanm\source\repos\myengine\engine\src\ecs\systems\PhysicsSystem.cpp,825,5950451367,6865030,17,
Physics::Step,C:\Users\ivanm\source\repos\myengine\engine\src\ecs\systems\PhysicsSystem.cpp,825,5957316558,5098013,17,
Physics::Step,C:\Users\ivanm\source\repos\myengine\engine\src\ecs\systems\PhysicsSystem.cpp,825,5978278235,5708705,17,
Physics::Step,C:\Users\ivanm\source\repos\myengine\engine\src\ecs\systems\PhysicsSystem.cpp,825,5999220006,5227932,17,
Physics::Step,C:\Users\ivanm\source\repos\myengine\engine\src\ecs\systems\PhysicsSystem.cpp,825,6017917880,5950449,17,
Physics::Step,C:\Users\ivanm\source\repos\myengine\engine\src\ecs\systems\PhysicsSystem.cpp,825,6023868860,5504306,17,
Physics::Step,C:\Users\ivanm\source\repos\myengine\engine\src\ecs\systems\PhysicsSystem.cpp,825,6042569007,5474504,17,
Physics::Step,C:\Users\ivanm\source\repos\myengine\engine\src\ecs\systems\PhysicsSystem.cpp,825,6061005568,5711018,17,
Physics::Step,C:\Users\ivanm\source\repos\myengine\engine\src\ecs\systems\PhysicsSystem.cpp,825,6079873685,5189908,17,
Physics::Step,C:\Users\ivanm\source\repos\myengine\engine\src\ecs\systems\PhysicsSystem.cpp,825,6097749645,5434448,17,
Physics::Step,C:\Users\ivanm\source\repos\myengine\engine\src\ecs\systems\PhysicsSystem.cpp,825,6116961836,6379795,17,
Physics::Step,C:\Users\ivanm\source\repos\myengine\engine\src\ecs\systems\PhysicsSystem.cpp,825,6135450185,6328545,17,
Physics::Step,C:\Users\ivanm\source\repos\myengine\engine\src\ecs\systems\PhysicsSystem.cpp,825,6141779372,5934854,17,
Physics::Step,C:\Users\ivanm\source\repos\myengine\engine\src\ecs\systems\PhysicsSystem.cpp,825,6160525299,5254546,17,
Physics::Step,C:\Users\ivanm\source\repos\myengine\engine\src\ecs\systems\PhysicsSystem.cpp,825,6178694762,5662091,17,
Physics::Step,C:\Users\ivanm\source\repos\myengine\engine\src\ecs\systems\PhysicsSystem.cpp,825,6198500894,7038256,17,
Physics::Step,C:\Users\ivanm\source\repos\myengine\engine\src\ecs\systems\PhysicsSystem.cpp,825,6218420222,6487793,17,
Physics::Step,C:\Users\ivanm\source\repos\myengine\engine\src\ecs\systems\PhysicsSystem.cpp,825,6224908175,5601334,17,
Physics::Step,C:\Users\ivanm\source\repos\myengine\engine\src\ecs\systems\PhysicsSystem.cpp,825,6243517423,5406931,17,
Physics::Step,C:\Users\ivanm\source\repos\myengine\engine\src\ecs\systems\PhysicsSystem.cpp,825,6262425555,5753790,17,
Physics::Step,C:\Users\ivanm\source\repos\myengine\engine\src\ecs\systems\PhysicsSystem.cpp,825,6282019752,6341689,17,
Physics::Step,C:\Users\ivanm\source\repos\myengine\engine\src\ecs\systems\PhysicsSystem.cpp,825,6301362722,5923911,17,
Physics::Step,C:\Users\ivanm\source\repos\myengine\engine\src\ecs\systems\PhysicsSystem.cpp,825,6307286893,6513408,17,
Physics::Step,C:\Users\ivanm\source\repos\myengine\engine\src\ecs\systems\PhysicsSystem.cpp,825,6326647560,5299176,17,
Physics::Step,C:\Users\ivanm\source\repos\myengine\engine\src\ecs\systems\PhysicsSystem.cpp,825,6344810215,5271407,17,
Physics::Step,C:\Users\ivanm\source\repos\myengine\engine\src\ecs\systems\PhysicsSystem.cpp,825,6363489857,5558124,17,
Physics::Step,C:\Users\ivanm\source\repos\myengine\engine\src\ecs\systems\PhysicsSystem.cpp,825,6381077074,5260972,17,
Physics::Step,C:\Users\ivanm\source\repos\myengine\engine\src\ecs\systems\PhysicsSystem.cpp,825,6399029799,5735085,17,
Physics::Step,C:\Users\ivanm\source\repos\myengine\engine\src\ecs\systems\PhysicsSystem.cpp,825,6417185101,5078837,17,
Physics::Step,C:\Users\ivanm\source\repos\myengine\engine\src\ecs\systems\PhysicsSystem.cpp,825,6422264008,5952939,17,
Physics::Step,C:\Users\ivanm\source\repos\myengine\engine\src\ecs\systems\PhysicsSystem.cpp,825,6441510003,5190550,17,
Physics::Step,C:\Users\ivanm\source\repos\myengine\engine\src\ecs\systems\PhysicsSystem.cpp,825,6459349975,5863954,17,
Physics::Step,C:\Users\ivanm\source\repos\myengine\engine\src\ecs\systems\PhysicsSystem.cpp,825,6478277258,4951886,17,
Physics::Step,C:\Users\ivanm\source\repos\myengine\engine\src\ecs\systems\PhysicsSystem.cpp,825,6496253559,5225110,17,
Physics::Step,C:\Users\ivanm\source\repos\myengine\engine\src\ecs\systems\PhysicsSystem.cpp,825,6513827128,5179760,17,
Physics::Step,C:\Users\ivanm\source\repos\myengine\engine\src\ecs\systems\PhysicsSystem.cpp,825,6531697419,6264976,17,
Physics::Step,C:\Users\ivanm\source\repos\myengine\engine\src\ecs\systems\PhysicsSystem.cpp,825,6550235191,5338316,17,
Physics::Step,C:\Users\ivanm\source\repos\myengine\engine\src\ecs\systems\PhysicsSystem.cpp,825,6567649439,6132110,17,
Physics::Step,C:\Users\ivanm\source\repos\myengine\engine\src\ecs\systems\PhysicsSystem.cpp,825,6573781769,5186692,17,
Physics::Step,C:\Users\ivanm\source\repos\myengine\engine\src\ecs\systems\PhysicsSystem.cpp,825,6591050084,6498947,17,
Physics::Step,C:\Users\ivanm\source\repos\myengine\engine\src\ecs\systems\PhysicsSystem.cpp,825,6611592694,5274777,17,
Physics::Step,C:\Users\ivanm\source\repos\myengine\engine\src\ecs\systems\PhysicsSystem.cpp,825,6630107075,5398515,17,
Physics::Step,C:\Users\ivanm\source\repos\myengine\engine\src\ecs\systems\PhysicsSystem.cpp,825,6649061997,5752421,17,
Physics::Step,C:\Users\ivanm\source\repos\myengine\engine\src\ecs\systems\PhysicsSystem.cpp,825,6667013654,5144208,17,
Physics::Step,C:\Users\ivanm\source\repos\myengine\engine\src\ecs\systems\PhysicsSystem.cpp,825,6672158112,5543634,17,
Physics::Step,C:\Users\ivanm\source\repos\myengine\engine\src\ecs\systems\PhysicsSystem.cpp,825,6691041371,5627430,17,
Physics::Step,C:\Users\ivanm\source\repos\myengine\engine\src\ecs\systems\PhysicsSystem.cpp,825,6709795638,5282824,17,
Physics::Step,C:\Users\ivanm\source\repos\myengine\engine\src\ecs\systems\PhysicsSystem.cpp,825,6728283523,5197433,17,
Physics::Step,C:\Users\ivanm\source\repos\myengine\engine\src\ecs\systems\PhysicsSystem.cpp,825,6745886384,5255232,17,
Physics::Step,C:\Users\ivanm\source\repos\myengine\engine\src\ecs\systems\PhysicsSystem.cpp,825,6763618781,5377510,17,
Physics::Step,C:\Users\ivanm\source\repos\myengine\engine\src\ecs\systems\PhysicsSystem.cpp,825,6781131576,6025042,17,
Physics::Step,C:\Users\ivanm\source\repos\myengine\engine\src\ecs\systems\PhysicsSystem.cpp,825,6799139532,5380105,17,
Physics::Step,C:\Users\ivanm\source\repos\myengine\engine\src\ecs\systems\PhysicsSystem.cpp,825,6817195840,6307333,17,
Physics::Step,C:\Users\ivanm\source\repos\myengine\engine\src\ecs\systems\PhysicsSystem.cpp,825,6823503233,4610647,17,
Physics::Step,C:\Users\ivanm\source\repos\myengine\engine\src\ecs\systems\PhysicsSystem.cpp,825,6840302956,5862433,17,
Physics::Step,C:\Users\ivanm\source\repos\myengine\engine\src\ecs\systems\PhysicsSystem.cpp,825,6858495914,5310488,17,
Physics::Step,C:\Users\ivanm\source\repos\myengine\engine\src\ecs\systems\PhysicsSystem.cpp,825,6876287704,5399374,17,
Physics::Step,C:\Users\ivanm\source\repos\myengine\engine\src\ecs\systems\PhysicsSystem.cpp,825,6894601214,5056394,17,
Physics::Step,C:\Users\ivanm\source\repos\myengine\engine\src\ecs\systems\PhysicsSystem.cpp,825,6913193215,5306390,17,
Physics::Step,C:\Users\ivanm\source\repos\myengine\engine\src\ecs\systems\PhysicsSystem.cpp,825,6930576328,5108110,17,
Physics::Step,C:\Users\ivanm\source\repos\myengine\engine\src\ecs\systems\PhysicsSystem.cpp,825,6948603839,6154259,17,
Physics::Step,C:\Users\ivanm\source\repos\myengine\engine\src\ecs\systems\PhysicsSystem.cpp,825,6966746443,5349131,17,
Physics::Step,C:\Users\ivanm\source\repos\myengine\engine\src\ecs\systems\PhysicsSystem.cpp,825,6984565835,6428541,17,
Physics::Step,C:\Users\ivanm\source\repos\myengine\engine\src\ecs\systems\PhysicsSystem.cpp,825,6990994467,4617499,17,
Physics::Step,C:\Users\ivanm\source\repos\myengine\engine\src\ecs\systems\PhysicsSystem.cpp,825,7008705182,5844243,17,
Physics::Step,C:\Users\ivanm\source\repos\myengine\engine\src\ecs\systems\PhysicsSystem.cpp,825,7027606823,5343743,17,
Physics::Step,C:\Users\ivanm\source\repos\myengine\engine\src\ecs\systems\PhysicsSystem.cpp,825,7045582134,5859244,17,
Physics::Step,C:\Users\ivanm\source\repos\myengine\engine\src\ecs\systems\PhysicsSystem.cpp,825,7065392706,5794414,17,
Physics::Step,C:\Users\ivanm\source\repos\myengine\engine\src\ecs\systems\PhysicsSystem.cpp,825,7083473201,5364464,17,
Physics::Step,C:\Users\ivanm\source\repos\myengine\engine\src\ecs\systems\PhysicsSystem.cpp,825,7101826091,6951948,17,
Physics::Step,C:\Users\ivanm\source\repos\myengine\engine\src\ecs\systems\PhysicsSystem.cpp,825,7108778360,6029285,17,
Physics::Step,C:\Users\ivanm\source\repos\myengine\engine\src\ecs\systems\PhysicsSystem.cpp,825,7127881694,5200348,17,
Physics::Step,C:\Users\ivanm\source\repos\myengine\engine\src\ecs\systems\PhysicsSystem.cpp,825,7146795448,5199626,17,
Physics::Step,C:\Users\ivanm\source\repos\myengine\engine\src\ecs\systems\PhysicsSystem.cpp,825,7164164423,5427210,17,
Physics::Step,C:\Users\ivanm\source\repos\myengine\engine\src\ecs\systems\PhysicsSystem.cpp,825,7181769796,5047457,17,
Physics::Step,C:\Users\ivanm\source\repos\myengine\engine\src\ecs\systems\PhysicsSystem.cpp,825,7198888484,5545837,17,
Physics::Step,C:\Users\ivanm\source\repos\myengine\engine\src\ecs\systems\PhysicsSystem.cpp,825,7217037846,5837742,17,
Physics::Step,C:\Users\ivanm\source\repos\myengine\engine\src\ecs\systems\PhysicsSystem.cpp,825,7222875698,5259449,17,
Physics::Step,C:\Users\ivanm\source\repos\myengine\engine\src\ecs\systems\PhysicsSystem.cpp,825,7240692674,5218803,17,
Physics::Step,C:\Users\ivanm\source\repos\myengine\engine\src\ecs\systems\PhysicsSystem.cpp,825,7258012717,5754334,17,
Physics::Step,C:\Users\ivanm\source\repos\myengine\engine\src\ecs\systems\PhysicsSystem.cpp,825,7276871358,5224389,17,
Physics::Step,C:\Users\ivanm\source\repos\myengine\engine\src\ecs\systems\PhysicsSystem.cpp,825,7295073413,6000725,17,
Physics::Step,C:\Users\ivanm\source\repos\myengine\engine\src\ecs\systems\PhysicsSystem.cpp,825,7314783436,5542028,17,
Physics::Step,C:\Users\ivanm\source\repos\myengine\engine\src\ecs\systems\PhysicsSystem.cpp,825,7333212427,5148791,17,
Physics::Step,C:\Users\ivanm\source\repos\myengine\engine\src\ecs\systems\PhysicsSystem.cpp,825,7351206779,6252298,17,
Physics::Step,C:\Users\ivanm\source\repos\myengine\engine\src\ecs\systems\PhysicsSystem.cpp,825,7357459268,5301313,17,
Physics::Step,C:\Users\ivanm\source\repos\myengine\engine\src\ecs\systems\PhysicsSystem.cpp,825,7375493382,5035483,17,
Physics::Step,C:\Users\ivanm\source\repos\myengine\engine\src\ecs\systems\PhysicsSystem.cpp,825,7393859032,5437474,17,
Physics::Step,C:\Users\ivanm\source\repos\myengine\engine\src\ecs\systems\PhysicsSystem.cpp,825,7412375525,5675738,17,
Physics::Step,C:\Users\ivanm\source\repos\myengine\engine\src\ecs\systems\PhysicsSystem.cpp,825,7431375926,5388594,17,
Physics::Step,C:\Users\ivanm\source\repos\myengine\engine\src\ecs\systems\PhysicsSystem.cpp,825,7450108613,6127812,17,
Physics::Step,C:\Users\ivanm\source\repos\myengine\engine\src\ecs\systems\PhysicsSystem.cpp,825,7468099351,6696723,17,
Physics::Step,C:\Users\ivanm\source\repos\myengine\engine\src\ecs\systems\PhysicsSystem.cpp,825,7474796395,5406635,17,
Physics::Step,C:\Users\ivanm\source\repos\myengine\engine\src\ecs\systems\PhysicsSystem.cpp,825,7492572690,5393090,17,
Physics::Step,C:\Users\ivanm\source\repos\myengine\engine\src\ecs\systems\PhysicsSystem.cpp,825,7510505182,5705104,17,
Physics::Step,C:\Users\ivanm\source\repos\myengine\engine\src\ecs\systems\PhysicsSystem.cpp,825,7528747501,5100451,17,
Physics::Step,C:\Users\ivanm\source\repos\myengine\engine\src\ecs\systems\PhysicsSystem.cpp,825,7546836829,5681924,17,
Physics::Step,C:\Users\ivanm\source\repos\myengine\engine\src\ecs\systems\PhysicsSystem.cpp,825,7565655161,5541548,17,
Physics::Step,C:\Users\ivanm\source\repos\myengine\engine\src\ecs\systems\PhysicsSystem.cpp,825,7583330381,5074283,17,
Physics::Step,C:\Users\ivanm\source\repos\myengine\engine\src\ecs\systems\PhysicsSystem.cpp,825,7601002999,6051111,17,
Physics::Step,C:\Users\ivanm\source\repos\myengine\engine\src\ecs\systems\PhysicsSystem.cpp,825,7607054420,5191812,17,
Physics::Step,C:\Users\ivanm\source\repos\myengine\engine\src\ecs\systems\PhysicsSystem.cpp,825,7626102880,5401870,17,
Physics::Step,C:\Users\ivanm\source\repos\myengine\engine\src\ecs\systems\PhysicsSystem.cpp,825,7645267169,5893056,17,
Physics::Step,C:\Users\ivanm\source\repos\myengine\engine\src\ecs\systems\PhysicsSystem.cpp,825,7664310409,5270571,17,
Physics::Step,C:\Users\ivanm\source\repos\myengine\engine\src\ecs\systems\PhysicsSystem.cpp,825,7682104483,5335302,17,
Physics::Step,C:\Users\ivanm\source\repos\myengine\engine\src\ecs\systems\PhysicsSystem.cpp,825,7699135904,5770903,17,
Physics::Step,C:\Users\ivanm\source\repos\myengine\engine\src\ecs\systems\PhysicsSystem.cpp,825,7717018319,5744233,17,
Physics::Step,C:\Users\ivanm\source\repos\myengine\engine\src\ecs\systems\PhysicsSystem.cpp,825,7722762692,5159029,17,
Physics::Step,C:\Users\ivanm\source\repos\myengine\engine\src\ecs\systems\PhysicsSystem.cpp,825,7741049031,5002393,17,
Physics::Step,C:\Users\ivanm\source\repos\myengine\engine\src\ecs\systems\PhysicsSystem.cpp,825,7758555319,7996792,17,
Physics::Step,C:\Users\ivanm\source\repos\myengine\engine\src\ecs\systems\PhysicsSystem.cpp,825,7780841485,5601731,17,
Physics::Step,C:\Users\ivanm\source\repos\myengine\engine\src\ecs\systems\PhysicsSystem.cpp,825,7798814269,5255643,17,
Physics::Step,C:\Users\ivanm\source\repos\myengine\engine\src\ecs\systems\PhysicsSystem.cpp,825,7816782615,6452699,17,
Physics::Step,C:\Users\ivanm\source\repos\myengine\engine\src\ecs\systems\PhysicsSystem.cpp,825,7835004242,5338085,17,
Physics::Step,C:\Users\ivanm\source\repos\myengine\engine\src\ecs\systems\PhysicsSystem.cpp,825,7840342738,5303433,17,
Physics::Step,C:\Users\ivanm\source\repos\myengine\engine\src\ecs\systems\PhysicsSystem.cpp,825,7858845930,5084017,17,
Physics::Step,C:\Users\ivanm\source\repos\myengine\engine\src\ecs\systems\PhysicsSystem.cpp,825,7877009978,4994226,17,
Physics::Step,C:\Users\ivanm\source\repos\myengine\engine\src\ecs\systems\PhysicsSystem.cpp,825,7895068284,5206721,17,
Physics::Step,C:\Users\ivanm\source\repos\myengine\engine\src\ecs\systems\PhysicsSystem.cpp,825,7912837752,5342478,17,
Physics::Step,C:\Users\ivanm\source\repos\myengine\engine\src\ecs\systems\PhysicsSystem.cpp,825,7930936475,5166917,17,
Physics::Step,C:\Users\ivanm\source\repos\myengine\engine\src\ecs\systems\PhysicsSystem.cpp,825,7948715724,6287274,17,
Physics::Step,C:\Users\ivanm\source\repos\myengine\engine\src\ecs\systems\PhysicsSystem.cpp,825,7967111492,5726963,17,
Physics::Step,C:\Users\ivanm\source\repos\myengine\engine\src\ecs\systems\PhysicsSystem.cpp,825,7972838565,6417637,17,
Physics::Step,C:\Users\ivanm\source\repos\myengine\engine\src\ecs\systems\PhysicsSystem.cpp,825,7992790106,5544968,17,
Physics::Step,C:\Users\ivanm\source\repos\myengine\engine\src\ecs\systems\PhysicsSystem.cpp,825,8011414774,5363600,17,
Physics::Step,C:\Users\ivanm\source\repos\myengine\engine\src\ecs\systems\PhysicsSystem.cpp,825,8028876668,5412181,17,
Physics::Step,C:\Users\ivanm\source\repos\myengine\engine\src\ecs\systems\PhysicsSystem.cpp,825,8046616704,5219059,17,
Physics::Step,C:\Users\ivanm\source\repos\myengine\engine\src\ecs\systems\PhysicsSystem.cpp,825,8065970640,6463559,17,
Physics::Step,C:\Users\ivanm\source\repos\myengine\engine\src\ecs\systems\PhysicsSystem.cpp,825,8084555157,5147044,17,
Physics::Step,C:\Users\ivanm\source\repos\myengine\engine\src\ecs\systems\PhysicsSystem.cpp,825,8089702371,5976924,17,
Physics::Step,C:\Users\ivanm\source\repos\myengine\engine\src\ecs\systems\PhysicsSystem.cpp,825,8109840201,5507135,17,
Physics::Step,C:\Users\ivanm\source\repos\myengine\engine\src\ecs\systems\PhysicsSystem.cpp,825,8129016347,5304944,17,
Physics::Step,C:\Users\ivanm\source\repos\myengine\engine\src\ecs\systems\PhysicsSystem.cpp,825,8147129016,5411279,17,
Physics::Step,C:\Users\ivanm\source\repos\myengine\engine\src\ecs\systems\PhysicsSystem.cpp,825,8165789838,5001541,17,
Physics::Step,C:\Users\ivanm\source\repos\myengine\engine\src\ecs\systems\PhysicsSystem.cpp,825,8183949509,5789869,17,
Physics::Step,C:\Users\ivanm\source\repos\myengine\engine\src\ecs\systems\PhysicsSystem.cpp,825,8189739568,5853220,17,
Physics::Step,C:\Users\ivanm\source\repos\myengine\engine\src\ecs\systems\PhysicsSystem.cpp,825,8209259815,5075116,17,
Physics::Step,C:\Users\ivanm\source\repos\myengine\engine\src\ecs\systems\PhysicsSystem.cpp,825,8227727046,4998053,17,
Physics::Step,C:\Users\ivanm\source\repos\myengine\engine\src\ecs\systems\PhysicsSystem.cpp,825,8244863440,5515444,17,
Physics::Step,C:\Users\ivanm\source\repos\myengine\engine\src\ecs\systems\PhysicsSystem.cpp,825,8264062683,6140617,17,
Physics::Step,C:\Users\ivanm\source\repos\myengine\engine\src\ecs\systems\PhysicsSystem.cpp,825,8284618761,6651451,17,
Physics::Step,C:\Users\ivanm\source\repos\myengine\engine\src\ecs\systems\PhysicsSystem.cpp,825,8291270433,5951686,17,
Physics::Step,C:\Users\ivanm\source\repos\myengine\engine\src\ecs\systems\PhysicsSystem.cpp,825,8312693868,6059973,17,
Physics::Step,C:\Users\ivanm\source\repos\myengine\engine\src\ecs\systems\PhysicsSystem.cpp,825,8334683039,5437068,17,
Physics::Step,C:\Users\ivanm\source\repos\myengine\engine\src\ecs\systems\PhysicsSystem.cpp,825,8340120257,7143077,17,
Physics::Step,C:\Users\ivanm\source\repos\myengine\engine\src\ecs\systems\PhysicsSystem.cpp,825,8362338140,5745898,17,
Physics::Step,C:\Users\ivanm\source\repos\myengine\engine\src\ecs\systems\PhysicsSystem.cpp,825,8381640883,5552195,17,
Physics::Step,C:\Users\ivanm\source\repos\myengine\engine\src\ecs\systems\PhysicsSystem.cpp,825,8401440468,7285936,17,
Physics::Step,C:\Users\ivanm\source\repos\myengine\engine\src\ecs\systems\PhysicsSystem.cpp,825,8408726695,5379258,17,
Physics::Step,C:\Users\ivanm\source\repos\myengine\engine\src\ecs\systems\PhysicsSystem.cpp,825,8429724321,5962750,17,
Physics::Step,C:\Users\ivanm\source\repos\myengine\engine\src\ecs\systems\PhysicsSystem.cpp,825,8450291410,6794019,17,
Physics::Step,C:\Users\ivanm\source\repos\myengine\engine\src\ecs\systems\PhysicsSystem.cpp,825,8470185848,7121511,17,
Physics::Step,C:\Users\ivanm\source\repos\myengine\engine\src\ecs\systems\PhysicsSystem.cpp,825,8477307510,5149616,17,
Physics::Step,C:\Users\ivanm\source\repos\myengine\engine\src\ecs\systems\PhysicsSystem.cpp,825,8496779765,6975841,17,
Physics::Step,C:\Users\ivanm\source\repos\myengine\engine\src\ecs\systems\PhysicsSystem.cpp,825,8522009196,8461359,17,
Physics::Step,C:\Users\ivanm\source\repos\myengine\engine\src\ecs\systems\PhysicsSystem.cpp,825,8530470765,5925609,17,
Physics::Step,C:\Users\ivanm\source\repos\myengine\engine\src\ecs\systems\PhysicsSystem.cpp,825,8549869377,5825792,17,
Physics::Step,C:\Users\ivanm\source\repos\myengine\engine\src\ecs\systems\PhysicsSystem.cpp,825,8570183097,6001361,17,
Physics::Step,C:\Users\ivanm\source\repos\myengine\engine\src\ecs\systems\PhysicsSystem.cpp,825,8576184628,5820367,17,
Physics::Step,C:\Users\ivanm\source\repos\myengine\engine\src\ecs\systems\PhysicsSystem.cpp,825,8595614072,5620938,17,
Physics::Step,C:\Users\ivanm\source\repos\myengine\engine\src\ecs\systems\PhysicsSystem.cpp,825,8615428087,6917579,17,
Physics::Step,C:\Users\ivanm\source\repos\myengine\engine\src\ecs\systems\PhysicsSystem.cpp,825,8636094248,6835829,17,
Physics::Step,C:\Users\ivanm\source\repos\myengine\engine\src\ecs\systems\PhysicsSystem.cpp,825,8642930248,5663161,17,
Physics::Step,C:\Users\ivanm\source\repos\myengine\engine\src\ecs\systems\PhysicsSystem.cpp,825,8662254114,6042299,17,
Physics::Step,C:\Users\ivanm\source\repos\myengine\engine\src\ecs\systems\PhysicsSystem.cpp,825,8684412367,6282133,17,
Physics::Step,C:\Users\ivanm\source\repos\myengine\engine\src\ecs\systems\PhysicsSystem.cpp,825,8690694751,5968063,17,
Physics::Step,C:\Users\ivanm\source\repos\myengine\engine\src\ecs\systems\PhysicsSystem.cpp,825,8711547747,5992400,17,
Physics::Step,C:\Users\ivanm\source\repos\myengine\engine\src\ecs\systems\PhysicsSystem.cpp,825,8732035268,7312960,17,
Physics::Step,C:\Users\ivanm\source\repos\myengine\engine\src\ecs\systems\PhysicsSystem.cpp,825,8753791897,6364080,17,
Physics::Step,C:\Users\ivanm\source\repos\myengine\engine\src\ecs\systems\PhysicsSystem.cpp,825,8760156198,6328373,17,
Physics::Step,C:\Users\ivanm\source\repos\myengine\engine\src\ecs\systems\PhysicsSystem.cpp,825,8780607963,6018917,17,
Physics::Step,C:\Users\ivanm\source\repos\myengine\engine\src\ecs\systems\PhysicsSystem.cpp,825,8799783377,5837439,17,
Physics::Step,C:\Users\ivanm\source\repos\myengine\engine\src\ecs\systems\PhysicsSystem.cpp,825,8819075229,6997465,17,
Physics::Step,C:\Users\ivanm\source\repos\myengine\engine\src\ecs\systems\PhysicsSystem.cpp,825,8826073065,6241237,17,
Physics::Step,C:\Users\ivanm\source\repos\myengine\engine\src\ecs\systems\PhysicsSystem.cpp,825,8847354410,6166039,17,
Physics::Step,C:\Users\ivanm\source\repos\myengine\engine\src\ecs\systems\PhysicsSystem.cpp,825,8869248274,6548538,17,
Physics::Step,C:\Users\ivanm\source\repos\myengine\engine\src\ecs\systems\PhysicsSystem.cpp,825,8875796972,6326439,17,
Physics::Step,C:\Users\ivanm\source\repos\myengine\engine\src\ecs\systems\PhysicsSystem.cpp,825,8896881823,5951878,17,
Physics::Step,C:\Users\ivanm\source\repos\myengine\engine\src\ecs\systems\PhysicsSystem.cpp,825,8917826819,5793135,17,
Physics::Step,C:\Users\ivanm\source\repos\myengine\engine\src\ecs\systems\PhysicsSystem.cpp,825,8923620215,6267006,17,
Physics::Step,C:\Users\ivanm\source\repos\myengine\engine\src\ecs\systems\PhysicsSystem.cpp,825,8944081801,6255902,17,
Physics::Step,C:\Users\ivanm\source\repos\myengine\engine\src\ecs\systems\PhysicsSystem.cpp,825,8965502099,5778649,17,
Physics::Step,C:\Users\ivanm\source\repos\myengine\engine\src\ecs\systems\PhysicsSystem.cpp,825,8986944201,6121088,17,
Physics::Step,C:\Users\ivanm\source\repos\myengine\engine\src\ecs\systems\PhysicsSystem.cpp,825,8993065469,5818675,17,
Physics::Step,C:\Users\ivanm\source\repos\myengine\engine\src\ecs\systems\PhysicsSystem.cpp,825,9012585376,5310568,17,
Physics::Step,C:\Users\ivanm\source\repos\myengine\engine\src\ecs\systems\PhysicsSystem.cpp,825,9032520411,6644383,17,
Physics::Step,C:\Users\ivanm\source\repos\myengine\engine\src\ecs\systems\PhysicsSystem.cpp,825,9052039946,6846954,17,
Physics::Step,C:\Users\ivanm\source\repos\myengine\engine\src\ecs\systems\PhysicsSystem.cpp,825,9058888303,6505836,17,
Physics::Step,C:\Users\ivanm\source\repos\myengine\engine\src\ecs\systems\PhysicsSystem.cpp,825,9079480032,5577364,17,
Physics::Step,C:\Users\ivanm\source\repos\myengine\engine\src\ecs\systems\PhysicsSystem.cpp,825,9098847196,5797071,17,
Physics::Step,C:\Users\ivanm\source\repos\myengine\engine\src\ecs\systems\PhysicsSystem.cpp,825,9118237814,6411391,17,
Physics::Step,C:\Users\ivanm\source\repos\myengine\engine\src\ecs\systems\PhysicsSystem.cpp,825,9124649465,6407457,17,
Physics::Step,C:\Users\ivanm\source\repos\myengine\engine\src\ecs\systems\PhysicsSystem.cpp,825,9144683702,5865513,17,
Physics::Step,C:\Users\ivanm\source\repos\myengine\engine\src\ecs\systems\PhysicsSystem.cpp,825,9165763955,6363507,17,
Physics::Step,C:\Users\ivanm\source\repos\myengine\engine\src\ecs\systems\PhysicsSystem.cpp,825,9187549506,6384710,17,
Physics::Step,C:\Users\ivanm\source\repos\myengine\engine\src\ecs\systems\PhysicsSystem.cpp,825,9193934467,6084051,17,
Physics::Step,C:\Users\ivanm\source\repos\myengine\engine\src\ecs\systems\PhysicsSystem.cpp,825,9215599002,6448573,17,
Physics::Step,C:\Users\ivanm\source\repos\myengine\engine\src\ecs\systems\PhysicsSystem.cpp,825,9240884001,6149473,17,
Physics::Step,C:\Users\ivanm\source\repos\myengine\engine\src\ecs\systems\PhysicsSystem.cpp,825,9247033654,6022602,17,
Physics::Step,C:\Users\ivanm\source\repos\myengine\engine\src\ecs\systems\PhysicsSystem.cpp,825,9266417127,5765673,17,
Physics::Step,C:\Users\ivanm\source\repos\myengine\engine\src\ecs\systems\PhysicsSystem.cpp,825,9285191305,5824969,17,
Physics::Step,C:\Users\ivanm\source\repos\myengine\engine\src\ecs\systems\PhysicsSystem.cpp,825,9291016344,4652747,17,
Physics::Step,C:\Users\ivanm\source\repos\myengine\engine\src\ecs\systems\PhysicsSystem.cpp,825,9308548731,5745445,17,
Physics::Step,C:\Users\ivanm\source\repos\myengine\engine\src\ecs\systems\PhysicsSystem.cpp,825,9327389355,5836207,17,
Physics::Step,C:\Users\ivanm\source\repos\myengine\engine\src\ecs\systems\PhysicsSystem.cpp,825,9346270163,5083909,17,
Physics::Step,C:\Users\ivanm\source\repos\myengine\engine\src\ecs\systems\PhysicsSystem.cpp,825,9364874029,5856105,17,
Physics::Step,C:\Users\ivanm\source\repos\myengine\engine\src\ecs\systems\PhysicsSystem.cpp,825,9382728238,5285477,17,
Physics::Step,C:\Users\ivanm\source\repos\myengine\engine\src\ecs\systems\PhysicsSystem.cpp,825,9401086583,5916693,17,
Physics::Step,C:\Users\ivanm\source\repos\myengine\engine\src\ecs\systems\PhysicsSystem.cpp,825,9407003427,4944832,17,
Physics::Step,C:\Users\ivanm\source\repos\myengine\engine\src\ecs\systems\PhysicsSystem.cpp,825,9424140782,6080181,17,
Physics::Step,C:\Users\ivanm\source\repos\myengine\engine\src\ecs\systems\PhysicsSystem.cpp,825,9443372931,4919213,17,
Physics::Step,C:\Users\ivanm\source\repos\myengine\engine\src\ecs\systems\PhysicsSystem.cpp,825,9461795420,5213502,17,
Physics::Step,C:\Users\ivanm\source\repos\myengine\engine\src\ecs\systems\PhysicsSystem.cpp,825,9479060107,5010037,17,
Physics::Step,C:\Users\ivanm\source\repos\myengine\engine\src\ecs\systems\PhysicsSystem.cpp,825,9497407023,5448149,17,
Physics::Step,C:\Users\ivanm\source\repos\myengine\engine\src\ecs\systems\PhysicsSystem.cpp,825,9514917497,5178287,17,
Physics::Step,C:\Users\ivanm\source\repos\myengine\engine\src\ecs\systems\PhysicsSystem.cpp,825,9532755595,6459653,17,
Physics::Step,C:\Users\ivanm\source\repos\myengine\engine\src\ecs\systems\PhysicsSystem.cpp,825,9551299917,5489176,17,
Physics::Step,C:\Users\ivanm\source\repos\myengine\engine\src\ecs\systems\PhysicsSystem.cpp,825,9556789384,5059852,17,
Physics::Step,C:\Users\ivanm\source\repos\myengine\engine\src\ecs\systems\PhysicsSystem.cpp,825,9575258677,5065878,17,
Physics::Step,C:\Users\ivanm\source\repos\myengine\engine\src\ecs\systems\PhysicsSystem.cpp,825,9593226498,6186112,17,
Physics::Step,C:\Users\ivanm\source\repos\myengine\engine\src\ecs\systems\PhysicsSystem.cpp,825,9612186819,5198975,17,
Physics::Step,C:\Users\ivanm\source\repos\myengine\engine\src\ecs\systems\PhysicsSystem.cpp,825,9630153672,5415788,17,
Physics::Step,C:\Users\ivanm\source\repos\myengine\engine\src\ecs\systems\PhysicsSystem.cpp,825,9648487403,5392573,17,
Physics::Step,C:\Users\ivanm\source\repos\myengine\engine\src\ecs\systems\PhysicsSystem.cpp,825,9666089973,5313393,17,
Physics::Step,C:\Users\ivanm\source\repos\myengine\engine\src\ecs\systems\PhysicsSystem.cpp,825,9684215106,5745763,17,
Physics::Step,C:\Users\ivanm\source\repos\myengine\engine\src\ecs\systems\PhysicsSystem.cpp,825,9689961009,5245306,17,
Physics::Step,C:\Users\ivanm\source\repos\myengine\engine\src\ecs\systems\PhysicsSystem.cpp,825,9708686397,5218127,17,
Physics::Step,C:\Users\ivanm\source\repos\myengine\engine\src\ecs\systems\PhysicsSystem.cpp,825,9726225251,5606816,17,
Physics::Step,C:\Users\ivanm\source\repos\myengine\engine\src\ecs\systems\PhysicsSystem.cpp,825,9744994094,5223332,17,
Physics::Step,C:\Users\ivanm\source\repos\myengine\engine\src\ecs\systems\PhysicsSystem.cpp,825,9763778521,5404230,17,
Physics::Step,C:\Users\ivanm\source\repos\myengine\engine\src\ecs\systems\PhysicsSystem.cpp,825,9781697177,6533954,17,
Physics::Step,C:\Users\ivanm\source\repos\myengine\engine\src\ecs\systems\PhysicsSystem.cpp,825,9800121089,5377610,17,
Physics::Step,C:\Users\ivanm\source\repos\myengine\engine\src\ecs\systems\PhysicsSystem.cpp,825,9818092446,6483147,17,
Physics::Step,C:\Users\ivanm\source\repos\myengine\engine\src\ecs\systems\PhysicsSystem.cpp,825,9824575663,5005447,17,
Physics::Step,C:\Users\ivanm\source\repos\myengine\engine\src\ecs\systems\PhysicsSystem.cpp,825,9842779576,5784619,17,
Physics::Step,C:\Users\ivanm\source\repos\myengine\engine\src\ecs\systems\PhysicsSystem.cpp,825,9860999139,5156100,17,
Physics::Step,C:\Users\ivanm\source\repos\myengine\engine\src\ecs\systems\PhysicsSystem.cpp,825,9879416595,5208804,17,
Physics::Step,C:\Users\ivanm\source\repos\myengine\engine\src\ecs\systems\PhysicsSystem.cpp,825,9897146427,5265507,17,
Physics::Step,C:\Users\ivanm\source\repos\myengine\engine\src\ecs\systems\PhysicsSystem.cpp,825,9914407673,5249181,17,
Physics::Step,C:\Users\ivanm\source\repos\myengine\engine\src\ecs\systems\PhysicsSystem.cpp,825,9932759768,6582075,17,
Physics::Step,C:\Users\ivanm\source\repos\myengine\engine\src\ecs\systems\PhysicsSystem.cpp,825,9951860306,5833974,17,
Physics::Step,C:\Users\ivanm\source\repos\myengine\engine\src\ecs\systems\PhysicsSystem.cpp,825,9957694420,4676432,17,
Physics::Step,C:\Users\ivanm\source\repos\myengine\engine\src\ecs\systems\PhysicsSystem.cpp,825,9974934841,6185762,17,
Physics::Step,C:\Users\ivanm\source\repos\myengine\engine\src\ecs\systems\PhysicsSystem.cpp,825,9993850288,5219589,17,
Physics::Step,C:\Users\ivanm\source\repos\myengine\engine\src\ecs\systems\PhysicsSystem.cpp,825,10012197749,5165001,17,
Physics::Step,C:\Users\ivanm\source\repos\myengine\engine\src\ecs\systems\PhysicsSystem.cpp,825,10030107132,6149666,17,
Physics::Step,C:\Users\ivanm\source\repos\myengine\engine\src\ecs\systems\PhysicsSystem.cpp,825,10048928540,5047187,17,
Physics::Step,C:\Users\ivanm\source\repos\myengine\engine\src\ecs\systems\PhysicsSystem.cpp,825,10067222916,6595165,17,
Physics::Step,C:\Users\ivanm\source\repos\myengine\engine\src\ecs\systems\PhysicsSystem.cpp,825,10073818222,5205783,17,
Physics::Step,C:\Users\ivanm\source\repos\myengine\engine\src\ecs\systems\PhysicsSystem.cpp,825,10090784437,7846672,17,
Physics::Step,C:\Users\ivanm\source\repos\myengine\engine\src\ecs\systems\PhysicsSystem.cpp,825,10112068068,5300081,17,
Physics::Step,C:\Users\ivanm\source\repos\myengine\engine\src\ecs\systems\PhysicsSystem.cpp,825,10129687794,5257487,17,
Physics::Step,C:\Users\ivanm\source\repos\myengine\engine\src\ecs\systems\PhysicsSystem.cpp,825,10148073824,5641226,17,
Physics::Step,C:\Users\ivanm\source\repos\myengine\engine\src\ecs\systems\PhysicsSystem.cpp,825,10165773408,5116058,17,
Physics::Step,C:\Users\ivanm\source\repos\myengine\engine\src\ecs\systems\PhysicsSystem.cpp,825,10184046694,5490635,17,
Physics::Step,C:\Users\ivanm\source\repos\myengine\engine\src\ecs\systems\PhysicsSystem.cpp,825,10189537469,5058368,17,
Physics::Step,C:\Users\ivanm\source\repos\myengine\engine\src\ecs\systems\PhysicsSystem.cpp,825,10207712959,5041350,17,
Physics::Step,C:\Users\ivanm\source\repos\myengine\engine\src\ecs\systems\PhysicsSystem.cpp,825,10226369789,5436036,17,
Physics::Step,C:\Users\ivanm\source\repos\myengine\engine\src\ecs\systems\PhysicsSystem.cpp,825,10245796848,5510578,17,
Physics::Step,C:\Users\ivanm\source\repos\myengine\engine\src\ecs\systems\PhysicsSystem.cpp,825,10264252740,5343485,17,
Physics::Step,C:\Users\ivanm\source\repos\myengine\engine\src\ecs\systems\PhysicsSystem.cpp,825,10281996714,6141433,17,
Physics::Step,C:\Users\ivanm\source\repos\myengine\engine\src\ecs\systems\PhysicsSystem.cpp,825,10300269844,5242228,17,
Physics::Step,C:\Users\ivanm\source\repos\myengine\engine\src\ecs\systems\PhysicsSystem.cpp,825,10305512152,5839190,17,
Physics::Step,C:\Users\ivanm\source\repos\myengine\engine\src\ecs\systems\PhysicsSystem.cpp,825,10325578076,5212011,17,
Physics::Step,C:\Users\ivanm\source\repos\myengine\engine\src\ecs\systems\PhysicsSystem.cpp,825,10344537026,5390897,17,
Physics::Step,C:\Users\ivanm\source\repos\myengine\engine\src\ecs\systems\PhysicsSystem.cpp,825,10362783788,5282534,17,
Physics::Step,C:\Users\ivanm\source\repos\myengine\engine\src\ecs\systems\PhysicsSystem.cpp,825,10380177831,5043704,17,
Physics::Step,C:\Users\ivanm\source\repos\myengine\engine\src\ecs\systems\PhysicsSystem.cpp,825,10398061619,5327761,17,
Physics::Step,C:\Users\ivanm\source\repos\myengine\engine\src\ecs\systems\PhysicsSystem.cpp,825,10415367034,5653089,17,
Physics::Step,C:\Users\ivanm\source\repos\myengine\engine\src\ecs\systems\PhysicsSystem.cpp,825,10434496688,6056637,17,
Physics::Step,C:\Users\ivanm\source\repos\myengine\engine\src\ecs\systems\PhysicsSystem.cpp,825,10440553395,5308273,17,
Physics::Step,C:\Users\ivanm\source\repos\myengine\engine\src\ecs\systems\PhysicsSystem.cpp,825,10458521650,5327901,17,
Physics::Step,C:\Users\ivanm\source\repos\myengine\engine\src\ecs\systems\PhysicsSystem.cpp,825,10476962032,5286091,17,
Physics::Step,C:\Users\ivanm\source\repos\myengine\engine\src\ecs\systems\PhysicsSystem.cpp,825,10494406732,5710308,17,
Physics::Step,C:\Users\ivanm\source\repos\myengine\engine\src\ecs\systems\PhysicsSystem.cpp,825,10513180399,4972715,17,
Physics::Step,C:\Users\ivanm\source\repos\myengine\engine\src\ecs\systems\PhysicsSystem.cpp,825,10531146390,5958901,17,
Physics::Step,C:\Users\ivanm\source\repos\myengine\engine\src\ecs\systems\PhysicsSystem.cpp,825,10549652109,5227339,17,
Physics::Step,C:\Users\ivanm\source\repos\myengine\engine\src\ecs\systems\PhysicsSystem.cpp,825,10567547686,6264270,17,
Physics::Step,C:\Users\ivanm\source\repos\myengine\engine\src\ecs\systems\PhysicsSystem.cpp,825,10573812087,5637460,17,
Physics::Step,C:\Users\ivanm\source\repos\myengine\engine\src\ecs\systems\PhysicsSystem.cpp,825,10593681959,5534573,17,
Physics::Step,C:\Users\ivanm\source\repos\myengine\engine\src\ecs\systems\PhysicsSystem.cpp,825,10612180883,5362692,17,
Physics::Step,C:\Users\ivanm\source\repos\myengine\engine\src\ecs\systems\PhysicsSystem.cpp,825,10630062979,5558545,17,
Physics::Step,C:\Users\ivanm\source\repos\myengine\engine\src\ecs\systems\PhysicsSystem.cpp,825,10649365938,6014366,17,
Physics::Step,C:\Users\ivanm\source\repos\myengine\engine\src\ecs\systems\PhysicsSystem.cpp,825,10667687966,5509751,17,
Physics::Step,C:\Users\ivanm\source\repos\myengine\engine\src\ecs\systems\PhysicsSystem.cpp,825,10673197918,6134239,17,
Physics::Step,C:\Users\ivanm\source\repos\myengine\engine\src\ecs\systems\PhysicsSystem.cpp,825,10692426776,5194968,17,
Physics::Step,C:\Users\ivanm\source\repos\myengine\engine\src\ecs\systems\PhysicsSystem.cpp,825,10710153282,5707662,17,
Physics::Step,C:\Users\ivanm\source\repos\myengine\engine\src\ecs\systems\PhysicsSystem.cpp,825,10729175511,5349757,17,
Physics::Step,C:\Users\ivanm\source\repos\myengine\engine\src\ecs\systems\PhysicsSystem.cpp,825,10748183013,5449732,17,
Physics::Step,C:\Users\ivanm\source\repos\myengine\engine\src\ecs\systems\PhysicsSystem.cpp,825,10766664283,6131847,17,
Physics::Step,C:\Users\ivanm\source\repos\myengine\engine\src\ecs\systems\PhysicsSystem.cpp,825,10785366351,6705881,17,
Physics::Step,C:\Users\ivanm\source\repos\myengine\engine\src\ecs\systems\PhysicsSystem.cpp,825,10792072322,5058341,17,
Physics::Step,C:\Users\ivanm\source\repos\myengine\engine\src\ecs\systems\PhysicsSystem.cpp,825,10809889549,5642482,17,
Physics::Step,C:\Users\ivanm\source\repos\myengine\engine\src\ecs\systems\PhysicsSystem.cpp,825,10828313975,5217591,17,
Physics::Step,C:\Users\ivanm\source\repos\myengine\engine\src\ecs\systems\PhysicsSystem.cpp,825,10846494464,5160588,17,
Physics::Step,C:\Users\ivanm\source\repos\myengine\engine\src\ecs\systems\PhysicsSystem.cpp,825,10864950067,6539664,17,
Physics::Step,C:\Users\ivanm\source\repos\myengine\engine\src\ecs\systems\PhysicsSystem.cpp,825,10884028803,5391823,17,
Physics::Step,C:\Users\ivanm\source\repos\myengine\engine\src\ecs\systems\PhysicsSystem.cpp,825,10889420816,5192491,17,
Physics::Step,C:\Users\ivanm\source\repos\myengine\engine\src\ecs\systems\PhysicsSystem.cpp,825,10907648165,5384989,17,
Physics::Step,C:\Users\ivanm\source\repos\myengine\engine\src\ecs\systems\PhysicsSystem.cpp,825,10925576244,6342685,17,
Physics::Step,C:\Users\ivanm\source\repos\myengine\engine\src\ecs\systems\PhysicsSystem.cpp,825,10944726341,5754458,17,
Physics::Step,C:\Users\ivanm\source\repos\myengine\engine\src\ecs\systems\PhysicsSystem.cpp,825,10964290787,5095897,17,
Physics::Step,C:\Users\ivanm\source\repos\myengine\engine\src\ecs\systems\PhysicsSystem.cpp,825,10982322581,5756949,17,
Physics::Step,C:\Users\ivanm\source\repos\myengine\engine\src\ecs\systems\PhysicsSystem.cpp,825,11000734983,5305439,17,
Physics::Step,C:\Users\ivanm\source\repos\myengine\engine\src\ecs\systems\PhysicsSystem.cpp,825,11006040592,6041907,17,
Physics::Step,C:\Users\ivanm\source\repos\myengine\engine\src\ecs\systems\PhysicsSystem.cpp,825,11025265195,5237990,17,
Physics::Step,C:\Users\ivanm\source\repos\myengine\engine\src\ecs\systems\PhysicsSystem.cpp,825,11043011049,5201470,17,
Physics::Step,C:\Users\ivanm\source\repos\myengine\engine\src\ecs\systems\PhysicsSystem.cpp,825,11061667182,5216790,17,
Physics::Step,C:\Users\ivanm\source\repos\myengine\engine\src\ecs\systems\PhysicsSystem.cpp,825,11079906363,6142569,17,
Physics::Step,C:\Users\ivanm\source\repos\myengine\engine\src\ecs\systems\PhysicsSystem.cpp,825,11099428653,6223484,17,
Physics::Step,C:\Users\ivanm\source\repos\myengine\engine\src\ecs\systems\PhysicsSystem.cpp,825,11122305402,6265764,17,
Physics::Step,C:\Users\ivanm\source\repos\myengine\engine\src\ecs\systems\PhysicsSystem.cpp,825,11128571416,5183766,17,
Physics::Step,C:\Users\ivanm\source\repos\myengine\engine\src\ecs\systems\PhysicsSystem.cpp,825,11148996584,7737717,17,
Physics::Step,C:\Users\ivanm\source\repos\myengine\engine\src\ecs\systems\PhysicsSystem.cpp,825,11173486865,6944589,17,
Physics::Step,C:\Users\ivanm\source\repos\myengine\engine\src\ecs\systems\PhysicsSystem.cpp,825,11180431614,5999543,17,
Physics::Step,C:\Users\ivanm\source\repos\myengine\engine\src\ecs\systems\PhysicsSystem.cpp,825,11201435187,6230222,17,
Physics::Step,C:\Users\ivanm\source\repos\myengine\engine\src\ecs\systems\PhysicsSystem.cpp,825,11207665479,5679890,17,
Physics::Step,C:\Users\ivanm\source\repos\myengine\engine\src\ecs\systems\PhysicsSystem.cpp,825,11228949860,5369860,17,
Physics::Step,C:\Users\ivanm\source\repos\myengine\engine\src\ecs\systems\PhysicsSystem.cpp,825,11248010482,5364220,17,
Physics::Step,C:\Users\ivanm\source\repos\myengine\engine\src\ecs\systems\PhysicsSystem.cpp,825,11265933852,5785701,17,
Physics::Step,C:\Users\ivanm\source\repos\myengine\engine\src\ecs\systems\PhysicsSystem.cpp,825,11284257453,6388898,17,
Physics::Step,C:\Users\ivanm\source\repos\myengine\engine\src\ecs\systems\PhysicsSystem.cpp,825,11290646492,4749511,17,
Physics::Step,C:\Users\ivanm\source\repos\myengine\engine\src\ecs\systems\PhysicsSystem.cpp,825,11309607224,6291914,17,
Physics::Step,C:\Users\ivanm\source\repos\myengine\engine\src\ecs\systems\PhysicsSystem.cpp,825,11328771704,5886874,17,
Physics::Step,C:\Users\ivanm\source\repos\myengine\engine\src\ecs\systems\PhysicsSystem.cpp,825,11350197354,6211981,17,
Physics::Step,C:\Users\ivanm\source\repos\myengine\engine\src\ecs\systems\PhysicsSystem.cpp,825,11370110157,5972917,17,
Physics::Step,C:\Users\ivanm\source\repos\myengine\engine\src\ecs\systems\PhysicsSystem.cpp,825,11376083144,4843770,17,
Physics::Step,C:\Users\ivanm\source\repos\myengine\engine\src\ecs\systems\PhysicsSystem.cpp,825,11393780975,5104266,17,
Physics::Step,C:\Users\ivanm\source\repos\myengine\engine\src\ecs\systems\PhysicsSystem.cpp,825,11411884909,5267014,17,
Physics::Step,C:\Users\ivanm\source\repos\myengine\engine\src\ecs\systems\PhysicsSystem.cpp,825,11430331283,5346315,17,
Physics::Step,C:\Users\ivanm\source\repos\myengine\engine\src\ecs\systems\PhysicsSystem.cpp,825,11449931291,7571788,17,
Physics::Step,C:\Users\ivanm\source\repos\myengine\engine\src\ecs\systems\PhysicsSystem.cpp,825,11469484200,6066936,17,
Physics::Step,C:\Users\ivanm\source\repos\myengine\engine\src\ecs\systems\PhysicsSystem.cpp,825,11475551477,5681689,17,
Physics::Step,C:\Users\ivanm\source\repos\myengine\engine\src\ecs\systems\PhysicsSystem.cpp,825,11494212479,5389337,17,
Physics::Step,C:\Users\ivanm\source\repos\myengine\engine\src\ecs\systems\PhysicsSystem.cpp,825,11512838434,5408725,17,
Physics::Step,C:\Users\ivanm\source\repos\myengine\engine\src\ecs\systems\PhysicsSystem.cpp,825,11531088957,5903415,17,
Physics::Step,C:\Users\ivanm\source\repos\myengine\engine\src\ecs\systems\PhysicsSystem.cpp,825,11549401117,5244332,17,
Physics::Step,C:\Users\ivanm\source\repos\myengine\engine\src\ecs\systems\PhysicsSystem.cpp,825,11567889341,5592263,17,
Physics::Step,C:\Users\ivanm\source\repos\myengine\engine\src\ecs\systems\PhysicsSystem.cpp,825,11573481674,5105208,17,
Physics::Step,C:\Users\ivanm\source\repos\myengine\engine\src\ecs\systems\PhysicsSystem.cpp,825,11591536414,5940396,17,
Physics::Step,C:\Users\ivanm\source\repos\myengine\engine\src\ecs\systems\PhysicsSystem.cpp,825,11611134930,5358375,17,
Physics::Step,C:\Users\ivanm\source\repos\myengine\engine\src\ecs\systems\PhysicsSystem.cpp,825,11629217640,5455205,17,
Physics::Step,C:\Users\ivanm\source\repos\myengine\engine\src\ecs\systems\PhysicsSystem.cpp,825,11648427689,6214684,17,
Physics::Step,C:\Users\ivanm\source\repos\myengine\engine\src\ecs\systems\PhysicsSystem.cpp,825,11667390122,5231164,17,
Physics::Step,C:\Users\ivanm\source\repos\myengine\engine\src\ecs\systems\PhysicsSystem.cpp,825,11672621387,6163424,17,
Physics::Step,C:\Users\ivanm\source\repos\myengine\engine\src\ecs\systems\PhysicsSystem.cpp,825,11692151997,5321700,17,
Physics::Step,C:\Users\ivanm\source\repos\myengine\engine\src\ecs\systems\PhysicsSystem.cpp,825,11710030173,6589549,17,
Physics::Step,C:\Users\ivanm\source\repos\myengine\engine\src\ecs\systems\PhysicsSystem.cpp,825,11729562722,5020944,17,
Physics::Step,C:\Users\ivanm\source\repos\myengine\engine\src\ecs\systems\PhysicsSystem.cpp,825,11748512972,5158619,17,
Physics::Step,C:\Users\ivanm\source\repos\myengine\engine\src\ecs\systems\PhysicsSystem.cpp,825,11767674777,5901744,17,
Physics::Step,C:\Users\ivanm\source\repos\myengine\engine\src\ecs\systems\PhysicsSystem.cpp,825,11773576601,6095701,17,
Physics::Step,C:\Users\ivanm\source\repos\myengine\engine\src\ecs\systems\PhysicsSystem.cpp,825,11792929570,5346817,17,
Physics::Step,C:\Users\ivanm\source\repos\myengine\engine\src\ecs\systems\PhysicsSystem.cpp,825,11811162217,5257378,17,
Physics::Step,C:\Users\ivanm\source\repos\myengine\engine\src\ecs\systems\PhysicsSystem.cpp,825,11829603974,5196311,17,
Physics::Step,C:\Users\ivanm\source\repos\myengine\engine\src\ecs\systems\PhysicsSystem.cpp,825,11848729090,5505217,17,
Physics::Step,C:\Users\ivanm\source\repos\myengine\engine\src\ecs\systems\PhysicsSystem.cpp,825,11867917815,6191390,17,
Physics::Step,C:\Users\ivanm\source\repos\myengine\engine\src\ecs\systems\PhysicsSystem.cpp,825,11874109375,5746166,17,
Physics::Step,C:\Users\ivanm\source\repos\myengine\engine\src\ecs\systems\PhysicsSystem.cpp,825,11893051683,5401684,17,
Physics::Step,C:\Users\ivanm\source\repos\myengine\engine\src\ecs\systems\PhysicsSystem.cpp,825,11911091468,5196570,17,
Physics::Step,C:\Users\ivanm\source\repos\myengine\engine\src\ecs\systems\PhysicsSystem.cpp,825,11930215100,5244853,17,
Physics::Step,C:\Users\ivanm\source\repos\myengine\engine\src\ecs\systems\PhysicsSystem.cpp,825,11948728943,6513229,17,
Physics::Step,C:\Users\ivanm\source\repos\myengine\engine\src\ecs\systems\PhysicsSystem.cpp,825,11967621701,6381947,17,
Physics::Step,C:\Users\ivanm\source\repos\myengine\engine\src\ecs\systems\PhysicsSystem.cpp,825,11974003898,7206275,17,
Physics::Step,C:\Users\ivanm\source\repos\myengine\engine\src\ecs\systems\PhysicsSystem.cpp,825,11994131583,5250718,17,
Physics::Step,C:\Users\ivanm\source\repos\myengine\engine\src\ecs\systems\PhysicsSystem.cpp,825,12012355068,5107802,17,
Physics::Step,C:\Users\ivanm\source\repos\myengine\engine\src\ecs\systems\PhysicsSystem.cpp,825,12030520529,6223228,17,
Physics::Step,C:\Users\ivanm\source\repos\myengine\engine\src\ecs\systems\PhysicsSystem.cpp,825,12048934627,5191210,17,
Physics::Step,C:\Users\ivanm\source\repos\myengine\engine\src\ecs\systems\PhysicsSystem.cpp,825,12067589047,6333783,17,
Physics::Step,C:\Users\ivanm\source\repos\myengine\engine\src\ecs\systems\PhysicsSystem.cpp,825,12073923000,5088166,17,
Physics::Step,C:\Users\ivanm\source\repos\myengine\engine\src\ecs\systems\PhysicsSystem.cpp,825,12092136283,6103545,17,
Physics::Step,C:\Users\ivanm\source\repos\myengine\engine\src\ecs\systems\PhysicsSystem.cpp,825,12111331080,5371884,17,
Physics::Step,C:\Users\ivanm\source\repos\myengine\engine\src\ecs\systems\PhysicsSystem.cpp,825,12129257205,5418312,17,
Physics::Step,C:\Users\ivanm\source\repos\myengine\engine\src\ecs\systems\PhysicsSystem.cpp,825,12147467741,5481869,17,
Physics::Step,C:\Users\ivanm\source\repos\myengine\engine\src\ecs\systems\PhysicsSystem.cpp,825,12165190104,5146458,17,
Physics::Step,C:\Users\ivanm\source\repos\myengine\engine\src\ecs\systems\PhysicsSystem.cpp,825,12183814018,5817605,17,
Physics::Step,C:\Users\ivanm\source\repos\myengine\engine\src\ecs\systems\PhysicsSystem.cpp,825,12189631764,5961535,17,
Physics::Step,C:\Users\ivanm\source\repos\myengine\engine\src\ecs\systems\PhysicsSystem.cpp,825,12209711428,5287394,17,
Physics::Step,C:\Users\ivanm\source\repos\myengine\engine\src\ecs\systems\PhysicsSystem.cpp,825,12228093411,5260577,17,
Physics::Step,C:\Users\ivanm\source\repos\myengine\engine\src\ecs\systems\PhysicsSystem.cpp,825,12246794335,5467005,17,
Physics::Step,C:\Users\ivanm\source\repos\myengine\engine\src\ecs\systems\PhysicsSystem.cpp,825,12265757903,5962026,17,
Physics::Step,C:\Users\ivanm\source\repos\myengine\engine\src\ecs\systems\PhysicsSystem.cpp,825,12284358451,6018774,17,
Physics::Step,C:\Users\ivanm\source\repos\myengine\engine\src\ecs\systems\PhysicsSystem.cpp,825,12290377355,4829463,17,
Physics::Step,C:\Users\ivanm\source\repos\myengine\engine\src\ecs\systems\PhysicsSystem.cpp,825,12310078225,6041367,17,
Physics::Step,C:\Users\ivanm\source\repos\myengine\engine\src\ecs\systems\PhysicsSystem.cpp,825,12329292930,5510037,17,
Physics::Step,C:\Users\ivanm\source\repos\myengine\engine\src\ecs\systems\PhysicsSystem.cpp,825,12347383218,5191676,17,
Physics::Step,C:\Users\ivanm\source\repos\myengine\engine\src\ecs\systems\PhysicsSystem.cpp,825,12365780213,6413760,17,
Physics::Step,C:\Users\ivanm\source\repos\myengine\engine\src\ecs\systems\PhysicsSystem.cpp,825,12384374403,5749524,17,
Physics::Step,C:\Users\ivanm\source\repos\myengine\engine\src\ecs\systems\PhysicsSystem.cpp,825,12390124177,5390520,17,
Physics::Step,C:\Users\ivanm\source\repos\myengine\engine\src\ecs\systems\PhysicsSystem.cpp,825,12409539885,5149368,17,
Physics::Step,C:\Users\ivanm\source\repos\myengine\engine\src\ecs\systems\PhysicsSystem.cpp,825,12429233722,5323893,17,
Physics::Step,C:\Users\ivanm\source\repos\myengine\engine\src\ecs\systems\PhysicsSystem.cpp,825,12447887200,5820344,17,
Physics::Step,C:\Users\ivanm\source\repos\myengine\engine\src\ecs\systems\PhysicsSystem.cpp,825,12466010377,5438624,17,
Physics::Step,C:\Users\ivanm\source\repos\myengine\engine\src\ecs\systems\PhysicsSystem.cpp,825,12485248650,5876274,17,
Physics::Step,C:\Users\ivanm\source\repos\myengine\engine\src\ecs\systems\PhysicsSystem.cpp,825,12491125144,4795919,17,
Physics::Step,C:\Users\ivanm\source\repos\myengine\engine\src\ecs\systems\PhysicsSystem.cpp,825,12508672068,5841327,17,
Physics::Step,C:\Users\ivanm\source\repos\myengine\engine\src\ecs\systems\PhysicsSystem.cpp,825,12527942159,5279818,17,
Physics::Step,C:\Users\ivanm\source\repos\myengine\engine\src\ecs\systems\PhysicsSystem.cpp,825,12546840251,5200038,17,
Physics::Step,C:\Users\ivanm\source\repos\myengine\engine\src\ecs\systems\PhysicsSystem.cpp,825,12565350407,5914979,17,
Physics::Step,C:\Users\ivanm\source\repos\myengine\engine\src\ecs\systems\PhysicsSystem.cpp,825,12584038643,5259636,17,
Physics::Step,C:\Users\ivanm\source\repos\myengine\engine\src\ecs\systems\PhysicsSystem.cpp,825,12589298369,6759254,17,
Physics::Step,C:\Users\ivanm\source\repos\myengine\engine\src\ecs\systems\PhysicsSystem.cpp,825,12609937438,5429559,17,
Physics::Step,C:\Users\ivanm\source\repos\myengine\engine\src\ecs\systems\PhysicsSystem.cpp,825,12628450835,5560673,17,
Physics::Step,C:\Users\ivanm\source\repos\myengine\engine\src\ecs\systems\PhysicsSystem.cpp,825,12647424857,6331599,17,
Physics::Step,C:\Users\ivanm\source\repos\myengine\engine\src\ecs\systems\PhysicsSystem.cpp,825,12666120215,5328782,17,
Physics::Step,C:\Users\ivanm\source\repos\myengine\engine\src\ecs\systems\PhysicsSystem.cpp,825,12685173874,5584606,17,
Physics::Step,C:\Users\ivanm\source\repos\myengine\engine\src\ecs\systems\PhysicsSystem.cpp,825,12690758551,5322360,17,
Physics::Step,C:\Users\ivanm\source\repos\myengine\engine\src\ecs\systems\PhysicsSystem.cpp,825,12710067756,5334065,17,
Physics::Step,C:\Users\ivanm\source\repos\myengine\engine\src\ecs\systems\PhysicsSystem.cpp,825,12728506218,6148682,17,
Physics::Step,C:\Users\ivanm\source\repos\myengine\engine\src\ecs\systems\PhysicsSystem.cpp,825,12747800786,5112712,17,
Physics::Step,C:\Users\ivanm\source\repos\myengine\engine\src\ecs\systems\PhysicsSystem.cpp,825,12767145559,5485390,17,
Physics::Step,C:\Users\ivanm\source\repos\myengine\engine\src\ecs\systems\PhysicsSystem.cpp,825,12772631119,5422175,17,
Physics::Step,C:\Users\ivanm\source\repos\myengine\engine\src\ecs\systems\PhysicsSystem.cpp,825,12791143214,5164440,17,
Physics::Step,C:\Users\ivanm\source\repos\myengine\engine\src\ecs\systems\PhysicsSystem.cpp,825,12809787970,5567056,17,
Physics::Step,C:\Users\ivanm\source\repos\myengine\engine\src\ecs\systems\PhysicsSystem.cpp,825,12828199238,5349492,17,
Physics::Step,C:\Users\ivanm\source\repos\myengine\engine\src\ecs\systems\PhysicsSystem.cpp,825,12846392782,5526288,17,
Physics::Step,C:\Users\ivanm\source\repos\myengine\engine\src\ecs\systems\PhysicsSystem.cpp,825,12864803439,6326434,17,
Physics::Step,C:\Users\ivanm\source\repos\myengine\engine\src\ecs\systems\PhysicsSystem.cpp,825,12883355158,6817769,17,
Physics::Step,C:\Users\ivanm\source\repos\myengine\engine\src\ecs\systems\PhysicsSystem.cpp,825,12912268751,7590931,17,
Physics::Step,C:\Users\ivanm\source\repos\myengine\engine\src\ecs\systems\PhysicsSystem.cpp,825,12919859852,7435672,17,
Physics::Step,C:\Users\ivanm\source\repos\myengine\engine\src\ecs\systems\PhysicsSystem.cpp,825,12945948558,8266150,17,
Physics::Step,C:\Users\ivanm\source\repos\myengine\engine\src\ecs\systems\PhysicsSystem.cpp,825,12954215038,7778071,17,
Physics::Step,C:\Users\ivanm\source\repos\myengine\engine\src\ecs\systems\PhysicsSystem.cpp,825,12980075231,8843785,17,
Physics::Step,C:\Users\ivanm\source\repos\myengine\engine\src\ecs\systems\PhysicsSystem.cpp,825,12988919186,5279599,17,
Physics::Step,C:\Users\ivanm\source\repos\myengine\engine\src\ecs\systems\PhysicsSystem.cpp,825,13007192672,5973299,17,
Physics::Step,C:\Users\ivanm\source\repos\myengine\engine\src\ecs\systems\PhysicsSystem.cpp,825,13013166041,4746665,17,
Physics::Step,C:\Users\ivanm\source\repos\myengine\engine\src\ecs\systems\PhysicsSystem.cpp,825,13031201564,6034474,17,
Physics::Step,C:\Users\ivanm\source\repos\myengine\engine\src\ecs\systems\PhysicsSystem.cpp,825,13049934905,5430771,17,
Physics::Step,C:\Users\ivanm\source\repos\myengine\engine\src\ecs\systems\PhysicsSystem.cpp,825,13069330870,6084651,17,
Physics::Step,C:\Users\ivanm\source\repos\myengine\engine\src\ecs\systems\PhysicsSystem.cpp,825,13075415581,4960172,17,
Physics::Step,C:\Users\ivanm\source\repos\myengine\engine\src\ecs\systems\PhysicsSystem.cpp,825,13093540665,6087538,17,
Physics::Step,C:\Users\ivanm\source\repos\myengine\engine\src\ecs\systems\PhysicsSystem.cpp,825,13112750544,5506325,17,
Physics::Step,C:\Users\ivanm\source\repos\myengine\engine\src\ecs\systems\PhysicsSystem.cpp,825,13130679800,5023702,17,
Physics::Step,C:\Users\ivanm\source\repos\myengine\engine\src\ecs\systems\PhysicsSystem.cpp,825,13149282752,5860750,17,
Physics::Step,C:\Users\ivanm\source\repos\myengine\engine\src\ecs\systems\PhysicsSystem.cpp,825,13167800258,5120521,17,
Physics::Step,C:\Users\ivanm\source\repos\myengine\engine\src\ecs\systems\PhysicsSystem.cpp,825,13172921020,6363030,17,
Physics::Step,C:\Users\ivanm\source\repos\myengine\engine\src\ecs\systems\PhysicsSystem.cpp,825,13192592456,5473650,17,
Physics::Step,C:\Users\ivanm\source\repos\myengine\engine\src\ecs\systems\PhysicsSystem.cpp,825,13211069431,5380831,17,
Physics::Step,C:\Users\ivanm\source\repos\myengine\engine\src\ecs\systems\PhysicsSystem.cpp,825,13229668085,5512641,17,
Physics::Step,C:\Users\ivanm\source\repos\myengine\engine\src\ecs\systems\PhysicsSystem.cpp,825,13247965286,5107406,17,
Physics::Step,C:\Users\ivanm\source\repos\myengine\engine\src\ecs\systems\PhysicsSystem.cpp,825,13266586408,6493900,17,
Physics::Step,C:\Users\ivanm\source\repos\myengine\engine\src\ecs\systems\PhysicsSystem.cpp,825,13288072929,5762346,17,
Physics::Step,C:\Users\ivanm\source\repos\myengine\engine\src\ecs\systems\PhysicsSystem.cpp,825,13293835335,4917421,17,
Physics::Step,C:\Users\ivanm\source\repos\myengine\engine\src\ecs\systems\PhysicsSystem.cpp,825,13312701077,5411961,17,
Physics::Step,C:\Users\ivanm\source\repos\myengine\engine\src\ecs\systems\PhysicsSystem.cpp,825,13330656668,5552017,17,
Physics::Step,C:\Users\ivanm\source\repos\myengine\engine\src\ecs\systems\PhysicsSystem.cpp,825,13348610607,5345454,17,
Physics::Step,C:\Users\ivanm\source\repos\myengine\engine\src\ecs\systems\PhysicsSystem.cpp,825,13366601104,5867342,17,
Physics::Step,C:\Users\ivanm\source\repos\myengine\engine\src\ecs\systems\PhysicsSystem.cpp,825,13384635200,6773532,17,
Physics::Step,C:\Users\ivanm\source\repos\myengine\engine\src\ecs\systems\PhysicsSystem.cpp,825,13391409263,5726248,17,
Physics::Step,C:\Users\ivanm\source\repos\myengine\engine\src\ecs\systems\PhysicsSystem.cpp,825,13410213791,5011188,17,
Physics::Step,C:\Users\ivanm\source\repos\myengine\engine\src\ecs\systems\PhysicsSystem.cpp,825,13429005762,5447188,17,
Physics::Step,C:\Users\ivanm\source\repos\myengine\engine\src\ecs\systems\PhysicsSystem.cpp,825,13448050926,6516680,17,
Physics::Step,C:\Users\ivanm\source\repos\myengine\engine\src\ecs\systems\PhysicsSystem.cpp,825,13466892962,5364952,17,
Physics::Step,C:\Users\ivanm\source\repos\myengine\engine\src\ecs\systems\PhysicsSystem.cpp,825,13484822054,6312784,17,
Physics::Step,C:\Users\ivanm\source\repos\myengine\engine\src\ecs\systems\PhysicsSystem.cpp,825,13491135008,4891761,17,
Physics::Step,C:\Users\ivanm\source\repos\myengine\engine\src\ecs\systems\PhysicsSystem.cpp,825,13510314276,7335084,17,
Physics::Step,C:\Users\ivanm\source\repos\myengine\engine\src\ecs\systems\PhysicsSystem.cpp,825,13531803844,6240548,17,
Physics::Step,C:\Users\ivanm\source\repos\myengine\engine\src\ecs\systems\PhysicsSystem.cpp,825,13550786851,5675848,17,
Physics::Step,C:\Users\ivanm\source\repos\myengine\engine\src\ecs\systems\PhysicsSystem.cpp,825,13556462909,5764617,17,
Physics::Step,C:\Users\ivanm\source\repos\myengine\engine\src\ecs\systems\PhysicsSystem.cpp,825,13576266280,5212641,17,
Physics::Step,C:\Users\ivanm\source\repos\myengine\engine\src\ecs\systems\PhysicsSystem.cpp,825,13596188130,5765833,17,
Physics::Step,C:\Users\ivanm\source\repos\myengine\engine\src\ecs\systems\PhysicsSystem.cpp,825,13614885211,6564970,17,
Physics::Step,C:\Users\ivanm\source\repos\myengine\engine\src\ecs\systems\PhysicsSystem.cpp,825,13633734889,5286004,17,
Physics::Step,C:\Users\ivanm\source\repos\myengine\engine\src\ecs\systems\PhysicsSystem.cpp,825,13639021033,5272145,17,
Physics::Step,C:\Users\ivanm\source\repos\myengine\engine\src\ecs\systems\PhysicsSystem.cpp,825,13657301042,5407312,17,
Physics::Step,C:\Users\ivanm\source\repos\myengine\engine\src\ecs\systems\PhysicsSystem.cpp,825,13676514345,6083011,17,
Physics::Step,C:\Users\ivanm\source\repos\myengine\engine\src\ecs\systems\PhysicsSystem.cpp,825,13695216260,5665929,17,
Physics::Step,C:\Users\ivanm\source\repos\myengine\engine\src\ecs\systems\PhysicsSystem.cpp,825,13714381827,6038862,17,
Physics::Step,C:\Users\ivanm\source\repos\myengine\engine\src\ecs\systems\PhysicsSystem.cpp,825,13733572938,6130887,17,
Physics::Step,C:\Users\ivanm\source\repos\myengine\engine\src\ecs\systems\PhysicsSystem.cpp,825,13751836735,5428713,17,
Physics::Step,C:\Users\ivanm\source\repos\myengine\engine\src\ecs\systems\PhysicsSystem.cpp,825,13757265598,6159381,17,
Physics::Step,C:\Users\ivanm\source\repos\myengine\engine\src\ecs\systems\PhysicsSystem.cpp,825,13777731597,5191356,17,
Physics::Step,C:\Users\ivanm\source\repos\myengine\engine\src\ecs\systems\PhysicsSystem.cpp,825,13795992454,5526258,17,
Physics::Step,C:\Users\ivanm\source\repos\myengine\engine\src\ecs\systems\PhysicsSystem.cpp,825,13814565951,5651751,17,
Physics::Step,C:\Users\ivanm\source\repos\myengine\engine\src\ecs\systems\PhysicsSystem.cpp,825,13832636325,5202853,17,
Physics::Step,C:\Users\ivanm\source\repos\myengine\engine\src\ecs\systems\PhysicsSystem.cpp,825,13850607366,6435326,17,
Physics::Step,C:\Users\ivanm\source\repos\myengine\engine\src\ecs\systems\PhysicsSystem.cpp,825,13857042943,5710723,17,
Physics::Step,C:\Users\ivanm\source\repos\myengine\engine\src\ecs\systems\PhysicsSystem.cpp,825,13875404691,5099698,17,
Physics::Step,C:\Users\ivanm\source\repos\myengine\engine\src\ecs\systems\PhysicsSystem.cpp,825,13893815409,5375730,17,
Physics::Step,C:\Users\ivanm\source\repos\myengine\engine\src\ecs\systems\PhysicsSystem.cpp,825,13911986930,5742189,17,
Physics::Step,C:\Users\ivanm\source\repos\myengine\engine\src\ecs\systems\PhysicsSystem.cpp,825,13930774954,5706658,17,
Physics::Step,C:\Users\ivanm\source\repos\myengine\engine\src\ecs\systems\PhysicsSystem.cpp,825,13949887302,5939624,17,
Physics::Step,C:\Users\ivanm\source\repos\myengine\engine\src\ecs\systems\PhysicsSystem.cpp,825,13967699551,5162477,17,
Physics::Step,C:\Users\ivanm\source\repos\myengine\engine\src\ecs\systems\PhysicsSystem.cpp,825,13972862208,6382167,17,
Physics::Step,C:\Users\ivanm\source\repos\myengine\engine\src\ecs\systems\PhysicsSystem.cpp,825,13992660014,5260644,17,
Physics::Step,C:\Users\ivanm\source\repos\myengine\engine\src\ecs\systems\PhysicsSystem.cpp,825,14011461851,5808115,17,
Physics::Step,C:\Users\ivanm\source\repos\myengine\engine\src\ecs\systems\PhysicsSystem.cpp,825,14030453935,5746499,17,
Physics::Step,C:\Users\ivanm\source\repos\myengine\engine\src\ecs\systems\PhysicsSystem.cpp,825,14048532713,5267205,17,
Physics::Step,C:\Users\ivanm\source\repos\myengine\engine\src\ecs\systems\PhysicsSystem.cpp,825,14069075324,6078474,17,
Physics::Step,C:\Users\ivanm\source\repos\myengine\engine\src\ecs\systems\PhysicsSystem.cpp,825,14075153868,4924244,17,
Physics::Step,C:\Users\ivanm\source\repos\myengine\engine\src\ecs\systems\PhysicsSystem.cpp,825,14092593228,5893769,17,
Physics::Step,C:\Users\ivanm\source\repos\myengine\engine\src\ecs\systems\PhysicsSystem.cpp,825,14111133304,5494955,17,
Physics::Step,C:\Users\ivanm\source\repos\myengine\engine\src\ecs\systems\PhysicsSystem.cpp,825,14129382033,5549572,17,
Physics::Step,C:\Users\ivanm\source\repos\myengine\engine\src\ecs\systems\PhysicsSystem.cpp,825,14147625662,5207913,17,
Physics::Step,C:\Users\ivanm\source\repos\myengine\engine\src\ecs\systems\PhysicsSystem.cpp,825,14165562618,5078797,17,
Physics::Step,C:\Users\ivanm\source\repos\myengine\engine\src\ecs\systems\PhysicsSystem.cpp,825,14183785758,5719551,17,
Physics::Step,C:\Users\ivanm\source\repos\myengine\engine\src\ecs\systems\PhysicsSystem.cpp,825,14189505479,6081123,17,
Physics::Step,C:\Users\ivanm\source\repos\myengine\engine\src\ecs\systems\PhysicsSystem.cpp,825,14209709726,5132960,17,
Physics::Step,C:\Users\ivanm\source\repos\myengine\engine\src\ecs\systems\PhysicsSystem.cpp,825,14228504724,5199511,17,
Physics::Step,C:\Users\ivanm\source\repos\myengine\engine\src\ecs\systems\PhysicsSystem.cpp,825,14247386942,5263508,17,
Physics::Step,C:\Users\ivanm\source\repos\myengine\engine\src\ecs\systems\PhysicsSystem.cpp,825,14265756921,5850161,17,
Physics::Step,C:\Users\ivanm\source\repos\myengine\engine\src\ecs\systems\PhysicsSystem.cpp,825,14285370295,6216260,17,
Physics::Step,C:\Users\ivanm\source\repos\myengine\engine\src\ecs\systems\PhysicsSystem.cpp,825,14291586675,5263528,17,
Physics::Step,C:\Users\ivanm\source\repos\myengine\engine\src\ecs\systems\PhysicsSystem.cpp,825,14310869378,5161825,17,
Physics::Step,C:\Users\ivanm\source\repos\myengine\engine\src\ecs\systems\PhysicsSystem.cpp,825,14330006624,5228041,17,
Physics::Step,C:\Users\ivanm\source\repos\myengine\engine\src\ecs\systems\PhysicsSystem.cpp,825,14348465463,5798297,17,
Physics::Step,C:\Users\ivanm\source\repos\myengine\engine\src\ecs\systems\PhysicsSystem.cpp,825,14367997895,6204237,17,
Physics::Step,C:\Users\ivanm\source\repos\myengine\engine\src\ecs\systems\PhysicsSystem.cpp,825,14374202202,6674191,17,
Physics::Step,C:\Users\ivanm\source\repos\myengine\engine\src\ecs\systems\PhysicsSystem.cpp,825,14395553812,5401868,17,
Physics::Step,C:\Users\ivanm\source\repos\myengine\engine\src\ecs\systems\PhysicsSystem.cpp,825,14414039127,5186071,17,
Physics::Step,C:\Users\ivanm\source\repos\myengine\engine\src\ecs\systems\PhysicsSystem.cpp,825,14432498326,5583209,17,
Physics::Step,C:\Users\ivanm\source\repos\myengine\engine\src\ecs\systems\PhysicsSystem.cpp,825,14451742170,5884248,17,
Physics::Step,C:\Users\ivanm\source\repos\myengine\engine\src\ecs\systems\PhysicsSystem.cpp,825,14457626619,4986151,17,
Physics::Step,C:\Users\ivanm\source\repos\myengine\engine\src\ecs\systems\PhysicsSystem.cpp,825,14476242516,5260492,17,
Physics::Step,C:\Users\ivanm\source\repos\myengine\engine\src\ecs\systems\PhysicsSystem.cpp,825,14494880935,5520848,17,
Physics::Step,C:\Users\ivanm\source\repos\myengine\engine\src\ecs\systems\PhysicsSystem.cpp,825,14513115557,5138315,17,
Physics::Step,C:\Users\ivanm\source\repos\myengine\engine\src\ecs\systems\PhysicsSystem.cpp,825,14531692460,6057708,17,
Physics::Step,C:\Users\ivanm\source\repos\myengine\engine\src\ecs\systems\PhysicsSystem.cpp,825,14550452922,5333652,17,
Physics::Step,C:\Users\ivanm\source\repos\myengine\engine\src\ecs\systems\PhysicsSystem.cpp,825,14555786774,5777446,17,
Physics::Step,C:\Users\ivanm\source\repos\myengine\engine\src\ecs\systems\PhysicsSystem.cpp,825,14575365372,5184207,17,
Physics::Step,C:\Users\ivanm\source\repos\myengine\engine\src\ecs\systems\PhysicsSystem.cpp,825,14594865905,5490094,17,
Physics::Step,C:\Users\ivanm\source\repos\myengine\engine\src\ecs\systems\PhysicsSystem.cpp,825,14613392808,5287769,17,
Physics::Step,C:\Users\ivanm\source\repos\myengine\engine\src\ecs\systems\PhysicsSystem.cpp,825,14631260267,5052136,17,
Physics::Step,C:\Users\ivanm\source\repos\myengine\engine\src\ecs\systems\PhysicsSystem.cpp,825,14649193986,5924766,17,
Physics::Step,C:\Users\ivanm\source\repos\myengine\engine\src\ecs\systems\PhysicsSystem.cpp,825,14667922047,5541011,17,
Physics::Step,C:\Users\ivanm\source\repos\myengine\engine\src\ecs\systems\PhysicsSystem.cpp,825,14673463309,5889657,17,
Physics::Step,C:\Users\ivanm\source\repos\myengine\engine\src\ecs\systems\PhysicsSystem.cpp,825,14692980474,5196550,17,
Physics::Step,C:\Users\ivanm\source\repos\myengine\engine\src\ecs\systems\PhysicsSystem.cpp,825,14711450623,5393766,17,
Physics::Step,C:\Users\ivanm\source\repos\myengine\engine\src\ecs\systems\PhysicsSystem.cpp,825,14729801146,5276168,17,
Physics::Step,C:\Users\ivanm\source\repos\myengine\engine\src\ecs\systems\PhysicsSystem.cpp,825,14748029121,5165321,17,
Physics::Step,C:\Users\ivanm\source\repos\myengine\engine\src\ecs\systems\PhysicsSystem.cpp,825,14766190734,5342345,17,
Physics::Step,C:\Users\ivanm\source\repos\myengine\engine\src\ecs\systems\PhysicsSystem.cpp,825,14784288332,6610662,17,
Physics::Step,C:\Users\ivanm\source\repos\myengine\engine\src\ecs\systems\PhysicsSystem.cpp,825,14790899124,5010208,17,
Physics::Step,C:\Users\ivanm\source\repos\myengine\engine\src\ecs\systems\PhysicsSystem.cpp,825,14810106076,5325847,17,
Physics::Step,C:\Users\ivanm\source\repos\myengine\engine\src\ecs\systems\PhysicsSystem.cpp,825,14828581436,5122400,17,
Physics::Step,C:\Users\ivanm\source\repos\myengine\engine\src\ecs\systems\PhysicsSystem.cpp,825,14847091501,5196009,17,
Physics::Step,C:\Users\ivanm\source\repos\myengine\engine\src\ecs\systems\PhysicsSystem.cpp,825,14865797158,6089576,17,
Physics::Step,C:\Users\ivanm\source\repos\myengine\engine\src\ecs\systems\PhysicsSystem.cpp,825,14885530240,6127706,17,
Physics::Step,C:\Users\ivanm\source\repos\myengine\engine\src\ecs\systems\PhysicsSystem.cpp,825,14891658357,5678036,17,
Physics::Step,C:\Users\ivanm\source\repos\myengine\engine\src\ecs\systems\PhysicsSystem.cpp,825,14910560147,5117403,17,
Physics::Step,C:\Users\ivanm\source\repos\myengine\engine\src\ecs\systems\PhysicsSystem.cpp,825,14929246691,5111699,17,
Physics::Step,C:\Users\ivanm\source\repos\myengine\engine\src\ecs\systems\PhysicsSystem.cpp,825,14948034494,6041999,17,
Physics::Step,C:\Users\ivanm\source\repos\myengine\engine\src\ecs\systems\PhysicsSystem.cpp,825,14967500160,5273467,17,
Physics::Step,C:\Users\ivanm\source\repos\myengine\engine\src\ecs\systems\PhysicsSystem.cpp,825,14972773788,5830265,17,
Physics::Step,C:\Users\ivanm\source\repos\myengine\engine\src\ecs\systems\PhysicsSystem.cpp,825,14991831985,5502463,17,
Physics::Step,C:\Users\ivanm\source\repos\myengine\engine\src\ecs\systems\PhysicsSystem.cpp,825,15010919159,5571384,17,
Physics::Step,C:\Users\ivanm\source\repos\myengine\engine\src\ecs\systems\PhysicsSystem.cpp,825,15029054672,5468603,17,
Physics::Step,C:\Users\ivanm\source\repos\myengine\engine\src\ecs\systems\PhysicsSystem.cpp,825,15047493738,4968918,17,
Physics::Step,C:\Users\ivanm\source\repos\myengine\engine\src\ecs\systems\PhysicsSystem.cpp,825,15069673160,6732557,17,
Physics::Step,C:\Users\ivanm\source\repos\myengine\engine\src\ecs\systems\PhysicsSystem.cpp,825,15076405888,4970129,17,
Physics::Step,C:\Users\ivanm\source\repos\myengine\engine\src\ecs\systems\PhysicsSystem.cpp,825,15094411423,5685983,17,
Physics::Step,C:\Users\ivanm\source\repos\myengine\engine\src\ecs\systems\PhysicsSystem.cpp,825,15113073920,5927916,17,
Physics::Step,C:\Users\ivanm\source\repos\myengine\engine\src\ecs\systems\PhysicsSystem.cpp,825,15131185692,5169400,17,
Physics::Step,C:\Users\ivanm\source\repos\myengine\engine\src\ecs\systems\PhysicsSystem.cpp,825,15149419292,5634454,17,
Physics::Step,C:\Users\ivanm\source\repos\myengine\engine\src\ecs\systems\PhysicsSystem.cpp,825,15167973793,5121723,17,
Physics::Step,C:\Users\ivanm\source\repos\myengine\engine\src\ecs\systems\PhysicsSystem.cpp,825,15173095576,6144083,17,
Physics::Step,C:\Users\ivanm\source\repos\myengine\engine\src\ecs\systems\PhysicsSystem.cpp,825,15191687898,5332354,17,
Physics::Step,C:\Users\ivanm\source\repos\myengine\engine\src\ecs\systems\PhysicsSystem.cpp,825,15210165467,5844193,17,
Physics::Step,C:\Users\ivanm\source\repos\myengine\engine\src\ecs\systems\PhysicsSystem.cpp,825,15228547691,5211033,17,
Physics::Step,C:\Users\ivanm\source\repos\myengine\engine\src\ecs\systems\PhysicsSystem.cpp,825,15247359715,5124023,17,
Physics::Step,C:\Users\ivanm\source\repos\myengine\engine\src\ecs\systems\PhysicsSystem.cpp,825,15265002692,5620197,17,
Physics::Step,C:\Users\ivanm\source\repos\myengine\engine\src\ecs\systems\PhysicsSystem.cpp,825,15283065427,5895668,17,
Physics::Step,C:\Users\ivanm\source\repos\myengine\engine\src\ecs\systems\PhysicsSystem.cpp,825,15300730253,6745269,17,
Physics::Step,C:\Users\ivanm\source\repos\myengine\engine\src\ecs\systems\PhysicsSystem.cpp,825,15307475742,7046288,17,
Physics::Step,C:\Users\ivanm\source\repos\myengine\engine\src\ecs\systems\PhysicsSystem.cpp,825,15328263519,5299335,17,
Physics::Step,C:\Users\ivanm\source\repos\myengine\engine\src\ecs\systems\PhysicsSystem.cpp,825,15346645610,5030455,17,
Physics::Step,C:\Users\ivanm\source\repos\myengine\engine\src\ecs\systems\PhysicsSystem.cpp,825,15365145578,5740984,17,
Physics::Step,C:\Users\ivanm\source\repos\myengine\engine\src\ecs\systems\PhysicsSystem.cpp,825,15385393987,5823324,17,
Physics::Step,C:\Users\ivanm\source\repos\myengine\engine\src\ecs\systems\PhysicsSystem.cpp,825,15391217391,5647819,17,
Physics::Step,C:\Users\ivanm\source\repos\myengine\engine\src\ecs\systems\PhysicsSystem.cpp,825,15410025424,5382244,17,
Physics::Step,C:\Users\ivanm\source\repos\myengine\engine\src\ecs\systems\PhysicsSystem.cpp,825,15429593822,5105176,17,
Physics::Step,C:\Users\ivanm\source\repos\myengine\engine\src\ecs\systems\PhysicsSystem.cpp,825,15448230838,5740896,17,
Physics::Step,C:\Users\ivanm\source\repos\myengine\engine\src\ecs\systems\PhysicsSystem.cpp,825,15467200678,5576984,17,
Physics::Step,C:\Users\ivanm\source\repos\myengine\engine\src\ecs\systems\PhysicsSystem.cpp,825,15472777923,5759791,17,
Physics::Step,C:\Users\ivanm\source\repos\myengine\engine\src\ecs\systems\PhysicsSystem.cpp,825,15492370967,5162137,17,
Physics::Step,C:\Users\ivanm\source\repos\myengine\engine\src\ecs\systems\PhysicsSystem.cpp,825,15510558320,5342358,17,
Physics::Step,C:\Users\ivanm\source\repos\myengine\engine\src\ecs\systems\PhysicsSystem.cpp,825,15528722107,5565453,17,
Physics::Step,C:\Users\ivanm\source\repos\myengine\engine\src\ecs\systems\PhysicsSystem.cpp,825,15548201857,4981873,17,
Physics::Step,C:\Users\ivanm\source\repos\myengine\engine\src\ecs\systems\PhysicsSystem.cpp,825,15566449784,5960934,17,
Physics::Step,C:\Users\ivanm\source\repos\myengine\engine\src\ecs\systems\PhysicsSystem.cpp,825,15584979247,5464485,17,
Physics::Step,C:\Users\ivanm\source\repos\myengine\engine\src\ecs\systems\PhysicsSystem.cpp,825,15590444002,5468845,17,
Physics::Step,C:\Users\ivanm\source\repos\myengine\engine\src\ecs\systems\PhysicsSystem.cpp,825,15608972949,4985360,17,
Physics::Step,C:\Users\ivanm\source\repos\myengine\engine\src\ecs\systems\PhysicsSystem.cpp,825,15626853517,5314862,17,
Physics::Step,C:\Users\ivanm\source\repos\myengine\engine\src\ecs\systems\PhysicsSystem.cpp,825,15645737670,5244668,17,
Physics::Step,C:\Users\ivanm\source\repos\myengine\engine\src\ecs\systems\PhysicsSystem.cpp,825,15664244835,5278131,17,
Physics::Step,C:\Users\ivanm\source\repos\myengine\engine\src\ecs\systems\PhysicsSystem.cpp,825,15682874574,5582167,17,
Physics::Step,C:\Users\ivanm\source\repos\myengine\engine\src\ecs\systems\PhysicsSystem.cpp,825,15700751609,6042816,17,
Physics::Step,C:\Users\ivanm\source\repos\myengine\engine\src\ecs\systems\PhysicsSystem.cpp,825,15706794525,5042268,17,
Physics::Step,C:\Users\ivanm\source\repos\myengine\engine\src\ecs\systems\PhysicsSystem.cpp,825,15725525721,5290450,17,
Physics::Step,C:\Users\ivanm\source\repos\myengine\engine\src\ecs\systems\PhysicsSystem.cpp,825,15743481353,5488541,17,
Physics::Step,C:\Users\ivanm\source\repos\myengine\engine\src\ecs\systems\PhysicsSystem.cpp,825,15763212516,5044111,17,
Physics::Step,C:\Users\ivanm\source\repos\myengine\engine\src\ecs\systems\PhysicsSystem.cpp,825,15781847940,6127490,17,
Physics::Step,C:\Users\ivanm\source\repos\myengine\engine\src\ecs\systems\PhysicsSystem.cpp,825,15800350671,5855078,17,
Physics::Step,C:\Users\ivanm\source\repos\myengine\engine\src\ecs\systems\PhysicsSystem.cpp,825,15806206210,6277026,17,
Physics::Step,C:\Users\ivanm\source\repos\myengine\engine\src\ecs\systems\PhysicsSystem.cpp,825,15826070103,5231266,17,
Physics::Step,C:\Users\ivanm\source\repos\myengine\engine\src\ecs\systems\PhysicsSystem.cpp,825,15844766763,5196571,17,
Physics::Step,C:\Users\ivanm\source\repos\myengine\engine\src\ecs\systems\PhysicsSystem.cpp,825,15863760148,6949025,17,
Physics::Step,C:\Users\ivanm\source\repos\myengine\engine\src\ecs\systems\PhysicsSystem.cpp,825,15883936479,5357728,17,
Physics::Step,C:\Users\ivanm\source\repos\myengine\engine\src\ecs\systems\PhysicsSystem.cpp,825,15889294567,5508238,17,
Physics::Step,C:\Users\ivanm\source\repos\myengine\engine\src\ecs\systems\PhysicsSystem.cpp,825,15908566186,5336234,17,
Physics::Step,C:\Users\ivanm\source\repos\myengine\engine\src\ecs\systems\PhysicsSystem.cpp,825,15927881079,5801865,17,
Physics::Step,C:\Users\ivanm\source\repos\myengine\engine\src\ecs\systems\PhysicsSystem.cpp,825,15946630954,5301270,17,
Physics::Step,C:\Users\ivanm\source\repos\myengine\engine\src\ecs\systems\PhysicsSystem.cpp,825,15965515161,5593994,17,
Physics::Step,C:\Users\ivanm\source\repos\myengine\engine\src\ecs\systems\PhysicsSystem.cpp,825,15984931527,6841098,17,
Physics::Step,C:\Users\ivanm\source\repos\myengine\engine\src\ecs\systems\PhysicsSystem.cpp,825,15991772765,5086041,17,
Physics::Step,C:\Users\ivanm\source\repos\myengine\engine\src\ecs\systems\PhysicsSystem.cpp,825,16010808079,5437602,17,
Physics::Step,C:\Users\ivanm\source\repos\myengine\engine\src\ecs\systems\PhysicsSystem.cpp,825,16030334410,6350733,17,
Physics::Step,C:\Users\ivanm\source\repos\myengine\engine\src\ecs\systems\PhysicsSystem.cpp,825,16049353043,5303725,17,
Physics::Step,C:\Users\ivanm\source\repos\myengine\engine\src\ecs\systems\PhysicsSystem.cpp,825,16067759502,5978618,17,
Physics::Step,C:\Users\ivanm\source\repos\myengine\engine\src\ecs\systems\PhysicsSystem.cpp,825,16073738260,5721378,17,
Physics::Step,C:\Users\ivanm\source\repos\myengine\engine\src\ecs\systems\PhysicsSystem.cpp,825,16092388492,6601470,17,
Physics::Step,C:\Users\ivanm\source\repos\myengine\engine\src\ecs\systems\PhysicsSystem.cpp,825,16111833002,5208814,17,
Physics::Step,C:\Users\ivanm\source\repos\myengine\engine\src\ecs\systems\PhysicsSystem.cpp,825,16129772523,5122901,17,
Physics::Step,C:\Users\ivanm\source\repos\myengine\engine\src\ecs\systems\PhysicsSystem.cpp,825,16147944456,5393729,17,
Physics::Step,C:\Users\ivanm\source\repos\myengine\engine\src\ecs\systems\PhysicsSystem.cpp,825,16165744204,5098094,17,
Physics::Step,C:\Users\ivanm\source\repos\myengine\engine\src\ecs\systems\PhysicsSystem.cpp,825,16187496501,5771768,17,
Physics::Step,C:\Users\ivanm\source\repos\myengine\engine\src\ecs\systems\PhysicsSystem.cpp,825,16193268329,4949962,17,
Physics::Step,C:\Users\ivanm\source\repos\myengine\engine\src\ecs\systems\PhysicsSystem.cpp,825,16211684486,5345334,17,
Physics::Step,C:\Users\ivanm\source\repos\myengine\engine\src\ecs\systems\PhysicsSystem.cpp,825,16230108878,5331278,17,
Physics::Step,C:\Users\ivanm\source\repos\myengine\engine\src\ecs\systems\PhysicsSystem.cpp,825,16248554883,4920376,17,
Physics::Step,C:\Users\ivanm\source\repos\myengine\engine\src\ecs\systems\PhysicsSystem.cpp,825,16266723109,6285762,17,
Physics::Step,C:\Users\ivanm\source\repos\myengine\engine\src\ecs\systems\PhysicsSystem.cpp,825,16286287309,5983467,17,
Physics::Step,C:\Users\ivanm\source\repos\myengine\engine\src\ecs\systems\PhysicsSystem.cpp,825,16292270876,5636272,17,
Physics::Step,C:\Users\ivanm\source\repos\myengine\engine\src\ecs\systems\PhysicsSystem.cpp,825,16312007634,5346942,17,
Physics::Step,C:\Users\ivanm\source\repos\myengine\engine\src\ecs\systems\PhysicsSystem.cpp,825,16330680875,5236286,17,
Physics::Step,C:\Users\ivanm\source\repos\myengine\engine\src\ecs\systems\PhysicsSystem.cpp,825,16349991082,5899239,17,
Physics::Step,C:\Users\ivanm\source\repos\myengine\engine\src\ecs\systems\PhysicsSystem.cpp,825,16368683156,5639105,17,
Physics::Step,C:\Users\ivanm\source\repos\myengine\engine\src\ecs\systems\PhysicsSystem.cpp,825,16374322331,4826066,17,
Physics::Step,C:\Users\ivanm\source\repos\myengine\engine\src\ecs\systems\PhysicsSystem.cpp,825,16392733418,5324750,17,
Physics::Step,C:\Users\ivanm\source\repos\myengine\engine\src\ecs\systems\PhysicsSystem.cpp,825,16410996800,4959334,17,
Physics::Step,C:\Users\ivanm\source\repos\myengine\engine\src\ecs\systems\PhysicsSystem.cpp,825,16429734453,5060272,17,
Physics::Step,C:\Users\ivanm\source\repos\myengine\engine\src\ecs\systems\PhysicsSystem.cpp,825,16448437516,5499948,17,
Physics::Step,C:\Users\ivanm\source\repos\myengine\engine\src\ecs\systems\PhysicsSystem.cpp,825,16466387106,5179514,17,
Physics::Step,C:\Users\ivanm\source\repos\myengine\engine\src\ecs\systems\PhysicsSystem.cpp,825,16485211835,6120594,17,
Physics::Step,C:\Users\ivanm\source\repos\myengine\engine\src\ecs\systems\PhysicsSystem.cpp,825,16491332539,5737870,17,
Physics::Step,C:\Users\ivanm\source\repos\myengine\engine\src\ecs\systems\PhysicsSystem.cpp,825,16510785006,5389819,17,
Physics::Step,C:\Users\ivanm\source\repos\myengine\engine\src\ecs\systems\PhysicsSystem.cpp,825,16529252221,5154949,17,
Physics::Step,C:\Users\ivanm\source\repos\myengine\engine\src\ecs\systems\PhysicsSystem.cpp,825,16547710355,5827130,17,
Physics::Step,C:\Users\ivanm\source\repos\myengine\engine\src\ecs\systems\PhysicsSystem.cpp,825,16568571604,6302794,17,
Physics::Step,C:\Users\ivanm\source\repos\myengine\engine\src\ecs\systems\PhysicsSystem.cpp,825,16574874558,4890089,17,
Physics::Step,C:\Users\ivanm\source\repos\myengine\engine\src\ecs\systems\PhysicsSystem.cpp,825,16592329257,5818824,17,
Physics::Step,C:\Users\ivanm\source\repos\myengine\engine\src\ecs\systems\PhysicsSystem.cpp,825,16611253420,5157983,17,
Physics::Step,C:\Users\ivanm\source\repos\myengine\engine\src\ecs\systems\PhysicsSystem.cpp,825,16629575794,5377570,17,
Physics::Step,C:\Users\ivanm\source\repos\myengine\engine\src\ecs\systems\PhysicsSystem.cpp,825,16647613677,5459856,17,
Physics::Step,C:\Users\ivanm\source\repos\myengine\engine\src\ecs\systems\PhysicsSystem.cpp,825,16665899892,4913573,17,
Physics::Step,C:\Users\ivanm\source\repos\myengine\engine\src\ecs\systems\PhysicsSystem.cpp,825,16684560875,6076599,17,
Physics::Step,C:\Users\ivanm\source\repos\myengine\engine\src\ecs\systems\PhysicsSystem.cpp,825,16690637715,5681201,17,
Physics::Step,C:\Users\ivanm\source\repos\myengine\engine\src\ecs\systems\PhysicsSystem.cpp,825,16709157518,4947719,17,
Physics::Step,C:\Users\ivanm\source\repos\myengine\engine\src\ecs\systems\PhysicsSystem.cpp,825,16727765130,5091562,17,
Physics::Step,C:\Users\ivanm\source\repos\myengine\engine\src\ecs\systems\PhysicsSystem.cpp,825,16746314360,5181112,17,
Physics::Step,C:\Users\ivanm\source\repos\myengine\engine\src\ecs\systems\PhysicsSystem.cpp,825,16764742631,5058828,17,
Physics::Step,C:\Users\ivanm\source\repos\myengine\engine\src\ecs\systems\PhysicsSystem.cpp,825,16782992400,6117370,17,
Physics::Step,C:\Users\ivanm\source\repos\myengine\engine\src\ecs\systems\PhysicsSystem.cpp,825,16801319315,5392854,17,
Physics::Step,C:\Users\ivanm\source\repos\myengine\engine\src\ecs\systems\PhysicsSystem.cpp,825,16806712350,5547682,17,
Physics::Step,C:\Users\ivanm\source\repos\myengine\engine\src\ecs\systems\PhysicsSystem.cpp,825,16825940074,5254501,17,
Physics::Step,C:\Users\ivanm\source\repos\myengine\engine\src\ecs\systems\PhysicsSystem.cpp,825,16844822447,5287158,17,
Physics::Step,C:\Users\ivanm\source\repos\myengine\engine\src\ecs\systems\PhysicsSystem.cpp,825,16864578917,5907154,17,
Physics::Step,C:\Users\ivanm\source\repos\myengine\engine\src\ecs\systems\PhysicsSystem.cpp,825,16882696178,5054110,17,
Physics::Step,C:\Users\ivanm\source\repos\myengine\engine\src\ecs\systems\PhysicsSystem.cpp,825,16900931532,5551636,17,
Physics::Step,C:\Users\ivanm\source\repos\myengine\engine\src\ecs\systems\PhysicsSystem.cpp,825,16906483609,5470473,17,
Physics::Step,C:\Users\ivanm\source\repos\myengine\engine\src\ecs\systems\PhysicsSystem.cpp,825,16924665833,6551218,17,
Physics::Step,C:\Users\ivanm\source\repos\myengine\engine\src\ecs\systems\PhysicsSystem.cpp,825,16944192663,5354842,17,
Physics::Step,C:\Users\ivanm\source\repos\myengine\engine\src\ecs\systems\PhysicsSystem.cpp,825,16962927736,5219285,17,
Physics::Step,C:\Users\ivanm\source\repos\myengine\engine\src\ecs\systems\PhysicsSystem.cpp,825,16980971496,5353724,17,
Physics::Step,C:\Users\ivanm\source\repos\myengine\engine\src\ecs\systems\PhysicsSystem.cpp,825,16999567033,4993164,17,
Physics::Step,C:\Users\ivanm\source\repos\myengine\engine\src\ecs\systems\PhysicsSystem.cpp,825,17018246521,5859432,17,
Physics::Step,C:\Users\ivanm\source\repos\myengine\engine\src\ecs\systems\PhysicsSystem.cpp,825,17024106334,5504353,17,
Physics::Step,C:\Users\ivanm\source\repos\myengine\engine\src\ecs\systems\PhysicsSystem.cpp,825,17044138570,5391896,17,
Physics::Step,C:\Users\ivanm\source\repos\myengine\engine\src\ecs\systems\PhysicsSystem.cpp,825,17062610176,5177886,17,
Physics::Step,C:\Users\ivanm\source\repos\myengine\engine\src\ecs\systems\PhysicsSystem.cpp,825,17080754507,5567696,17,
Physics::Step,C:\Users\ivanm\source\repos\myengine\engine\src\ecs\systems\PhysicsSystem.cpp,825,17099894800,5300103,17,
Physics::Step,C:\Users\ivanm\source\repos\myengine\engine\src\ecs\systems\PhysicsSystem.cpp,825,17117596013,6063762,17,
Physics::Step,C:\Users\ivanm\source\repos\myengine\engine\src\ecs\systems\PhysicsSystem.cpp,825,17123659865,5324227,17,
Physics::Step,C:\Users\ivanm\source\repos\myengine\engine\src\ecs\systems\PhysicsSystem.cpp,825,17142562588,5237611,17,
Physics::Step,C:\Users\ivanm\source\repos\myengine\engine\src\ecs\systems\PhysicsSystem.cpp,825,17160700278,5129404,17,
Physics::Step,C:\Users\ivanm\source\repos\myengine\engine\src\ecs\systems\PhysicsSystem.cpp,825,17179018960,5065589,17,
Physics::Step,C:\Users\ivanm\source\repos\myengine\engine\src\ecs\systems\PhysicsSystem.cpp,825,17197260241,5686446,17,
Physics::Step,C:\Users\ivanm\source\repos\myengine\engine\src\ecs\systems\PhysicsSystem.cpp,825,17215586410,5008885,17,
Physics::Step,C:\Users\ivanm\source\repos\myengine\engine\src\ecs\systems\PhysicsSystem.cpp,825,17235543578,5962021,17,
Physics::Step,C:\Users\ivanm\source\repos\myengine\engine\src\ecs\systems\PhysicsSystem.cpp,825,17241505709,5200208,17,
Physics::Step,C:\Users\ivanm\source\repos\myengine\engine\src\ecs\systems\PhysicsSystem.cpp,825,17260656253,5309205,17,
Physics::Step,C:\Users\ivanm\source\repos\myengine\engine\src\ecs\systems\PhysicsSystem.cpp,825,17278536977,4989237,17,
Physics::Step,C:\Users\ivanm\source\repos\myengine\engine\src\ecs\systems\PhysicsSystem.cpp,825,17296797919,5025696,17,
Physics::Step,C:\Users\ivanm\source\repos\myengine\engine\src\ecs\systems\PhysicsSystem.cpp,825,17314930676,5788865,17,
Physics::Step,C:\Users\ivanm\source\repos\myengine\engine\src\ecs\systems\PhysicsSystem.cpp,825,17333197347,5235284,17,
Physics::Step,C:\Users\ivanm\source\repos\myengine\engine\src\ecs\systems\PhysicsSystem.cpp,825,17351239884,6689503,17,
Physics::Step,C:\Users\ivanm\source\repos\myengine\engine\src\ecs\systems\PhysicsSystem.cpp,825,17357929687,5231417,17,
Physics::Step,C:\Users\ivanm\source\repos\myengine\engine\src\ecs\systems\PhysicsSystem.cpp,825,17376644653,5181883,17,
Physics::Step,C:\Users\ivanm\source\repos\myengine\engine\src\ecs\systems\PhysicsSystem.cpp,825,17394533818,5078346,17,
Physics::Step,C:\Users\ivanm\source\repos\myengine\engine\src\ecs\systems\PhysicsSystem.cpp,825,17412715669,5439673,17,
Physics::Step,C:\Users\ivanm\source\repos\myengine\engine\src\ecs\systems\PhysicsSystem.cpp,825,17431935444,5290830,17,
Physics::Step,C:\Users\ivanm\source\repos\myengine\engine\src\ecs\systems\PhysicsSystem.cpp,825,17449782169,5620627,17,
Physics::Step,C:\Users\ivanm\source\repos\myengine\engine\src\ecs\systems\PhysicsSystem.cpp,825,17467866425,5545213,17,
Physics::Step,C:\Users\ivanm\source\repos\myengine\engine\src\ecs\systems\PhysicsSystem.cpp,825,17473411819,5740255,17,
Physics::Step,C:\Users\ivanm\source\repos\myengine\engine\src\ecs\systems\PhysicsSystem.cpp,825,17492534690,5042748,17,
Physics::Step,C:\Users\ivanm\source\repos\myengine\engine\src\ecs\systems\PhysicsSystem.cpp,825,17511039385,5251766,17,
Physics::Step,C:\Users\ivanm\source\repos\myengine\engine\src\ecs\systems\PhysicsSystem.cpp,825,17528963858,5300774,17,
Physics::Step,C:\Users\ivanm\source\repos\myengine\engine\src\ecs\systems\PhysicsSystem.cpp,825,17547735907,4995573,17,
Physics::Step,C:\Users\ivanm\source\repos\myengine\engine\src\ecs\systems\PhysicsSystem.cpp,825,17566451057,7175531,17,
Physics::Step,C:\Users\ivanm\source\repos\myengine\engine\src\ecs\systems\PhysicsSystem.cpp,825,17587108436,5709651,17,
Physics::Step,C:\Users\ivanm\source\repos\myengine\engine\src\ecs\systems\PhysicsSystem.cpp,825,17592818167,5609071,17,
Physics::Step,C:\Users\ivanm\source\repos\myengine\engine\src\ecs\systems\PhysicsSystem.cpp,825,17611441183,5024544,17,
Physics::Step,C:\Users\ivanm\source\repos\myengine\engine\src\ecs\systems\PhysicsSystem.cpp,825,17629742772,5239647,17,
Physics::Step,C:\Users\ivanm\source\repos\myengine\engine\src\ecs\systems\PhysicsSystem.cpp,825,17648536782,5820019,17,
Physics::Step,C:\Users\ivanm\source\repos\myengine\engine\src\ecs\systems\PhysicsSystem.cpp,825,17667390874,5269448,17,
Physics::Step,C:\Users\ivanm\source\repos\myengine\engine\src\ecs\systems\PhysicsSystem.cpp,825,17672660492,6220430,17,
Physics::Step,C:\Users\ivanm\source\repos\myengine\engine\src\ecs\systems\PhysicsSystem.cpp,825,17693459926,5539794,17,
Physics::Step,C:\Users\ivanm\source\repos\myengine\engine\src\ecs\systems\PhysicsSystem.cpp,825,17712472477,5479108,17,
Physics::Step,C:\Users\ivanm\source\repos\myengine\engine\src\ecs\systems\PhysicsSystem.cpp,825,17730904073,5630597,17,
Physics::Step,C:\Users\ivanm\source\repos\myengine\engine\src\ecs\systems\PhysicsSystem.cpp,825,17748670014,5104767,17,
Physics::Step,C:\Users\ivanm\source\repos\myengine\engine\src\ecs\systems\PhysicsSystem.cpp,825,17769944807,6070101,17,
Physics::Step,C:\Users\ivanm\source\repos\myengine\engine\src\ecs\systems\PhysicsSystem.cpp,825,17776015409,5078438,17,
Physics::Step,C:\Users\ivanm\source\repos\myengine\engine\src\ecs\systems\PhysicsSystem.cpp,825,17794586702,5369460,17,
Physics::Step,C:\Users\ivanm\source\repos\myengine\engine\src\ecs\systems\PhysicsSystem.cpp,825,17812744027,5311429,17,
Physics::Step,C:\Users\ivanm\source\repos\myengine\engine\src\ecs\systems\PhysicsSystem.cpp,825,17830402853,5331959,17,
Physics::Step,C:\Users\ivanm\source\repos\myengine\engine\src\ecs\systems\PhysicsSystem.cpp,825,17848219101,5139833,17,
Physics::Step,C:\Users\ivanm\source\repos\myengine\engine\src\ecs\systems\PhysicsSystem.cpp,825,17866590723,6272006,17,
Physics::Step,C:\Users\ivanm\source\repos\myengine\engine\src\ecs\systems\PhysicsSystem.cpp,825,17885273317,5353429,17,
Physics::Step,C:\Users\ivanm\source\repos\myengine\engine\src\ecs\systems\PhysicsSystem.cpp,825,17890626886,6184129,17,
Physics::Step,C:\Users\ivanm\source\repos\myengine\engine\src\ecs\systems\PhysicsSystem.cpp,825,17910430011,5022697,17,
Physics::Step,C:\Users\ivanm\source\repos\myengine\engine\src\ecs\systems\PhysicsSystem.cpp,825,17928164589,5361985,17,
Physics::Step,C:\Users\ivanm\source\repos\myengine\engine\src\ecs\systems\PhysicsSystem.cpp,825,17945856759,5140883,17,
Physics::Step,C:\Users\ivanm\source\repos\myengine\engine\src\ecs\systems\PhysicsSystem.cpp,825,17963610139,5126518,17,
Physics::Step,C:\Users\ivanm\source\repos\myengine\engine\src\ecs\systems\PhysicsSystem.cpp,825,17981185708,5662757,17,
Physics::Step,C:\Users\ivanm\source\repos\myengine\engine\src\ecs\systems\PhysicsSystem.cpp,825,17998778128,5071288,17,
Physics::Step,C:\Users\ivanm\source\repos\myengine\engine\src\ecs\systems\PhysicsSystem.cpp,825,18017081326,5886488,17,
Physics::Step,C:\Users\ivanm\source\repos\myengine\engine\src\ecs\systems\PhysicsSystem.cpp,825,18022967984,5798656,17,
Physics::Step,C:\Users\ivanm\source\repos\myengine\engine\src\ecs\systems\PhysicsSystem.cpp,825,18042235070,4995537,17,
Physics::Step,C:\Users\ivanm\source\repos\myengine\engine\src\ecs\systems\PhysicsSystem.cpp,825,18059957376,5325055,17,
Physics::Step,C:\Users\ivanm\source\repos\myengine\engine\src\ecs\systems\PhysicsSystem.cpp,825,18078152202,5035144,17,
Physics::Step,C:\Users\ivanm\source\repos\myengine\engine\src\ecs\systems\PhysicsSystem.cpp,825,18097236280,5169740,17,
Physics::Step,C:\Users\ivanm\source\repos\myengine\engine\src\ecs\systems\PhysicsSystem.cpp,825,18116321349,6107143,17,
Physics::Step,C:\Users\ivanm\source\repos\myengine\engine\src\ecs\systems\PhysicsSystem.cpp,825,18134825511,5790534,17,
Physics::Step,C:\Users\ivanm\source\repos\myengine\engine\src\ecs\systems\PhysicsSystem.cpp,825,18140616145,5260092,17,
Physics::Step,C:\Users\ivanm\source\repos\myengine\engine\src\ecs\systems\PhysicsSystem.cpp,825,18159023646,4948689,17,
Physics::Step,C:\Users\ivanm\source\repos\myengine\engine\src\ecs\systems\PhysicsSystem.cpp,825,18176603152,5478357,17,
Physics::Step,C:\Users\ivanm\source\repos\myengine\engine\src\ecs\systems\PhysicsSystem.cpp,825,18194769895,5523743,17,
Physics::Step,C:\Users\ivanm\source\repos\myengine\engine\src\ecs\systems\PhysicsSystem.cpp,825,18213288336,5307136,17,
Physics::Step,C:\Users\ivanm\source\repos\myengine\engine\src\ecs\systems\PhysicsSystem.cpp,825,18231773188,5845888,17,
Physics::Step,C:\Users\ivanm\source\repos\myengine\engine\src\ecs\systems\PhysicsSystem.cpp,825,18249507010,4908003,17,
Physics::Step,C:\Users\ivanm\source\repos\myengine\engine\src\ecs\systems\PhysicsSystem.cpp,825,18270764901,6451126,17,
Physics::Step,C:\Users\ivanm\source\repos\myengine\engine\src\ecs\systems\PhysicsSystem.cpp,825,18277216117,6871474,17,
Physics::Step,C:\Users\ivanm\source\repos\myengine\engine\src\ecs\systems\PhysicsSystem.cpp,825,18300165674,5639166,17,
Physics::Step,C:\Users\ivanm\source\repos\myengine\engine\src\ecs\systems\PhysicsSystem.cpp,825,18320638755,7393139,17,
Physics::Step,C:\Users\ivanm\source\repos\myengine\engine\src\ecs\systems\PhysicsSystem.cpp,825,18328032244,5724716,17,
Physics::Step,C:\Users\ivanm\source\repos\myengine\engine\src\ecs\systems\PhysicsSystem.cpp,825,18348291947,5372545,17,
Physics::Step,C:\Users\ivanm\source\repos\myengine\engine\src\ecs\systems\PhysicsSystem.cpp,825,18368530970,6368949,17,
Physics::Step,C:\Users\ivanm\source\repos\myengine\engine\src\ecs\systems\PhysicsSystem.cpp,825,18374900149,6197385,17,
Physics::Step,C:\Users\ivanm\source\repos\myengine\engine\src\ecs\systems\PhysicsSystem.cpp,825,18395900220,5992855,17,
Physics::Step,C:\Users\ivanm\source\repos\myengine\engine\src\ecs\systems\PhysicsSystem.cpp,825,18416911072,7006837,17,
Physics::Step,C:\Users\ivanm\source\repos\myengine\engine\src\ecs\systems\PhysicsSystem.cpp,825,18441664673,6589750,17,
Physics::Step,C:\Users\ivanm\source\repos\myengine\engine\src\ecs\systems\PhysicsSystem.cpp,825,18448254654,6425864,17,
Physics::Step,C:\Users\ivanm\source\repos\myengine\engine\src\ecs\systems\PhysicsSystem.cpp,825,18471778298,6891474,17,
Physics::Step,C:\Users\ivanm\source\repos\myengine\engine\src\ecs\systems\PhysicsSystem.cpp,825,18478669932,5728086,17,
Physics::Step,C:\Users\ivanm\source\repos\myengine\engine\src\ecs\systems\PhysicsSystem.cpp,825,18499006475,5753665,17,
Physics::Step,C:\Users\ivanm\source\repos\myengine\engine\src\ecs\systems\PhysicsSystem.cpp,825,18518997882,7567978,17,
Physics::Step,C:\Users\ivanm\source\repos\myengine\engine\src\ecs\systems\PhysicsSystem.cpp,825,18526566181,6837711,17,
Physics::Step,C:\Users\ivanm\source\repos\myengine\engine\src\ecs\systems\PhysicsSystem.cpp,825,18548891180,5738609,17,
Physics::Step,C:\Users\ivanm\source\repos\myengine\engine\src\ecs\systems\PhysicsSystem.cpp,825,18568847574,6718880,17,
Physics::Step,C:\Users\ivanm\source\repos\myengine\engine\src\ecs\systems\PhysicsSystem.cpp,825,18575566554,5508274,17,
Physics::Step,C:\Users\ivanm\source\repos\myengine\engine\src\ecs\systems\PhysicsSystem.cpp,825,18595145512,5769331,17,
Physics::Step,C:\Users\ivanm\source\repos\myengine\engine\src\ecs\systems\PhysicsSystem.cpp,825,18617875162,6536844,17,
Physics::Step,C:\Users\ivanm\source\repos\myengine\engine\src\ecs\systems\PhysicsSystem.cpp,825,18624412096,6914122,17,
Physics::Step,C:\Users\ivanm\source\repos\myengine\engine\src\ecs\systems\PhysicsSystem.cpp,825,18646300461,6132861,17,
Physics::Step,C:\Users\ivanm\source\repos\myengine\engine\src\ecs\systems\PhysicsSystem.cpp,825,18668220490,6347474,17,
Physics::Step,C:\Users\ivanm\source\repos\myengine\engine\src\ecs\systems\PhysicsSystem.cpp,825,18674568124,6327367,17,
Physics::Step,C:\Users\ivanm\source\repos\myengine\engine\src\ecs\systems\PhysicsSystem.cpp,825,18695363110,5944819,17,
Physics::Step,C:\Users\ivanm\source\repos\myengine\engine\src\ecs\systems\PhysicsSystem.cpp,825,18714885155,5440534,17,
Physics::Step,C:\Users\ivanm\source\repos\myengine\engine\src\ecs\systems\PhysicsSystem.cpp,825,18736804152,7075168,17,
Physics::Step,C:\Users\ivanm\source\repos\myengine\engine\src\ecs\systems\PhysicsSystem.cpp,825,18743879571,5958510,17,
Physics::Step,C:\Users\ivanm\source\repos\myengine\engine\src\ecs\systems\PhysicsSystem.cpp,825,18765428845,6259091,17,
Physics::Step,C:\Users\ivanm\source\repos\myengine\engine\src\ecs\systems\PhysicsSystem.cpp,825,18785649909,7860231,17,
Physics::Step,C:\Users\ivanm\source\repos\myengine\engine\src\ecs\systems\PhysicsSystem.cpp,825,18793510210,5549898,17,
Physics::Step,C:\Users\ivanm\source\repos\myengine\engine\src\ecs\systems\PhysicsSystem.cpp,825,18812854016,5772967,17,
Physics::Step,C:\Users\ivanm\source\repos\myengine\engine\src\ecs\systems\PhysicsSystem.cpp,825,18832811724,5907669,17,
Physics::Step,C:\Users\ivanm\source\repos\myengine\engine\src\ecs\systems\PhysicsSystem.cpp,825,18854620678,6523384,17,
Physics::Step,C:\Users\ivanm\source\repos\myengine\engine\src\ecs\systems\PhysicsSystem.cpp,825,18861144182,6080238,17,
Physics::Step,C:\Users\ivanm\source\repos\myengine\engine\src\ecs\systems\PhysicsSystem.cpp,825,18881461962,6944087,17,
Physics::Step,C:\Users\ivanm\source\repos\myengine\engine\src\ecs\systems\PhysicsSystem.cpp,825,18904324767,6375477,17,
Physics::Step,C:\Users\ivanm\source\repos\myengine\engine\src\ecs\systems\PhysicsSystem.cpp,825,18910700374,5408760,17,
Physics::Step,C:\Users\ivanm\source\repos\myengine\engine\src\ecs\systems\PhysicsSystem.cpp,825,18931017221,6087615,17,
Physics::Step,C:\Users\ivanm\source\repos\myengine\engine\src\ecs\systems\PhysicsSystem.cpp,825,18952724847,6702935,17,
Physics::Step,C:\Users\ivanm\source\repos\myengine\engine\src\ecs\systems\PhysicsSystem.cpp,825,18959428112,6076405,17,
Physics::Step,C:\Users\ivanm\source\repos\myengine\engine\src\ecs\systems\PhysicsSystem.cpp,825,18981922504,7030147,17,
Physics::Step,C:\Users\ivanm\source\repos\myengine\engine\src\ecs\systems\PhysicsSystem.cpp,825,19004233657,8329608,17,
Physics::Step,C:\Users\ivanm\source\repos\myengine\engine\src\ecs\systems\PhysicsSystem.cpp,825,19012563706,8015821,17,
Physics::Step,C:\Users\ivanm\source\repos\myengine\engine\src\ecs\systems\PhysicsSystem.cpp,825,19035635024,7023543,17,
Physics::Step,C:\Users\ivanm\source\repos\myengine\engine\src\ecs\systems\PhysicsSystem.cpp,825,19042658717,5544005,17,
Physics::Step,C:\Users\ivanm\source\repos\myengine\engine\src\ecs\systems\PhysicsSystem.cpp,825,19063283707,6100299,17,
Physics::Step,C:\Users\ivanm\source\repos\myengine\engine\src\ecs\systems\PhysicsSystem.cpp,825,19084267994,6584020,17,
Physics::Step,C:\Users\ivanm\source\repos\myengine\engine\src\ecs\systems\PhysicsSystem.cpp,825,19090852274,7195695,17,
Physics::Step,C:\Users\ivanm\source\repos\myengine\engine\src\ecs\systems\PhysicsSystem.cpp,825,19113321511,6629896,17,
Physics::Step,C:\Users\ivanm\source\repos\myengine\engine\src\ecs\systems\PhysicsSystem.cpp,825,19134467198,6355615,17,
Physics::Step,C:\Users\ivanm\source\repos\myengine\engine\src\ecs\systems\PhysicsSystem.cpp,825,19140823124,6460013,17,
Physics::Step,C:\Users\ivanm\source\repos\myengine\engine\src\ecs\systems\PhysicsSystem.cpp,825,19162202485,6456857,17,
Physics::Step,C:\Users\ivanm\source\repos\myengine\engine\src\ecs\systems\PhysicsSystem.cpp,825,19182859293,5444221,17,
Physics::Step,C:\Users\ivanm\source\repos\myengine\engine\src\ecs\systems\PhysicsSystem.cpp,825,19203934235,6505440,17,
Physics::Step,C:\Users\ivanm\source\repos\myengine\engine\src\ecs\systems\PhysicsSystem.cpp,825,19210439875,6002744,17,
Physics::Step,C:\Users\ivanm\source\repos\myengine\engine\src\ecs\systems\PhysicsSystem.cpp,825,19232301293,7072348,17,
Physics::Step,C:\Users\ivanm\source\repos\myengine\engine\src\ecs\systems\PhysicsSystem.cpp,825,19255769998,7021951,17,
Physics::Step,C:\Users\ivanm\source\repos\myengine\engine\src\ecs\systems\PhysicsSystem.cpp,825,19262792110,5029347,17,
Physics::Step,C:\Users\ivanm\source\repos\myengine\engine\src\ecs\systems\PhysicsSystem.cpp,825,19281080669,6330046,17,
Physics::Step,C:\Users\ivanm\source\repos\myengine\engine\src\ecs\systems\PhysicsSystem.cpp,825,19300608399,5409041,17,
Physics::Step,C:\Users\ivanm\source\repos\myengine\engine\src\ecs\systems\PhysicsSystem.cpp,825,19306017630,6039643,17,
Physics::Step,C:\Users\ivanm\source\repos\myengine\engine\src\ecs\systems\PhysicsSystem.cpp,825,19325571961,5479669,17,
Physics::Step,C:\Users\ivanm\source\repos\myengine\engine\src\ecs\systems\PhysicsSystem.cpp,825,19344365496,5441023,17,
Physics::Step,C:\Users\ivanm\source\repos\myengine\engine\src\ecs\systems\PhysicsSystem.cpp,825,19363674004,5487360,17,
Physics::Step,C:\Users\ivanm\source\repos\myengine\engine\src\ecs\systems\PhysicsSystem.cpp,825,19381292170,4968066,17,
Physics::Step,C:\Users\ivanm\source\repos\myengine\engine\src\ecs\systems\PhysicsSystem.cpp,825,19399366868,5494887,17,
Physics::Step,C:\Users\ivanm\source\repos\myengine\engine\src\ecs\systems\PhysicsSystem.cpp,825,19418326567,5398015,17,
Physics::Step,C:\Users\ivanm\source\repos\myengine\engine\src\ecs\systems\PhysicsSystem.cpp,825,19423724662,5955361,17,
Physics::Step,C:\Users\ivanm\source\repos\myengine\engine\src\ecs\systems\PhysicsSystem.cpp,825,19442964863,5007124,17,
Physics::Step,C:\Users\ivanm\source\repos\myengine\engine\src\ecs\systems\PhysicsSystem.cpp,825,19460998376,5608314,17,
Physics::Step,C:\Users\ivanm\source\repos\myengine\engine\src\ecs\systems\PhysicsSystem.cpp,825,19479292090,5232218,17,
Physics::Step,C:\Users\ivanm\source\repos\myengine\engine\src\ecs\systems\PhysicsSystem.cpp,825,19497516121,5196923,17,
Physics::Step,C:\Users\ivanm\source\repos\myengine\engine\src\ecs\systems\PhysicsSystem.cpp,825,19515323361,5282886,17,
Physics::Step,C:\Users\ivanm\source\repos\myengine\engine\src\ecs\systems\PhysicsSystem.cpp,825,19533423137,5668188,17,
Physics::Step,C:\Users\ivanm\source\repos\myengine\engine\src\ecs\systems\PhysicsSystem.cpp,825,19552762980,6539164,17,
Physics::Step,C:\Users\ivanm\source\repos\myengine\engine\src\ecs\systems\PhysicsSystem.cpp,825,19559302355,5164379,17,
Physics::Step,C:\Users\ivanm\source\repos\myengine\engine\src\ecs\systems\PhysicsSystem.cpp,825,19577092021,5110181,17,
Physics::Step,C:\Users\ivanm\source\repos\myengine\engine\src\ecs\systems\PhysicsSystem.cpp,825,19595289367,5104225,17,
Physics::Step,C:\Users\ivanm\source\repos\myengine\engine\src\ecs\systems\PhysicsSystem.cpp,825,19612920852,5254490,17,
Physics::Step,C:\Users\ivanm\source\repos\myengine\engine\src\ecs\systems\PhysicsSystem.cpp,825,19631238711,5106741,17,
Physics::Step,C:\Users\ivanm\source\repos\myengine\engine\src\ecs\systems\PhysicsSystem.cpp,825,19649146652,6798042,17,
Physics::Step,C:\Users\ivanm\source\repos\myengine\engine\src\ecs\systems\PhysicsSystem.cpp,825,19668901250,5104014,17,
Physics::Step,C:\Users\ivanm\source\repos\myengine\engine\src\ecs\systems\PhysicsSystem.cpp,825,19674005344,5614211,17,
Physics::Step,C:\Users\ivanm\source\repos\myengine\engine\src\ecs\systems\PhysicsSystem.cpp,825,19692691821,5288932,17,
Physics::Step,C:\Users\ivanm\source\repos\myengine\engine\src\ecs\systems\PhysicsSystem.cpp,825,19711845425,5356756,17,
Physics::Step,C:\Users\ivanm\source\repos\myengine\engine\src\ecs\systems\PhysicsSystem.cpp,825,19729825674,5523888,17,
Physics::Step,C:\Users\ivanm\source\repos\myengine\engine\src\ecs\systems\PhysicsSystem.cpp,825,19748179067,4966303,17,
Physics::Step,C:\Users\ivanm\source\repos\myengine\engine\src\ecs\systems\PhysicsSystem.cpp,825,19766240098,5621920,17,
Physics::Step,C:\Users\ivanm\source\repos\myengine\engine\src\ecs\systems\PhysicsSystem.cpp,825,19785197450,5689958,17,
Physics::Step,C:\Users\ivanm\source\repos\myengine\engine\src\ecs\systems\PhysicsSystem.cpp,825,19790887468,5048860,17,
Physics::Step,C:\Users\ivanm\source\repos\myengine\engine\src\ecs\systems\PhysicsSystem.cpp,825,19809326518,5203915,17,
Physics::Step,C:\Users\ivanm\source\repos\myengine\engine\src\ecs\systems\PhysicsSystem.cpp,825,19827088973,5273062,17,
Physics::Step,C:\Users\ivanm\source\repos\myengine\engine\src\ecs\systems\PhysicsSystem.cpp,825,19845905056,5319024,17,
Physics::Step,C:\Users\ivanm\source\repos\myengine\engine\src\ecs\systems\PhysicsSystem.cpp,825,19864258644,5905780,17,
Physics::Step,C:\Users\ivanm\source\repos\myengine\engine\src\ecs\systems\PhysicsSystem.cpp,825,19882224445,5210309,17,
Physics::Step,C:\Users\ivanm\source\repos\myengine\engine\src\ecs\systems\PhysicsSystem.cpp,825,19900237868,6836722,17,
Physics::Step,C:\Users\ivanm\source\repos\myengine\engine\src\ecs\systems\PhysicsSystem.cpp,825,19919503894,5154682,17,
Physics::Step,C:\Users\ivanm\source\repos\myengine\engine\src\ecs\systems\PhysicsSystem.cpp,825,19924658826,5769881,17,
Physics::Step,C:\Users\ivanm\source\repos\myengine\engine\src\ecs\systems\PhysicsSystem.cpp,825,19943138955,5125536,17,
Physics::Step,C:\Users\ivanm\source\repos\myengine\engine\src\ecs\systems\PhysicsSystem.cpp,825,19961256885,5406690,17,
Physics::Step,C:\Users\ivanm\source\repos\myengine\engine\src\ecs\systems\PhysicsSystem.cpp,825,19980260148,5414576,17,
Physics::Step,C:\Users\ivanm\source\repos\myengine\engine\src\ecs\systems\PhysicsSystem.cpp,825,20001664938,5665532,17,
Physics::Step,C:\Users\ivanm\source\repos\myengine\engine\src\ecs\systems\PhysicsSystem.cpp,825,20007330620,5484179,17,
Physics::Step,C:\Users\ivanm\source\repos\myengine\engine\src\ecs\systems\PhysicsSystem.cpp,825,20025936068,5329894,17,
Physics::Step,C:\Users\ivanm\source\repos\myengine\engine\src\ecs\systems\PhysicsSystem.cpp,825,20043839690,5154178,17,
Physics::Step,C:\Users\ivanm\source\repos\myengine\engine\src\ecs\systems\PhysicsSystem.cpp,825,20062378348,5338881,17,
Physics::Step,C:\Users\ivanm\source\repos\myengine\engine\src\ecs\systems\PhysicsSystem.cpp,825,20080515004,5397104,17,
Physics::Step,C:\Users\ivanm\source\repos\myengine\engine\src\ecs\systems\PhysicsSystem.cpp,825,20098345700,5354972,17,
Physics::Step,C:\Users\ivanm\source\repos\myengine\engine\src\ecs\systems\PhysicsSystem.cpp,825,20116835888,6076143,17,
Physics::Step,C:\Users\ivanm\source\repos\myengine\engine\src\ecs\systems\PhysicsSystem.cpp,825,20134709843,5270077,17,
Physics::Step,C:\Users\ivanm\source\repos\myengine\engine\src\ecs\systems\PhysicsSystem.cpp,825,20139980161,5479711,17,
Physics::Step,C:\Users\ivanm\source\repos\myengine\engine\src\ecs\systems\PhysicsSystem.cpp,825,20158634733,5354489,17,
Physics::Step,C:\Users\ivanm\source\repos\myengine\engine\src\ecs\systems\PhysicsSystem.cpp,825,20176916212,5334423,17,
Physics::Step,C:\Users\ivanm\source\repos\myengine\engine\src\ecs\systems\PhysicsSystem.cpp,825,20194989026,5124046,17,
Physics::Step,C:\Users\ivanm\source\repos\myengine\engine\src\ecs\systems\PhysicsSystem.cpp,825,20214111729,5730133,17,
Physics::Step,C:\Users\ivanm\source\repos\myengine\engine\src\ecs\systems\PhysicsSystem.cpp,825,20233730256,6453310,17,
Physics::Step,C:\Users\ivanm\source\repos\myengine\engine\src\ecs\systems\PhysicsSystem.cpp,825,20240183706,5695124,17,
Physics::Step,C:\Users\ivanm\source\repos\myengine\engine\src\ecs\systems\PhysicsSystem.cpp,825,20258024153,5586308,17,
Physics::Step,C:\Users\ivanm\source\repos\myengine\engine\src\ecs\systems\PhysicsSystem.cpp,825,20277357810,5125653,17,
Physics::Step,C:\Users\ivanm\source\repos\myengine\engine\src\ecs\systems\PhysicsSystem.cpp,825,20295645841,5829107,17,
Physics::Step,C:\Users\ivanm\source\repos\myengine\engine\src\ecs\systems\PhysicsSystem.cpp,825,20314800826,5422901,17,
Physics::Step,C:\Users\ivanm\source\repos\myengine\engine\src\ecs\systems\PhysicsSystem.cpp,825,20333974212,5260017,17,
Physics::Step,C:\Users\ivanm\source\repos\myengine\engine\src\ecs\systems\PhysicsSystem.cpp,825,20339234309,5594202,17,
Physics::Step,C:\Users\ivanm\source\repos\myengine\engine\src\ecs\systems\PhysicsSystem.cpp,825,20357772503,5271675,17,
Physics::Step,C:\Users\ivanm\source\repos\myengine\engine\src\ecs\systems\PhysicsSystem.cpp,825,20375874283,5260332,17,
Physics::Step,C:\Users\ivanm\source\repos\myengine\engine\src\ecs\systems\PhysicsSystem.cpp,825,20393467145,5198689,17,
Physics::Step,C:\Users\ivanm\source\repos\myengine\engine\src\ecs\systems\PhysicsSystem.cpp,825,20411546161,5100548,17,
Physics::Step,C:\Users\ivanm\source\repos\myengine\engine\src\ecs\systems\PhysicsSystem.cpp,825,20430362038,5014395,17,
Physics::Step,C:\Users\ivanm\source\repos\myengine\engine\src\ecs\systems\PhysicsSystem.cpp,825,20448600998,6192229,17,
Physics::Step,C:\Users\ivanm\source\repos\myengine\engine\src\ecs\systems\PhysicsSystem.cpp,825,20466814134,5503430,17,
Physics::Step,C:\Users\ivanm\source\repos\myengine\engine\src\ecs\systems\PhysicsSystem.cpp,825,20484643821,6423635,17,
Physics::Step,C:\Users\ivanm\source\repos\myengine\engine\src\ecs\systems\PhysicsSystem.cpp,825,20491067566,5019564,17,
Physics::Step,C:\Users\ivanm\source\repos\myengine\engine\src\ecs\systems\PhysicsSystem.cpp,825,20508340429,5359391,17,
Physics::Step,C:\Users\ivanm\source\repos\myengine\engine\src\ecs\systems\PhysicsSystem.cpp,825,20526800209,5037879,17,
Physics::Step,C:\Users\ivanm\source\repos\myengine\engine\src\ecs\systems\PhysicsSystem.cpp,825,20546264249,5336446,17,
Physics::Step,C:\Users\ivanm\source\repos\myengine\engine\src\ecs\systems\PhysicsSystem.cpp,825,20564434658,5452859,17,
Physics::Step,C:\Users\ivanm\source\repos\myengine\engine\src\ecs\systems\PhysicsSystem.cpp,825,20582161505,4941766,17,
Physics::Step,C:\Users\ivanm\source\repos\myengine\engine\src\ecs\systems\PhysicsSystem.cpp,825,20600268494,5448110,17,
Physics::Step,C:\Users\ivanm\source\repos\myengine\engine\src\ecs\systems\PhysicsSystem.cpp,825,20605716864,5652622,17,
Physics::Step,C:\Users\ivanm\source\repos\myengine\engine\src\ecs\systems\PhysicsSystem.cpp,825,20624483231,5048720,17,
Physics::Step,C:\Users\ivanm\source\repos\myengine\engine\src\ecs\systems\PhysicsSystem.cpp,825,20641901191,6061500,17,
Physics::Step,C:\Users\ivanm\source\repos\myengine\engine\src\ecs\systems\PhysicsSystem.cpp,825,20660298186,5007913,17,
Physics::Step,C:\Users\ivanm\source\repos\myengine\engine\src\ecs\systems\PhysicsSystem.cpp,825,20678945731,5006469,17,
Physics::Step,C:\Users\ivanm\source\repos\myengine\engine\src\ecs\systems\PhysicsSystem.cpp,825,20697334085,5787287,17,
Physics::Step,C:\Users\ivanm\source\repos\myengine\engine\src\ecs\systems\PhysicsSystem.cpp,825,20715371094,5758089,17,
Physics::Step,C:\Users\ivanm\source\repos\myengine\engine\src\ecs\systems\PhysicsSystem.cpp,825,20734221557,6107413,17,
Physics::Step,C:\Users\ivanm\source\repos\myengine\engine\src\ecs\systems\PhysicsSystem.cpp,825,20740329040,5382364,17,
Physics::Step,C:\Users\ivanm\source\repos\myengine\engine\src\ecs\systems\PhysicsSystem.cpp,825,20758381516,6180251,17,
Physics::Step,C:\Users\ivanm\source\repos\myengine\engine\src\ecs\systems\PhysicsSystem.cpp,825,20777341587,5256640,17,
Physics::Step,C:\Users\ivanm\source\repos\myengine\engine\src\ecs\systems\PhysicsSystem.cpp,825,20795924296,5315437,17,
Physics::Step,C:\Users\ivanm\source\repos\myengine\engine\src\ecs\systems\PhysicsSystem.cpp,825,20813933794,5476551,17,
Physics::Step,C:\Users\ivanm\source\repos\myengine\engine\src\ecs\systems\PhysicsSystem.cpp,825,20832067893,5104503,17,
Physics::Step,C:\Users\ivanm\source\repos\myengine\engine\src\ecs\systems\PhysicsSystem.cpp,825,20850514786,5607608,17,
Physics::Step,C:\Users\ivanm\source\repos\myengine\engine\src\ecs\systems\PhysicsSystem.cpp,825,20856122424,6408142,17,
Physics::Step,C:\Users\ivanm\source\repos\myengine\engine\src\ecs\systems\PhysicsSystem.cpp,825,20875674087,5055445,17,
Physics::Step,C:\Users\ivanm\source\repos\myengine\engine\src\ecs\systems\PhysicsSystem.cpp,825,20893841473,5072786,17,
Physics::Step,C:\Users\ivanm\source\repos\myengine\engine\src\ecs\systems\PhysicsSystem.cpp,825,20911897275,5087405,17,
Physics::Step,C:\Users\ivanm\source\repos\myengine\engine\src\ecs\systems\PhysicsSystem.cpp,825,20930771254,5461134,17,
Physics::Step,C:\Users\ivanm\source\repos\myengine\engine\src\ecs\systems\PhysicsSystem.cpp,825,20949217789,6142684,17,
Physics::Step,C:\Users\ivanm\source\repos\myengine\engine\src\ecs\systems\PhysicsSystem.cpp,825,20967687512,5234118,17,
Physics::Step,C:\Users\ivanm\source\repos\myengine\engine\src\ecs\systems\PhysicsSystem.cpp,825,20972921730,6277837,17,
Physics::Step,C:\Users\ivanm\source\repos\myengine\engine\src\ecs\systems\PhysicsSystem.cpp,825,20992574448,5843953,17,
Physics::Step,C:\Users\ivanm\source\repos\myengine\engine\src\ecs\systems\PhysicsSystem.cpp,825,21011584285,5079288,17,
Physics::Step,C:\Users\ivanm\source\repos\myengine\engine\src\ecs\systems\PhysicsSystem.cpp,825,21029607975,5219865,17,
Physics::Step,C:\Users\ivanm\source\repos\myengine\engine\src\ecs\systems\PhysicsSystem.cpp,825,21047410645,4926317,17,
Physics::Step,C:\Users\ivanm\source\repos\myengine\engine\src\ecs\systems\PhysicsSystem.cpp,825,21066102878,6029615,17,
Physics::Step,C:\Users\ivanm\source\repos\myengine\engine\src\ecs\systems\PhysicsSystem.cpp,825,21084258510,5131607,17,
Physics::Step,C:\Users\ivanm\source\repos\myengine\engine\src\ecs\systems\PhysicsSystem.cpp,825,21089390297,5732961,17,
Physics::Step,C:\Users\ivanm\source\repos\myengine\engine\src\ecs\systems\PhysicsSystem.cpp,825,21109240211,5212952,17,
Physics::Step,C:\Users\ivanm\source\repos\myengine\engine\src\ecs\systems\PhysicsSystem.cpp,825,21128120090,5449121,17,
Physics::Step,C:\Users\ivanm\source\repos\myengine\engine\src\ecs\systems\PhysicsSystem.cpp,825,21146759892,5187469,17,
Physics::Step,C:\Users\ivanm\source\repos\myengine\engine\src\ecs\systems\PhysicsSystem.cpp,825,21164988548,5039041,17,
Physics::Step,C:\Users\ivanm\source\repos\myengine\engine\src\ecs\systems\PhysicsSystem.cpp,825,21182838258,5384633,17,
Physics::Step,C:\Users\ivanm\source\repos\myengine\engine\src\ecs\systems\PhysicsSystem.cpp,825,21200265500,6377436,17,
Physics::Step,C:\Users\ivanm\source\repos\myengine\engine\src\ecs\systems\PhysicsSystem.cpp,825,21218442783,5450944,17,
Physics::Step,C:\Users\ivanm\source\repos\myengine\engine\src\ecs\systems\PhysicsSystem.cpp,825,21223893907,6296037,17,
Physics::Step,C:\Users\ivanm\source\repos\myengine\engine\src\ecs\systems\PhysicsSystem.cpp,825,21243527767,5581621,17,
Physics::Step,C:\Users\ivanm\source\repos\myengine\engine\src\ecs\systems\PhysicsSystem.cpp,825,21262459111,5422045,17,
Physics::Step,C:\Users\ivanm\source\repos\myengine\engine\src\ecs\systems\PhysicsSystem.cpp,825,21281451899,5986294,17,
Physics::Step,C:\Users\ivanm\source\repos\myengine\engine\src\ecs\systems\PhysicsSystem.cpp,825,21299958568,5392051,17,
Physics::Step,C:\Users\ivanm\source\repos\myengine\engine\src\ecs\systems\PhysicsSystem.cpp,825,21318440278,6357672,17,
Physics::Step,C:\Users\ivanm\source\repos\myengine\engine\src\ecs\systems\PhysicsSystem.cpp,825,21324798070,4997413,17,
Physics::Step,C:\Users\ivanm\source\repos\myengine\engine\src\ecs\systems\PhysicsSystem.cpp,825,21342423364,5688425,17,
Physics::Step,C:\Users\ivanm\source\repos\myengine\engine\src\ecs\systems\PhysicsSystem.cpp,825,21361806569,5321013,17,
Physics::Step,C:\Users\ivanm\source\repos\myengine\engine\src\ecs\systems\PhysicsSystem.cpp,825,21380137659,5454151,17,
Physics::Step,C:\Users\ivanm\source\repos\myengine\engine\src\ecs\systems\PhysicsSystem.cpp,825,21398612107,6466580,17,
Physics::Step,C:\Users\ivanm\source\repos\myengine\engine\src\ecs\systems\PhysicsSystem.cpp,825,21417668276,5090339,17,
Physics::Step,C:\Users\ivanm\source\repos\myengine\engine\src\ecs\systems\PhysicsSystem.cpp,825,21422758705,6157423,17,
Physics::Step,C:\Users\ivanm\source\repos\myengine\engine\src\ecs\systems\PhysicsSystem.cpp,825,21442367475,5338664,17,
Physics::Step,C:\Users\ivanm\source\repos\myengine\engine\src\ecs\systems\PhysicsSystem.cpp,825,21460965601,5560372,17,
Physics::Step,C:\Users\ivanm\source\repos\myengine\engine\src\ecs\systems\PhysicsSystem.cpp,825,21479085665,5238951,17,
Physics::Step,C:\Users\ivanm\source\repos\myengine\engine\src\ecs\systems\PhysicsSystem.cpp,825,21497640038,5202532,17,
Physics::Step,C:\Users\ivanm\source\repos\myengine\engine\src\ecs\systems\PhysicsSystem.cpp,825,21515275480,5624705,17,
Physics::Step,C:\Users\ivanm\source\repos\myengine\engine\src\ecs\systems\PhysicsSystem.cpp,825,21533512086,5999448,17,
Physics::Step,C:\Users\ivanm\source\repos\myengine\engine\src\ecs\systems\PhysicsSystem.cpp,825,21551925058,5750293,17,
Physics::Step,C:\Users\ivanm\source\repos\myengine\engine\src\ecs\systems\PhysicsSystem.cpp,825,21557675562,5365532,17,
Physics::Step,C:\Users\ivanm\source\repos\myengine\engine\src\ecs\systems\PhysicsSystem.cpp,825,21576329701,5289248,17,
Physics::Step,C:\Users\ivanm\source\repos\myengine\engine\src\ecs\systems\PhysicsSystem.cpp,825,21594757861,5254321,17,
Physics::Step,C:\Users\ivanm\source\repos\myengine\engine\src\ecs\systems\PhysicsSystem.cpp,825,21612689267,5084907,17,
Physics::Step,C:\Users\ivanm\source\repos\myengine\engine\src\ecs\systems\PhysicsSystem.cpp,825,21630649887,5015346,17,
Physics::Step,C:\Users\ivanm\source\repos\myengine\engine\src\ecs\systems\PhysicsSystem.cpp,825,21649132586,5948275,17,
Physics::Step,C:\Users\ivanm\source\repos\myengine\engine\src\ecs\systems\PhysicsSystem.cpp,825,21668799026,5730611,17,
Physics::Step,C:\Users\ivanm\source\repos\myengine\engine\src\ecs\systems\PhysicsSystem.cpp,825,21674529697,5081832,17,
Physics::Step,C:\Users\ivanm\source\repos\myengine\engine\src\ecs\systems\PhysicsSystem.cpp,825,21693753043,5319154,17,
Physics::Step,C:\Users\ivanm\source\repos\myengine\engine\src\ecs\systems\PhysicsSystem.cpp,825,21712742581,5522738,17,
Physics::Step,C:\Users\ivanm\source\repos\myengine\engine\src\ecs\systems\PhysicsSystem.cpp,825,21731986452,5789307,17,
Physics::Step,C:\Users\ivanm\source\repos\myengine\engine\src\ecs\systems\PhysicsSystem.cpp,825,21749770026,4955011,17,
Physics::Step,C:\Users\ivanm\source\repos\myengine\engine\src\ecs\systems\PhysicsSystem.cpp,825,21768591774,7043874,17,
Physics::Step,C:\Users\ivanm\source\repos\myengine\engine\src\ecs\systems\PhysicsSystem.cpp,825,21775635809,5687379,17,
Physics::Step,C:\Users\ivanm\source\repos\myengine\engine\src\ecs\systems\PhysicsSystem.cpp,825,21795062422,5640545,17,
Physics::Step,C:\Users\ivanm\source\repos\myengine\engine\src\ecs\systems\PhysicsSystem.cpp,825,21813879175,5153447,17,
Physics::Step,C:\Users\ivanm\source\repos\myengine\engine\src\ecs\systems\PhysicsSystem.cpp,825,21831477234,5252808,17,
Physics::Step,C:\Users\ivanm\source\repos\myengine\engine\src\ecs\systems\PhysicsSystem.cpp,825,21850493876,6049633,17,
Physics::Step,C:\Users\ivanm\source\repos\myengine\engine\src\ecs\systems\PhysicsSystem.cpp,825,21856543609,6168414,17,
Physics::Step,C:\Users\ivanm\source\repos\myengine\engine\src\ecs\systems\PhysicsSystem.cpp,825,21876232241,5224617,17,
Physics::Step,C:\Users\ivanm\source\repos\myengine\engine\src\ecs\systems\PhysicsSystem.cpp,825,21894817923,5387176,17,
Physics::Step,C:\Users\ivanm\source\repos\myengine\engine\src\ecs\systems\PhysicsSystem.cpp,825,21913981714,5271260,17,
Physics::Step,C:\Users\ivanm\source\repos\myengine\engine\src\ecs\systems\PhysicsSystem.cpp,825,21932798694,5450163,17,
Physics::Step,C:\Users\ivanm\source\repos\myengine\engine\src\ecs\systems\PhysicsSystem.cpp,825,21951279795,6078497,17,
Physics::Step,C:\Users\ivanm\source\repos\myengine\engine\src\ecs\systems\PhysicsSystem.cpp,825,21957358372,5147467,17,
Physics::Step,C:\Users\ivanm\source\repos\myengine\engine\src\ecs\systems\PhysicsSystem.cpp,825,21975085228,6158187,17,
Physics::Step,C:\Users\ivanm\source\repos\myengine\engine\src\ecs\systems\PhysicsSystem.cpp,825,21994337453,5745905,17,
Physics::Step,C:\Users\ivanm\source\repos\myengine\engine\src\ecs\systems\PhysicsSystem.cpp,825,22012872125,4945794,17,
Physics::Step,C:\Users\ivanm\source\repos\myengine\engine\src\ecs\systems\PhysicsSystem.cpp,825,22031624141,5583306,17,
Physics::Step,C:\Users\ivanm\source\repos\myengine\engine\src\ecs\systems\PhysicsSystem.cpp,825,22049693418,5020880,17,
Physics::Step,C:\Users\ivanm\source\repos\myengine\engine\src\ecs\systems\PhysicsSystem.cpp,825,22068388228,6231209,17,
Physics::Step,C:\Users\ivanm\source\repos\myengine\engine\src\ecs\systems\PhysicsSystem.cpp,825,22074619697,4873046,17,
Physics::Step,C:\Users\ivanm\source\repos\myengine\engine\src\ecs\systems\PhysicsSystem.cpp,825,22092250719,5892496,17,
Physics::Step,C:\Users\ivanm\source\repos\myengine\engine\src\ecs\systems\PhysicsSystem.cpp,825,22111721513,5234479,17,
Physics::Step,C:\Users\ivanm\source\repos\myengine\engine\src\ecs\systems\PhysicsSystem.cpp,825,22130477181,5211189,17,
Physics::Step,C:\Users\ivanm\source\repos\myengine\engine\src\ecs\systems\PhysicsSystem.cpp,825,22148175914,5443100,17,
Physics::Step,C:\Users\ivanm\source\repos\myengine\engine\src\ecs\systems\PhysicsSystem.cpp,825,22166023360,5157467,17,
Physics::Step,C:\Users\ivanm\source\repos\myengine\engine\src\ecs\systems\PhysicsSystem.cpp,825,22184422254,5791287,17,
Physics::Step,C:\Users\ivanm\source\repos\myengine\engine\src\ecs\systems\PhysicsSystem.cpp,825,22190213952,5554392,17,
Physics::Step,C:\Users\ivanm\source\repos\myengine\engine\src\ecs\systems\PhysicsSystem.cpp,825,22208987679,5463804,17,
Physics::Step,C:\Users\ivanm\source\repos\myengine\engine\src\ecs\systems\PhysicsSystem.cpp,825,22227903431,5158113,17,
Physics::Step,C:\Users\ivanm\source\repos\myengine\engine\src\ecs\systems\PhysicsSystem.cpp,825,22246250142,5116749,17,
Physics::Step,C:\Users\ivanm\source\repos\myengine\engine\src\ecs\systems\PhysicsSystem.cpp,825,22264392428,5352414,17,
Physics::Step,C:\Users\ivanm\source\repos\myengine\engine\src\ecs\systems\PhysicsSystem.cpp,825,22282213039,6894633,17,
Physics::Step,C:\Users\ivanm\source\repos\myengine\engine\src\ecs\systems\PhysicsSystem.cpp,825,22302162876,6315122,17,
Physics::Step,C:\Users\ivanm\source\repos\myengine\engine\src\ecs\systems\PhysicsSystem.cpp,825,22308478119,5364349,17,
Physics::Step,C:\Users\ivanm\source\repos\myengine\engine\src\ecs\systems\PhysicsSystem.cpp,825,22327217022,5456745,17,
Physics::Step,C:\Users\ivanm\source\repos\myengine\engine\src\ecs\systems\PhysicsSystem.cpp,825,22346434646,4962316,17,
Physics::Step,C:\Users\ivanm\source\repos\myengine\engine\src\ecs\systems\PhysicsSystem.cpp,825,22365178696,6362979,17,
Physics::Step,C:\Users\ivanm\source\repos\myengine\engine\src\ecs\systems\PhysicsSystem.cpp,825,22383913169,5458764,17,
Physics::Step,C:\Users\ivanm\source\repos\myengine\engine\src\ecs\systems\PhysicsSystem.cpp,825,22389372193,5919610,17,
Physics::Step,C:\Users\ivanm\source\repos\myengine\engine\src\ecs\systems\PhysicsSystem.cpp,825,22408474329,5025125,17,
Physics::Step,C:\Users\ivanm\source\repos\myengine\engine\src\ecs\systems\PhysicsSystem.cpp,825,22426302418,6323074,17,
Physics::Step,C:\Users\ivanm\source\repos\myengine\engine\src\ecs\systems\PhysicsSystem.cpp,825,22445306725,5261424,17,
Physics::Step,C:\Users\ivanm\source\repos\myengine\engine\src\ecs\systems\PhysicsSystem.cpp,825,22464646799,5044251,17,
Physics::Step,C:\Users\ivanm\source\repos\myengine\engine\src\ecs\systems\PhysicsSystem.cpp,825,22483259710,6621557,17,
Physics::Step,C:\Users\ivanm\source\repos\myengine\engine\src\ecs\systems\PhysicsSystem.cpp,825,22501870023,5437833,17,
Physics::Step,C:\Users\ivanm\source\repos\myengine\engine\src\ecs\systems\PhysicsSystem.cpp,825,22507308046,5954600,17,
Physics::Step,C:\Users\ivanm\source\repos\myengine\engine\src\ecs\systems\PhysicsSystem.cpp,825,22526160650,5233945,17,
Physics::Step,C:\Users\ivanm\source\repos\myengine\engine\src\ecs\systems\PhysicsSystem.cpp,825,22544461972,5307592,17,
Physics::Step,C:\Users\ivanm\source\repos\myengine\engine\src\ecs\systems\PhysicsSystem.cpp,825,22562824788,5363703,17,
Physics::Step,C:\Users\ivanm\source\repos\myengine\engine\src\ecs\systems\PhysicsSystem.cpp,825,22581138174,4988595,17,
Physics::Step,C:\Users\ivanm\source\repos\myengine\engine\src\ecs\systems\PhysicsSystem.cpp,825,22599203634,5369220,17,
Physics::Step,C:\Users\ivanm\source\repos\myengine\engine\src\ecs\systems\PhysicsSystem.cpp,825,22616870998,5876845,17,
Physics::Step,C:\Users\ivanm\source\repos\myengine\engine\src\ecs\systems\PhysicsSystem.cpp,825,22634806221,5502207,17,
Physics::Step,C:\Users\ivanm\source\repos\myengine\engine\src\ecs\systems\PhysicsSystem.cpp,825,22640308758,6117903,17,
Physics::Step,C:\Users\ivanm\source\repos\myengine\engine\src\ecs\systems\PhysicsSystem.cpp,825,22659822232,5165952,17,
Physics::Step,C:\Users\ivanm\source\repos\myengine\engine\src\ecs\systems\PhysicsSystem.cpp,825,22679052424,5158548,17,
Physics::Step,C:\Users\ivanm\source\repos\myengine\engine\src\ecs\systems\PhysicsSystem.cpp,825,22698268311,5872309,17,
Physics::Step,C:\Users\ivanm\source\repos\myengine\engine\src\ecs\systems\PhysicsSystem.cpp,825,22717123797,6276519,17,
Physics::Step,C:\Users\ivanm\source\repos\myengine\engine\src\ecs\systems\PhysicsSystem.cpp,825,22723400577,7467453,17,
Physics::Step,C:\Users\ivanm\source\repos\myengine\engine\src\ecs\systems\PhysicsSystem.cpp,825,22744255776,5123592,17,
Physics::Step,C:\Users\ivanm\source\repos\myengine\engine\src\ecs\systems\PhysicsSystem.cpp,825,22763107612,5261484,17,
Physics::Step,C:\Users\ivanm\source\repos\myengine\engine\src\ecs\systems\PhysicsSystem.cpp,825,22781712428,5852188,17,
Physics::Step,C:\Users\ivanm\source\repos\myengine\engine\src\ecs\systems\PhysicsSystem.cpp,825,22799976155,5303422,17,
Physics::Step,C:\Users\ivanm\source\repos\myengine\engine\src\ecs\systems\PhysicsSystem.cpp,825,22818323599,6230200,17,
Physics::Step,C:\Users\ivanm\source\repos\myengine\engine\src\ecs\systems\PhysicsSystem.cpp,825,22824553889,5134132,17,
Physics::Step,C:\Users\ivanm\source\repos\myengine\engine\src\ecs\systems\PhysicsSystem.cpp,825,22843576185,6352853,17,
Physics::Step,C:\Users\ivanm\source\repos\myengine\engine\src\ecs\systems\PhysicsSystem.cpp,825,22862382758,5433141,17,
Physics::Step,C:\Users\ivanm\source\repos\myengine\engine\src\ecs\systems\PhysicsSystem.cpp,825,22881589007,5146666,17,
Physics::Step,C:\Users\ivanm\source\repos\myengine\engine\src\ecs\systems\PhysicsSystem.cpp,825,22900087641,5495309,17,
Physics::Step,C:\Users\ivanm\source\repos\myengine\engine\src\ecs\systems\PhysicsSystem.cpp,825,22918443834,5270191,17,
Physics::Step,C:\Users\ivanm\source\repos\myengine\engine\src\ecs\systems\PhysicsSystem.cpp,825,22923714186,6139062,17,
Physics::Step,C:\Users\ivanm\source\repos\myengine\engine\src\ecs\systems\PhysicsSystem.cpp,825,22942804524,5097413,17,
Physics::Step,C:\Users\ivanm\source\repos\myengine\engine\src\ecs\systems\PhysicsSystem.cpp,825,22962579515,5220136,17,
Physics::Step,C:\Users\ivanm\source\repos\myengine\engine\src\ecs\systems\PhysicsSystem.cpp,825,22981764324,5537830,17,
Physics::Step,C:\Users\ivanm\source\repos\myengine\engine\src\ecs\systems\PhysicsSystem.cpp,825,22999715086,5680718,17,
Physics::Step,C:\Users\ivanm\source\repos\myengine\engine\src\ecs\systems\PhysicsSystem.cpp,825,23018644686,6227409,17,
Physics::Step,C:\Users\ivanm\source\repos\myengine\engine\src\ecs\systems\PhysicsSystem.cpp,825,23024872245,5096892,17,
Physics::Step,C:\Users\ivanm\source\repos\myengine\engine\src\ecs\systems\PhysicsSystem.cpp,825,23043328795,5253283,17,
Physics::Step,C:\Users\ivanm\source\repos\myengine\engine\src\ecs\systems\PhysicsSystem.cpp,825,23061021491,4968197,17,
Physics::Step,C:\Users\ivanm\source\repos\myengine\engine\src\ecs\systems\PhysicsSystem.cpp,825,23079071552,5602245,17,
Physics::Step,C:\Users\ivanm\source\repos\myengine\engine\src\ecs\systems\PhysicsSystem.cpp,825,23097989997,5113576,17,
Physics::Step,C:\Users\ivanm\source\repos\myengine\engine\src\ecs\systems\PhysicsSystem.cpp,825,23116844080,5719802,17,
Physics::Step,C:\Users\ivanm\source\repos\myengine\engine\src\ecs\systems\PhysicsSystem.cpp,825,23134818133,5741149,17,
Physics::Step,C:\Users\ivanm\source\repos\myengine\engine\src\ecs\systems\PhysicsSystem.cpp,825,23140559553,5636788,17,
Physics::Step,C:\Users\ivanm\source\repos\myengine\engine\src\ecs\systems\PhysicsSystem.cpp,825,23160382424,5206199,17,
Physics::Step,C:\Users\ivanm\source\repos\myengine\engine\src\ecs\systems\PhysicsSystem.cpp,825,23178401827,5056355,17,
Physics::Step,C:\Users\ivanm\source\repos\myengine\engine\src\ecs\systems\PhysicsSystem.cpp,825,23196495311,5703956,17,
Physics::Step,C:\Users\ivanm\source\repos\myengine\engine\src\ecs\systems\PhysicsSystem.cpp,825,23214776672,5314064,17,
Physics::Step,C:\Users\ivanm\source\repos\myengine\engine\src\ecs\systems\PhysicsSystem.cpp,825,23233239859,6522939,17,
Physics::Step,C:\Users\ivanm\source\repos\myengine\engine\src\ecs\systems\PhysicsSystem.cpp,825,23252514338,5763676,17,
Physics::Step,C:\Users\ivanm\source\repos\myengine\engine\src\ecs\systems\PhysicsSystem.cpp,825,23258278154,6006551,17,
Physics::Step,C:\Users\ivanm\source\repos\myengine\engine\src\ecs\systems\PhysicsSystem.cpp,825,23277449497,5299799,17,
Physics::Step,C:\Users\ivanm\source\repos\myengine\engine\src\ecs\systems\PhysicsSystem.cpp,825,23296465026,5849450,17,
Physics::Step,C:\Users\ivanm\source\repos\myengine\engine\src\ecs\systems\PhysicsSystem.cpp,825,23315125389,5801117,17,
Physics::Step,C:\Users\ivanm\source\repos\myengine\engine\src\ecs\systems\PhysicsSystem.cpp,825,23333274595,5288127,17,
Physics::Step,C:\Users\ivanm\source\repos\myengine\engine\src\ecs\systems\PhysicsSystem.cpp,825,23351715642,5814436,17,
Physics::Step,C:\Users\ivanm\source\repos\myengine\engine\src\ecs\systems\PhysicsSystem.cpp,825,23357530158,5495059,17,
Physics::Step,C:\Users\ivanm\source\repos\myengine\engine\src\ecs\systems\PhysicsSystem.cpp,825,23375970927,5332305,17,
Physics::Step,C:\Users\ivanm\source\repos\myengine\engine\src\ecs\systems\PhysicsSystem.cpp,825,23394935472,5177054,17,
Physics::Step,C:\Users\ivanm\source\repos\myengine\engine\src\ecs\systems\PhysicsSystem.cpp,825,23413895444,5122867,17,
Physics::Step,C:\Users\ivanm\source\repos\myengine\engine\src\ecs\systems\PhysicsSystem.cpp,825,23432444420,5737102,17,
Physics::Step,C:\Users\ivanm\source\repos\myengine\engine\src\ecs\systems\PhysicsSystem.cpp,825,23450455029,5732951,17,
Physics::Step,C:\Users\ivanm\source\repos\myengine\engine\src\ecs\systems\PhysicsSystem.cpp,825,23456188190,5576534,17,
Physics::Step,C:\Users\ivanm\source\repos\myengine\engine\src\ecs\systems\PhysicsSystem.cpp,825,23477005183,5427349,17,
Physics::Step,C:\Users\ivanm\source\repos\myengine\engine\src\ecs\systems\PhysicsSystem.cpp,825,23496181515,5632389,17,
Physics::Step,C:\Users\ivanm\source\repos\myengine\engine\src\ecs\systems\PhysicsSystem.cpp,825,23514431245,5153149,17,
Physics::Step,C:\Users\ivanm\source\repos\myengine\engine\src\ecs\systems\PhysicsSystem.cpp,825,23532742263,5798656,17,
Physics::Step,C:\Users\ivanm\source\repos\myengine\engine\src\ecs\systems\PhysicsSystem.cpp,825,23550932481,5338079,17,
Physics::Step,C:\Users\ivanm\source\repos\myengine\engine\src\ecs\systems\PhysicsSystem.cpp,825,23556270751,5686062,17,
Physics::Step,C:\Users\ivanm\source\repos\myengine\engine\src\ecs\systems\PhysicsSystem.cpp,825,23575445000,5065311,17,
Physics::Step,C:\Users\ivanm\source\repos\myengine\engine\src\ecs\systems\PhysicsSystem.cpp,825,23594012094,5410948,17,
Physics::Step,C:\Users\ivanm\source\repos\myengine\engine\src\ecs\systems\PhysicsSystem.cpp,825,23612398975,5430112,17,
Physics::Step,C:\Users\ivanm\source\repos\myengine\engine\src\ecs\systems\PhysicsSystem.cpp,825,23631735048,5465946,17,
Physics::Step,C:\Users\ivanm\source\repos\myengine\engine\src\ecs\systems\PhysicsSystem.cpp,825,23650574042,6011329,17,
Physics::Step,C:\Users\ivanm\source\repos\myengine\engine\src\ecs\systems\PhysicsSystem.cpp,825,23656585512,5436016,17,
Physics::Step,C:\Users\ivanm\source\repos\myengine\engine\src\ecs\systems\PhysicsSystem.cpp,825,23675096980,5617652,17,
Physics::Step,C:\Users\ivanm\source\repos\myengine\engine\src\ecs\systems\PhysicsSystem.cpp,825,23693460156,5280359,17,
Physics::Step,C:\Users\ivanm\source\repos\myengine\engine\src\ecs\systems\PhysicsSystem.cpp,825,23712516188,5652208,17,
Physics::Step,C:\Users\ivanm\source\repos\myengine\engine\src\ecs\systems\PhysicsSystem.cpp,825,23731551653,5642198,17,
Physics::Step,C:\Users\ivanm\source\repos\myengine\engine\src\ecs\systems\PhysicsSystem.cpp,825,23749586425,4892452,17,
Physics::Step,C:\Users\ivanm\source\repos\myengine\engine\src\ecs\systems\PhysicsSystem.cpp,825,23770068891,6484510,17,
Physics::Step,C:\Users\ivanm\source\repos\myengine\engine\src\ecs\systems\PhysicsSystem.cpp,825,23776553732,6486677,17,
Physics::Step,C:\Users\ivanm\source\repos\myengine\engine\src\ecs\systems\PhysicsSystem.cpp,825,23801385791,5829311,17,
Physics::Step,C:\Users\ivanm\source\repos\myengine\engine\src\ecs\systems\PhysicsSystem.cpp,825,23807215342,5660446,17,
Physics::Step,C:\Users\ivanm\source\repos\myengine\engine\src\ecs\systems\PhysicsSystem.cpp,825,23826438287,5170150,17,
Physics::Step,C:\Users\ivanm\source\repos\myengine\engine\src\ecs\systems\PhysicsSystem.cpp,825,23844793318,5686783,17,
Physics::Step,C:\Users\ivanm\source\repos\myengine\engine\src\ecs\systems\PhysicsSystem.cpp,825,23864097073,5970983,17,
Physics::Step,C:\Users\ivanm\source\repos\myengine\engine\src\ecs\systems\PhysicsSystem.cpp,825,23882488793,5523149,17,
Physics::Step,C:\Users\ivanm\source\repos\myengine\engine\src\ecs\systems\PhysicsSystem.cpp,825,23900645454,5771764,17,
Physics::Step,C:\Users\ivanm\source\repos\myengine\engine\src\ecs\systems\PhysicsSystem.cpp,825,23906417359,5113723,17,
Physics::Step,C:\Users\ivanm\source\repos\myengine\engine\src\ecs\systems\PhysicsSystem.cpp,825,23924194410,5581527,17,
Physics::Step,C:\Users\ivanm\source\repos\myengine\engine\src\ecs\systems\PhysicsSystem.cpp,825,23942390452,5563238,17,
Physics::Step,C:\Users\ivanm\source\repos\myengine\engine\src\ecs\systems\PhysicsSystem.cpp,825,23961556676,5208874,17,
Physics::Step,C:\Users\ivanm\source\repos\myengine\engine\src\ecs\systems\PhysicsSystem.cpp,825,23979901076,5156825,17,
Physics::Step,C:\Users\ivanm\source\repos\myengine\engine\src\ecs\systems\PhysicsSystem.cpp,825,23998261938,5006088,17,
Physics::Step,C:\Users\ivanm\source\repos\myengine\engine\src\ecs\systems\PhysicsSystem.cpp,825,24016229412,5832505,17,
Physics::Step,C:\Users\ivanm\source\repos\myengine\engine\src\ecs\systems\PhysicsSystem.cpp,825,24034515607,7121176,17,
Physics::Step,C:\Users\ivanm\source\repos\myengine\engine\src\ecs\systems\PhysicsSystem.cpp,825,24041636943,4937018,17,
Physics::Step,C:\Users\ivanm\source\repos\myengine\engine\src\ecs\systems\PhysicsSystem.cpp,825,24060561434,5198184,17,
Physics::Step,C:\Users\ivanm\source\repos\myengine\engine\src\ecs\systems\PhysicsSystem.cpp,825,24078439768,5139816,17,
Physics::Step,C:\Users\ivanm\source\repos\myengine\engine\src\ecs\systems\PhysicsSystem.cpp,825,24097198209,5243050,17,
Physics::Step,C:\Users\ivanm\source\repos\myengine\engine\src\ecs\systems\PhysicsSystem.cpp,825,24115269280,5774150,17,
Physics::Step,C:\Users\ivanm\source\repos\myengine\engine\src\ecs\systems\PhysicsSystem.cpp,825,24134484437,5276062,17,
Physics::Step,C:\Users\ivanm\source\repos\myengine\engine\src\ecs\systems\PhysicsSystem.cpp,825,24139760659,5738601,17,
Physics::Step,C:\Users\ivanm\source\repos\myengine\engine\src\ecs\systems\PhysicsSystem.cpp,825,24158343783,5320316,17,
Physics::Step,C:\Users\ivanm\source\repos\myengine\engine\src\ecs\systems\PhysicsSystem.cpp,825,24176591099,5830802,17,
Physics::Step,C:\Users\ivanm\source\repos\myengine\engine\src\ecs\systems\PhysicsSystem.cpp,825,24195682776,5580122,17,
Physics::Step,C:\Users\ivanm\source\repos\myengine\engine\src\ecs\systems\PhysicsSystem.cpp,825,24214625088,4984919,17,
Physics::Step,C:\Users\ivanm\source\repos\myengine\engine\src\ecs\systems\PhysicsSystem.cpp,825,24232677433,6243062,17,
Physics::Step,C:\Users\ivanm\source\repos\myengine\engine\src\ecs\systems\PhysicsSystem.cpp,825,24251037184,5912412,17,
Physics::Step,C:\Users\ivanm\source\repos\myengine\engine\src\ecs\systems\PhysicsSystem.cpp,825,24256949776,5957926,17,
Physics::Step,C:\Users\ivanm\source\repos\myengine\engine\src\ecs\systems\PhysicsSystem.cpp,825,24276947541,5357397,17,
Physics::Step,C:\Users\ivanm\source\repos\myengine\engine\src\ecs\systems\PhysicsSystem.cpp,825,24296010779,5694351,17,
Physics::Step,C:\Users\ivanm\source\repos\myengine\engine\src\ecs\systems\PhysicsSystem.cpp,825,24314520849,5335355,17,
Physics::Step,C:\Users\ivanm\source\repos\myengine\engine\src\ecs\systems\PhysicsSystem.cpp,825,24332294264,5043640,17,
Physics::Step,C:\Users\ivanm\source\repos\myengine\engine\src\ecs\systems\PhysicsSystem.cpp,825,24349950932,5546446,17,
Physics::Step,C:\Users\ivanm\source\repos\myengine\engine\src\ecs\systems\PhysicsSystem.cpp,825,24367951359,5862965,17,
Physics::Step,C:\Users\ivanm\source\repos\myengine\engine\src\ecs\systems\PhysicsSystem.cpp,825,24373814464,6017985,17,
Physics::Step,C:\Users\ivanm\source\repos\myengine\engine\src\ecs\systems\PhysicsSystem.cpp,825,24393176502,5512236,17,
Physics::Step,C:\Users\ivanm\source\repos\myengine\engine\src\ecs\systems\PhysicsSystem.cpp,825,24411362447,5089162,17,
Physics::Step,C:\Users\ivanm\source\repos\myengine\engine\src\ecs\systems\PhysicsSystem.cpp,825,24430477703,5178737,17,
Physics::Step,C:\Users\ivanm\source\repos\myengine\engine\src\ecs\systems\PhysicsSystem.cpp,825,24448741340,5895776,17,
Physics::Step,C:\Users\ivanm\source\repos\myengine\engine\src\ecs\systems\PhysicsSystem.cpp,825,24466917366,5257868,17,
Physics::Step,C:\Users\ivanm\source\repos\myengine\engine\src\ecs\systems\PhysicsSystem.cpp,825,24485149303,6472164,17,
Physics::Step,C:\Users\ivanm\source\repos\myengine\engine\src\ecs\systems\PhysicsSystem.cpp,825,24491621627,5196330,17,
Physics::Step,C:\Users\ivanm\source\repos\myengine\engine\src\ecs\systems\PhysicsSystem.cpp,825,24511297880,5376633,17,
Physics::Step,C:\Users\ivanm\source\repos\myengine\engine\src\ecs\systems\PhysicsSystem.cpp,825,24529303056,5930800,17,
Physics::Step,C:\Users\ivanm\source\repos\myengine\engine\src\ecs\systems\PhysicsSystem.cpp,825,24548554264,5016017,17,
Physics::Step,C:\Users\ivanm\source\repos\myengine\engine\src\ecs\systems\PhysicsSystem.cpp,825,24566846615,5812963,17,
Physics::Step,C:\Users\ivanm\source\repos\myengine\engine\src\ecs\systems\PhysicsSystem.cpp,825,24584709480,5112080,17,
Physics::Step,C:\Users\ivanm\source\repos\myengine\engine\src\ecs\systems\PhysicsSystem.cpp,825,24589821660,6489390,17,
Physics::Step,C:\Users\ivanm\source\repos\myengine\engine\src\ecs\systems\PhysicsSystem.cpp,825,24610026339,5124734,17,
Physics::Step,C:\Users\ivanm\source\repos\myengine\engine\src\ecs\systems\PhysicsSystem.cpp,825,24628452465,5255447,17,
Physics::Step,C:\Users\ivanm\source\repos\myengine\engine\src\ecs\systems\PhysicsSystem.cpp,825,24646942066,5049381,17,
Physics::Step,C:\Users\ivanm\source\repos\myengine\engine\src\ecs\systems\PhysicsSystem.cpp,825,24665346055,5430436,17,
Physics::Step,C:\Users\ivanm\source\repos\myengine\engine\src\ecs\systems\PhysicsSystem.cpp,825,24683810344,6034114,17,
Physics::Step,C:\Users\ivanm\source\repos\myengine\engine\src\ecs\systems\PhysicsSystem.cpp,825,24689844538,5266955,17,
Physics::Step,C:\Users\ivanm\source\repos\myengine\engine\src\ecs\systems\PhysicsSystem.cpp,825,24708339124,5075391,17,
Physics::Step,C:\Users\ivanm\source\repos\myengine\engine\src\ecs\systems\PhysicsSystem.cpp,825,24726600267,5654381,17,
Physics::Step,C:\Users\ivanm\source\repos\myengine\engine\src\ecs\systems\PhysicsSystem.cpp,825,24744646931,5406908,17,
Physics::Step,C:\Users\ivanm\source\repos\myengine\engine\src\ecs\systems\PhysicsSystem.cpp,825,24764259620,5494219,17,
Physics::Step,C:\Users\ivanm\source\repos\myengine\engine\src\ecs\systems\PhysicsSystem.cpp,825,24782544600,6145647,17,
Physics::Step,C:\Users\ivanm\source\repos\myengine\engine\src\ecs\systems\PhysicsSystem.cpp,825,24800730320,5476493,17,
Physics::Step,C:\Users\ivanm\source\repos\myengine\engine\src\ecs\systems\PhysicsSystem.cpp,825,24806207044,6074527,17,
Physics::Step,C:\Users\ivanm\source\repos\myengine\engine\src\ecs\systems\PhysicsSystem.cpp,825,24825615675,5187186,17,
Physics::Step,C:\Users\ivanm\source\repos\myengine\engine\src\ecs\systems\PhysicsSystem.cpp,825,24844583895,5252626,17,
Physics::Step,C:\Users\ivanm\source\repos\myengine\engine\src\ecs\systems\PhysicsSystem.cpp,825,24862575133,5497068,17,
Physics::Step,C:\Users\ivanm\source\repos\myengine\engine\src\ecs\systems\PhysicsSystem.cpp,825,24881887950,5007582,17,
Physics::Step,C:\Users\ivanm\source\repos\myengine\engine\src\ecs\systems\PhysicsSystem.cpp,825,24900067247,6919312,17,
Physics::Step,C:\Users\ivanm\source\repos\myengine\engine\src\ecs\systems\PhysicsSystem.cpp,825,24920991339,6272664,17,
Physics::Step,C:\Users\ivanm\source\repos\myengine\engine\src\ecs\systems\PhysicsSystem.cpp,825,24927264343,5518884,17,
Physics::Step,C:\Users\ivanm\source\repos\myengine\engine\src\ecs\systems\PhysicsSystem.cpp,825,24945249371,5559128,17,
Physics::Step,C:\Users\ivanm\source\repos\myengine\engine\src\ecs\systems\PhysicsSystem.cpp,825,24965534189,5702858,17,
Physics::Step,C:\Users\ivanm\source\repos\myengine\engine\src\ecs\systems\PhysicsSystem.cpp,825,24984597812,5695390,17,
Physics::Step,C:\Users\ivanm\source\repos\myengine\engine\src\ecs\systems\PhysicsSystem.cpp,825,24990293342,5456044,17,
Physics::Step,C:\Users\ivanm\source\repos\myengine\engine\src\ecs\systems\PhysicsSystem.cpp,825,25008722088,5678197,17,
Physics::Step,C:\Users\ivanm\source\repos\myengine\engine\src\ecs\systems\PhysicsSystem.cpp,825,25027591236,5786909,17,
Physics::Step,C:\Users\ivanm\source\repos\myengine\engine\src\ecs\systems\PhysicsSystem.cpp,825,25047168737,5236917,17,
Physics::Step,C:\Users\ivanm\source\repos\myengine\engine\src\ecs\systems\PhysicsSystem.cpp,825,25066401587,5651786,17,
Physics::Step,C:\Users\ivanm\source\repos\myengine\engine\src\ecs\systems\PhysicsSystem.cpp,825,25084278829,5065602,17,
Physics::Step,C:\Users\ivanm\source\repos\myengine\engine\src\ecs\systems\PhysicsSystem.cpp,825,25089344491,5660904,17,
Physics::Step,C:\Users\ivanm\source\repos\myengine\engine\src\ecs\systems\PhysicsSystem.cpp,825,25108421375,5765562,17,
Physics::Step,C:\Users\ivanm\source\repos\myengine\engine\src\ecs\systems\PhysicsSystem.cpp,825,25127394060,5221964,17,
Physics::Step,C:\Users\ivanm\source\repos\myengine\engine\src\ecs\systems\PhysicsSystem.cpp,825,25147358175,5158173,17,
Physics::Step,C:\Users\ivanm\source\repos\myengine\engine\src\ecs\systems\PhysicsSystem.cpp,825,25164999975,5919215,17,
Physics::Step,C:\Users\ivanm\source\repos\myengine\engine\src\ecs\systems\PhysicsSystem.cpp,825,25184020281,5650501,17,
Physics::Step,C:\Users\ivanm\source\repos\myengine\engine\src\ecs\systems\PhysicsSystem.cpp,825,25189670972,5455878,17,
Physics::Step,C:\Users\ivanm\source\repos\myengine\engine\src\ecs\systems\PhysicsSystem.cpp,825,25208548300,5185488,17,
Physics::Step,C:\Users\ivanm\source\repos\myengine\engine\src\ecs\systems\PhysicsSystem.cpp,825,25226136120,5549993,17,
Physics::Step,C:\Users\ivanm\source\repos\myengine\engine\src\ecs\systems\PhysicsSystem.cpp,825,25244170582,5294535,17,
Physics::Step,C:\Users\ivanm\source\repos\myengine\engine\src\ecs\systems\PhysicsSystem.cpp,825,25262078490,5456258,17,
Physics::Step,C:\Users\ivanm\source\repos\myengine\engine\src\ecs\systems\PhysicsSystem.cpp,825,25280152390,5087894,17,
Physics::Step,C:\Users\ivanm\source\repos\myengine\engine\src\ecs\systems\PhysicsSystem.cpp,825,25298128485,5214705,17,
Physics::Step,C:\Users\ivanm\source\repos\myengine\engine\src\ecs\systems\PhysicsSystem.cpp,825,25316994938,5890473,17,
Physics::Step,C:\Users\ivanm\source\repos\myengine\engine\src\ecs\systems\PhysicsSystem.cpp,825,25322885551,5328852,17,
Physics::Step,C:\Users\ivanm\source\repos\myengine\engine\src\ecs\systems\PhysicsSystem.cpp,825,25340793432,5438504,17,
Physics::Step,C:\Users\ivanm\source\repos\myengine\engine\src\ecs\systems\PhysicsSystem.cpp,825,25360152064,5308474,17,
Physics::Step,C:\Users\ivanm\source\repos\myengine\engine\src\ecs\systems\PhysicsSystem.cpp,825,25378039546,5387965,17,
Physics::Step,C:\Users\ivanm\source\repos\myengine\engine\src\ecs\systems\PhysicsSystem.cpp,825,25395924844,5215196,17,
Physics::Step,C:\Users\ivanm\source\repos\myengine\engine\src\ecs\systems\PhysicsSystem.cpp,825,25414335551,5178586,17,
Physics::Step,C:\Users\ivanm\source\repos\myengine\engine\src\ecs\systems\PhysicsSystem.cpp,825,25433200251,5661044,17,
