name,src_file,src_line,ns_since_start,exec_time_ns,thread,value
Physics::Step,C:\Users\ivanm\source\repos\myengine\engine\src\ecs\systems\PhysicsSystem.cpp,748,968836437,6045624,2,
Physics::Step,C:\Users\ivanm\source\repos\myengine\engine\src\ecs\systems\PhysicsSystem.cpp,748,974882071,4913351,2,
Physics::Step,C:\Users\ivanm\source\repos\myengine\engine\src\ecs\systems\PhysicsSystem.cpp,748,979795492,4544800,2,
Physics::Step,C:\Users\ivanm\source\repos\myengine\engine\src\ecs\systems\PhysicsSystem.cpp,748,1024641026,8881956,2,
Physics::Step,C:\Users\ivanm\source\repos\myengine\engine\src\ecs\systems\PhysicsSystem.cpp,748,1033523002,7366354,2,
Physics::Step,C:\Users\ivanm\source\repos\myengine\engine\src\ecs\systems\PhysicsSystem.cpp,748,1040889406,7265236,2,
Physics::Step,C:\Users\ivanm\source\repos\myengine\engine\src\ecs\systems\PhysicsSystem.cpp,748,1048154692,4778364,2,
Physics::Step,C:\Users\ivanm\source\repos\myengine\engine\src\ecs\systems\PhysicsSystem.cpp,748,1071918876,5308211,2,
Physics::Step,C:\Users\ivanm\source\repos\myengine\engine\src\ecs\systems\PhysicsSystem.cpp,748,1077227128,3816245,2,
Physics::Step,C:\Users\ivanm\source\repos\myengine\engine\src\ecs\systems\PhysicsSystem.cpp,748,1081043393,3791398,2,
Physics::Step,C:\Users\ivanm\source\repos\myengine\engine\src\ecs\systems\PhysicsSystem.cpp,748,1100286231,3816696,2,
Physics::Step,C:\Users\ivanm\source\repos\myengine\engine\src\ecs\systems\PhysicsSystem.cpp,748,1118894335,4006657,2,
Physics::Step,C:\Users\ivanm\source\repos\myengine\engine\src\ecs\systems\PhysicsSystem.cpp,748,1135432749,3975568,2,
Physics::Step,C:\Users\ivanm\source\repos\myengine\engine\src\ecs\systems\PhysicsSystem.cpp,748,1152871082,2880346,2,
Physics::Step,C:\Users\ivanm\source\repos\myengine\engine\src\ecs\systems\PhysicsSystem.cpp,748,1168199804,2998200,2,
Physics::Step,C:\Users\ivanm\source\repos\myengine\engine\src\ecs\systems\PhysicsSystem.cpp,748,1184351701,3458615,2,
Physics::Step,C:\Users\ivanm\source\repos\myengine\engine\src\ecs\systems\PhysicsSystem.cpp,748,1200068801,2732966,2,
Physics::Step,C:\Users\ivanm\source\repos\myengine\engine\src\ecs\systems\PhysicsSystem.cpp,748,1214900358,2493079,2,
Physics::Step,C:\Users\ivanm\source\repos\myengine\engine\src\ecs\systems\PhysicsSystem.cpp,748,1229273934,2983442,2,
Physics::Step,C:\Users\ivanm\source\repos\myengine\engine\src\ecs\systems\PhysicsSystem.cpp,748,1245806805,5707030,2,
Physics::Step,C:\Users\ivanm\source\repos\myengine\engine\src\ecs\systems\PhysicsSystem.cpp,748,1263649146,4429942,2,
Physics::Step,C:\Users\ivanm\source\repos\myengine\engine\src\ecs\systems\PhysicsSystem.cpp,748,1281378301,4618220,2,
Physics::Step,C:\Users\ivanm\source\repos\myengine\engine\src\ecs\systems\PhysicsSystem.cpp,748,1298189672,3502398,2,
Physics::Step,C:\Users\ivanm\source\repos\myengine\engine\src\ecs\systems\PhysicsSystem.cpp,748,1314351558,4429771,2,
Physics::Step,C:\Users\ivanm\source\repos\myengine\engine\src\ecs\systems\PhysicsSystem.cpp,748,1331006782,5046824,2,
Physics::Step,C:\Users\ivanm\source\repos\myengine\engine\src\ecs\systems\PhysicsSystem.cpp,748,1348648882,6374318,2,
Physics::Step,C:\Users\ivanm\source\repos\myengine\engine\src\ecs\systems\PhysicsSystem.cpp,748,1367109277,5711428,2,
Physics::Step,C:\Users\ivanm\source\repos\myengine\engine\src\ecs\systems\PhysicsSystem.cpp,748,1386082338,7285591,2,
Physics::Step,C:\Users\ivanm\source\repos\myengine\engine\src\ecs\systems\PhysicsSystem.cpp,748,1405628177,8438553,2,
Physics::Step,C:\Users\ivanm\source\repos\myengine\engine\src\ecs\systems\PhysicsSystem.cpp,748,1414066930,6400939,2,
Physics::Step,C:\Users\ivanm\source\repos\myengine\engine\src\ecs\systems\PhysicsSystem.cpp,748,1433552024,6242758,2,
Physics::Step,C:\Users\ivanm\source\repos\myengine\engine\src\ecs\systems\PhysicsSystem.cpp,748,1452846223,6583275,2,
Physics::Step,C:\Users\ivanm\source\repos\myengine\engine\src\ecs\systems\PhysicsSystem.cpp,748,1471760473,6558539,2,
Physics::Step,C:\Users\ivanm\source\repos\myengine\engine\src\ecs\systems\PhysicsSystem.cpp,748,1478319132,5835735,2,
Physics::Step,C:\Users\ivanm\source\repos\myengine\engine\src\ecs\systems\PhysicsSystem.cpp,748,1496706906,6207301,2,
Physics::Step,C:\Users\ivanm\source\repos\myengine\engine\src\ecs\systems\PhysicsSystem.cpp,748,1516705977,10033625,2,
Physics::Step,C:\Users\ivanm\source\repos\myengine\engine\src\ecs\systems\PhysicsSystem.cpp,748,1540085124,10778732,2,
Physics::Step,C:\Users\ivanm\source\repos\myengine\engine\src\ecs\systems\PhysicsSystem.cpp,748,1550864156,6502302,2,
Physics::Step,C:\Users\ivanm\source\repos\myengine\engine\src\ecs\systems\PhysicsSystem.cpp,748,1569888295,6491712,2,
Physics::Step,C:\Users\ivanm\source\repos\myengine\engine\src\ecs\systems\PhysicsSystem.cpp,748,1576380057,6098043,2,
Physics::Step,C:\Users\ivanm\source\repos\myengine\engine\src\ecs\systems\PhysicsSystem.cpp,748,1594484245,6976544,2,
Physics::Step,C:\Users\ivanm\source\repos\myengine\engine\src\ecs\systems\PhysicsSystem.cpp,748,1614530376,9251077,2,
Physics::Step,C:\Users\ivanm\source\repos\myengine\engine\src\ecs\systems\PhysicsSystem.cpp,748,1635651450,8295020,2,
Physics::Step,C:\Users\ivanm\source\repos\myengine\engine\src\ecs\systems\PhysicsSystem.cpp,748,1657273366,7844914,2,
Physics::Step,C:\Users\ivanm\source\repos\myengine\engine\src\ecs\systems\PhysicsSystem.cpp,748,1665118300,6843390,2,
Physics::Step,C:\Users\ivanm\source\repos\myengine\engine\src\ecs\systems\PhysicsSystem.cpp,748,1687246940,7811611,2,
Physics::Step,C:\Users\ivanm\source\repos\myengine\engine\src\ecs\systems\PhysicsSystem.cpp,748,1695058681,6805518,2,
Physics::Step,C:\Users\ivanm\source\repos\myengine\engine\src\ecs\systems\PhysicsSystem.cpp,748,1714434928,7477035,2,
Physics::Step,C:\Users\ivanm\source\repos\myengine\engine\src\ecs\systems\PhysicsSystem.cpp,748,1734007688,7509246,2,
Physics::Step,C:\Users\ivanm\source\repos\myengine\engine\src\ecs\systems\PhysicsSystem.cpp,748,1755096551,7527300,2,
Physics::Step,C:\Users\ivanm\source\repos\myengine\engine\src\ecs\systems\PhysicsSystem.cpp,748,1762623961,7012392,2,
Physics::Step,C:\Users\ivanm\source\repos\myengine\engine\src\ecs\systems\PhysicsSystem.cpp,748,1783615239,7733342,2,
Physics::Step,C:\Users\ivanm\source\repos\myengine\engine\src\ecs\systems\PhysicsSystem.cpp,748,1805262012,7988868,2,
Physics::Step,C:\Users\ivanm\source\repos\myengine\engine\src\ecs\systems\PhysicsSystem.cpp,748,1813251221,7256656,2,
Physics::Step,C:\Users\ivanm\source\repos\myengine\engine\src\ecs\systems\PhysicsSystem.cpp,748,1834197132,8048180,2,
Physics::Step,C:\Users\ivanm\source\repos\myengine\engine\src\ecs\systems\PhysicsSystem.cpp,748,1855688051,8461426,2,
Physics::Step,C:\Users\ivanm\source\repos\myengine\engine\src\ecs\systems\PhysicsSystem.cpp,748,1864149678,6885921,2,
Physics::Step,C:\Users\ivanm\source\repos\myengine\engine\src\ecs\systems\PhysicsSystem.cpp,748,1885454240,9483901,2,
Physics::Step,C:\Users\ivanm\source\repos\myengine\engine\src\ecs\systems\PhysicsSystem.cpp,748,1906941380,9553753,2,
Physics::Step,C:\Users\ivanm\source\repos\myengine\engine\src\ecs\systems\PhysicsSystem.cpp,748,1916495264,6995218,2,
Physics::Step,C:\Users\ivanm\source\repos\myengine\engine\src\ecs\systems\PhysicsSystem.cpp,748,1935779876,7382826,2,
Physics::Step,C:\Users\ivanm\source\repos\myengine\engine\src\ecs\systems\PhysicsSystem.cpp,748,1955766433,7380422,2,
Physics::Step,C:\Users\ivanm\source\repos\myengine\engine\src\ecs\systems\PhysicsSystem.cpp,748,1963146935,6613904,2,
Physics::Step,C:\Users\ivanm\source\repos\myengine\engine\src\ecs\systems\PhysicsSystem.cpp,748,1982360282,8121300,2,
Physics::Step,C:\Users\ivanm\source\repos\myengine\engine\src\ecs\systems\PhysicsSystem.cpp,748,2002798918,7868760,2,
Physics::Step,C:\Users\ivanm\source\repos\myengine\engine\src\ecs\systems\PhysicsSystem.cpp,748,2024072542,7847970,2,
Physics::Step,C:\Users\ivanm\source\repos\myengine\engine\src\ecs\systems\PhysicsSystem.cpp,748,2031921013,6592403,2,
Physics::Step,C:\Users\ivanm\source\repos\myengine\engine\src\ecs\systems\PhysicsSystem.cpp,748,2051877564,8288487,2,
Physics::Step,C:\Users\ivanm\source\repos\myengine\engine\src\ecs\systems\PhysicsSystem.cpp,748,2072132090,8849464,2,
Physics::Step,C:\Users\ivanm\source\repos\myengine\engine\src\ecs\systems\PhysicsSystem.cpp,748,2080981694,6698605,2,
Physics::Step,C:\Users\ivanm\source\repos\myengine\engine\src\ecs\systems\PhysicsSystem.cpp,748,2100022043,7692063,2,
Physics::Step,C:\Users\ivanm\source\repos\myengine\engine\src\ecs\systems\PhysicsSystem.cpp,748,2120436483,7598025,2,
Physics::Step,C:\Users\ivanm\source\repos\myengine\engine\src\ecs\systems\PhysicsSystem.cpp,748,2128034829,6650844,2,
Physics::Step,C:\Users\ivanm\source\repos\myengine\engine\src\ecs\systems\PhysicsSystem.cpp,748,2146766560,8314497,2,
Physics::Step,C:\Users\ivanm\source\repos\myengine\engine\src\ecs\systems\PhysicsSystem.cpp,748,2167497412,10592328,2,
Physics::Step,C:\Users\ivanm\source\repos\myengine\engine\src\ecs\systems\PhysicsSystem.cpp,748,2190540390,7573438,2,
Physics::Step,C:\Users\ivanm\source\repos\myengine\engine\src\ecs\systems\PhysicsSystem.cpp,748,2198113928,6512001,2,
Physics::Step,C:\Users\ivanm\source\repos\myengine\engine\src\ecs\systems\PhysicsSystem.cpp,748,2218135071,8348322,2,
Physics::Step,C:\Users\ivanm\source\repos\myengine\engine\src\ecs\systems\PhysicsSystem.cpp,748,2238681373,8529215,2,
Physics::Step,C:\Users\ivanm\source\repos\myengine\engine\src\ecs\systems\PhysicsSystem.cpp,748,2247210708,6681873,2,
Physics::Step,C:\Users\ivanm\source\repos\myengine\engine\src\ecs\systems\PhysicsSystem.cpp,748,2267523002,8585893,2,
Physics::Step,C:\Users\ivanm\source\repos\myengine\engine\src\ecs\systems\PhysicsSystem.cpp,748,2290979598,8306001,2,
Physics::Step,C:\Users\ivanm\source\repos\myengine\engine\src\ecs\systems\PhysicsSystem.cpp,748,2299285770,7975752,2,
Physics::Step,C:\Users\ivanm\source\repos\myengine\engine\src\ecs\systems\PhysicsSystem.cpp,748,2325219433,9776086,2,
Physics::Step,C:\Users\ivanm\source\repos\myengine\engine\src\ecs\systems\PhysicsSystem.cpp,748,2334995539,7182865,2,
Physics::Step,C:\Users\ivanm\source\repos\myengine\engine\src\ecs\systems\PhysicsSystem.cpp,748,2355949181,9090342,2,
Physics::Step,C:\Users\ivanm\source\repos\myengine\engine\src\ecs\systems\PhysicsSystem.cpp,748,2365039663,7220721,2,
Physics::Step,C:\Users\ivanm\source\repos\myengine\engine\src\ecs\systems\PhysicsSystem.cpp,748,2386291148,8639615,2,
Physics::Step,C:\Users\ivanm\source\repos\myengine\engine\src\ecs\systems\PhysicsSystem.cpp,748,2407888848,8469522,2,
Physics::Step,C:\Users\ivanm\source\repos\myengine\engine\src\ecs\systems\PhysicsSystem.cpp,748,2416359262,7199036,2,
Physics::Step,C:\Users\ivanm\source\repos\myengine\engine\src\ecs\systems\PhysicsSystem.cpp,748,2436083941,8022502,2,
Physics::Step,C:\Users\ivanm\source\repos\myengine\engine\src\ecs\systems\PhysicsSystem.cpp,748,2457004764,7233833,2,
Physics::Step,C:\Users\ivanm\source\repos\myengine\engine\src\ecs\systems\PhysicsSystem.cpp,748,2464238687,6865382,2,
Physics::Step,C:\Users\ivanm\source\repos\myengine\engine\src\ecs\systems\PhysicsSystem.cpp,748,2485005507,7454282,2,
Physics::Step,C:\Users\ivanm\source\repos\myengine\engine\src\ecs\systems\PhysicsSystem.cpp,748,2504782907,7553600,2,
Physics::Step,C:\Users\ivanm\source\repos\myengine\engine\src\ecs\systems\PhysicsSystem.cpp,748,2512336597,7221800,2,
Physics::Step,C:\Users\ivanm\source\repos\myengine\engine\src\ecs\systems\PhysicsSystem.cpp,748,2532248402,7326840,2,
Physics::Step,C:\Users\ivanm\source\repos\myengine\engine\src\ecs\systems\PhysicsSystem.cpp,748,2553934390,7446988,2,
Physics::Step,C:\Users\ivanm\source\repos\myengine\engine\src\ecs\systems\PhysicsSystem.cpp,748,2561381548,6998826,2,
Physics::Step,C:\Users\ivanm\source\repos\myengine\engine\src\ecs\systems\PhysicsSystem.cpp,748,2581126186,7539283,2,
Physics::Step,C:\Users\ivanm\source\repos\myengine\engine\src\ecs\systems\PhysicsSystem.cpp,748,2600958560,7478758,2,
Physics::Step,C:\Users\ivanm\source\repos\myengine\engine\src\ecs\systems\PhysicsSystem.cpp,748,2621881106,7798336,2,
Physics::Step,C:\Users\ivanm\source\repos\myengine\engine\src\ecs\systems\PhysicsSystem.cpp,748,2629679622,7162237,2,
Physics::Step,C:\Users\ivanm\source\repos\myengine\engine\src\ecs\systems\PhysicsSystem.cpp,748,2650744449,9018295,2,
Physics::Step,C:\Users\ivanm\source\repos\myengine\engine\src\ecs\systems\PhysicsSystem.cpp,748,2672512593,8476145,2,
Physics::Step,C:\Users\ivanm\source\repos\myengine\engine\src\ecs\systems\PhysicsSystem.cpp,748,2680989038,7922913,2,
Physics::Step,C:\Users\ivanm\source\repos\myengine\engine\src\ecs\systems\PhysicsSystem.cpp,748,2701474905,7292965,2,
Physics::Step,C:\Users\ivanm\source\repos\myengine\engine\src\ecs\systems\PhysicsSystem.cpp,748,2722401719,7897545,2,
Physics::Step,C:\Users\ivanm\source\repos\myengine\engine\src\ecs\systems\PhysicsSystem.cpp,748,2730299394,7164551,2,
Physics::Step,C:\Users\ivanm\source\repos\myengine\engine\src\ecs\systems\PhysicsSystem.cpp,748,2750784629,9859865,2,
Physics::Step,C:\Users\ivanm\source\repos\myengine\engine\src\ecs\systems\PhysicsSystem.cpp,748,2773218409,9572829,2,
Physics::Step,C:\Users\ivanm\source\repos\myengine\engine\src\ecs\systems\PhysicsSystem.cpp,748,2782791288,7057177,2,
Physics::Step,C:\Users\ivanm\source\repos\myengine\engine\src\ecs\systems\PhysicsSystem.cpp,748,2803146436,8160384,2,
Physics::Step,C:\Users\ivanm\source\repos\myengine\engine\src\ecs\systems\PhysicsSystem.cpp,748,2811306970,7151135,2,
Physics::Step,C:\Users\ivanm\source\repos\myengine\engine\src\ecs\systems\PhysicsSystem.cpp,748,2831032762,7844433,2,
Physics::Step,C:\Users\ivanm\source\repos\myengine\engine\src\ecs\systems\PhysicsSystem.cpp,748,2853014923,7972556,2,
Physics::Step,C:\Users\ivanm\source\repos\myengine\engine\src\ecs\systems\PhysicsSystem.cpp,748,2873893646,8817764,2,
Physics::Step,C:\Users\ivanm\source\repos\myengine\engine\src\ecs\systems\PhysicsSystem.cpp,748,2882711710,7346407,2,
Physics::Step,C:\Users\ivanm\source\repos\myengine\engine\src\ecs\systems\PhysicsSystem.cpp,748,2902686305,8176664,2,
Physics::Step,C:\Users\ivanm\source\repos\myengine\engine\src\ecs\systems\PhysicsSystem.cpp,748,2929766948,12247252,2,
Physics::Step,C:\Users\ivanm\source\repos\myengine\engine\src\ecs\systems\PhysicsSystem.cpp,748,2942014230,9133354,2,
Physics::Step,C:\Users\ivanm\source\repos\myengine\engine\src\ecs\systems\PhysicsSystem.cpp,748,2964103305,7568769,2,
Physics::Step,C:\Users\ivanm\source\repos\myengine\engine\src\ecs\systems\PhysicsSystem.cpp,748,2971672204,7476364,2,
Physics::Step,C:\Users\ivanm\source\repos\myengine\engine\src\ecs\systems\PhysicsSystem.cpp,748,2992775464,8048051,2,
Physics::Step,C:\Users\ivanm\source\repos\myengine\engine\src\ecs\systems\PhysicsSystem.cpp,748,3000823535,7137098,2,
Physics::Step,C:\Users\ivanm\source\repos\myengine\engine\src\ecs\systems\PhysicsSystem.cpp,748,3023140572,8207213,2,
Physics::Step,C:\Users\ivanm\source\repos\myengine\engine\src\ecs\systems\PhysicsSystem.cpp,748,3031347805,7430827,2,
Physics::Step,C:\Users\ivanm\source\repos\myengine\engine\src\ecs\systems\PhysicsSystem.cpp,748,3052884930,8722122,2,
Physics::Step,C:\Users\ivanm\source\repos\myengine\engine\src\ecs\systems\PhysicsSystem.cpp,748,3075692002,8679220,2,
Physics::Step,C:\Users\ivanm\source\repos\myengine\engine\src\ecs\systems\PhysicsSystem.cpp,748,3084371352,7278808,2,
Physics::Step,C:\Users\ivanm\source\repos\myengine\engine\src\ecs\systems\PhysicsSystem.cpp,748,3104288267,9394981,2,
Physics::Step,C:\Users\ivanm\source\repos\myengine\engine\src\ecs\systems\PhysicsSystem.cpp,748,3113683278,7964391,2,
Physics::Step,C:\Users\ivanm\source\repos\myengine\engine\src\ecs\systems\PhysicsSystem.cpp,748,3135195945,8924737,2,
Physics::Step,C:\Users\ivanm\source\repos\myengine\engine\src\ecs\systems\PhysicsSystem.cpp,748,3157548612,8188077,2,
Physics::Step,C:\Users\ivanm\source\repos\myengine\engine\src\ecs\systems\PhysicsSystem.cpp,748,3165736709,7593646,2,
Physics::Step,C:\Users\ivanm\source\repos\myengine\engine\src\ecs\systems\PhysicsSystem.cpp,748,3188731831,8591954,2,
Physics::Step,C:\Users\ivanm\source\repos\myengine\engine\src\ecs\systems\PhysicsSystem.cpp,748,3197323815,7010288,2,
Physics::Step,C:\Users\ivanm\source\repos\myengine\engine\src\ecs\systems\PhysicsSystem.cpp,748,3219179391,9720357,2,
Physics::Step,C:\Users\ivanm\source\repos\myengine\engine\src\ecs\systems\PhysicsSystem.cpp,748,3241501586,8207834,2,
Physics::Step,C:\Users\ivanm\source\repos\myengine\engine\src\ecs\systems\PhysicsSystem.cpp,748,3249709620,7936761,2,
Physics::Step,C:\Users\ivanm\source\repos\myengine\engine\src\ecs\systems\PhysicsSystem.cpp,748,3270979960,8673981,2,
Physics::Step,C:\Users\ivanm\source\repos\myengine\engine\src\ecs\systems\PhysicsSystem.cpp,748,3279654101,8380072,2,
Physics::Step,C:\Users\ivanm\source\repos\myengine\engine\src\ecs\systems\PhysicsSystem.cpp,748,3301196546,7902243,2,
Physics::Step,C:\Users\ivanm\source\repos\myengine\engine\src\ecs\systems\PhysicsSystem.cpp,748,3324205088,8737201,2,
Physics::Step,C:\Users\ivanm\source\repos\myengine\engine\src\ecs\systems\PhysicsSystem.cpp,748,3332942429,7076384,2,
Physics::Step,C:\Users\ivanm\source\repos\myengine\engine\src\ecs\systems\PhysicsSystem.cpp,748,3354575557,7983748,2,
Physics::Step,C:\Users\ivanm\source\repos\myengine\engine\src\ecs\systems\PhysicsSystem.cpp,748,3362559425,6828973,2,
Physics::Step,C:\Users\ivanm\source\repos\myengine\engine\src\ecs\systems\PhysicsSystem.cpp,748,3382645341,8227522,2,
Physics::Step,C:\Users\ivanm\source\repos\myengine\engine\src\ecs\systems\PhysicsSystem.cpp,748,3402998986,7739193,2,
Physics::Step,C:\Users\ivanm\source\repos\myengine\engine\src\ecs\systems\PhysicsSystem.cpp,748,3424508008,7661455,2,
Physics::Step,C:\Users\ivanm\source\repos\myengine\engine\src\ecs\systems\PhysicsSystem.cpp,748,3432169614,7005398,2,
Physics::Step,C:\Users\ivanm\source\repos\myengine\engine\src\ecs\systems\PhysicsSystem.cpp,748,3453322067,7683247,2,
Physics::Step,C:\Users\ivanm\source\repos\myengine\engine\src\ecs\systems\PhysicsSystem.cpp,748,3461005534,7084239,2,
Physics::Step,C:\Users\ivanm\source\repos\myengine\engine\src\ecs\systems\PhysicsSystem.cpp,748,3480847386,8384430,2,
Physics::Step,C:\Users\ivanm\source\repos\myengine\engine\src\ecs\systems\PhysicsSystem.cpp,748,3501767626,7242570,2,
Physics::Step,C:\Users\ivanm\source\repos\myengine\engine\src\ecs\systems\PhysicsSystem.cpp,748,3521581044,7543211,2,
Physics::Step,C:\Users\ivanm\source\repos\myengine\engine\src\ecs\systems\PhysicsSystem.cpp,748,3529124375,6702954,2,
Physics::Step,C:\Users\ivanm\source\repos\myengine\engine\src\ecs\systems\PhysicsSystem.cpp,748,3548412835,7748982,2,
Physics::Step,C:\Users\ivanm\source\repos\myengine\engine\src\ecs\systems\PhysicsSystem.cpp,748,3568566650,7129955,2,
Physics::Step,C:\Users\ivanm\source\repos\myengine\engine\src\ecs\systems\PhysicsSystem.cpp,748,3588394796,7081012,2,
Physics::Step,C:\Users\ivanm\source\repos\myengine\engine\src\ecs\systems\PhysicsSystem.cpp,748,3595475908,6564180,2,
Physics::Step,C:\Users\ivanm\source\repos\myengine\engine\src\ecs\systems\PhysicsSystem.cpp,748,3615079828,8122813,2,
Physics::Step,C:\Users\ivanm\source\repos\myengine\engine\src\ecs\systems\PhysicsSystem.cpp,748,3636608828,7777095,2,
Physics::Step,C:\Users\ivanm\source\repos\myengine\engine\src\ecs\systems\PhysicsSystem.cpp,748,3644386203,7101892,2,
Physics::Step,C:\Users\ivanm\source\repos\myengine\engine\src\ecs\systems\PhysicsSystem.cpp,748,3664303659,7182345,2,
Physics::Step,C:\Users\ivanm\source\repos\myengine\engine\src\ecs\systems\PhysicsSystem.cpp,748,3685308362,7421109,2,
Physics::Step,C:\Users\ivanm\source\repos\myengine\engine\src\ecs\systems\PhysicsSystem.cpp,748,3704853610,7789752,2,
Physics::Step,C:\Users\ivanm\source\repos\myengine\engine\src\ecs\systems\PhysicsSystem.cpp,748,3712643382,6782464,2,
Physics::Step,C:\Users\ivanm\source\repos\myengine\engine\src\ecs\systems\PhysicsSystem.cpp,748,3732573231,7948621,2,
Physics::Step,C:\Users\ivanm\source\repos\myengine\engine\src\ecs\systems\PhysicsSystem.cpp,748,3754915566,7400089,2,
Physics::Step,C:\Users\ivanm\source\repos\myengine\engine\src\ecs\systems\PhysicsSystem.cpp,748,3762315775,7105920,2,
Physics::Step,C:\Users\ivanm\source\repos\myengine\engine\src\ecs\systems\PhysicsSystem.cpp,748,3786129749,7725267,2,
Physics::Step,C:\Users\ivanm\source\repos\myengine\engine\src\ecs\systems\PhysicsSystem.cpp,748,3806125834,9255035,2,
Physics::Step,C:\Users\ivanm\source\repos\myengine\engine\src\ecs\systems\PhysicsSystem.cpp,748,3815381069,7847520,2,
Physics::Step,C:\Users\ivanm\source\repos\myengine\engine\src\ecs\systems\PhysicsSystem.cpp,748,3836709347,9035127,2,
Physics::Step,C:\Users\ivanm\source\repos\myengine\engine\src\ecs\systems\PhysicsSystem.cpp,748,3845744494,7972768,2,
Physics::Step,C:\Users\ivanm\source\repos\myengine\engine\src\ecs\systems\PhysicsSystem.cpp,748,3866803200,8058410,2,
Physics::Step,C:\Users\ivanm\source\repos\myengine\engine\src\ecs\systems\PhysicsSystem.cpp,748,3889173609,8137781,2,
Physics::Step,C:\Users\ivanm\source\repos\myengine\engine\src\ecs\systems\PhysicsSystem.cpp,748,3897311460,7312703,2,
Physics::Step,C:\Users\ivanm\source\repos\myengine\engine\src\ecs\systems\PhysicsSystem.cpp,748,3918578692,9038971,2,
Physics::Step,C:\Users\ivanm\source\repos\myengine\engine\src\ecs\systems\PhysicsSystem.cpp,748,3941877647,9139763,2,
Physics::Step,C:\Users\ivanm\source\repos\myengine\engine\src\ecs\systems\PhysicsSystem.cpp,748,3951017521,7820858,2,
Physics::Step,C:\Users\ivanm\source\repos\myengine\engine\src\ecs\systems\PhysicsSystem.cpp,748,3971720993,8765294,2,
Physics::Step,C:\Users\ivanm\source\repos\myengine\engine\src\ecs\systems\PhysicsSystem.cpp,748,3980486427,8602996,2,
Physics::Step,C:\Users\ivanm\source\repos\myengine\engine\src\ecs\systems\PhysicsSystem.cpp,748,4002581964,8225688,2,
Physics::Step,C:\Users\ivanm\source\repos\myengine\engine\src\ecs\systems\PhysicsSystem.cpp,748,4025354736,7209155,2,
Physics::Step,C:\Users\ivanm\source\repos\myengine\engine\src\ecs\systems\PhysicsSystem.cpp,748,4032564011,7396352,2,
Physics::Step,C:\Users\ivanm\source\repos\myengine\engine\src\ecs\systems\PhysicsSystem.cpp,748,4054485590,8187465,2,
Physics::Step,C:\Users\ivanm\source\repos\myengine\engine\src\ecs\systems\PhysicsSystem.cpp,748,4062673215,7475993,2,
Physics::Step,C:\Users\ivanm\source\repos\myengine\engine\src\ecs\systems\PhysicsSystem.cpp,748,4086566289,9004158,2,
Physics::Step,C:\Users\ivanm\source\repos\myengine\engine\src\ecs\systems\PhysicsSystem.cpp,748,4095570538,7254391,2,
Physics::Step,C:\Users\ivanm\source\repos\myengine\engine\src\ecs\systems\PhysicsSystem.cpp,748,4116493224,7417361,2,
Physics::Step,C:\Users\ivanm\source\repos\myengine\engine\src\ecs\systems\PhysicsSystem.cpp,748,4136259643,8821772,2,
Physics::Step,C:\Users\ivanm\source\repos\myengine\engine\src\ecs\systems\PhysicsSystem.cpp,748,4157676770,7144403,2,
Physics::Step,C:\Users\ivanm\source\repos\myengine\engine\src\ecs\systems\PhysicsSystem.cpp,748,4164821293,6620957,2,
Physics::Step,C:\Users\ivanm\source\repos\myengine\engine\src\ecs\systems\PhysicsSystem.cpp,748,4185413952,7193777,2,
Physics::Step,C:\Users\ivanm\source\repos\myengine\engine\src\ecs\systems\PhysicsSystem.cpp,748,4204963088,7379700,2,
Physics::Step,C:\Users\ivanm\source\repos\myengine\engine\src\ecs\systems\PhysicsSystem.cpp,748,4212342968,7112993,2,
Physics::Step,C:\Users\ivanm\source\repos\myengine\engine\src\ecs\systems\PhysicsSystem.cpp,748,4231537249,6943079,2,
Physics::Step,C:\Users\ivanm\source\repos\myengine\engine\src\ecs\systems\PhysicsSystem.cpp,748,4252279342,7275221,2,
Physics::Step,C:\Users\ivanm\source\repos\myengine\engine\src\ecs\systems\PhysicsSystem.cpp,748,4271771910,7192354,2,
Physics::Step,C:\Users\ivanm\source\repos\myengine\engine\src\ecs\systems\PhysicsSystem.cpp,748,4278964384,7216981,2,
Physics::Step,C:\Users\ivanm\source\repos\myengine\engine\src\ecs\systems\PhysicsSystem.cpp,748,4298117928,6918803,2,
Physics::Step,C:\Users\ivanm\source\repos\myengine\engine\src\ecs\systems\PhysicsSystem.cpp,748,4318591511,6931628,2,
Physics::Step,C:\Users\ivanm\source\repos\myengine\engine\src\ecs\systems\PhysicsSystem.cpp,748,4338589349,7535737,2,
Physics::Step,C:\Users\ivanm\source\repos\myengine\engine\src\ecs\systems\PhysicsSystem.cpp,748,4346125306,7021809,2,
Physics::Step,C:\Users\ivanm\source\repos\myengine\engine\src\ecs\systems\PhysicsSystem.cpp,748,4365064592,7290370,2,
Physics::Step,C:\Users\ivanm\source\repos\myengine\engine\src\ecs\systems\PhysicsSystem.cpp,748,4386775628,7419565,2,
Physics::Step,C:\Users\ivanm\source\repos\myengine\engine\src\ecs\systems\PhysicsSystem.cpp,748,4394195324,6747487,2,
Physics::Step,C:\Users\ivanm\source\repos\myengine\engine\src\ecs\systems\PhysicsSystem.cpp,748,4413584234,7059181,2,
Physics::Step,C:\Users\ivanm\source\repos\myengine\engine\src\ecs\systems\PhysicsSystem.cpp,748,4433305397,6816720,2,
Physics::Step,C:\Users\ivanm\source\repos\myengine\engine\src\ecs\systems\PhysicsSystem.cpp,748,4453503076,7232940,2,
Physics::Step,C:\Users\ivanm\source\repos\myengine\engine\src\ecs\systems\PhysicsSystem.cpp,748,4460736147,6869008,2,
Physics::Step,C:\Users\ivanm\source\repos\myengine\engine\src\ecs\systems\PhysicsSystem.cpp,748,4480544745,8660776,2,
Physics::Step,C:\Users\ivanm\source\repos\myengine\engine\src\ecs\systems\PhysicsSystem.cpp,748,4501802028,7591573,2,
Physics::Step,C:\Users\ivanm\source\repos\myengine\engine\src\ecs\systems\PhysicsSystem.cpp,748,4522881343,7327530,2,
Physics::Step,C:\Users\ivanm\source\repos\myengine\engine\src\ecs\systems\PhysicsSystem.cpp,748,4530208974,6771503,2,
Physics::Step,C:\Users\ivanm\source\repos\myengine\engine\src\ecs\systems\PhysicsSystem.cpp,748,4549879340,8555815,2,
Physics::Step,C:\Users\ivanm\source\repos\myengine\engine\src\ecs\systems\PhysicsSystem.cpp,748,4571177781,8051978,2,
Physics::Step,C:\Users\ivanm\source\repos\myengine\engine\src\ecs\systems\PhysicsSystem.cpp,748,4579229889,7445044,2,
Physics::Step,C:\Users\ivanm\source\repos\myengine\engine\src\ecs\systems\PhysicsSystem.cpp,748,4599089084,7664712,2,
Physics::Step,C:\Users\ivanm\source\repos\myengine\engine\src\ecs\systems\PhysicsSystem.cpp,748,4619935506,7384960,2,
Physics::Step,C:\Users\ivanm\source\repos\myengine\engine\src\ecs\systems\PhysicsSystem.cpp,748,4627320626,6777315,2,
Physics::Step,C:\Users\ivanm\source\repos\myengine\engine\src\ecs\systems\PhysicsSystem.cpp,748,4647464482,8134084,2,
Physics::Step,C:\Users\ivanm\source\repos\myengine\engine\src\ecs\systems\PhysicsSystem.cpp,748,4667982670,7727451,2,
Physics::Step,C:\Users\ivanm\source\repos\myengine\engine\src\ecs\systems\PhysicsSystem.cpp,748,4688873536,7744554,2,
Physics::Step,C:\Users\ivanm\source\repos\myengine\engine\src\ecs\systems\PhysicsSystem.cpp,748,4696618230,6937920,2,
Physics::Step,C:\Users\ivanm\source\repos\myengine\engine\src\ecs\systems\PhysicsSystem.cpp,748,4716969711,8265464,2,
Physics::Step,C:\Users\ivanm\source\repos\myengine\engine\src\ecs\systems\PhysicsSystem.cpp,748,4737860557,10904291,2,
Physics::Step,C:\Users\ivanm\source\repos\myengine\engine\src\ecs\systems\PhysicsSystem.cpp,748,4748765289,10080354,2,
Physics::Step,C:\Users\ivanm\source\repos\myengine\engine\src\ecs\systems\PhysicsSystem.cpp,748,4771066035,7514667,2,
Physics::Step,C:\Users\ivanm\source\repos\myengine\engine\src\ecs\systems\PhysicsSystem.cpp,748,4778580782,7469861,2,
Physics::Step,C:\Users\ivanm\source\repos\myengine\engine\src\ecs\systems\PhysicsSystem.cpp,748,4799110051,7376684,2,
Physics::Step,C:\Users\ivanm\source\repos\myengine\engine\src\ecs\systems\PhysicsSystem.cpp,748,4820413441,7819576,2,
Physics::Step,C:\Users\ivanm\source\repos\myengine\engine\src\ecs\systems\PhysicsSystem.cpp,748,4828233057,7294037,2,
Physics::Step,C:\Users\ivanm\source\repos\myengine\engine\src\ecs\systems\PhysicsSystem.cpp,748,4849751316,7980071,2,
Physics::Step,C:\Users\ivanm\source\repos\myengine\engine\src\ecs\systems\PhysicsSystem.cpp,748,4870145047,7488106,2,
Physics::Step,C:\Users\ivanm\source\repos\myengine\engine\src\ecs\systems\PhysicsSystem.cpp,748,4877633273,7410559,2,
Physics::Step,C:\Users\ivanm\source\repos\myengine\engine\src\ecs\systems\PhysicsSystem.cpp,748,4897528657,7053560,2,
Physics::Step,C:\Users\ivanm\source\repos\myengine\engine\src\ecs\systems\PhysicsSystem.cpp,748,4922359524,7611962,2,
Physics::Step,C:\Users\ivanm\source\repos\myengine\engine\src\ecs\systems\PhysicsSystem.cpp,748,4929971596,7407743,2,
Physics::Step,C:\Users\ivanm\source\repos\myengine\engine\src\ecs\systems\PhysicsSystem.cpp,748,4951228769,7694458,2,
Physics::Step,C:\Users\ivanm\source\repos\myengine\engine\src\ecs\systems\PhysicsSystem.cpp,748,4971521077,7611691,2,
Physics::Step,C:\Users\ivanm\source\repos\myengine\engine\src\ecs\systems\PhysicsSystem.cpp,748,4979132858,7881464,2,
Physics::Step,C:\Users\ivanm\source\repos\myengine\engine\src\ecs\systems\PhysicsSystem.cpp,748,5000675373,8028614,2,
Physics::Step,C:\Users\ivanm\source\repos\myengine\engine\src\ecs\systems\PhysicsSystem.cpp,748,5023622228,7327110,2,
Physics::Step,C:\Users\ivanm\source\repos\myengine\engine\src\ecs\systems\PhysicsSystem.cpp,748,5030949388,7230977,2,
Physics::Step,C:\Users\ivanm\source\repos\myengine\engine\src\ecs\systems\PhysicsSystem.cpp,748,5051781363,7736538,2,
Physics::Step,C:\Users\ivanm\source\repos\myengine\engine\src\ecs\systems\PhysicsSystem.cpp,748,5072063241,10556590,2,
Physics::Step,C:\Users\ivanm\source\repos\myengine\engine\src\ecs\systems\PhysicsSystem.cpp,748,5082619981,7766565,2,
Physics::Step,C:\Users\ivanm\source\repos\myengine\engine\src\ecs\systems\PhysicsSystem.cpp,748,5102918992,7642680,2,
Physics::Step,C:\Users\ivanm\source\repos\myengine\engine\src\ecs\systems\PhysicsSystem.cpp,748,5124296494,7329845,2,
Physics::Step,C:\Users\ivanm\source\repos\myengine\engine\src\ecs\systems\PhysicsSystem.cpp,748,5131626439,7076353,2,
Physics::Step,C:\Users\ivanm\source\repos\myengine\engine\src\ecs\systems\PhysicsSystem.cpp,748,5152472390,7379930,2,
Physics::Step,C:\Users\ivanm\source\repos\myengine\engine\src\ecs\systems\PhysicsSystem.cpp,748,5173147075,9204960,2,
Physics::Step,C:\Users\ivanm\source\repos\myengine\engine\src\ecs\systems\PhysicsSystem.cpp,748,5182352045,7645535,2,
Physics::Step,C:\Users\ivanm\source\repos\myengine\engine\src\ecs\systems\PhysicsSystem.cpp,748,5202703576,7395670,2,
Physics::Step,C:\Users\ivanm\source\repos\myengine\engine\src\ecs\systems\PhysicsSystem.cpp,748,5224186187,7564542,2,
Physics::Step,C:\Users\ivanm\source\repos\myengine\engine\src\ecs\systems\PhysicsSystem.cpp,748,5231750739,7282915,2,
Physics::Step,C:\Users\ivanm\source\repos\myengine\engine\src\ecs\systems\PhysicsSystem.cpp,748,5253442658,7979029,2,
Physics::Step,C:\Users\ivanm\source\repos\myengine\engine\src\ecs\systems\PhysicsSystem.cpp,748,5261421847,7413094,2,
Physics::Step,C:\Users\ivanm\source\repos\myengine\engine\src\ecs\systems\PhysicsSystem.cpp,748,5282664713,7262196,2,
Physics::Step,C:\Users\ivanm\source\repos\myengine\engine\src\ecs\systems\PhysicsSystem.cpp,748,5303158178,7819576,2,
Physics::Step,C:\Users\ivanm\source\repos\myengine\engine\src\ecs\systems\PhysicsSystem.cpp,748,5310978315,7103465,2,
Physics::Step,C:\Users\ivanm\source\repos\myengine\engine\src\ecs\systems\PhysicsSystem.cpp,748,5330295730,6975852,2,
Physics::Step,C:\Users\ivanm\source\repos\myengine\engine\src\ecs\systems\PhysicsSystem.cpp,748,5352917502,6943040,2,
Physics::Step,C:\Users\ivanm\source\repos\myengine\engine\src\ecs\systems\PhysicsSystem.cpp,748,5372173250,7084639,2,
Physics::Step,C:\Users\ivanm\source\repos\myengine\engine\src\ecs\systems\PhysicsSystem.cpp,748,5379257929,7239543,2,
Physics::Step,C:\Users\ivanm\source\repos\myengine\engine\src\ecs\systems\PhysicsSystem.cpp,748,5398713116,6954291,2,
Physics::Step,C:\Users\ivanm\source\repos\myengine\engine\src\ecs\systems\PhysicsSystem.cpp,748,5419428829,7273187,2,
Physics::Step,C:\Users\ivanm\source\repos\myengine\engine\src\ecs\systems\PhysicsSystem.cpp,748,5438902912,7451025,2,
Physics::Step,C:\Users\ivanm\source\repos\myengine\engine\src\ecs\systems\PhysicsSystem.cpp,748,5446353977,6888506,2,
Physics::Step,C:\Users\ivanm\source\repos\myengine\engine\src\ecs\systems\PhysicsSystem.cpp,748,5465727429,7423343,2,
Physics::Step,C:\Users\ivanm\source\repos\myengine\engine\src\ecs\systems\PhysicsSystem.cpp,748,5486997787,7426539,2,
Physics::Step,C:\Users\ivanm\source\repos\myengine\engine\src\ecs\systems\PhysicsSystem.cpp,748,5494424376,7451116,2,
Physics::Step,C:\Users\ivanm\source\repos\myengine\engine\src\ecs\systems\PhysicsSystem.cpp,748,5515319450,8067658,2,
Physics::Step,C:\Users\ivanm\source\repos\myengine\engine\src\ecs\systems\PhysicsSystem.cpp,748,5536326618,7955414,2,
Physics::Step,C:\Users\ivanm\source\repos\myengine\engine\src\ecs\systems\PhysicsSystem.cpp,748,5558244256,7946968,2,
Physics::Step,C:\Users\ivanm\source\repos\myengine\engine\src\ecs\systems\PhysicsSystem.cpp,748,5566191335,7505478,2,
Physics::Step,C:\Users\ivanm\source\repos\myengine\engine\src\ecs\systems\PhysicsSystem.cpp,748,5588336746,7938893,2,
Physics::Step,C:\Users\ivanm\source\repos\myengine\engine\src\ecs\systems\PhysicsSystem.cpp,748,5596275679,7570102,2,
Physics::Step,C:\Users\ivanm\source\repos\myengine\engine\src\ecs\systems\PhysicsSystem.cpp,748,5617911542,7920617,2,
Physics::Step,C:\Users\ivanm\source\repos\myengine\engine\src\ecs\systems\PhysicsSystem.cpp,748,5638102026,7347228,2,
Physics::Step,C:\Users\ivanm\source\repos\myengine\engine\src\ecs\systems\PhysicsSystem.cpp,748,5645449404,7457699,2,
Physics::Step,C:\Users\ivanm\source\repos\myengine\engine\src\ecs\systems\PhysicsSystem.cpp,748,5665024900,6838852,2,
Physics::Step,C:\Users\ivanm\source\repos\myengine\engine\src\ecs\systems\PhysicsSystem.cpp,748,5686062265,7036658,2,
Physics::Step,C:\Users\ivanm\source\repos\myengine\engine\src\ecs\systems\PhysicsSystem.cpp,748,5705151136,7242208,2,
Physics::Step,C:\Users\ivanm\source\repos\myengine\engine\src\ecs\systems\PhysicsSystem.cpp,748,5712393364,6816048,2,
Physics::Step,C:\Users\ivanm\source\repos\myengine\engine\src\ecs\systems\PhysicsSystem.cpp,748,5732056807,6934734,2,
Physics::Step,C:\Users\ivanm\source\repos\myengine\engine\src\ecs\systems\PhysicsSystem.cpp,748,5752814881,7098876,2,
Physics::Step,C:\Users\ivanm\source\repos\myengine\engine\src\ecs\systems\PhysicsSystem.cpp,748,5772495206,7352348,2,
Physics::Step,C:\Users\ivanm\source\repos\myengine\engine\src\ecs\systems\PhysicsSystem.cpp,748,5779847704,7362277,2,
Physics::Step,C:\Users\ivanm\source\repos\myengine\engine\src\ecs\systems\PhysicsSystem.cpp,748,5799207600,7064560,2,
Physics::Step,C:\Users\ivanm\source\repos\myengine\engine\src\ecs\systems\PhysicsSystem.cpp,748,5819288987,6902703,2,
Physics::Step,C:\Users\ivanm\source\repos\myengine\engine\src\ecs\systems\PhysicsSystem.cpp,748,5838345386,7808074,2,
Physics::Step,C:\Users\ivanm\source\repos\myengine\engine\src\ecs\systems\PhysicsSystem.cpp,748,5846153570,7269250,2,
Physics::Step,C:\Users\ivanm\source\repos\myengine\engine\src\ecs\systems\PhysicsSystem.cpp,748,5866326973,6912301,2,
Physics::Step,C:\Users\ivanm\source\repos\myengine\engine\src\ecs\systems\PhysicsSystem.cpp,748,5886604473,7176884,2,
Physics::Step,C:\Users\ivanm\source\repos\myengine\engine\src\ecs\systems\PhysicsSystem.cpp,748,5893781457,7018794,2,
Physics::Step,C:\Users\ivanm\source\repos\myengine\engine\src\ecs\systems\PhysicsSystem.cpp,748,5913663025,6798074,2,
Physics::Step,C:\Users\ivanm\source\repos\myengine\engine\src\ecs\systems\PhysicsSystem.cpp,748,5932846185,6898725,2,
Physics::Step,C:\Users\ivanm\source\repos\myengine\engine\src\ecs\systems\PhysicsSystem.cpp,748,5953058260,6780731,2,
Physics::Step,C:\Users\ivanm\source\repos\myengine\engine\src\ecs\systems\PhysicsSystem.cpp,748,5972234397,6954241,2,
Physics::Step,C:\Users\ivanm\source\repos\myengine\engine\src\ecs\systems\PhysicsSystem.cpp,748,5979188788,8529475,2,
Physics::Step,C:\Users\ivanm\source\repos\myengine\engine\src\ecs\systems\PhysicsSystem.cpp,748,6000831353,6872856,2,
Physics::Step,C:\Users\ivanm\source\repos\myengine\engine\src\ecs\systems\PhysicsSystem.cpp,748,6020478475,6958970,2,
Physics::Step,C:\Users\ivanm\source\repos\myengine\engine\src\ecs\systems\PhysicsSystem.cpp,748,6027437475,6771714,2,
Physics::Step,C:\Users\ivanm\source\repos\myengine\engine\src\ecs\systems\PhysicsSystem.cpp,748,6047541405,6959852,2,
Physics::Step,C:\Users\ivanm\source\repos\myengine\engine\src\ecs\systems\PhysicsSystem.cpp,748,6066646657,6895469,2,
Physics::Step,C:\Users\ivanm\source\repos\myengine\engine\src\ecs\systems\PhysicsSystem.cpp,748,6088688091,7326679,2,
Physics::Step,C:\Users\ivanm\source\repos\myengine\engine\src\ecs\systems\PhysicsSystem.cpp,748,6096014810,6845133,2,
Physics::Step,C:\Users\ivanm\source\repos\myengine\engine\src\ecs\systems\PhysicsSystem.cpp,748,6115659627,6935044,2,
Physics::Step,C:\Users\ivanm\source\repos\myengine\engine\src\ecs\systems\PhysicsSystem.cpp,748,6134943318,6945394,2,
Physics::Step,C:\Users\ivanm\source\repos\myengine\engine\src\ecs\systems\PhysicsSystem.cpp,748,6154774680,7364451,2,
Physics::Step,C:\Users\ivanm\source\repos\myengine\engine\src\ecs\systems\PhysicsSystem.cpp,748,6162139171,7093075,2,
Physics::Step,C:\Users\ivanm\source\repos\myengine\engine\src\ecs\systems\PhysicsSystem.cpp,748,6182565604,7168699,2,
Physics::Step,C:\Users\ivanm\source\repos\myengine\engine\src\ecs\systems\PhysicsSystem.cpp,748,6202795795,7344553,2,
Physics::Step,C:\Users\ivanm\source\repos\myengine\engine\src\ecs\systems\PhysicsSystem.cpp,748,6225190219,7267136,2,
Physics::Step,C:\Users\ivanm\source\repos\myengine\engine\src\ecs\systems\PhysicsSystem.cpp,748,6232457475,7205229,2,
Physics::Step,C:\Users\ivanm\source\repos\myengine\engine\src\ecs\systems\PhysicsSystem.cpp,748,6253440798,8367447,2,
Physics::Step,C:\Users\ivanm\source\repos\myengine\engine\src\ecs\systems\PhysicsSystem.cpp,748,6261808375,7333603,2,
Physics::Step,C:\Users\ivanm\source\repos\myengine\engine\src\ecs\systems\PhysicsSystem.cpp,748,6283396786,7508414,2,
Physics::Step,C:\Users\ivanm\source\repos\myengine\engine\src\ecs\systems\PhysicsSystem.cpp,748,6304489148,7309045,2,
Physics::Step,C:\Users\ivanm\source\repos\myengine\engine\src\ecs\systems\PhysicsSystem.cpp,748,6311798373,7103205,2,
Physics::Step,C:\Users\ivanm\source\repos\myengine\engine\src\ecs\systems\PhysicsSystem.cpp,748,6331803155,6904156,2,
Physics::Step,C:\Users\ivanm\source\repos\myengine\engine\src\ecs\systems\PhysicsSystem.cpp,748,6352528878,7014284,2,
Physics::Step,C:\Users\ivanm\source\repos\myengine\engine\src\ecs\systems\PhysicsSystem.cpp,748,6373388785,8082997,2,
Physics::Step,C:\Users\ivanm\source\repos\myengine\engine\src\ecs\systems\PhysicsSystem.cpp,748,6381471982,7205969,2,
Physics::Step,C:\Users\ivanm\source\repos\myengine\engine\src\ecs\systems\PhysicsSystem.cpp,748,6401090750,7161044,2,
Physics::Step,C:\Users\ivanm\source\repos\myengine\engine\src\ecs\systems\PhysicsSystem.cpp,748,6421910651,7421149,2,
Physics::Step,C:\Users\ivanm\source\repos\myengine\engine\src\ecs\systems\PhysicsSystem.cpp,748,6429331840,7787876,2,
Physics::Step,C:\Users\ivanm\source\repos\myengine\engine\src\ecs\systems\PhysicsSystem.cpp,748,6450424420,7184849,2,
Physics::Step,C:\Users\ivanm\source\repos\myengine\engine\src\ecs\systems\PhysicsSystem.cpp,748,6469930864,7643962,2,
Physics::Step,C:\Users\ivanm\source\repos\myengine\engine\src\ecs\systems\PhysicsSystem.cpp,748,6477574866,7298596,2,
Physics::Step,C:\Users\ivanm\source\repos\myengine\engine\src\ecs\systems\PhysicsSystem.cpp,748,6497322750,7131387,2,
Physics::Step,C:\Users\ivanm\source\repos\myengine\engine\src\ecs\systems\PhysicsSystem.cpp,748,6518281996,7808084,2,
Physics::Step,C:\Users\ivanm\source\repos\myengine\engine\src\ecs\systems\PhysicsSystem.cpp,748,6539703261,10801254,2,
Physics::Step,C:\Users\ivanm\source\repos\myengine\engine\src\ecs\systems\PhysicsSystem.cpp,748,6550504525,8922042,2,
Physics::Step,C:\Users\ivanm\source\repos\myengine\engine\src\ecs\systems\PhysicsSystem.cpp,748,6572756750,7794979,2,
Physics::Step,C:\Users\ivanm\source\repos\myengine\engine\src\ecs\systems\PhysicsSystem.cpp,748,6580551759,7517963,2,
Physics::Step,C:\Users\ivanm\source\repos\myengine\engine\src\ecs\systems\PhysicsSystem.cpp,748,6602086169,7162106,2,
Physics::Step,C:\Users\ivanm\source\repos\myengine\engine\src\ecs\systems\PhysicsSystem.cpp,748,6622706138,6824976,2,
Physics::Step,C:\Users\ivanm\source\repos\myengine\engine\src\ecs\systems\PhysicsSystem.cpp,748,6629531164,6799196,2,
Physics::Step,C:\Users\ivanm\source\repos\myengine\engine\src\ecs\systems\PhysicsSystem.cpp,748,6648901079,7503685,2,
Physics::Step,C:\Users\ivanm\source\repos\myengine\engine\src\ecs\systems\PhysicsSystem.cpp,748,6668381003,6998495,2,
Physics::Step,C:\Users\ivanm\source\repos\myengine\engine\src\ecs\systems\PhysicsSystem.cpp,748,6688274212,6794157,2,
Physics::Step,C:\Users\ivanm\source\repos\myengine\engine\src\ecs\systems\PhysicsSystem.cpp,748,6695068409,6737358,2,
Physics::Step,C:\Users\ivanm\source\repos\myengine\engine\src\ecs\systems\PhysicsSystem.cpp,748,6714311803,6835916,2,
Physics::Step,C:\Users\ivanm\source\repos\myengine\engine\src\ecs\systems\PhysicsSystem.cpp,748,6733392829,6858649,2,
Physics::Step,C:\Users\ivanm\source\repos\myengine\engine\src\ecs\systems\PhysicsSystem.cpp,748,6752949398,6753159,2,
Physics::Step,C:\Users\ivanm\source\repos\myengine\engine\src\ecs\systems\PhysicsSystem.cpp,748,6772578526,7002713,2,
Physics::Step,C:\Users\ivanm\source\repos\myengine\engine\src\ecs\systems\PhysicsSystem.cpp,748,6779581329,7090701,2,
Physics::Step,C:\Users\ivanm\source\repos\myengine\engine\src\ecs\systems\PhysicsSystem.cpp,748,6798913292,6928342,2,
Physics::Step,C:\Users\ivanm\source\repos\myengine\engine\src\ecs\systems\PhysicsSystem.cpp,748,6819156517,7569821,2,
Physics::Step,C:\Users\ivanm\source\repos\myengine\engine\src\ecs\systems\PhysicsSystem.cpp,748,6839111825,7637910,2,
Physics::Step,C:\Users\ivanm\source\repos\myengine\engine\src\ecs\systems\PhysicsSystem.cpp,748,6846749886,6719053,2,
Physics::Step,C:\Users\ivanm\source\repos\myengine\engine\src\ecs\systems\PhysicsSystem.cpp,748,6865977320,6831507,2,
Physics::Step,C:\Users\ivanm\source\repos\myengine\engine\src\ecs\systems\PhysicsSystem.cpp,748,6886532778,7247228,2,
Physics::Step,C:\Users\ivanm\source\repos\myengine\engine\src\ecs\systems\PhysicsSystem.cpp,748,6893780136,6780020,2,
Physics::Step,C:\Users\ivanm\source\repos\myengine\engine\src\ecs\systems\PhysicsSystem.cpp,748,6913411280,6842428,2,
Physics::Step,C:\Users\ivanm\source\repos\myengine\engine\src\ecs\systems\PhysicsSystem.cpp,748,6932640087,6815246,2,
Physics::Step,C:\Users\ivanm\source\repos\myengine\engine\src\ecs\systems\PhysicsSystem.cpp,748,6952778202,6943781,2,
Physics::Step,C:\Users\ivanm\source\repos\myengine\engine\src\ecs\systems\PhysicsSystem.cpp,748,6972244638,7216570,2,
Physics::Step,C:\Users\ivanm\source\repos\myengine\engine\src\ecs\systems\PhysicsSystem.cpp,748,6979461248,7160423,2,
Physics::Step,C:\Users\ivanm\source\repos\myengine\engine\src\ecs\systems\PhysicsSystem.cpp,748,6999231173,7143300,2,
Physics::Step,C:\Users\ivanm\source\repos\myengine\engine\src\ecs\systems\PhysicsSystem.cpp,748,7019952056,7002483,2,
Physics::Step,C:\Users\ivanm\source\repos\myengine\engine\src\ecs\systems\PhysicsSystem.cpp,748,7026954579,6704256,2,
Physics::Step,C:\Users\ivanm\source\repos\myengine\engine\src\ecs\systems\PhysicsSystem.cpp,748,7046430996,6954411,2,
Physics::Step,C:\Users\ivanm\source\repos\myengine\engine\src\ecs\systems\PhysicsSystem.cpp,748,7065770593,7042850,2,
Physics::Step,C:\Users\ivanm\source\repos\myengine\engine\src\ecs\systems\PhysicsSystem.cpp,748,7086654196,7144663,2,
Physics::Step,C:\Users\ivanm\source\repos\myengine\engine\src\ecs\systems\PhysicsSystem.cpp,748,7093799009,6849522,2,
Physics::Step,C:\Users\ivanm\source\repos\myengine\engine\src\ecs\systems\PhysicsSystem.cpp,748,7113518428,6864200,2,
Physics::Step,C:\Users\ivanm\source\repos\myengine\engine\src\ecs\systems\PhysicsSystem.cpp,748,7132723249,6791752,2,
Physics::Step,C:\Users\ivanm\source\repos\myengine\engine\src\ecs\systems\PhysicsSystem.cpp,748,7152983346,6990721,2,
Physics::Step,C:\Users\ivanm\source\repos\myengine\engine\src\ecs\systems\PhysicsSystem.cpp,748,7172709010,7133171,2,
Physics::Step,C:\Users\ivanm\source\repos\myengine\engine\src\ecs\systems\PhysicsSystem.cpp,748,7179842291,6988115,2,
Physics::Step,C:\Users\ivanm\source\repos\myengine\engine\src\ecs\systems\PhysicsSystem.cpp,748,7199190144,6895349,2,
Physics::Step,C:\Users\ivanm\source\repos\myengine\engine\src\ecs\systems\PhysicsSystem.cpp,748,7220222369,6914786,2,
Physics::Step,C:\Users\ivanm\source\repos\myengine\engine\src\ecs\systems\PhysicsSystem.cpp,748,7227137255,6665001,2,
Physics::Step,C:\Users\ivanm\source\repos\myengine\engine\src\ecs\systems\PhysicsSystem.cpp,748,7246210716,6933692,2,
Physics::Step,C:\Users\ivanm\source\repos\myengine\engine\src\ecs\systems\PhysicsSystem.cpp,748,7265900479,7117752,2,
Physics::Step,C:\Users\ivanm\source\repos\myengine\engine\src\ecs\systems\PhysicsSystem.cpp,748,7286665406,6965693,2,
Physics::Step,C:\Users\ivanm\source\repos\myengine\engine\src\ecs\systems\PhysicsSystem.cpp,748,7293631129,6823202,2,
Physics::Step,C:\Users\ivanm\source\repos\myengine\engine\src\ecs\systems\PhysicsSystem.cpp,748,7313372079,6975982,2,
Physics::Step,C:\Users\ivanm\source\repos\myengine\engine\src\ecs\systems\PhysicsSystem.cpp,748,7332618499,6956095,2,
Physics::Step,C:\Users\ivanm\source\repos\myengine\engine\src\ecs\systems\PhysicsSystem.cpp,748,7353571233,6797693,2,
Physics::Step,C:\Users\ivanm\source\repos\myengine\engine\src\ecs\systems\PhysicsSystem.cpp,748,7360368946,6910097,2,
Physics::Step,C:\Users\ivanm\source\repos\myengine\engine\src\ecs\systems\PhysicsSystem.cpp,748,7379829293,7232630,2,
Physics::Step,C:\Users\ivanm\source\repos\myengine\engine\src\ecs\systems\PhysicsSystem.cpp,748,7400207224,6923934,2,
Physics::Step,C:\Users\ivanm\source\repos\myengine\engine\src\ecs\systems\PhysicsSystem.cpp,748,7419802738,7101822,2,
Physics::Step,C:\Users\ivanm\source\repos\myengine\engine\src\ecs\systems\PhysicsSystem.cpp,748,7426904600,7057637,2,
Physics::Step,C:\Users\ivanm\source\repos\myengine\engine\src\ecs\systems\PhysicsSystem.cpp,748,7446510513,7095189,2,
Physics::Step,C:\Users\ivanm\source\repos\myengine\engine\src\ecs\systems\PhysicsSystem.cpp,748,7465583223,6858519,2,
Physics::Step,C:\Users\ivanm\source\repos\myengine\engine\src\ecs\systems\PhysicsSystem.cpp,748,7485607041,6984248,2,
Physics::Step,C:\Users\ivanm\source\repos\myengine\engine\src\ecs\systems\PhysicsSystem.cpp,748,7505334012,7014606,2,
Physics::Step,C:\Users\ivanm\source\repos\myengine\engine\src\ecs\systems\PhysicsSystem.cpp,748,7512348888,6808795,2,
Physics::Step,C:\Users\ivanm\source\repos\myengine\engine\src\ecs\systems\PhysicsSystem.cpp,748,7531328231,6775591,2,
Physics::Step,C:\Users\ivanm\source\repos\myengine\engine\src\ecs\systems\PhysicsSystem.cpp,748,7551277297,6997282,2,
Physics::Step,C:\Users\ivanm\source\repos\myengine\engine\src\ecs\systems\PhysicsSystem.cpp,748,7570212315,6949762,2,
Physics::Step,C:\Users\ivanm\source\repos\myengine\engine\src\ecs\systems\PhysicsSystem.cpp,748,7577162879,7208714,2,
Physics::Step,C:\Users\ivanm\source\repos\myengine\engine\src\ecs\systems\PhysicsSystem.cpp,748,7596426191,7176223,2,
Physics::Step,C:\Users\ivanm\source\repos\myengine\engine\src\ecs\systems\PhysicsSystem.cpp,748,7616962673,6754792,2,
Physics::Step,C:\Users\ivanm\source\repos\myengine\engine\src\ecs\systems\PhysicsSystem.cpp,748,7635847025,7115327,2,
Physics::Step,C:\Users\ivanm\source\repos\myengine\engine\src\ecs\systems\PhysicsSystem.cpp,748,7655876293,7153590,2,
Physics::Step,C:\Users\ivanm\source\repos\myengine\engine\src\ecs\systems\PhysicsSystem.cpp,748,7663030023,6771274,2,
Physics::Step,C:\Users\ivanm\source\repos\myengine\engine\src\ecs\systems\PhysicsSystem.cpp,748,7682230867,7319666,2,
Physics::Step,C:\Users\ivanm\source\repos\myengine\engine\src\ecs\systems\PhysicsSystem.cpp,748,7701688138,7666264,2,
Physics::Step,C:\Users\ivanm\source\repos\myengine\engine\src\ecs\systems\PhysicsSystem.cpp,748,7722503541,7020737,2,
Physics::Step,C:\Users\ivanm\source\repos\myengine\engine\src\ecs\systems\PhysicsSystem.cpp,748,7729524318,6971544,2,
Physics::Step,C:\Users\ivanm\source\repos\myengine\engine\src\ecs\systems\PhysicsSystem.cpp,748,7748914882,6932329,2,
Physics::Step,C:\Users\ivanm\source\repos\myengine\engine\src\ecs\systems\PhysicsSystem.cpp,748,7768030854,6808274,2,
Physics::Step,C:\Users\ivanm\source\repos\myengine\engine\src\ecs\systems\PhysicsSystem.cpp,748,7788013584,6844963,2,
Physics::Step,C:\Users\ivanm\source\repos\myengine\engine\src\ecs\systems\PhysicsSystem.cpp,748,7794858687,6646657,2,
Physics::Step,C:\Users\ivanm\source\repos\myengine\engine\src\ecs\systems\PhysicsSystem.cpp,748,7814327069,6977476,2,
Physics::Step,C:\Users\ivanm\source\repos\myengine\engine\src\ecs\systems\PhysicsSystem.cpp,748,7834086602,6908754,2,
Physics::Step,C:\Users\ivanm\source\repos\myengine\engine\src\ecs\systems\PhysicsSystem.cpp,748,7854107544,6830556,2,
Physics::Step,C:\Users\ivanm\source\repos\myengine\engine\src\ecs\systems\PhysicsSystem.cpp,748,7860938110,6794828,2,
Physics::Step,C:\Users\ivanm\source\repos\myengine\engine\src\ecs\systems\PhysicsSystem.cpp,748,7880474982,7079399,2,
Physics::Step,C:\Users\ivanm\source\repos\myengine\engine\src\ecs\systems\PhysicsSystem.cpp,748,7900325781,7164010,2,
Physics::Step,C:\Users\ivanm\source\repos\myengine\engine\src\ecs\systems\PhysicsSystem.cpp,748,7920587492,6914816,2,
Physics::Step,C:\Users\ivanm\source\repos\myengine\engine\src\ecs\systems\PhysicsSystem.cpp,748,7927502418,6912862,2,
Physics::Step,C:\Users\ivanm\source\repos\myengine\engine\src\ecs\systems\PhysicsSystem.cpp,748,7947186750,7059702,2,
Physics::Step,C:\Users\ivanm\source\repos\myengine\engine\src\ecs\systems\PhysicsSystem.cpp,748,7966610988,6934604,2,
Physics::Step,C:\Users\ivanm\source\repos\myengine\engine\src\ecs\systems\PhysicsSystem.cpp,748,7986497075,6919234,2,
Physics::Step,C:\Users\ivanm\source\repos\myengine\engine\src\ecs\systems\PhysicsSystem.cpp,748,7993416349,6978126,2,
Physics::Step,C:\Users\ivanm\source\repos\myengine\engine\src\ecs\systems\PhysicsSystem.cpp,748,8013384411,7059872,2,
Physics::Step,C:\Users\ivanm\source\repos\myengine\engine\src\ecs\systems\PhysicsSystem.cpp,748,8032967742,7148800,2,
Physics::Step,C:\Users\ivanm\source\repos\myengine\engine\src\ecs\systems\PhysicsSystem.cpp,748,8054244762,6872996,2,
Physics::Step,C:\Users\ivanm\source\repos\myengine\engine\src\ecs\systems\PhysicsSystem.cpp,748,8061117799,6809085,2,
Physics::Step,C:\Users\ivanm\source\repos\myengine\engine\src\ecs\systems\PhysicsSystem.cpp,748,8080255752,7043511,2,
Physics::Step,C:\Users\ivanm\source\repos\myengine\engine\src\ecs\systems\PhysicsSystem.cpp,748,8100157308,7152047,2,
Physics::Step,C:\Users\ivanm\source\repos\myengine\engine\src\ecs\systems\PhysicsSystem.cpp,748,8120161829,6875281,2,
Physics::Step,C:\Users\ivanm\source\repos\myengine\engine\src\ecs\systems\PhysicsSystem.cpp,748,8127037210,6752007,2,
Physics::Step,C:\Users\ivanm\source\repos\myengine\engine\src\ecs\systems\PhysicsSystem.cpp,748,8148776984,7388626,2,
Physics::Step,C:\Users\ivanm\source\repos\myengine\engine\src\ecs\systems\PhysicsSystem.cpp,748,8168353832,6741296,2,
Physics::Step,C:\Users\ivanm\source\repos\myengine\engine\src\ecs\systems\PhysicsSystem.cpp,748,8187752090,6730857,2,
Physics::Step,C:\Users\ivanm\source\repos\myengine\engine\src\ecs\systems\PhysicsSystem.cpp,748,8194482987,7008544,2,
Physics::Step,C:\Users\ivanm\source\repos\myengine\engine\src\ecs\systems\PhysicsSystem.cpp,748,8214226913,6898454,2,
Physics::Step,C:\Users\ivanm\source\repos\myengine\engine\src\ecs\systems\PhysicsSystem.cpp,748,8233326984,6799247,2,
Physics::Step,C:\Users\ivanm\source\repos\myengine\engine\src\ecs\systems\PhysicsSystem.cpp,748,8253492622,6950764,2,
Physics::Step,C:\Users\ivanm\source\repos\myengine\engine\src\ecs\systems\PhysicsSystem.cpp,748,8260443416,6765222,2,
Physics::Step,C:\Users\ivanm\source\repos\myengine\engine\src\ecs\systems\PhysicsSystem.cpp,748,8279875970,7424656,2,
Physics::Step,C:\Users\ivanm\source\repos\myengine\engine\src\ecs\systems\PhysicsSystem.cpp,748,8299525627,7415909,2,
Physics::Step,C:\Users\ivanm\source\repos\myengine\engine\src\ecs\systems\PhysicsSystem.cpp,748,8320232881,7241838,2,
Physics::Step,C:\Users\ivanm\source\repos\myengine\engine\src\ecs\systems\PhysicsSystem.cpp,748,8327474749,6909936,2,
Physics::Step,C:\Users\ivanm\source\repos\myengine\engine\src\ecs\systems\PhysicsSystem.cpp,748,8347676335,7930947,2,
Physics::Step,C:\Users\ivanm\source\repos\myengine\engine\src\ecs\systems\PhysicsSystem.cpp,748,8368071639,7217441,2,
Physics::Step,C:\Users\ivanm\source\repos\myengine\engine\src\ecs\systems\PhysicsSystem.cpp,748,8388568196,7352939,2,
Physics::Step,C:\Users\ivanm\source\repos\myengine\engine\src\ecs\systems\PhysicsSystem.cpp,748,8395921245,6849051,2,
Physics::Step,C:\Users\ivanm\source\repos\myengine\engine\src\ecs\systems\PhysicsSystem.cpp,748,8416364069,7708886,2,
Physics::Step,C:\Users\ivanm\source\repos\myengine\engine\src\ecs\systems\PhysicsSystem.cpp,748,8436702826,7307052,2,
Physics::Step,C:\Users\ivanm\source\repos\myengine\engine\src\ecs\systems\PhysicsSystem.cpp,748,8444010118,7795290,2,
Physics::Step,C:\Users\ivanm\source\repos\myengine\engine\src\ecs\systems\PhysicsSystem.cpp,748,8464344226,7225236,2,
Physics::Step,C:\Users\ivanm\source\repos\myengine\engine\src\ecs\systems\PhysicsSystem.cpp,748,8485773917,7210698,2,
Physics::Step,C:\Users\ivanm\source\repos\myengine\engine\src\ecs\systems\PhysicsSystem.cpp,748,8505370282,8361817,2,
Physics::Step,C:\Users\ivanm\source\repos\myengine\engine\src\ecs\systems\PhysicsSystem.cpp,748,8513732209,7538412,2,
Physics::Step,C:\Users\ivanm\source\repos\myengine\engine\src\ecs\systems\PhysicsSystem.cpp,748,8533739876,7105008,2,
Physics::Step,C:\Users\ivanm\source\repos\myengine\engine\src\ecs\systems\PhysicsSystem.cpp,748,8554663996,7089017,2,
Physics::Step,C:\Users\ivanm\source\repos\myengine\engine\src\ecs\systems\PhysicsSystem.cpp,748,8561753113,7315799,2,
Physics::Step,C:\Users\ivanm\source\repos\myengine\engine\src\ecs\systems\PhysicsSystem.cpp,748,8582616006,6943030,2,
Physics::Step,C:\Users\ivanm\source\repos\myengine\engine\src\ecs\systems\PhysicsSystem.cpp,748,8601958970,6841477,2,
Physics::Step,C:\Users\ivanm\source\repos\myengine\engine\src\ecs\systems\PhysicsSystem.cpp,748,8622233620,6898465,2,
Physics::Step,C:\Users\ivanm\source\repos\myengine\engine\src\ecs\systems\PhysicsSystem.cpp,748,8629132185,6856906,2,
Physics::Step,C:\Users\ivanm\source\repos\myengine\engine\src\ecs\systems\PhysicsSystem.cpp,748,8648562946,7044693,2,
Physics::Step,C:\Users\ivanm\source\repos\myengine\engine\src\ecs\systems\PhysicsSystem.cpp,748,8668572366,6911250,2,
Physics::Step,C:\Users\ivanm\source\repos\myengine\engine\src\ecs\systems\PhysicsSystem.cpp,748,8688816563,7196893,2,
Physics::Step,C:\Users\ivanm\source\repos\myengine\engine\src\ecs\systems\PhysicsSystem.cpp,748,8696013696,7124354,2,
Physics::Step,C:\Users\ivanm\source\repos\myengine\engine\src\ecs\systems\PhysicsSystem.cpp,748,8715299541,7227500,2,
Physics::Step,C:\Users\ivanm\source\repos\myengine\engine\src\ecs\systems\PhysicsSystem.cpp,748,8734555138,7063790,2,
Physics::Step,C:\Users\ivanm\source\repos\myengine\engine\src\ecs\systems\PhysicsSystem.cpp,748,8754079487,6663598,2,
Physics::Step,C:\Users\ivanm\source\repos\myengine\engine\src\ecs\systems\PhysicsSystem.cpp,748,8760743105,6942649,2,
Physics::Step,C:\Users\ivanm\source\repos\myengine\engine\src\ecs\systems\PhysicsSystem.cpp,748,8780170499,7857258,2,
Physics::Step,C:\Users\ivanm\source\repos\myengine\engine\src\ecs\systems\PhysicsSystem.cpp,748,8800282735,6985471,2,
Physics::Step,C:\Users\ivanm\source\repos\myengine\engine\src\ecs\systems\PhysicsSystem.cpp,748,8819943403,6813323,2,
Physics::Step,C:\Users\ivanm\source\repos\myengine\engine\src\ecs\systems\PhysicsSystem.cpp,748,8826756826,6929314,2,
Physics::Step,C:\Users\ivanm\source\repos\myengine\engine\src\ecs\systems\PhysicsSystem.cpp,748,8846155005,6916058,2,
Physics::Step,C:\Users\ivanm\source\repos\myengine\engine\src\ecs\systems\PhysicsSystem.cpp,748,8865144035,6914736,2,
Physics::Step,C:\Users\ivanm\source\repos\myengine\engine\src\ecs\systems\PhysicsSystem.cpp,748,8885188362,7129805,2,
Physics::Step,C:\Users\ivanm\source\repos\myengine\engine\src\ecs\systems\PhysicsSystem.cpp,748,8904686721,7129104,2,
Physics::Step,C:\Users\ivanm\source\repos\myengine\engine\src\ecs\systems\PhysicsSystem.cpp,748,8911815935,6781643,2,
Physics::Step,C:\Users\ivanm\source\repos\myengine\engine\src\ecs\systems\PhysicsSystem.cpp,748,8932059310,6880531,2,
Physics::Step,C:\Users\ivanm\source\repos\myengine\engine\src\ecs\systems\PhysicsSystem.cpp,748,8952524678,6801530,2,
Physics::Step,C:\Users\ivanm\source\repos\myengine\engine\src\ecs\systems\PhysicsSystem.cpp,748,8971488010,7019024,2,
Physics::Step,C:\Users\ivanm\source\repos\myengine\engine\src\ecs\systems\PhysicsSystem.cpp,748,8978507124,6925426,2,
Physics::Step,C:\Users\ivanm\source\repos\myengine\engine\src\ecs\systems\PhysicsSystem.cpp,748,8997773913,7057787,2,
Physics::Step,C:\Users\ivanm\source\repos\myengine\engine\src\ecs\systems\PhysicsSystem.cpp,748,9018719523,7235977,2,
Physics::Step,C:\Users\ivanm\source\repos\myengine\engine\src\ecs\systems\PhysicsSystem.cpp,748,9038110758,7186292,2,
Physics::Step,C:\Users\ivanm\source\repos\myengine\engine\src\ecs\systems\PhysicsSystem.cpp,748,9045297191,6996541,2,
Physics::Step,C:\Users\ivanm\source\repos\myengine\engine\src\ecs\systems\PhysicsSystem.cpp,748,9065045886,6807892,2,
Physics::Step,C:\Users\ivanm\source\repos\myengine\engine\src\ecs\systems\PhysicsSystem.cpp,748,9085355347,6975661,2,
Physics::Step,C:\Users\ivanm\source\repos\myengine\engine\src\ecs\systems\PhysicsSystem.cpp,748,9104688301,7498786,2,
Physics::Step,C:\Users\ivanm\source\repos\myengine\engine\src\ecs\systems\PhysicsSystem.cpp,748,9112187238,6808303,2,
Physics::Step,C:\Users\ivanm\source\repos\myengine\engine\src\ecs\systems\PhysicsSystem.cpp,748,9131338427,6845814,2,
Physics::Step,C:\Users\ivanm\source\repos\myengine\engine\src\ecs\systems\PhysicsSystem.cpp,748,9151858097,6920417,2,
Physics::Step,C:\Users\ivanm\source\repos\myengine\engine\src\ecs\systems\PhysicsSystem.cpp,748,9171064521,6946697,2,
Physics::Step,C:\Users\ivanm\source\repos\myengine\engine\src\ecs\systems\PhysicsSystem.cpp,748,9178011328,6973177,2,
Physics::Step,C:\Users\ivanm\source\repos\myengine\engine\src\ecs\systems\PhysicsSystem.cpp,748,9197375953,6755182,2,
Physics::Step,C:\Users\ivanm\source\repos\myengine\engine\src\ecs\systems\PhysicsSystem.cpp,748,9216893679,7944874,2,
Physics::Step,C:\Users\ivanm\source\repos\myengine\engine\src\ecs\systems\PhysicsSystem.cpp,748,9236947814,7172997,2,
Physics::Step,C:\Users\ivanm\source\repos\myengine\engine\src\ecs\systems\PhysicsSystem.cpp,748,9244121021,6986262,2,
Physics::Step,C:\Users\ivanm\source\repos\myengine\engine\src\ecs\systems\PhysicsSystem.cpp,748,9263274956,6819765,2,
Physics::Step,C:\Users\ivanm\source\repos\myengine\engine\src\ecs\systems\PhysicsSystem.cpp,748,9283286861,6818833,2,
Physics::Step,C:\Users\ivanm\source\repos\myengine\engine\src\ecs\systems\PhysicsSystem.cpp,748,9302605178,6988225,2,
Physics::Step,C:\Users\ivanm\source\repos\myengine\engine\src\ecs\systems\PhysicsSystem.cpp,748,9324035730,6907432,2,
Physics::Step,C:\Users\ivanm\source\repos\myengine\engine\src\ecs\systems\PhysicsSystem.cpp,748,9330943292,6918764,2,
Physics::Step,C:\Users\ivanm\source\repos\myengine\engine\src\ecs\systems\PhysicsSystem.cpp,748,9352473885,6863338,2,
Physics::Step,C:\Users\ivanm\source\repos\myengine\engine\src\ecs\systems\PhysicsSystem.cpp,748,9371334341,7105018,2,
Physics::Step,C:\Users\ivanm\source\repos\myengine\engine\src\ecs\systems\PhysicsSystem.cpp,748,9378439379,6949932,2,
Physics::Step,C:\Users\ivanm\source\repos\myengine\engine\src\ecs\systems\PhysicsSystem.cpp,748,9397764508,7122942,2,
Physics::Step,C:\Users\ivanm\source\repos\myengine\engine\src\ecs\systems\PhysicsSystem.cpp,748,9418495972,6889878,2,
Physics::Step,C:\Users\ivanm\source\repos\myengine\engine\src\ecs\systems\PhysicsSystem.cpp,748,9438549817,7267065,2,
Physics::Step,C:\Users\ivanm\source\repos\myengine\engine\src\ecs\systems\PhysicsSystem.cpp,748,9445817033,6797492,2,
Physics::Step,C:\Users\ivanm\source\repos\myengine\engine\src\ecs\systems\PhysicsSystem.cpp,748,9464791516,6938991,2,
Physics::Step,C:\Users\ivanm\source\repos\myengine\engine\src\ecs\systems\PhysicsSystem.cpp,748,9485208872,6973718,2,
Physics::Step,C:\Users\ivanm\source\repos\myengine\engine\src\ecs\systems\PhysicsSystem.cpp,748,9504428571,7316840,2,
Physics::Step,C:\Users\ivanm\source\repos\myengine\engine\src\ecs\systems\PhysicsSystem.cpp,748,9511745671,6788105,2,
Physics::Step,C:\Users\ivanm\source\repos\myengine\engine\src\ecs\systems\PhysicsSystem.cpp,748,9530865240,6864230,2,
Physics::Step,C:\Users\ivanm\source\repos\myengine\engine\src\ecs\systems\PhysicsSystem.cpp,748,9551340757,7653891,2,
Physics::Step,C:\Users\ivanm\source\repos\myengine\engine\src\ecs\systems\PhysicsSystem.cpp,748,9571352091,6970883,2,
Physics::Step,C:\Users\ivanm\source\repos\myengine\engine\src\ecs\systems\PhysicsSystem.cpp,748,9578323084,6886001,2,
Physics::Step,C:\Users\ivanm\source\repos\myengine\engine\src\ecs\systems\PhysicsSystem.cpp,748,9597604170,7205809,2,
Physics::Step,C:\Users\ivanm\source\repos\myengine\engine\src\ecs\systems\PhysicsSystem.cpp,748,9618075639,6776633,2,
Physics::Step,C:\Users\ivanm\source\repos\myengine\engine\src\ecs\systems\PhysicsSystem.cpp,748,9637125996,7665123,2,
Physics::Step,C:\Users\ivanm\source\repos\myengine\engine\src\ecs\systems\PhysicsSystem.cpp,748,9644791159,6949632,2,
Physics::Step,C:\Users\ivanm\source\repos\myengine\engine\src\ecs\systems\PhysicsSystem.cpp,748,9664199597,6896992,2,
Physics::Step,C:\Users\ivanm\source\repos\myengine\engine\src\ecs\systems\PhysicsSystem.cpp,748,9684854565,7123813,2,
Physics::Step,C:\Users\ivanm\source\repos\myengine\engine\src\ecs\systems\PhysicsSystem.cpp,748,9704137364,7307472,2,
Physics::Step,C:\Users\ivanm\source\repos\myengine\engine\src\ecs\systems\PhysicsSystem.cpp,748,9711444876,6880721,2,
Physics::Step,C:\Users\ivanm\source\repos\myengine\engine\src\ecs\systems\PhysicsSystem.cpp,748,9730857903,7115768,2,
Physics::Step,C:\Users\ivanm\source\repos\myengine\engine\src\ecs\systems\PhysicsSystem.cpp,748,9751741225,7743682,2,
Physics::Step,C:\Users\ivanm\source\repos\myengine\engine\src\ecs\systems\PhysicsSystem.cpp,748,9772188177,7451958,2,
Physics::Step,C:\Users\ivanm\source\repos\myengine\engine\src\ecs\systems\PhysicsSystem.cpp,748,9779640245,7721259,2,
Physics::Step,C:\Users\ivanm\source\repos\myengine\engine\src\ecs\systems\PhysicsSystem.cpp,748,9800416082,7276564,2,
Physics::Step,C:\Users\ivanm\source\repos\myengine\engine\src\ecs\systems\PhysicsSystem.cpp,748,9821016627,7406851,2,
Physics::Step,C:\Users\ivanm\source\repos\myengine\engine\src\ecs\systems\PhysicsSystem.cpp,748,9828423518,7315919,2,
Physics::Step,C:\Users\ivanm\source\repos\myengine\engine\src\ecs\systems\PhysicsSystem.cpp,748,9848338730,6945004,2,
Physics::Step,C:\Users\ivanm\source\repos\myengine\engine\src\ecs\systems\PhysicsSystem.cpp,748,9867834033,7180311,2,
Physics::Step,C:\Users\ivanm\source\repos\myengine\engine\src\ecs\systems\PhysicsSystem.cpp,748,9888254896,7688687,2,
Physics::Step,C:\Users\ivanm\source\repos\myengine\engine\src\ecs\systems\PhysicsSystem.cpp,748,9895943603,7659161,2,
Physics::Step,C:\Users\ivanm\source\repos\myengine\engine\src\ecs\systems\PhysicsSystem.cpp,748,9916716154,7934345,2,
Physics::Step,C:\Users\ivanm\source\repos\myengine\engine\src\ecs\systems\PhysicsSystem.cpp,748,9937116558,7421690,2,
Physics::Step,C:\Users\ivanm\source\repos\myengine\engine\src\ecs\systems\PhysicsSystem.cpp,748,9944538609,7472766,2,
Physics::Step,C:\Users\ivanm\source\repos\myengine\engine\src\ecs\systems\PhysicsSystem.cpp,748,9965279770,7153791,2,
Physics::Step,C:\Users\ivanm\source\repos\myengine\engine\src\ecs\systems\PhysicsSystem.cpp,748,9986047984,6937268,2,
Physics::Step,C:\Users\ivanm\source\repos\myengine\engine\src\ecs\systems\PhysicsSystem.cpp,748,10005770048,7698185,2,
Physics::Step,C:\Users\ivanm\source\repos\myengine\engine\src\ecs\systems\PhysicsSystem.cpp,748,10013468363,7095941,2,
Physics::Step,C:\Users\ivanm\source\repos\myengine\engine\src\ecs\systems\PhysicsSystem.cpp,748,10033444120,7058960,2,
Physics::Step,C:\Users\ivanm\source\repos\myengine\engine\src\ecs\systems\PhysicsSystem.cpp,748,10054745714,7362918,2,
Physics::Step,C:\Users\ivanm\source\repos\myengine\engine\src\ecs\systems\PhysicsSystem.cpp,748,10062109223,7567189,2,
Physics::Step,C:\Users\ivanm\source\repos\myengine\engine\src\ecs\systems\PhysicsSystem.cpp,748,10083038065,7516830,2,
Physics::Step,C:\Users\ivanm\source\repos\myengine\engine\src\ecs\systems\PhysicsSystem.cpp,748,10103239671,8034945,2,
Physics::Step,C:\Users\ivanm\source\repos\myengine\engine\src\ecs\systems\PhysicsSystem.cpp,748,10111274636,7668709,2,
Physics::Step,C:\Users\ivanm\source\repos\myengine\engine\src\ecs\systems\PhysicsSystem.cpp,748,10131262386,8233543,2,
Physics::Step,C:\Users\ivanm\source\repos\myengine\engine\src\ecs\systems\PhysicsSystem.cpp,748,10153175285,7102413,2,
Physics::Step,C:\Users\ivanm\source\repos\myengine\engine\src\ecs\systems\PhysicsSystem.cpp,748,10160277728,7307893,2,
Physics::Step,C:\Users\ivanm\source\repos\myengine\engine\src\ecs\systems\PhysicsSystem.cpp,748,10180451040,8056707,2,
Physics::Step,C:\Users\ivanm\source\repos\myengine\engine\src\ecs\systems\PhysicsSystem.cpp,748,10201279868,7236287,2,
Physics::Step,C:\Users\ivanm\source\repos\myengine\engine\src\ecs\systems\PhysicsSystem.cpp,748,10221871676,7364100,2,
Physics::Step,C:\Users\ivanm\source\repos\myengine\engine\src\ecs\systems\PhysicsSystem.cpp,748,10229235866,6914606,2,
Physics::Step,C:\Users\ivanm\source\repos\myengine\engine\src\ecs\systems\PhysicsSystem.cpp,748,10249287878,7655855,2,
Physics::Step,C:\Users\ivanm\source\repos\myengine\engine\src\ecs\systems\PhysicsSystem.cpp,748,10269318559,7568549,2,
Physics::Step,C:\Users\ivanm\source\repos\myengine\engine\src\ecs\systems\PhysicsSystem.cpp,748,10290661655,7466525,2,
Physics::Step,C:\Users\ivanm\source\repos\myengine\engine\src\ecs\systems\PhysicsSystem.cpp,748,10298128260,7035465,2,
Physics::Step,C:\Users\ivanm\source\repos\myengine\engine\src\ecs\systems\PhysicsSystem.cpp,748,10318780823,7178568,2,
Physics::Step,C:\Users\ivanm\source\repos\myengine\engine\src\ecs\systems\PhysicsSystem.cpp,748,10338584833,8097114,2,
Physics::Step,C:\Users\ivanm\source\repos\myengine\engine\src\ecs\systems\PhysicsSystem.cpp,748,10346682077,7592404,2,
Physics::Step,C:\Users\ivanm\source\repos\myengine\engine\src\ecs\systems\PhysicsSystem.cpp,748,10366824922,7040555,2,
Physics::Step,C:\Users\ivanm\source\repos\myengine\engine\src\ecs\systems\PhysicsSystem.cpp,748,10387601701,7338982,2,
Physics::Step,C:\Users\ivanm\source\repos\myengine\engine\src\ecs\systems\PhysicsSystem.cpp,748,10394941064,7516009,2,
Physics::Step,C:\Users\ivanm\source\repos\myengine\engine\src\ecs\systems\PhysicsSystem.cpp,748,10415736239,6790580,2,
Physics::Step,C:\Users\ivanm\source\repos\myengine\engine\src\ecs\systems\PhysicsSystem.cpp,748,10435027514,6841877,2,
Physics::Step,C:\Users\ivanm\source\repos\myengine\engine\src\ecs\systems\PhysicsSystem.cpp,748,10454377190,6688145,2,
Physics::Step,C:\Users\ivanm\source\repos\myengine\engine\src\ecs\systems\PhysicsSystem.cpp,748,10461065376,6818042,2,
Physics::Step,C:\Users\ivanm\source\repos\myengine\engine\src\ecs\systems\PhysicsSystem.cpp,748,10481157333,7230717,2,
Physics::Step,C:\Users\ivanm\source\repos\myengine\engine\src\ecs\systems\PhysicsSystem.cpp,748,10500349770,7066084,2,
Physics::Step,C:\Users\ivanm\source\repos\myengine\engine\src\ecs\systems\PhysicsSystem.cpp,748,10520503405,7072065,2,
Physics::Step,C:\Users\ivanm\source\repos\myengine\engine\src\ecs\systems\PhysicsSystem.cpp,748,10527575590,6744112,2,
Physics::Step,C:\Users\ivanm\source\repos\myengine\engine\src\ecs\systems\PhysicsSystem.cpp,748,10546996572,6863218,2,
Physics::Step,C:\Users\ivanm\source\repos\myengine\engine\src\ecs\systems\PhysicsSystem.cpp,748,10565697115,7228602,2,
Physics::Step,C:\Users\ivanm\source\repos\myengine\engine\src\ecs\systems\PhysicsSystem.cpp,748,10585630300,6959070,2,
Physics::Step,C:\Users\ivanm\source\repos\myengine\engine\src\ecs\systems\PhysicsSystem.cpp,748,10604736153,7318323,2,
Physics::Step,C:\Users\ivanm\source\repos\myengine\engine\src\ecs\systems\PhysicsSystem.cpp,748,10612055288,7451155,2,
Physics::Step,C:\Users\ivanm\source\repos\myengine\engine\src\ecs\systems\PhysicsSystem.cpp,748,10632066662,6749041,2,
Physics::Step,C:\Users\ivanm\source\repos\myengine\engine\src\ecs\systems\PhysicsSystem.cpp,748,10652340245,6814164,2,
Physics::Step,C:\Users\ivanm\source\repos\myengine\engine\src\ecs\systems\PhysicsSystem.cpp,748,10671543903,7073238,2,
Physics::Step,C:\Users\ivanm\source\repos\myengine\engine\src\ecs\systems\PhysicsSystem.cpp,748,10678617281,6799316,2,
Physics::Step,C:\Users\ivanm\source\repos\myengine\engine\src\ecs\systems\PhysicsSystem.cpp,748,10697300310,7685741,2,
Physics::Step,C:\Users\ivanm\source\repos\myengine\engine\src\ecs\systems\PhysicsSystem.cpp,748,10721294907,7025877,2,
Physics::Step,C:\Users\ivanm\source\repos\myengine\engine\src\ecs\systems\PhysicsSystem.cpp,748,10728320884,7087209,2,
Physics::Step,C:\Users\ivanm\source\repos\myengine\engine\src\ecs\systems\PhysicsSystem.cpp,748,10747901825,6792373,2,
Physics::Step,C:\Users\ivanm\source\repos\myengine\engine\src\ecs\systems\PhysicsSystem.cpp,748,10766795975,7003635,2,
Physics::Step,C:\Users\ivanm\source\repos\myengine\engine\src\ecs\systems\PhysicsSystem.cpp,748,10786749309,6883587,2,
Physics::Step,C:\Users\ivanm\source\repos\myengine\engine\src\ecs\systems\PhysicsSystem.cpp,748,10793633186,6800379,2,
Physics::Step,C:\Users\ivanm\source\repos\myengine\engine\src\ecs\systems\PhysicsSystem.cpp,748,10813166031,6894467,2,
Physics::Step,C:\Users\ivanm\source\repos\myengine\engine\src\ecs\systems\PhysicsSystem.cpp,748,10832396030,6888456,2,
Physics::Step,C:\Users\ivanm\source\repos\myengine\engine\src\ecs\systems\PhysicsSystem.cpp,748,10853002631,6683987,2,
Physics::Step,C:\Users\ivanm\source\repos\myengine\engine\src\ecs\systems\PhysicsSystem.cpp,748,10872014154,7065182,2,
Physics::Step,C:\Users\ivanm\source\repos\myengine\engine\src\ecs\systems\PhysicsSystem.cpp,748,10879079486,6972626,2,
Physics::Step,C:\Users\ivanm\source\repos\myengine\engine\src\ecs\systems\PhysicsSystem.cpp,748,10898054080,6936787,2,
Physics::Step,C:\Users\ivanm\source\repos\myengine\engine\src\ecs\systems\PhysicsSystem.cpp,748,10918604288,7174450,2,
Physics::Step,C:\Users\ivanm\source\repos\myengine\engine\src\ecs\systems\PhysicsSystem.cpp,748,10938598670,7054261,2,
Physics::Step,C:\Users\ivanm\source\repos\myengine\engine\src\ecs\systems\PhysicsSystem.cpp,748,10945653051,6858339,2,
Physics::Step,C:\Users\ivanm\source\repos\myengine\engine\src\ecs\systems\PhysicsSystem.cpp,748,10964349095,6871634,2,
Physics::Step,C:\Users\ivanm\source\repos\myengine\engine\src\ecs\systems\PhysicsSystem.cpp,748,10985501138,7271694,2,
Physics::Step,C:\Users\ivanm\source\repos\myengine\engine\src\ecs\systems\PhysicsSystem.cpp,748,11005147859,7252949,2,
Physics::Step,C:\Users\ivanm\source\repos\myengine\engine\src\ecs\systems\PhysicsSystem.cpp,748,11012400928,6790590,2,
Physics::Step,C:\Users\ivanm\source\repos\myengine\engine\src\ecs\systems\PhysicsSystem.cpp,748,11031759922,6964681,2,
Physics::Step,C:\Users\ivanm\source\repos\myengine\engine\src\ecs\systems\PhysicsSystem.cpp,748,11053655919,7263419,2,
Physics::Step,C:\Users\ivanm\source\repos\myengine\engine\src\ecs\systems\PhysicsSystem.cpp,748,11060919378,6814976,2,
Physics::Step,C:\Users\ivanm\source\repos\myengine\engine\src\ecs\systems\PhysicsSystem.cpp,748,11080526514,7282234,2,
Physics::Step,C:\Users\ivanm\source\repos\myengine\engine\src\ecs\systems\PhysicsSystem.cpp,748,11100627008,7380521,2,
Physics::Step,C:\Users\ivanm\source\repos\myengine\engine\src\ecs\systems\PhysicsSystem.cpp,748,11121417553,7385852,2,
Physics::Step,C:\Users\ivanm\source\repos\myengine\engine\src\ecs\systems\PhysicsSystem.cpp,748,11128803435,7126378,2,
Physics::Step,C:\Users\ivanm\source\repos\myengine\engine\src\ecs\systems\PhysicsSystem.cpp,748,11148993278,7789038,2,
Physics::Step,C:\Users\ivanm\source\repos\myengine\engine\src\ecs\systems\PhysicsSystem.cpp,748,11169973555,7454351,2,
Physics::Step,C:\Users\ivanm\source\repos\myengine\engine\src\ecs\systems\PhysicsSystem.cpp,748,11177427986,7357588,2,
Physics::Step,C:\Users\ivanm\source\repos\myengine\engine\src\ecs\systems\PhysicsSystem.cpp,748,11197643649,7016590,2,
Physics::Step,C:\Users\ivanm\source\repos\myengine\engine\src\ecs\systems\PhysicsSystem.cpp,748,11218118315,7081633,2,
Physics::Step,C:\Users\ivanm\source\repos\myengine\engine\src\ecs\systems\PhysicsSystem.cpp,748,11237688019,7167547,2,
Physics::Step,C:\Users\ivanm\source\repos\myengine\engine\src\ecs\systems\PhysicsSystem.cpp,748,11244855676,6637238,2,
Physics::Step,C:\Users\ivanm\source\repos\myengine\engine\src\ecs\systems\PhysicsSystem.cpp,748,11263663392,7013794,2,
Physics::Step,C:\Users\ivanm\source\repos\myengine\engine\src\ecs\systems\PhysicsSystem.cpp,748,11284084075,6684588,2,
Physics::Step,C:\Users\ivanm\source\repos\myengine\engine\src\ecs\systems\PhysicsSystem.cpp,748,11302949080,6668587,2,
Physics::Step,C:\Users\ivanm\source\repos\myengine\engine\src\ecs\systems\PhysicsSystem.cpp,748,11322885592,6716278,2,
Physics::Step,C:\Users\ivanm\source\repos\myengine\engine\src\ecs\systems\PhysicsSystem.cpp,748,11329601910,6899076,2,
Physics::Step,C:\Users\ivanm\source\repos\myengine\engine\src\ecs\systems\PhysicsSystem.cpp,748,11349611571,7128152,2,
Physics::Step,C:\Users\ivanm\source\repos\myengine\engine\src\ecs\systems\PhysicsSystem.cpp,748,11368866507,6991121,2,
Physics::Step,C:\Users\ivanm\source\repos\myengine\engine\src\ecs\systems\PhysicsSystem.cpp,748,11390207109,6925215,2,
Physics::Step,C:\Users\ivanm\source\repos\myengine\engine\src\ecs\systems\PhysicsSystem.cpp,748,11397132435,6667085,2,
Physics::Step,C:\Users\ivanm\source\repos\myengine\engine\src\ecs\systems\PhysicsSystem.cpp,748,11416402239,7045675,2,
Physics::Step,C:\Users\ivanm\source\repos\myengine\engine\src\ecs\systems\PhysicsSystem.cpp,748,11435769469,7107011,2,
Physics::Step,C:\Users\ivanm\source\repos\myengine\engine\src\ecs\systems\PhysicsSystem.cpp,748,11456224386,6910568,2,
Physics::Step,C:\Users\ivanm\source\repos\myengine\engine\src\ecs\systems\PhysicsSystem.cpp,748,11463135105,6708423,2,
Physics::Step,C:\Users\ivanm\source\repos\myengine\engine\src\ecs\systems\PhysicsSystem.cpp,748,11482761237,7300008,2,
Physics::Step,C:\Users\ivanm\source\repos\myengine\engine\src\ecs\systems\PhysicsSystem.cpp,748,11503324380,6897603,2,
Physics::Step,C:\Users\ivanm\source\repos\myengine\engine\src\ecs\systems\PhysicsSystem.cpp,748,11510222153,7216039,2,
Physics::Step,C:\Users\ivanm\source\repos\myengine\engine\src\ecs\systems\PhysicsSystem.cpp,748,11529669596,7708234,2,
Physics::Step,C:\Users\ivanm\source\repos\myengine\engine\src\ecs\systems\PhysicsSystem.cpp,748,11550054009,7074870,2,
Physics::Step,C:\Users\ivanm\source\repos\myengine\engine\src\ecs\systems\PhysicsSystem.cpp,748,11569311711,7014776,2,
Physics::Step,C:\Users\ivanm\source\repos\myengine\engine\src\ecs\systems\PhysicsSystem.cpp,748,11590422866,7077104,2,
Physics::Step,C:\Users\ivanm\source\repos\myengine\engine\src\ecs\systems\PhysicsSystem.cpp,748,11597499990,6728933,2,
Physics::Step,C:\Users\ivanm\source\repos\myengine\engine\src\ecs\systems\PhysicsSystem.cpp,748,11617316214,6908223,2,
Physics::Step,C:\Users\ivanm\source\repos\myengine\engine\src\ecs\systems\PhysicsSystem.cpp,748,11636866561,7133161,2,
Physics::Step,C:\Users\ivanm\source\repos\myengine\engine\src\ecs\systems\PhysicsSystem.cpp,748,11644000063,6851646,2,
Physics::Step,C:\Users\ivanm\source\repos\myengine\engine\src\ecs\systems\PhysicsSystem.cpp,748,11663255951,7458460,2,
Physics::Step,C:\Users\ivanm\source\repos\myengine\engine\src\ecs\systems\PhysicsSystem.cpp,748,11687983822,8227001,2,
Physics::Step,C:\Users\ivanm\source\repos\myengine\engine\src\ecs\systems\PhysicsSystem.cpp,748,11696211364,7679299,2,
Physics::Step,C:\Users\ivanm\source\repos\myengine\engine\src\ecs\systems\PhysicsSystem.cpp,748,11716493513,7373678,2,
Physics::Step,C:\Users\ivanm\source\repos\myengine\engine\src\ecs\systems\PhysicsSystem.cpp,748,11737452158,7070983,2,
Physics::Step,C:\Users\ivanm\source\repos\myengine\engine\src\ecs\systems\PhysicsSystem.cpp,748,11744523301,6945074,2,
Physics::Step,C:\Users\ivanm\source\repos\myengine\engine\src\ecs\systems\PhysicsSystem.cpp,748,11764071876,6757978,2,
Physics::Step,C:\Users\ivanm\source\repos\myengine\engine\src\ecs\systems\PhysicsSystem.cpp,748,11784581788,6810938,2,
Physics::Step,C:\Users\ivanm\source\repos\myengine\engine\src\ecs\systems\PhysicsSystem.cpp,748,11803897179,7457588,2,
Physics::Step,C:\Users\ivanm\source\repos\myengine\engine\src\ecs\systems\PhysicsSystem.cpp,748,11811355358,6996872,2,
Physics::Step,C:\Users\ivanm\source\repos\myengine\engine\src\ecs\systems\PhysicsSystem.cpp,748,11830539490,6832910,2,
Physics::Step,C:\Users\ivanm\source\repos\myengine\engine\src\ecs\systems\PhysicsSystem.cpp,748,11850629573,7091152,2,
Physics::Step,C:\Users\ivanm\source\repos\myengine\engine\src\ecs\systems\PhysicsSystem.cpp,748,11870195862,7068828,2,
Physics::Step,C:\Users\ivanm\source\repos\myengine\engine\src\ecs\systems\PhysicsSystem.cpp,748,11877264881,6921038,2,
Physics::Step,C:\Users\ivanm\source\repos\myengine\engine\src\ecs\systems\PhysicsSystem.cpp,748,11896418645,7075150,2,
Physics::Step,C:\Users\ivanm\source\repos\myengine\engine\src\ecs\systems\PhysicsSystem.cpp,748,11916525270,7723263,2,
Physics::Step,C:\Users\ivanm\source\repos\myengine\engine\src\ecs\systems\PhysicsSystem.cpp,748,11937601839,7331899,2,
Physics::Step,C:\Users\ivanm\source\repos\myengine\engine\src\ecs\systems\PhysicsSystem.cpp,748,11944933798,6798265,2,
Physics::Step,C:\Users\ivanm\source\repos\myengine\engine\src\ecs\systems\PhysicsSystem.cpp,748,11964238419,6999156,2,
Physics::Step,C:\Users\ivanm\source\repos\myengine\engine\src\ecs\systems\PhysicsSystem.cpp,748,11985116381,7116409,2,
Physics::Step,C:\Users\ivanm\source\repos\myengine\engine\src\ecs\systems\PhysicsSystem.cpp,748,12005702097,7870573,2,
Physics::Step,C:\Users\ivanm\source\repos\myengine\engine\src\ecs\systems\PhysicsSystem.cpp,748,12013572790,7177305,2,
Physics::Step,C:\Users\ivanm\source\repos\myengine\engine\src\ecs\systems\PhysicsSystem.cpp,748,12033698272,7126769,2,
Physics::Step,C:\Users\ivanm\source\repos\myengine\engine\src\ecs\systems\PhysicsSystem.cpp,748,12054827691,7089248,2,
Physics::Step,C:\Users\ivanm\source\repos\myengine\engine\src\ecs\systems\PhysicsSystem.cpp,748,12061916979,6871233,2,
Physics::Step,C:\Users\ivanm\source\repos\myengine\engine\src\ecs\systems\PhysicsSystem.cpp,748,12081862402,6864090,2,
Physics::Step,C:\Users\ivanm\source\repos\myengine\engine\src\ecs\systems\PhysicsSystem.cpp,748,12101145041,6772005,2,
Physics::Step,C:\Users\ivanm\source\repos\myengine\engine\src\ecs\systems\PhysicsSystem.cpp,748,12121103059,7317262,2,
Physics::Step,C:\Users\ivanm\source\repos\myengine\engine\src\ecs\systems\PhysicsSystem.cpp,748,12128420431,8135146,2,
Physics::Step,C:\Users\ivanm\source\repos\myengine\engine\src\ecs\systems\PhysicsSystem.cpp,748,12151750424,8417483,2,
Physics::Step,C:\Users\ivanm\source\repos\myengine\engine\src\ecs\systems\PhysicsSystem.cpp,748,12173132354,7504718,2,
Physics::Step,C:\Users\ivanm\source\repos\myengine\engine\src\ecs\systems\PhysicsSystem.cpp,748,12180637202,7103965,2,
Physics::Step,C:\Users\ivanm\source\repos\myengine\engine\src\ecs\systems\PhysicsSystem.cpp,748,12200171359,7146587,2,
Physics::Step,C:\Users\ivanm\source\repos\myengine\engine\src\ecs\systems\PhysicsSystem.cpp,748,12220992242,7649252,2,
Physics::Step,C:\Users\ivanm\source\repos\myengine\engine\src\ecs\systems\PhysicsSystem.cpp,748,12228641795,6830556,2,
Physics::Step,C:\Users\ivanm\source\repos\myengine\engine\src\ecs\systems\PhysicsSystem.cpp,748,12248234143,8071695,2,
Physics::Step,C:\Users\ivanm\source\repos\myengine\engine\src\ecs\systems\PhysicsSystem.cpp,748,12268857160,7111650,2,
Physics::Step,C:\Users\ivanm\source\repos\myengine\engine\src\ecs\systems\PhysicsSystem.cpp,748,12289748096,7258359,2,
Physics::Step,C:\Users\ivanm\source\repos\myengine\engine\src\ecs\systems\PhysicsSystem.cpp,748,12297006495,6829925,2,
Physics::Step,C:\Users\ivanm\source\repos\myengine\engine\src\ecs\systems\PhysicsSystem.cpp,748,12317998284,7384298,2,
Physics::Step,C:\Users\ivanm\source\repos\myengine\engine\src\ecs\systems\PhysicsSystem.cpp,748,12338065775,8133062,2,
Physics::Step,C:\Users\ivanm\source\repos\myengine\engine\src\ecs\systems\PhysicsSystem.cpp,748,12346198937,7271644,2,
Physics::Step,C:\Users\ivanm\source\repos\myengine\engine\src\ecs\systems\PhysicsSystem.cpp,748,12365917004,7173147,2,
Physics::Step,C:\Users\ivanm\source\repos\myengine\engine\src\ecs\systems\PhysicsSystem.cpp,748,12387285318,7619365,2,
Physics::Step,C:\Users\ivanm\source\repos\myengine\engine\src\ecs\systems\PhysicsSystem.cpp,748,12394904723,7061976,2,
Physics::Step,C:\Users\ivanm\source\repos\myengine\engine\src\ecs\systems\PhysicsSystem.cpp,748,12414749050,7113914,2,
Physics::Step,C:\Users\ivanm\source\repos\myengine\engine\src\ecs\systems\PhysicsSystem.cpp,748,12434243331,7210418,2,
Physics::Step,C:\Users\ivanm\source\repos\myengine\engine\src\ecs\systems\PhysicsSystem.cpp,748,12455160537,6997063,2,
Physics::Step,C:\Users\ivanm\source\repos\myengine\engine\src\ecs\systems\PhysicsSystem.cpp,748,12462157710,7131027,2,
Physics::Step,C:\Users\ivanm\source\repos\myengine\engine\src\ecs\systems\PhysicsSystem.cpp,748,12482328788,7236728,2,
Physics::Step,C:\Users\ivanm\source\repos\myengine\engine\src\ecs\systems\PhysicsSystem.cpp,748,12502569238,7154742,2,
Physics::Step,C:\Users\ivanm\source\repos\myengine\engine\src\ecs\systems\PhysicsSystem.cpp,748,12523702345,7291993,2,
Physics::Step,C:\Users\ivanm\source\repos\myengine\engine\src\ecs\systems\PhysicsSystem.cpp,748,12530994378,6897383,2,
Physics::Step,C:\Users\ivanm\source\repos\myengine\engine\src\ecs\systems\PhysicsSystem.cpp,748,12551164624,7482946,2,
Physics::Step,C:\Users\ivanm\source\repos\myengine\engine\src\ecs\systems\PhysicsSystem.cpp,748,12570728327,6993305,2,
Physics::Step,C:\Users\ivanm\source\repos\myengine\engine\src\ecs\systems\PhysicsSystem.cpp,748,12577721863,6925426,2,
Physics::Step,C:\Users\ivanm\source\repos\myengine\engine\src\ecs\systems\PhysicsSystem.cpp,748,12596989984,6934894,2,
Physics::Step,C:\Users\ivanm\source\repos\myengine\engine\src\ecs\systems\PhysicsSystem.cpp,748,12616944350,6909676,2,
Physics::Step,C:\Users\ivanm\source\repos\myengine\engine\src\ecs\systems\PhysicsSystem.cpp,748,12636226808,6946837,2,
Physics::Step,C:\Users\ivanm\source\repos\myengine\engine\src\ecs\systems\PhysicsSystem.cpp,748,12656172137,6898545,2,
Physics::Step,C:\Users\ivanm\source\repos\myengine\engine\src\ecs\systems\PhysicsSystem.cpp,748,12663070782,7091420,2,
Physics::Step,C:\Users\ivanm\source\repos\myengine\engine\src\ecs\systems\PhysicsSystem.cpp,748,12683046487,6883817,2,
Physics::Step,C:\Users\ivanm\source\repos\myengine\engine\src\ecs\systems\PhysicsSystem.cpp,748,12702337822,6773778,2,
Physics::Step,C:\Users\ivanm\source\repos\myengine\engine\src\ecs\systems\PhysicsSystem.cpp,748,12721898881,6895198,2,
Physics::Step,C:\Users\ivanm\source\repos\myengine\engine\src\ecs\systems\PhysicsSystem.cpp,748,12728794119,6740816,2,
Physics::Step,C:\Users\ivanm\source\repos\myengine\engine\src\ecs\systems\PhysicsSystem.cpp,748,12747879513,7080672,2,
Physics::Step,C:\Users\ivanm\source\repos\myengine\engine\src\ecs\systems\PhysicsSystem.cpp,748,12767500165,7376495,2,
Physics::Step,C:\Users\ivanm\source\repos\myengine\engine\src\ecs\systems\PhysicsSystem.cpp,748,12788153622,6861675,2,
Physics::Step,C:\Users\ivanm\source\repos\myengine\engine\src\ecs\systems\PhysicsSystem.cpp,748,12795015337,6776813,2,
Physics::Step,C:\Users\ivanm\source\repos\myengine\engine\src\ecs\systems\PhysicsSystem.cpp,748,12814667687,6925175,2,
Physics::Step,C:\Users\ivanm\source\repos\myengine\engine\src\ecs\systems\PhysicsSystem.cpp,748,12833661967,6869270,2,
Physics::Step,C:\Users\ivanm\source\repos\myengine\engine\src\ecs\systems\PhysicsSystem.cpp,748,12853891256,6751956,2,
Physics::Step,C:\Users\ivanm\source\repos\myengine\engine\src\ecs\systems\PhysicsSystem.cpp,748,12860643332,6907332,2,
Physics::Step,C:\Users\ivanm\source\repos\myengine\engine\src\ecs\systems\PhysicsSystem.cpp,748,12880333055,7045765,2,
Physics::Step,C:\Users\ivanm\source\repos\myengine\engine\src\ecs\systems\PhysicsSystem.cpp,748,12899737405,6779900,2,
Physics::Step,C:\Users\ivanm\source\repos\myengine\engine\src\ecs\systems\PhysicsSystem.cpp,748,12920174409,7595630,2,
Physics::Step,C:\Users\ivanm\source\repos\myengine\engine\src\ecs\systems\PhysicsSystem.cpp,748,12927770159,6670813,2,
Physics::Step,C:\Users\ivanm\source\repos\myengine\engine\src\ecs\systems\PhysicsSystem.cpp,748,12947074249,7177075,2,
Physics::Step,C:\Users\ivanm\source\repos\myengine\engine\src\ecs\systems\PhysicsSystem.cpp,748,12966715440,7031578,2,
Physics::Step,C:\Users\ivanm\source\repos\myengine\engine\src\ecs\systems\PhysicsSystem.cpp,748,12987883184,7711220,2,
Physics::Step,C:\Users\ivanm\source\repos\myengine\engine\src\ecs\systems\PhysicsSystem.cpp,748,12995594775,9195843,2,
Physics::Step,C:\Users\ivanm\source\repos\myengine\engine\src\ecs\systems\PhysicsSystem.cpp,748,13018532142,6830255,2,
Physics::Step,C:\Users\ivanm\source\repos\myengine\engine\src\ecs\systems\PhysicsSystem.cpp,748,13038336002,7022911,2,
Physics::Step,C:\Users\ivanm\source\repos\myengine\engine\src\ecs\systems\PhysicsSystem.cpp,748,13045359114,6732699,2,
Physics::Step,C:\Users\ivanm\source\repos\myengine\engine\src\ecs\systems\PhysicsSystem.cpp,748,13064270467,6980851,2,
Physics::Step,C:\Users\ivanm\source\repos\myengine\engine\src\ecs\systems\PhysicsSystem.cpp,748,13084231425,7096201,2,
Physics::Step,C:\Users\ivanm\source\repos\myengine\engine\src\ecs\systems\PhysicsSystem.cpp,748,13104911421,6962406,2,
Physics::Step,C:\Users\ivanm\source\repos\myengine\engine\src\ecs\systems\PhysicsSystem.cpp,748,13111874028,6809706,2,
Physics::Step,C:\Users\ivanm\source\repos\myengine\engine\src\ecs\systems\PhysicsSystem.cpp,748,13131156396,6755884,2,
Physics::Step,C:\Users\ivanm\source\repos\myengine\engine\src\ecs\systems\PhysicsSystem.cpp,748,13151452181,6856265,2,
Physics::Step,C:\Users\ivanm\source\repos\myengine\engine\src\ecs\systems\PhysicsSystem.cpp,748,13170531333,6916730,2,
Physics::Step,C:\Users\ivanm\source\repos\myengine\engine\src\ecs\systems\PhysicsSystem.cpp,748,13177448604,7190660,2,
Physics::Step,C:\Users\ivanm\source\repos\myengine\engine\src\ecs\systems\PhysicsSystem.cpp,748,13197743337,6880501,2,
Physics::Step,C:\Users\ivanm\source\repos\myengine\engine\src\ecs\systems\PhysicsSystem.cpp,748,13217292583,6948239,2,
Physics::Step,C:\Users\ivanm\source\repos\myengine\engine\src\ecs\systems\PhysicsSystem.cpp,748,13236481092,7294198,2,
Physics::Step,C:\Users\ivanm\source\repos\myengine\engine\src\ecs\systems\PhysicsSystem.cpp,748,13243775630,6931949,2,
Physics::Step,C:\Users\ivanm\source\repos\myengine\engine\src\ecs\systems\PhysicsSystem.cpp,748,13265146319,7243831,2,
Physics::Step,C:\Users\ivanm\source\repos\myengine\engine\src\ecs\systems\PhysicsSystem.cpp,748,13286479326,6865131,2,
Physics::Step,C:\Users\ivanm\source\repos\myengine\engine\src\ecs\systems\PhysicsSystem.cpp,748,13293344497,6756125,2,
Physics::Step,C:\Users\ivanm\source\repos\myengine\engine\src\ecs\systems\PhysicsSystem.cpp,748,13313169237,7156175,2,
Physics::Step,C:\Users\ivanm\source\repos\myengine\engine\src\ecs\systems\PhysicsSystem.cpp,748,13333336055,6780530,2,
Physics::Step,C:\Users\ivanm\source\repos\myengine\engine\src\ecs\systems\PhysicsSystem.cpp,748,13353231128,6833942,2,
Physics::Step,C:\Users\ivanm\source\repos\myengine\engine\src\ecs\systems\PhysicsSystem.cpp,748,13360065190,8241448,2,
Physics::Step,C:\Users\ivanm\source\repos\myengine\engine\src\ecs\systems\PhysicsSystem.cpp,748,13382486707,9413488,2,
Physics::Step,C:\Users\ivanm\source\repos\myengine\engine\src\ecs\systems\PhysicsSystem.cpp,748,13405691023,8376595,2,
Physics::Step,C:\Users\ivanm\source\repos\myengine\engine\src\ecs\systems\PhysicsSystem.cpp,748,13414067809,8361922,2,
Physics::Step,C:\Users\ivanm\source\repos\myengine\engine\src\ecs\systems\PhysicsSystem.cpp,748,13434801171,9934607,2,
Physics::Step,C:\Users\ivanm\source\repos\myengine\engine\src\ecs\systems\PhysicsSystem.cpp,748,13458739612,7413385,2,
Physics::Step,C:\Users\ivanm\source\repos\myengine\engine\src\ecs\systems\PhysicsSystem.cpp,748,13466153037,6676263,2,
Physics::Step,C:\Users\ivanm\source\repos\myengine\engine\src\ecs\systems\PhysicsSystem.cpp,748,13486141849,7282485,2,
Physics::Step,C:\Users\ivanm\source\repos\myengine\engine\src\ecs\systems\PhysicsSystem.cpp,748,13505971087,7598746,2,
Physics::Step,C:\Users\ivanm\source\repos\myengine\engine\src\ecs\systems\PhysicsSystem.cpp,748,13513569933,6939714,2,
Physics::Step,C:\Users\ivanm\source\repos\myengine\engine\src\ecs\systems\PhysicsSystem.cpp,748,13533325521,7016399,2,
Physics::Step,C:\Users\ivanm\source\repos\myengine\engine\src\ecs\systems\PhysicsSystem.cpp,748,13555136226,7384089,2,
Physics::Step,C:\Users\ivanm\source\repos\myengine\engine\src\ecs\systems\PhysicsSystem.cpp,748,13562520345,6830876,2,
Physics::Step,C:\Users\ivanm\source\repos\myengine\engine\src\ecs\systems\PhysicsSystem.cpp,748,13582532851,7479690,2,
Physics::Step,C:\Users\ivanm\source\repos\myengine\engine\src\ecs\systems\PhysicsSystem.cpp,748,13602631682,7482805,2,
Physics::Step,C:\Users\ivanm\source\repos\myengine\engine\src\ecs\systems\PhysicsSystem.cpp,748,13623643458,7327100,2,
Physics::Step,C:\Users\ivanm\source\repos\myengine\engine\src\ecs\systems\PhysicsSystem.cpp,748,13630970668,7219856,2,
Physics::Step,C:\Users\ivanm\source\repos\myengine\engine\src\ecs\systems\PhysicsSystem.cpp,748,13651919755,7079719,2,
Physics::Step,C:\Users\ivanm\source\repos\myengine\engine\src\ecs\systems\PhysicsSystem.cpp,748,13671636880,7187294,2,
Physics::Step,C:\Users\ivanm\source\repos\myengine\engine\src\ecs\systems\PhysicsSystem.cpp,748,13678824284,7057106,2,
Physics::Step,C:\Users\ivanm\source\repos\myengine\engine\src\ecs\systems\PhysicsSystem.cpp,748,13698491845,7190019,2,
Physics::Step,C:\Users\ivanm\source\repos\myengine\engine\src\ecs\systems\PhysicsSystem.cpp,748,13719938888,7595761,2,
Physics::Step,C:\Users\ivanm\source\repos\myengine\engine\src\ecs\systems\PhysicsSystem.cpp,748,13727534859,6894287,2,
Physics::Step,C:\Users\ivanm\source\repos\myengine\engine\src\ecs\systems\PhysicsSystem.cpp,748,13747469548,7328242,2,
Physics::Step,C:\Users\ivanm\source\repos\myengine\engine\src\ecs\systems\PhysicsSystem.cpp,748,13767211330,7192574,2,
Physics::Step,C:\Users\ivanm\source\repos\myengine\engine\src\ecs\systems\PhysicsSystem.cpp,748,13787834246,7129986,2,
Physics::Step,C:\Users\ivanm\source\repos\myengine\engine\src\ecs\systems\PhysicsSystem.cpp,748,13794964332,6821859,2,
Physics::Step,C:\Users\ivanm\source\repos\myengine\engine\src\ecs\systems\PhysicsSystem.cpp,748,13814558272,7824536,2,
Physics::Step,C:\Users\ivanm\source\repos\myengine\engine\src\ecs\systems\PhysicsSystem.cpp,748,13835524011,7030145,2,
Physics::Step,C:\Users\ivanm\source\repos\myengine\engine\src\ecs\systems\PhysicsSystem.cpp,748,13855780722,7031247,2,
Physics::Step,C:\Users\ivanm\source\repos\myengine\engine\src\ecs\systems\PhysicsSystem.cpp,748,13862812029,6768157,2,
Physics::Step,C:\Users\ivanm\source\repos\myengine\engine\src\ecs\systems\PhysicsSystem.cpp,748,13882695510,7730036,2,
Physics::Step,C:\Users\ivanm\source\repos\myengine\engine\src\ecs\systems\PhysicsSystem.cpp,748,13903102466,8470563,2,
Physics::Step,C:\Users\ivanm\source\repos\myengine\engine\src\ecs\systems\PhysicsSystem.cpp,748,13925089890,6912682,2,
Physics::Step,C:\Users\ivanm\source\repos\myengine\engine\src\ecs\systems\PhysicsSystem.cpp,748,13932002612,6538591,2,
Physics::Step,C:\Users\ivanm\source\repos\myengine\engine\src\ecs\systems\PhysicsSystem.cpp,748,13952335498,6794036,2,
Physics::Step,C:\Users\ivanm\source\repos\myengine\engine\src\ecs\systems\PhysicsSystem.cpp,748,13971520892,6887313,2,
Physics::Step,C:\Users\ivanm\source\repos\myengine\engine\src\ecs\systems\PhysicsSystem.cpp,748,13978408245,6636988,2,
Physics::Step,C:\Users\ivanm\source\repos\myengine\engine\src\ecs\systems\PhysicsSystem.cpp,748,13997174022,6825165,2,
Physics::Step,C:\Users\ivanm\source\repos\myengine\engine\src\ecs\systems\PhysicsSystem.cpp,748,14016705383,7231068,2,
Physics::Step,C:\Users\ivanm\source\repos\myengine\engine\src\ecs\systems\PhysicsSystem.cpp,748,14036151764,7196802,2,
Physics::Step,C:\Users\ivanm\source\repos\myengine\engine\src\ecs\systems\PhysicsSystem.cpp,748,14056795280,6885039,2,
Physics::Step,C:\Users\ivanm\source\repos\myengine\engine\src\ecs\systems\PhysicsSystem.cpp,748,14063680459,6768368,2,
Physics::Step,C:\Users\ivanm\source\repos\myengine\engine\src\ecs\systems\PhysicsSystem.cpp,748,14083175843,6960833,2,
Physics::Step,C:\Users\ivanm\source\repos\myengine\engine\src\ecs\systems\PhysicsSystem.cpp,748,14102364092,6811780,2,
Physics::Step,C:\Users\ivanm\source\repos\myengine\engine\src\ecs\systems\PhysicsSystem.cpp,748,14123931369,6883216,2,
Physics::Step,C:\Users\ivanm\source\repos\myengine\engine\src\ecs\systems\PhysicsSystem.cpp,748,14130814625,6628823,2,
Physics::Step,C:\Users\ivanm\source\repos\myengine\engine\src\ecs\systems\PhysicsSystem.cpp,748,14151529597,6848761,2,
Physics::Step,C:\Users\ivanm\source\repos\myengine\engine\src\ecs\systems\PhysicsSystem.cpp,748,14170825652,7069500,2,
Physics::Step,C:\Users\ivanm\source\repos\myengine\engine\src\ecs\systems\PhysicsSystem.cpp,748,14177895643,6983636,2,
Physics::Step,C:\Users\ivanm\source\repos\myengine\engine\src\ecs\systems\PhysicsSystem.cpp,748,14197460939,6790510,2,
Physics::Step,C:\Users\ivanm\source\repos\myengine\engine\src\ecs\systems\PhysicsSystem.cpp,748,14217434942,6989809,2,
Physics::Step,C:\Users\ivanm\source\repos\myengine\engine\src\ecs\systems\PhysicsSystem.cpp,748,14236533140,7116149,2,
Physics::Step,C:\Users\ivanm\source\repos\myengine\engine\src\ecs\systems\PhysicsSystem.cpp,748,14243649329,6778537,2,
Physics::Step,C:\Users\ivanm\source\repos\myengine\engine\src\ecs\systems\PhysicsSystem.cpp,748,14263046937,6924835,2,
Physics::Step,C:\Users\ivanm\source\repos\myengine\engine\src\ecs\systems\PhysicsSystem.cpp,748,14283335608,6891211,2,
Physics::Step,C:\Users\ivanm\source\repos\myengine\engine\src\ecs\systems\PhysicsSystem.cpp,748,14302785385,6884388,2,
Physics::Step,C:\Users\ivanm\source\repos\myengine\engine\src\ecs\systems\PhysicsSystem.cpp,748,14322800767,6885149,2,
Physics::Step,C:\Users\ivanm\source\repos\myengine\engine\src\ecs\systems\PhysicsSystem.cpp,748,14329685956,6783186,2,
Physics::Step,C:\Users\ivanm\source\repos\myengine\engine\src\ecs\systems\PhysicsSystem.cpp,748,14349292180,7250725,2,
Physics::Step,C:\Users\ivanm\source\repos\myengine\engine\src\ecs\systems\PhysicsSystem.cpp,748,14368899186,6922000,2,
Physics::Step,C:\Users\ivanm\source\repos\myengine\engine\src\ecs\systems\PhysicsSystem.cpp,748,14388940587,6801020,2,
Physics::Step,C:\Users\ivanm\source\repos\myengine\engine\src\ecs\systems\PhysicsSystem.cpp,748,14395741747,6713473,2,
Physics::Step,C:\Users\ivanm\source\repos\myengine\engine\src\ecs\systems\PhysicsSystem.cpp,748,14414909538,7424134,2,
Physics::Step,C:\Users\ivanm\source\repos\myengine\engine\src\ecs\systems\PhysicsSystem.cpp,748,14434657882,6767446,2,
Physics::Step,C:\Users\ivanm\source\repos\myengine\engine\src\ecs\systems\PhysicsSystem.cpp,748,14454132937,6766564,2,
Physics::Step,C:\Users\ivanm\source\repos\myengine\engine\src\ecs\systems\PhysicsSystem.cpp,748,14460899561,6695669,2,
Physics::Step,C:\Users\ivanm\source\repos\myengine\engine\src\ecs\systems\PhysicsSystem.cpp,748,14480197409,7450174,2,
Physics::Step,C:\Users\ivanm\source\repos\myengine\engine\src\ecs\systems\PhysicsSystem.cpp,748,14499727127,7126910,2,
Physics::Step,C:\Users\ivanm\source\repos\myengine\engine\src\ecs\systems\PhysicsSystem.cpp,748,14519956636,6952227,2,
Physics::Step,C:\Users\ivanm\source\repos\myengine\engine\src\ecs\systems\PhysicsSystem.cpp,748,14526908904,6613212,2,
Physics::Step,C:\Users\ivanm\source\repos\myengine\engine\src\ecs\systems\PhysicsSystem.cpp,748,14546212592,6935726,2,
Physics::Step,C:\Users\ivanm\source\repos\myengine\engine\src\ecs\systems\PhysicsSystem.cpp,748,14566450598,6789618,2,
Physics::Step,C:\Users\ivanm\source\repos\myengine\engine\src\ecs\systems\PhysicsSystem.cpp,748,14586049548,7604467,2,
Physics::Step,C:\Users\ivanm\source\repos\myengine\engine\src\ecs\systems\PhysicsSystem.cpp,748,14606205717,7057778,2,
Physics::Step,C:\Users\ivanm\source\repos\myengine\engine\src\ecs\systems\PhysicsSystem.cpp,748,14613263645,6600118,2,
Physics::Step,C:\Users\ivanm\source\repos\myengine\engine\src\ecs\systems\PhysicsSystem.cpp,748,14631961743,6928652,2,
Physics::Step,C:\Users\ivanm\source\repos\myengine\engine\src\ecs\systems\PhysicsSystem.cpp,748,14652521770,6651065,2,
Physics::Step,C:\Users\ivanm\source\repos\myengine\engine\src\ecs\systems\PhysicsSystem.cpp,748,14671627273,6971934,2,
Physics::Step,C:\Users\ivanm\source\repos\myengine\engine\src\ecs\systems\PhysicsSystem.cpp,748,14678599367,7046096,2,
Physics::Step,C:\Users\ivanm\source\repos\myengine\engine\src\ecs\systems\PhysicsSystem.cpp,748,14698119007,6813173,2,
Physics::Step,C:\Users\ivanm\source\repos\myengine\engine\src\ecs\systems\PhysicsSystem.cpp,748,14718117607,7069400,2,
Physics::Step,C:\Users\ivanm\source\repos\myengine\engine\src\ecs\systems\PhysicsSystem.cpp,748,14737417378,7433542,2,
Physics::Step,C:\Users\ivanm\source\repos\myengine\engine\src\ecs\systems\PhysicsSystem.cpp,748,14744851792,6841837,2,
Physics::Step,C:\Users\ivanm\source\repos\myengine\engine\src\ecs\systems\PhysicsSystem.cpp,748,14764580689,6852738,2,
Physics::Step,C:\Users\ivanm\source\repos\myengine\engine\src\ecs\systems\PhysicsSystem.cpp,748,14784862778,7115197,2,
Physics::Step,C:\Users\ivanm\source\repos\myengine\engine\src\ecs\systems\PhysicsSystem.cpp,748,14804696906,7315277,2,
Physics::Step,C:\Users\ivanm\source\repos\myengine\engine\src\ecs\systems\PhysicsSystem.cpp,748,14812012383,7174320,2,
Physics::Step,C:\Users\ivanm\source\repos\myengine\engine\src\ecs\systems\PhysicsSystem.cpp,748,14831664926,7253890,2,
Physics::Step,C:\Users\ivanm\source\repos\myengine\engine\src\ecs\systems\PhysicsSystem.cpp,748,14853406900,6655954,2,
Physics::Step,C:\Users\ivanm\source\repos\myengine\engine\src\ecs\systems\PhysicsSystem.cpp,748,14860062894,6703013,2,
Physics::Step,C:\Users\ivanm\source\repos\myengine\engine\src\ecs\systems\PhysicsSystem.cpp,748,14879516067,7172877,2,
Physics::Step,C:\Users\ivanm\source\repos\myengine\engine\src\ecs\systems\PhysicsSystem.cpp,748,14898747168,6812221,2,
Physics::Step,C:\Users\ivanm\source\repos\myengine\engine\src\ecs\systems\PhysicsSystem.cpp,748,14919290153,7119786,2,
Physics::Step,C:\Users\ivanm\source\repos\myengine\engine\src\ecs\systems\PhysicsSystem.cpp,748,14938801016,7049111,2,
Physics::Step,C:\Users\ivanm\source\repos\myengine\engine\src\ecs\systems\PhysicsSystem.cpp,748,14945850167,6673036,2,
Physics::Step,C:\Users\ivanm\source\repos\myengine\engine\src\ecs\systems\PhysicsSystem.cpp,748,14965290879,7182265,2,
Physics::Step,C:\Users\ivanm\source\repos\myengine\engine\src\ecs\systems\PhysicsSystem.cpp,748,14985922653,7082307,2,
Physics::Step,C:\Users\ivanm\source\repos\myengine\engine\src\ecs\systems\PhysicsSystem.cpp,748,15005224911,6903916,2,
Physics::Step,C:\Users\ivanm\source\repos\myengine\engine\src\ecs\systems\PhysicsSystem.cpp,748,15012128977,6889578,2,
Physics::Step,C:\Users\ivanm\source\repos\myengine\engine\src\ecs\systems\PhysicsSystem.cpp,748,15031863345,6874870,2,
Physics::Step,C:\Users\ivanm\source\repos\myengine\engine\src\ecs\systems\PhysicsSystem.cpp,748,15053052047,6911440,2,
Physics::Step,C:\Users\ivanm\source\repos\myengine\engine\src\ecs\systems\PhysicsSystem.cpp,748,15072952270,6965182,2,
Physics::Step,C:\Users\ivanm\source\repos\myengine\engine\src\ecs\systems\PhysicsSystem.cpp,748,15079917552,6666714,2,
Physics::Step,C:\Users\ivanm\source\repos\myengine\engine\src\ecs\systems\PhysicsSystem.cpp,748,15099186455,6797673,2,
Physics::Step,C:\Users\ivanm\source\repos\myengine\engine\src\ecs\systems\PhysicsSystem.cpp,748,15118955569,6931497,2,
Physics::Step,C:\Users\ivanm\source\repos\myengine\engine\src\ecs\systems\PhysicsSystem.cpp,748,15138150952,7206951,2,
Physics::Step,C:\Users\ivanm\source\repos\myengine\engine\src\ecs\systems\PhysicsSystem.cpp,748,15145357943,6663779,2,
Physics::Step,C:\Users\ivanm\source\repos\myengine\engine\src\ecs\systems\PhysicsSystem.cpp,748,15164144579,6834643,2,
Physics::Step,C:\Users\ivanm\source\repos\myengine\engine\src\ecs\systems\PhysicsSystem.cpp,748,15186390237,7728296,2,
Physics::Step,C:\Users\ivanm\source\repos\myengine\engine\src\ecs\systems\PhysicsSystem.cpp,748,15206983642,8019175,2,
Physics::Step,C:\Users\ivanm\source\repos\myengine\engine\src\ecs\systems\PhysicsSystem.cpp,748,15215002867,7370854,2,
Physics::Step,C:\Users\ivanm\source\repos\myengine\engine\src\ecs\systems\PhysicsSystem.cpp,748,15234865667,6956024,2,
Physics::Step,C:\Users\ivanm\source\repos\myengine\engine\src\ecs\systems\PhysicsSystem.cpp,748,15254667503,6907823,2,
Physics::Step,C:\Users\ivanm\source\repos\myengine\engine\src\ecs\systems\PhysicsSystem.cpp,748,15261575336,7509747,2,
Physics::Step,C:\Users\ivanm\source\repos\myengine\engine\src\ecs\systems\PhysicsSystem.cpp,748,15282342928,7244222,2,
Physics::Step,C:\Users\ivanm\source\repos\myengine\engine\src\ecs\systems\PhysicsSystem.cpp,748,15301701000,6863649,2,
Physics::Step,C:\Users\ivanm\source\repos\myengine\engine\src\ecs\systems\PhysicsSystem.cpp,748,15321084110,6939473,2,
Physics::Step,C:\Users\ivanm\source\repos\myengine\engine\src\ecs\systems\PhysicsSystem.cpp,748,15328023623,6679088,2,
Physics::Step,C:\Users\ivanm\source\repos\myengine\engine\src\ecs\systems\PhysicsSystem.cpp,748,15347454784,7016940,2,
Physics::Step,C:\Users\ivanm\source\repos\myengine\engine\src\ecs\systems\PhysicsSystem.cpp,748,15366665336,7083607,2,
Physics::Step,C:\Users\ivanm\source\repos\myengine\engine\src\ecs\systems\PhysicsSystem.cpp,748,15387275529,6834914,2,
Physics::Step,C:\Users\ivanm\source\repos\myengine\engine\src\ecs\systems\PhysicsSystem.cpp,748,15394110553,6721789,2,
Physics::Step,C:\Users\ivanm\source\repos\myengine\engine\src\ecs\systems\PhysicsSystem.cpp,748,15413994335,6764319,2,
Physics::Step,C:\Users\ivanm\source\repos\myengine\engine\src\ecs\systems\PhysicsSystem.cpp,748,15433521378,6891933,2,
Physics::Step,C:\Users\ivanm\source\repos\myengine\engine\src\ecs\systems\PhysicsSystem.cpp,748,15453740605,6634873,2,
Physics::Step,C:\Users\ivanm\source\repos\myengine\engine\src\ecs\systems\PhysicsSystem.cpp,748,15460375589,6798575,2,
Physics::Step,C:\Users\ivanm\source\repos\myengine\engine\src\ecs\systems\PhysicsSystem.cpp,748,15479618843,7264160,2,
Physics::Step,C:\Users\ivanm\source\repos\myengine\engine\src\ecs\systems\PhysicsSystem.cpp,748,15499028884,6840925,2,
Physics::Step,C:\Users\ivanm\source\repos\myengine\engine\src\ecs\systems\PhysicsSystem.cpp,748,15519306184,7080461,2,
Physics::Step,C:\Users\ivanm\source\repos\myengine\engine\src\ecs\systems\PhysicsSystem.cpp,748,15538675718,7351486,2,
Physics::Step,C:\Users\ivanm\source\repos\myengine\engine\src\ecs\systems\PhysicsSystem.cpp,748,15546027334,6693515,2,
Physics::Step,C:\Users\ivanm\source\repos\myengine\engine\src\ecs\systems\PhysicsSystem.cpp,748,15564968694,6791281,2,
Physics::Step,C:\Users\ivanm\source\repos\myengine\engine\src\ecs\systems\PhysicsSystem.cpp,748,15585480520,6763959,2,
Physics::Step,C:\Users\ivanm\source\repos\myengine\engine\src\ecs\systems\PhysicsSystem.cpp,748,15604195359,7163945,2,
Physics::Step,C:\Users\ivanm\source\repos\myengine\engine\src\ecs\systems\PhysicsSystem.cpp,748,15611359354,6787344,2,
Physics::Step,C:\Users\ivanm\source\repos\myengine\engine\src\ecs\systems\PhysicsSystem.cpp,748,15630388992,6825957,2,
Physics::Step,C:\Users\ivanm\source\repos\myengine\engine\src\ecs\systems\PhysicsSystem.cpp,748,15650893864,6984609,2,
Physics::Step,C:\Users\ivanm\source\repos\myengine\engine\src\ecs\systems\PhysicsSystem.cpp,748,15670394488,7009796,2,
Physics::Step,C:\Users\ivanm\source\repos\myengine\engine\src\ecs\systems\PhysicsSystem.cpp,748,15677404525,7090299,2,
Physics::Step,C:\Users\ivanm\source\repos\myengine\engine\src\ecs\systems\PhysicsSystem.cpp,748,15696747017,6847388,2,
Physics::Step,C:\Users\ivanm\source\repos\myengine\engine\src\ecs\systems\PhysicsSystem.cpp,748,15716973891,7643422,2,
Physics::Step,C:\Users\ivanm\source\repos\myengine\engine\src\ecs\systems\PhysicsSystem.cpp,748,15737564006,7858220,2,
Physics::Step,C:\Users\ivanm\source\repos\myengine\engine\src\ecs\systems\PhysicsSystem.cpp,748,15745422536,7517612,2,
Physics::Step,C:\Users\ivanm\source\repos\myengine\engine\src\ecs\systems\PhysicsSystem.cpp,748,15766044271,7376313,2,
Physics::Step,C:\Users\ivanm\source\repos\myengine\engine\src\ecs\systems\PhysicsSystem.cpp,748,15787529687,7841849,2,
Physics::Step,C:\Users\ivanm\source\repos\myengine\engine\src\ecs\systems\PhysicsSystem.cpp,748,15795371656,7472456,2,
Physics::Step,C:\Users\ivanm\source\repos\myengine\engine\src\ecs\systems\PhysicsSystem.cpp,748,15816315142,7794729,2,
Physics::Step,C:\Users\ivanm\source\repos\myengine\engine\src\ecs\systems\PhysicsSystem.cpp,748,15836074578,6795779,2,
Physics::Step,C:\Users\ivanm\source\repos\myengine\engine\src\ecs\systems\PhysicsSystem.cpp,748,15856713746,6850363,2,
Physics::Step,C:\Users\ivanm\source\repos\myengine\engine\src\ecs\systems\PhysicsSystem.cpp,748,15863564229,6690400,2,
Physics::Step,C:\Users\ivanm\source\repos\myengine\engine\src\ecs\systems\PhysicsSystem.cpp,748,15882971044,7125998,2,
Physics::Step,C:\Users\ivanm\source\repos\myengine\engine\src\ecs\systems\PhysicsSystem.cpp,748,15902917505,6924024,2,
Physics::Step,C:\Users\ivanm\source\repos\myengine\engine\src\ecs\systems\PhysicsSystem.cpp,748,15922975248,6839042,2,
Physics::Step,C:\Users\ivanm\source\repos\myengine\engine\src\ecs\systems\PhysicsSystem.cpp,748,15929814340,6717250,2,
Physics::Step,C:\Users\ivanm\source\repos\myengine\engine\src\ecs\systems\PhysicsSystem.cpp,748,15949743267,6857627,2,
Physics::Step,C:\Users\ivanm\source\repos\myengine\engine\src\ecs\systems\PhysicsSystem.cpp,748,15968728551,6956114,2,
Physics::Step,C:\Users\ivanm\source\repos\myengine\engine\src\ecs\systems\PhysicsSystem.cpp,748,15988849914,6907412,2,
Physics::Step,C:\Users\ivanm\source\repos\myengine\engine\src\ecs\systems\PhysicsSystem.cpp,748,15995757436,6845595,2,
Physics::Step,C:\Users\ivanm\source\repos\myengine\engine\src\ecs\systems\PhysicsSystem.cpp,748,16014976434,7202193,2,
Physics::Step,C:\Users\ivanm\source\repos\myengine\engine\src\ecs\systems\PhysicsSystem.cpp,748,16034259494,6813914,2,
Physics::Step,C:\Users\ivanm\source\repos\myengine\engine\src\ecs\systems\PhysicsSystem.cpp,748,16054032375,6620496,2,
Physics::Step,C:\Users\ivanm\source\repos\myengine\engine\src\ecs\systems\PhysicsSystem.cpp,748,16060652911,6945224,2,
Physics::Step,C:\Users\ivanm\source\repos\myengine\engine\src\ecs\systems\PhysicsSystem.cpp,748,16080400063,6979920,2,
Physics::Step,C:\Users\ivanm\source\repos\myengine\engine\src\ecs\systems\PhysicsSystem.cpp,748,16100739541,6953480,2,
Physics::Step,C:\Users\ivanm\source\repos\myengine\engine\src\ecs\systems\PhysicsSystem.cpp,748,16120763184,6989859,2,
Physics::Step,C:\Users\ivanm\source\repos\myengine\engine\src\ecs\systems\PhysicsSystem.cpp,748,16127753143,6733090,2,
Physics::Step,C:\Users\ivanm\source\repos\myengine\engine\src\ecs\systems\PhysicsSystem.cpp,748,16147207719,6894507,2,
Physics::Step,C:\Users\ivanm\source\repos\myengine\engine\src\ecs\systems\PhysicsSystem.cpp,748,16166285618,6890720,2,
Physics::Step,C:\Users\ivanm\source\repos\myengine\engine\src\ecs\systems\PhysicsSystem.cpp,748,16186201852,6983115,2,
Physics::Step,C:\Users\ivanm\source\repos\myengine\engine\src\ecs\systems\PhysicsSystem.cpp,748,16205685392,7328753,2,
Physics::Step,C:\Users\ivanm\source\repos\myengine\engine\src\ecs\systems\PhysicsSystem.cpp,748,16213014286,6856495,2,
Physics::Step,C:\Users\ivanm\source\repos\myengine\engine\src\ecs\systems\PhysicsSystem.cpp,748,16232021391,6876423,2,
Physics::Step,C:\Users\ivanm\source\repos\myengine\engine\src\ecs\systems\PhysicsSystem.cpp,748,16252715748,7046274,2,
Physics::Step,C:\Users\ivanm\source\repos\myengine\engine\src\ecs\systems\PhysicsSystem.cpp,748,16272090430,6936868,2,
Physics::Step,C:\Users\ivanm\source\repos\myengine\engine\src\ecs\systems\PhysicsSystem.cpp,748,16279027408,7046136,2,
Physics::Step,C:\Users\ivanm\source\repos\myengine\engine\src\ecs\systems\PhysicsSystem.cpp,748,16298478768,6949251,2,
Physics::Step,C:\Users\ivanm\source\repos\myengine\engine\src\ecs\systems\PhysicsSystem.cpp,748,16319030249,6939022,2,
Physics::Step,C:\Users\ivanm\source\repos\myengine\engine\src\ecs\systems\PhysicsSystem.cpp,748,16338127015,7521068,2,
Physics::Step,C:\Users\ivanm\source\repos\myengine\engine\src\ecs\systems\PhysicsSystem.cpp,748,16345648233,6768919,2,
Physics::Step,C:\Users\ivanm\source\repos\myengine\engine\src\ecs\systems\PhysicsSystem.cpp,748,16364463103,6732980,2,
Physics::Step,C:\Users\ivanm\source\repos\myengine\engine\src\ecs\systems\PhysicsSystem.cpp,748,16384141945,7013534,2,
Physics::Step,C:\Users\ivanm\source\repos\myengine\engine\src\ecs\systems\PhysicsSystem.cpp,748,16403934854,7108835,2,
Physics::Step,C:\Users\ivanm\source\repos\myengine\engine\src\ecs\systems\PhysicsSystem.cpp,748,16411043799,6820867,2,
Physics::Step,C:\Users\ivanm\source\repos\myengine\engine\src\ecs\systems\PhysicsSystem.cpp,748,16430304997,7331160,2,
Physics::Step,C:\Users\ivanm\source\repos\myengine\engine\src\ecs\systems\PhysicsSystem.cpp,748,16452231505,7430636,2,
Physics::Step,C:\Users\ivanm\source\repos\myengine\engine\src\ecs\systems\PhysicsSystem.cpp,748,16472943691,7993858,2,
Physics::Step,C:\Users\ivanm\source\repos\myengine\engine\src\ecs\systems\PhysicsSystem.cpp,748,16480937699,7769561,2,
Physics::Step,C:\Users\ivanm\source\repos\myengine\engine\src\ecs\systems\PhysicsSystem.cpp,748,16501744065,7183677,2,
Physics::Step,C:\Users\ivanm\source\repos\myengine\engine\src\ecs\systems\PhysicsSystem.cpp,748,16522749439,7591071,2,
Physics::Step,C:\Users\ivanm\source\repos\myengine\engine\src\ecs\systems\PhysicsSystem.cpp,748,16530340570,6857598,2,
Physics::Step,C:\Users\ivanm\source\repos\myengine\engine\src\ecs\systems\PhysicsSystem.cpp,748,16550324633,7275552,2,
Physics::Step,C:\Users\ivanm\source\repos\myengine\engine\src\ecs\systems\PhysicsSystem.cpp,748,16569606170,7138831,2,
Physics::Step,C:\Users\ivanm\source\repos\myengine\engine\src\ecs\systems\PhysicsSystem.cpp,748,16590117394,6698805,2,
Physics::Step,C:\Users\ivanm\source\repos\myengine\engine\src\ecs\systems\PhysicsSystem.cpp,748,16596816240,6662285,2,
Physics::Step,C:\Users\ivanm\source\repos\myengine\engine\src\ecs\systems\PhysicsSystem.cpp,748,16617155688,6929373,2,
Physics::Step,C:\Users\ivanm\source\repos\myengine\engine\src\ecs\systems\PhysicsSystem.cpp,748,16637006978,7142488,2,
Physics::Step,C:\Users\ivanm\source\repos\myengine\engine\src\ecs\systems\PhysicsSystem.cpp,748,16644149667,6791862,2,
Physics::Step,C:\Users\ivanm\source\repos\myengine\engine\src\ecs\systems\PhysicsSystem.cpp,748,16663112107,6818663,2,
Physics::Step,C:\Users\ivanm\source\repos\myengine\engine\src\ecs\systems\PhysicsSystem.cpp,748,16682884587,7002653,2,
Physics::Step,C:\Users\ivanm\source\repos\myengine\engine\src\ecs\systems\PhysicsSystem.cpp,748,16702774410,6880170,2,
Physics::Step,C:\Users\ivanm\source\repos\myengine\engine\src\ecs\systems\PhysicsSystem.cpp,748,16722799651,6892283,2,
Physics::Step,C:\Users\ivanm\source\repos\myengine\engine\src\ecs\systems\PhysicsSystem.cpp,748,16729691964,7186923,2,
Physics::Step,C:\Users\ivanm\source\repos\myengine\engine\src\ecs\systems\PhysicsSystem.cpp,748,16750252292,7002292,2,
Physics::Step,C:\Users\ivanm\source\repos\myengine\engine\src\ecs\systems\PhysicsSystem.cpp,748,16769676410,7098475,2,
Physics::Step,C:\Users\ivanm\source\repos\myengine\engine\src\ecs\systems\PhysicsSystem.cpp,748,16790290660,6996542,2,
Physics::Step,C:\Users\ivanm\source\repos\myengine\engine\src\ecs\systems\PhysicsSystem.cpp,748,16797287312,6723342,2,
Physics::Step,C:\Users\ivanm\source\repos\myengine\engine\src\ecs\systems\PhysicsSystem.cpp,748,16817885612,8147900,2,
Physics::Step,C:\Users\ivanm\source\repos\myengine\engine\src\ecs\systems\PhysicsSystem.cpp,748,16838283702,7033050,2,
Physics::Step,C:\Users\ivanm\source\repos\myengine\engine\src\ecs\systems\PhysicsSystem.cpp,748,16845316893,7346005,2,
Physics::Step,C:\Users\ivanm\source\repos\myengine\engine\src\ecs\systems\PhysicsSystem.cpp,748,16865469485,6957397,2,
Physics::Step,C:\Users\ivanm\source\repos\myengine\engine\src\ecs\systems\PhysicsSystem.cpp,748,16885712991,7027981,2,
Physics::Step,C:\Users\ivanm\source\repos\myengine\engine\src\ecs\systems\PhysicsSystem.cpp,748,16905099718,7259170,2,
Physics::Step,C:\Users\ivanm\source\repos\myengine\engine\src\ecs\systems\PhysicsSystem.cpp,748,16912359179,6674329,2,
Physics::Step,C:\Users\ivanm\source\repos\myengine\engine\src\ecs\systems\PhysicsSystem.cpp,748,16933001112,6775341,2,
Physics::Step,C:\Users\ivanm\source\repos\myengine\engine\src\ecs\systems\PhysicsSystem.cpp,748,16952860006,6872266,2,
Physics::Step,C:\Users\ivanm\source\repos\myengine\engine\src\ecs\systems\PhysicsSystem.cpp,748,16972044429,7233141,2,
Physics::Step,C:\Users\ivanm\source\repos\myengine\engine\src\ecs\systems\PhysicsSystem.cpp,748,16979277590,6921278,2,
Physics::Step,C:\Users\ivanm\source\repos\myengine\engine\src\ecs\systems\PhysicsSystem.cpp,748,16998643998,7160924,2,
Physics::Step,C:\Users\ivanm\source\repos\myengine\engine\src\ecs\systems\PhysicsSystem.cpp,748,17019461435,7036026,2,
Physics::Step,C:\Users\ivanm\source\repos\myengine\engine\src\ecs\systems\PhysicsSystem.cpp,748,17038829396,7196461,2,
Physics::Step,C:\Users\ivanm\source\repos\myengine\engine\src\ecs\systems\PhysicsSystem.cpp,748,17046025967,6987034,2,
Physics::Step,C:\Users\ivanm\source\repos\myengine\engine\src\ecs\systems\PhysicsSystem.cpp,748,17065203737,6950063,2,
Physics::Step,C:\Users\ivanm\source\repos\myengine\engine\src\ecs\systems\PhysicsSystem.cpp,748,17085311695,7329594,2,
Physics::Step,C:\Users\ivanm\source\repos\myengine\engine\src\ecs\systems\PhysicsSystem.cpp,748,17104812508,7103525,2,
Physics::Step,C:\Users\ivanm\source\repos\myengine\engine\src\ecs\systems\PhysicsSystem.cpp,748,17111916123,6975963,2,
Physics::Step,C:\Users\ivanm\source\repos\myengine\engine\src\ecs\systems\PhysicsSystem.cpp,748,17132615666,6842448,2,
Physics::Step,C:\Users\ivanm\source\repos\myengine\engine\src\ecs\systems\PhysicsSystem.cpp,748,17152579059,6917000,2,
Physics::Step,C:\Users\ivanm\source\repos\myengine\engine\src\ecs\systems\PhysicsSystem.cpp,748,17172718747,9641540,2,
Physics::Step,C:\Users\ivanm\source\repos\myengine\engine\src\ecs\systems\PhysicsSystem.cpp,748,17182360908,7452669,2,
Physics::Step,C:\Users\ivanm\source\repos\myengine\engine\src\ecs\systems\PhysicsSystem.cpp,748,17203012861,7596672,2,
Physics::Step,C:\Users\ivanm\source\repos\myengine\engine\src\ecs\systems\PhysicsSystem.cpp,748,17224320459,7405880,2,
Physics::Step,C:\Users\ivanm\source\repos\myengine\engine\src\ecs\systems\PhysicsSystem.cpp,748,17231726980,7608845,2,
Physics::Step,C:\Users\ivanm\source\repos\myengine\engine\src\ecs\systems\PhysicsSystem.cpp,748,17252157942,7117181,2,
Physics::Step,C:\Users\ivanm\source\repos\myengine\engine\src\ecs\systems\PhysicsSystem.cpp,748,17271370117,6858719,2,
Physics::Step,C:\Users\ivanm\source\repos\myengine\engine\src\ecs\systems\PhysicsSystem.cpp,748,17278229057,7117609,2,
Physics::Step,C:\Users\ivanm\source\repos\myengine\engine\src\ecs\systems\PhysicsSystem.cpp,748,17297822604,7024304,2,
Physics::Step,C:\Users\ivanm\source\repos\myengine\engine\src\ecs\systems\PhysicsSystem.cpp,748,17318307900,7064570,2,
Physics::Step,C:\Users\ivanm\source\repos\myengine\engine\src\ecs\systems\PhysicsSystem.cpp,748,17337728381,7540655,2,
Physics::Step,C:\Users\ivanm\source\repos\myengine\engine\src\ecs\systems\PhysicsSystem.cpp,748,17345269197,6909325,2,
Physics::Step,C:\Users\ivanm\source\repos\myengine\engine\src\ecs\systems\PhysicsSystem.cpp,748,17364415015,6731829,2,
Physics::Step,C:\Users\ivanm\source\repos\myengine\engine\src\ecs\systems\PhysicsSystem.cpp,748,17384368440,7475391,2,
Physics::Step,C:\Users\ivanm\source\repos\myengine\engine\src\ecs\systems\PhysicsSystem.cpp,748,17404456750,7060503,2,
Physics::Step,C:\Users\ivanm\source\repos\myengine\engine\src\ecs\systems\PhysicsSystem.cpp,748,17411517494,6795569,2,
Physics::Step,C:\Users\ivanm\source\repos\myengine\engine\src\ecs\systems\PhysicsSystem.cpp,748,17430712025,6898274,2,
Physics::Step,C:\Users\ivanm\source\repos\myengine\engine\src\ecs\systems\PhysicsSystem.cpp,748,17451056362,6941798,2,
Physics::Step,C:\Users\ivanm\source\repos\myengine\engine\src\ecs\systems\PhysicsSystem.cpp,748,17470245604,7149512,2,
Physics::Step,C:\Users\ivanm\source\repos\myengine\engine\src\ecs\systems\PhysicsSystem.cpp,748,17477395376,7210811,2,
Physics::Step,C:\Users\ivanm\source\repos\myengine\engine\src\ecs\systems\PhysicsSystem.cpp,748,17496773188,7532841,2,
Physics::Step,C:\Users\ivanm\source\repos\myengine\engine\src\ecs\systems\PhysicsSystem.cpp,748,17517818824,7087885,2,
Physics::Step,C:\Users\ivanm\source\repos\myengine\engine\src\ecs\systems\PhysicsSystem.cpp,748,17537058471,7171875,2,
Physics::Step,C:\Users\ivanm\source\repos\myengine\engine\src\ecs\systems\PhysicsSystem.cpp,748,17544230576,6880992,2,
Physics::Step,C:\Users\ivanm\source\repos\myengine\engine\src\ecs\systems\PhysicsSystem.cpp,748,17563492886,6840214,2,
Physics::Step,C:\Users\ivanm\source\repos\myengine\engine\src\ecs\systems\PhysicsSystem.cpp,748,17583002527,6860553,2,
Physics::Step,C:\Users\ivanm\source\repos\myengine\engine\src\ecs\systems\PhysicsSystem.cpp,748,17601968734,6948039,2,
Physics::Step,C:\Users\ivanm\source\repos\myengine\engine\src\ecs\systems\PhysicsSystem.cpp,748,17622470410,6782174,2,
Physics::Step,C:\Users\ivanm\source\repos\myengine\engine\src\ecs\systems\PhysicsSystem.cpp,748,17629252614,6871023,2,
Physics::Step,C:\Users\ivanm\source\repos\myengine\engine\src\ecs\systems\PhysicsSystem.cpp,748,17650134053,6954942,2,
Physics::Step,C:\Users\ivanm\source\repos\myengine\engine\src\ecs\systems\PhysicsSystem.cpp,748,17669773433,6944131,2,
Physics::Step,C:\Users\ivanm\source\repos\myengine\engine\src\ecs\systems\PhysicsSystem.cpp,748,17676717695,7267145,2,
Physics::Step,C:\Users\ivanm\source\repos\myengine\engine\src\ecs\systems\PhysicsSystem.cpp,748,17696149798,6943029,2,
Physics::Step,C:\Users\ivanm\source\repos\myengine\engine\src\ecs\systems\PhysicsSystem.cpp,748,17715925193,7106150,2,
Physics::Step,C:\Users\ivanm\source\repos\myengine\engine\src\ecs\systems\PhysicsSystem.cpp,748,17735322951,7052979,2,
Physics::Step,C:\Users\ivanm\source\repos\myengine\engine\src\ecs\systems\PhysicsSystem.cpp,748,17755230909,6885270,2,
Physics::Step,C:\Users\ivanm\source\repos\myengine\engine\src\ecs\systems\PhysicsSystem.cpp,748,17762116319,6859340,2,
Physics::Step,C:\Users\ivanm\source\repos\myengine\engine\src\ecs\systems\PhysicsSystem.cpp,748,17782712946,7146807,2,
Physics::Step,C:\Users\ivanm\source\repos\myengine\engine\src\ecs\systems\PhysicsSystem.cpp,748,17802010643,6941156,2,
Physics::Step,C:\Users\ivanm\source\repos\myengine\engine\src\ecs\systems\PhysicsSystem.cpp,748,17822186871,7013514,2,
Physics::Step,C:\Users\ivanm\source\repos\myengine\engine\src\ecs\systems\PhysicsSystem.cpp,748,17829200425,6895880,2,
Physics::Step,C:\Users\ivanm\source\repos\myengine\engine\src\ecs\systems\PhysicsSystem.cpp,748,17848418240,7053440,2,
Physics::Step,C:\Users\ivanm\source\repos\myengine\engine\src\ecs\systems\PhysicsSystem.cpp,748,17867830706,6903094,2,
Physics::Step,C:\Users\ivanm\source\repos\myengine\engine\src\ecs\systems\PhysicsSystem.cpp,748,17887504829,6830827,2,
Physics::Step,C:\Users\ivanm\source\repos\myengine\engine\src\ecs\systems\PhysicsSystem.cpp,748,17894335786,6696030,2,
Physics::Step,C:\Users\ivanm\source\repos\myengine\engine\src\ecs\systems\PhysicsSystem.cpp,748,17913875924,6810518,2,
Physics::Step,C:\Users\ivanm\source\repos\myengine\engine\src\ecs\systems\PhysicsSystem.cpp,748,17933525953,6802653,2,
Physics::Step,C:\Users\ivanm\source\repos\myengine\engine\src\ecs\systems\PhysicsSystem.cpp,748,17953496149,6827601,2,
Physics::Step,C:\Users\ivanm\source\repos\myengine\engine\src\ecs\systems\PhysicsSystem.cpp,748,17960323790,6861745,2,
Physics::Step,C:\Users\ivanm\source\repos\myengine\engine\src\ecs\systems\PhysicsSystem.cpp,748,17979787703,8186053,2,
Physics::Step,C:\Users\ivanm\source\repos\myengine\engine\src\ecs\systems\PhysicsSystem.cpp,748,18000686765,7821279,2,
Physics::Step,C:\Users\ivanm\source\repos\myengine\engine\src\ecs\systems\PhysicsSystem.cpp,748,18021516716,7371253,2,
Physics::Step,C:\Users\ivanm\source\repos\myengine\engine\src\ecs\systems\PhysicsSystem.cpp,748,18028888009,6935907,2,
Physics::Step,C:\Users\ivanm\source\repos\myengine\engine\src\ecs\systems\PhysicsSystem.cpp,748,18048865479,8475263,2,
Physics::Step,C:\Users\ivanm\source\repos\myengine\engine\src\ecs\systems\PhysicsSystem.cpp,748,18069732971,7323002,2,
Physics::Step,C:\Users\ivanm\source\repos\myengine\engine\src\ecs\systems\PhysicsSystem.cpp,748,18090939207,7127180,2,
Physics::Step,C:\Users\ivanm\source\repos\myengine\engine\src\ecs\systems\PhysicsSystem.cpp,748,18098066557,6946576,2,
Physics::Step,C:\Users\ivanm\source\repos\myengine\engine\src\ecs\systems\PhysicsSystem.cpp,748,18118626965,7165202,2,
Physics::Step,C:\Users\ivanm\source\repos\myengine\engine\src\ecs\systems\PhysicsSystem.cpp,748,18138464309,7965854,2,
Physics::Step,C:\Users\ivanm\source\repos\myengine\engine\src\ecs\systems\PhysicsSystem.cpp,748,18146430193,7687745,2,
Physics::Step,C:\Users\ivanm\source\repos\myengine\engine\src\ecs\systems\PhysicsSystem.cpp,748,18167453431,7325316,2,
Physics::Step,C:\Users\ivanm\source\repos\myengine\engine\src\ecs\systems\PhysicsSystem.cpp,748,18188272300,7361866,2,
Physics::Step,C:\Users\ivanm\source\repos\myengine\engine\src\ecs\systems\PhysicsSystem.cpp,748,18195634276,7068008,2,
Physics::Step,C:\Users\ivanm\source\repos\myengine\engine\src\ecs\systems\PhysicsSystem.cpp,748,18215505344,7812853,2,
Physics::Step,C:\Users\ivanm\source\repos\myengine\engine\src\ecs\systems\PhysicsSystem.cpp,748,18235816919,7350775,2,
Physics::Step,C:\Users\ivanm\source\repos\myengine\engine\src\ecs\systems\PhysicsSystem.cpp,748,18256463721,7172126,2,
Physics::Step,C:\Users\ivanm\source\repos\myengine\engine\src\ecs\systems\PhysicsSystem.cpp,748,18263635887,7067766,2,
Physics::Step,C:\Users\ivanm\source\repos\myengine\engine\src\ecs\systems\PhysicsSystem.cpp,748,18284396285,7259561,2,
Physics::Step,C:\Users\ivanm\source\repos\myengine\engine\src\ecs\systems\PhysicsSystem.cpp,748,18304285016,7351506,2,
Physics::Step,C:\Users\ivanm\source\repos\myengine\engine\src\ecs\systems\PhysicsSystem.cpp,748,18311636662,6990400,2,
Physics::Step,C:\Users\ivanm\source\repos\myengine\engine\src\ecs\systems\PhysicsSystem.cpp,748,18331077913,7045915,2,
Physics::Step,C:\Users\ivanm\source\repos\myengine\engine\src\ecs\systems\PhysicsSystem.cpp,748,18353273680,7205789,2,
Physics::Step,C:\Users\ivanm\source\repos\myengine\engine\src\ecs\systems\PhysicsSystem.cpp,748,18360479489,7256115,2,
Physics::Step,C:\Users\ivanm\source\repos\myengine\engine\src\ecs\systems\PhysicsSystem.cpp,748,18380796364,7678408,2,
Physics::Step,C:\Users\ivanm\source\repos\myengine\engine\src\ecs\systems\PhysicsSystem.cpp,748,18401100145,7358830,2,
Physics::Step,C:\Users\ivanm\source\repos\myengine\engine\src\ecs\systems\PhysicsSystem.cpp,748,18422411801,7101731,2,
Physics::Step,C:\Users\ivanm\source\repos\myengine\engine\src\ecs\systems\PhysicsSystem.cpp,748,18429513562,7106821,2,
Physics::Step,C:\Users\ivanm\source\repos\myengine\engine\src\ecs\systems\PhysicsSystem.cpp,748,18449974551,7247649,2,
Physics::Step,C:\Users\ivanm\source\repos\myengine\engine\src\ecs\systems\PhysicsSystem.cpp,748,18469945579,7628423,2,
Physics::Step,C:\Users\ivanm\source\repos\myengine\engine\src\ecs\systems\PhysicsSystem.cpp,748,18477574312,8011992,2,
Physics::Step,C:\Users\ivanm\source\repos\myengine\engine\src\ecs\systems\PhysicsSystem.cpp,748,18498516947,8672037,2,
Physics::Step,C:\Users\ivanm\source\repos\myengine\engine\src\ecs\systems\PhysicsSystem.cpp,748,18520963321,8058731,2,
Physics::Step,C:\Users\ivanm\source\repos\myengine\engine\src\ecs\systems\PhysicsSystem.cpp,748,18529022252,7477305,2,
Physics::Step,C:\Users\ivanm\source\repos\myengine\engine\src\ecs\systems\PhysicsSystem.cpp,748,18549485645,8179511,2,
Physics::Step,C:\Users\ivanm\source\repos\myengine\engine\src\ecs\systems\PhysicsSystem.cpp,748,18570339631,7773830,2,
Physics::Step,C:\Users\ivanm\source\repos\myengine\engine\src\ecs\systems\PhysicsSystem.cpp,748,18578113591,7120988,2,
Physics::Step,C:\Users\ivanm\source\repos\myengine\engine\src\ecs\systems\PhysicsSystem.cpp,748,18597859691,7173097,2,
Physics::Step,C:\Users\ivanm\source\repos\myengine\engine\src\ecs\systems\PhysicsSystem.cpp,748,18619464795,7439023,2,
Physics::Step,C:\Users\ivanm\source\repos\myengine\engine\src\ecs\systems\PhysicsSystem.cpp,748,18639417909,7942840,2,
Physics::Step,C:\Users\ivanm\source\repos\myengine\engine\src\ecs\systems\PhysicsSystem.cpp,748,18647360859,7423964,2,
Physics::Step,C:\Users\ivanm\source\repos\myengine\engine\src\ecs\systems\PhysicsSystem.cpp,748,18668178536,7221119,2,
Physics::Step,C:\Users\ivanm\source\repos\myengine\engine\src\ecs\systems\PhysicsSystem.cpp,748,18689364404,7244412,2,
Physics::Step,C:\Users\ivanm\source\repos\myengine\engine\src\ecs\systems\PhysicsSystem.cpp,748,18696608926,7116710,2,
Physics::Step,C:\Users\ivanm\source\repos\myengine\engine\src\ecs\systems\PhysicsSystem.cpp,748,18716618898,7591893,2,
Physics::Step,C:\Users\ivanm\source\repos\myengine\engine\src\ecs\systems\PhysicsSystem.cpp,748,18736926425,8557038,2,
Physics::Step,C:\Users\ivanm\source\repos\myengine\engine\src\ecs\systems\PhysicsSystem.cpp,748,18745483594,7615959,2,
Physics::Step,C:\Users\ivanm\source\repos\myengine\engine\src\ecs\systems\PhysicsSystem.cpp,748,18765083897,6756525,2,
Physics::Step,C:\Users\ivanm\source\repos\myengine\engine\src\ecs\systems\PhysicsSystem.cpp,748,18785319207,7094848,2,
Physics::Step,C:\Users\ivanm\source\repos\myengine\engine\src\ecs\systems\PhysicsSystem.cpp,748,18804667571,7006931,2,
Physics::Step,C:\Users\ivanm\source\repos\myengine\engine\src\ecs\systems\PhysicsSystem.cpp,748,18811674622,6831728,2,
Physics::Step,C:\Users\ivanm\source\repos\myengine\engine\src\ecs\systems\PhysicsSystem.cpp,748,18830659044,7001140,2,
Physics::Step,C:\Users\ivanm\source\repos\myengine\engine\src\ecs\systems\PhysicsSystem.cpp,748,18851541133,7367217,2,
Physics::Step,C:\Users\ivanm\source\repos\myengine\engine\src\ecs\systems\PhysicsSystem.cpp,748,18870997743,6961926,2,
Physics::Step,C:\Users\ivanm\source\repos\myengine\engine\src\ecs\systems\PhysicsSystem.cpp,748,18877959949,7109186,2,
Physics::Step,C:\Users\ivanm\source\repos\myengine\engine\src\ecs\systems\PhysicsSystem.cpp,748,18897988145,6998846,2,
Physics::Step,C:\Users\ivanm\source\repos\myengine\engine\src\ecs\systems\PhysicsSystem.cpp,748,18918271848,6830545,2,
Physics::Step,C:\Users\ivanm\source\repos\myengine\engine\src\ecs\systems\PhysicsSystem.cpp,748,18937054125,7402553,2,
Physics::Step,C:\Users\ivanm\source\repos\myengine\engine\src\ecs\systems\PhysicsSystem.cpp,748,18944456839,6993034,2,
Physics::Step,C:\Users\ivanm\source\repos\myengine\engine\src\ecs\systems\PhysicsSystem.cpp,748,18963587960,6715657,2,
Physics::Step,C:\Users\ivanm\source\repos\myengine\engine\src\ecs\systems\PhysicsSystem.cpp,748,18983614202,6966214,2,
Physics::Step,C:\Users\ivanm\source\repos\myengine\engine\src\ecs\systems\PhysicsSystem.cpp,748,19003277675,7057808,2,
Physics::Step,C:\Users\ivanm\source\repos\myengine\engine\src\ecs\systems\PhysicsSystem.cpp,748,19010336154,7035696,2,
Physics::Step,C:\Users\ivanm\source\repos\myengine\engine\src\ecs\systems\PhysicsSystem.cpp,748,19029622720,6889919,2,
Physics::Step,C:\Users\ivanm\source\repos\myengine\engine\src\ecs\systems\PhysicsSystem.cpp,748,19049021781,6979699,2,
Physics::Step,C:\Users\ivanm\source\repos\myengine\engine\src\ecs\systems\PhysicsSystem.cpp,748,19067923906,6841627,2,
Physics::Step,C:\Users\ivanm\source\repos\myengine\engine\src\ecs\systems\PhysicsSystem.cpp,748,19087592990,6781111,2,
Physics::Step,C:\Users\ivanm\source\repos\myengine\engine\src\ecs\systems\PhysicsSystem.cpp,748,19094374202,6886762,2,
Physics::Step,C:\Users\ivanm\source\repos\myengine\engine\src\ecs\systems\PhysicsSystem.cpp,748,19115116921,7028442,2,
Physics::Step,C:\Users\ivanm\source\repos\myengine\engine\src\ecs\systems\PhysicsSystem.cpp,748,19134816913,6832650,2,
Physics::Step,C:\Users\ivanm\source\repos\myengine\engine\src\ecs\systems\PhysicsSystem.cpp,748,19153922716,6895299,2,
Physics::Step,C:\Users\ivanm\source\repos\myengine\engine\src\ecs\systems\PhysicsSystem.cpp,748,19160818065,6877215,2,
Physics::Step,C:\Users\ivanm\source\repos\myengine\engine\src\ecs\systems\PhysicsSystem.cpp,748,19180875166,7096442,2,
Physics::Step,C:\Users\ivanm\source\repos\myengine\engine\src\ecs\systems\PhysicsSystem.cpp,748,19200419843,6948751,2,
Physics::Step,C:\Users\ivanm\source\repos\myengine\engine\src\ecs\systems\PhysicsSystem.cpp,748,19220274460,7349608,2,
Physics::Step,C:\Users\ivanm\source\repos\myengine\engine\src\ecs\systems\PhysicsSystem.cpp,748,19227624118,6710197,2,
Physics::Step,C:\Users\ivanm\source\repos\myengine\engine\src\ecs\systems\PhysicsSystem.cpp,748,19247966411,6932319,2,
Physics::Step,C:\Users\ivanm\source\repos\myengine\engine\src\ecs\systems\PhysicsSystem.cpp,748,19266939812,6797072,2,
Physics::Step,C:\Users\ivanm\source\repos\myengine\engine\src\ecs\systems\PhysicsSystem.cpp,748,19286506581,6823442,2,
Physics::Step,C:\Users\ivanm\source\repos\myengine\engine\src\ecs\systems\PhysicsSystem.cpp,748,19293330274,6731678,2,
Physics::Step,C:\Users\ivanm\source\repos\myengine\engine\src\ecs\systems\PhysicsSystem.cpp,748,19313177386,6822711,2,
Physics::Step,C:\Users\ivanm\source\repos\myengine\engine\src\ecs\systems\PhysicsSystem.cpp,748,19333171477,6815597,2,
Physics::Step,C:\Users\ivanm\source\repos\myengine\engine\src\ecs\systems\PhysicsSystem.cpp,748,19353495075,6887554,2,
Physics::Step,C:\Users\ivanm\source\repos\myengine\engine\src\ecs\systems\PhysicsSystem.cpp,748,19360382669,6739262,2,
Physics::Step,C:\Users\ivanm\source\repos\myengine\engine\src\ecs\systems\PhysicsSystem.cpp,748,19379936674,6980170,2,
Physics::Step,C:\Users\ivanm\source\repos\myengine\engine\src\ecs\systems\PhysicsSystem.cpp,748,19399404906,7012271,2,
Physics::Step,C:\Users\ivanm\source\repos\myengine\engine\src\ecs\systems\PhysicsSystem.cpp,748,19419122341,7147278,2,
Physics::Step,C:\Users\ivanm\source\repos\myengine\engine\src\ecs\systems\PhysicsSystem.cpp,748,19438937041,7692104,2,
Physics::Step,C:\Users\ivanm\source\repos\myengine\engine\src\ecs\systems\PhysicsSystem.cpp,748,19446629315,7086353,2,
Physics::Step,C:\Users\ivanm\source\repos\myengine\engine\src\ecs\systems\PhysicsSystem.cpp,748,19466009690,7186603,2,
Physics::Step,C:\Users\ivanm\source\repos\myengine\engine\src\ecs\systems\PhysicsSystem.cpp,748,19486771341,7204847,2,
Physics::Step,C:\Users\ivanm\source\repos\myengine\engine\src\ecs\systems\PhysicsSystem.cpp,748,19493976329,6775050,2,
Physics::Step,C:\Users\ivanm\source\repos\myengine\engine\src\ecs\systems\PhysicsSystem.cpp,748,19513647165,7582105,2,
Physics::Step,C:\Users\ivanm\source\repos\myengine\engine\src\ecs\systems\PhysicsSystem.cpp,748,19534182927,7118884,2,
Physics::Step,C:\Users\ivanm\source\repos\myengine\engine\src\ecs\systems\PhysicsSystem.cpp,748,19554998149,7675012,2,
Physics::Step,C:\Users\ivanm\source\repos\myengine\engine\src\ecs\systems\PhysicsSystem.cpp,748,19562673211,6695048,2,
Physics::Step,C:\Users\ivanm\source\repos\myengine\engine\src\ecs\systems\PhysicsSystem.cpp,748,19581625712,6954011,2,
Physics::Step,C:\Users\ivanm\source\repos\myengine\engine\src\ecs\systems\PhysicsSystem.cpp,748,19600521566,6904847,2,
Physics::Step,C:\Users\ivanm\source\repos\myengine\engine\src\ecs\systems\PhysicsSystem.cpp,748,19620095458,6880080,2,
Physics::Step,C:\Users\ivanm\source\repos\myengine\engine\src\ecs\systems\PhysicsSystem.cpp,748,19626975638,6665011,2,
Physics::Step,C:\Users\ivanm\source\repos\myengine\engine\src\ecs\systems\PhysicsSystem.cpp,748,19646082794,6898755,2,
Physics::Step,C:\Users\ivanm\source\repos\myengine\engine\src\ecs\systems\PhysicsSystem.cpp,748,19665281002,7522601,2,
Physics::Step,C:\Users\ivanm\source\repos\myengine\engine\src\ecs\systems\PhysicsSystem.cpp,748,19686572991,6757447,2,
Physics::Step,C:\Users\ivanm\source\repos\myengine\engine\src\ecs\systems\PhysicsSystem.cpp,748,19693330578,6669019,2,
Physics::Step,C:\Users\ivanm\source\repos\myengine\engine\src\ecs\systems\PhysicsSystem.cpp,748,19712883952,6927760,2,
Physics::Step,C:\Users\ivanm\source\repos\myengine\engine\src\ecs\systems\PhysicsSystem.cpp,748,19732350771,6666744,2,
Physics::Step,C:\Users\ivanm\source\repos\myengine\engine\src\ecs\systems\PhysicsSystem.cpp,748,19752332539,6894507,2,
Physics::Step,C:\Users\ivanm\source\repos\myengine\engine\src\ecs\systems\PhysicsSystem.cpp,748,19771422060,7529635,2,
Physics::Step,C:\Users\ivanm\source\repos\myengine\engine\src\ecs\systems\PhysicsSystem.cpp,748,19778951855,6983347,2,
Physics::Step,C:\Users\ivanm\source\repos\myengine\engine\src\ecs\systems\PhysicsSystem.cpp,748,19797786022,6891111,2,
Physics::Step,C:\Users\ivanm\source\repos\myengine\engine\src\ecs\systems\PhysicsSystem.cpp,748,19818654575,6989288,2,
Physics::Step,C:\Users\ivanm\source\repos\myengine\engine\src\ecs\systems\PhysicsSystem.cpp,748,19837726413,7210438,2,
Physics::Step,C:\Users\ivanm\source\repos\myengine\engine\src\ecs\systems\PhysicsSystem.cpp,748,19844937122,7535686,2,
Physics::Step,C:\Users\ivanm\source\repos\myengine\engine\src\ecs\systems\PhysicsSystem.cpp,748,19864750560,6808965,2,
Physics::Step,C:\Users\ivanm\source\repos\myengine\engine\src\ecs\systems\PhysicsSystem.cpp,748,19884831386,7938512,2,
Physics::Step,C:\Users\ivanm\source\repos\myengine\engine\src\ecs\systems\PhysicsSystem.cpp,748,19904895661,6956946,2,
Physics::Step,C:\Users\ivanm\source\repos\myengine\engine\src\ecs\systems\PhysicsSystem.cpp,748,19911852888,6700168,2,
Physics::Step,C:\Users\ivanm\source\repos\myengine\engine\src\ecs\systems\PhysicsSystem.cpp,748,19930988397,7454141,2,
Physics::Step,C:\Users\ivanm\source\repos\myengine\engine\src\ecs\systems\PhysicsSystem.cpp,748,19952078933,6783606,2,
Physics::Step,C:\Users\ivanm\source\repos\myengine\engine\src\ecs\systems\PhysicsSystem.cpp,748,19972835694,7116550,2,
Physics::Step,C:\Users\ivanm\source\repos\myengine\engine\src\ecs\systems\PhysicsSystem.cpp,748,19979952274,6998575,2,
Physics::Step,C:\Users\ivanm\source\repos\myengine\engine\src\ecs\systems\PhysicsSystem.cpp,748,19999332498,6970442,2,
Physics::Step,C:\Users\ivanm\source\repos\myengine\engine\src\ecs\systems\PhysicsSystem.cpp,748,20019749043,7134133,2,
Physics::Step,C:\Users\ivanm\source\repos\myengine\engine\src\ecs\systems\PhysicsSystem.cpp,748,20039115732,7125867,2,
Physics::Step,C:\Users\ivanm\source\repos\myengine\engine\src\ecs\systems\PhysicsSystem.cpp,748,20046241729,6609496,2,
Physics::Step,C:\Users\ivanm\source\repos\myengine\engine\src\ecs\systems\PhysicsSystem.cpp,748,20064821181,6970031,2,
Physics::Step,C:\Users\ivanm\source\repos\myengine\engine\src\ecs\systems\PhysicsSystem.cpp,748,20085415293,6945565,2,
Physics::Step,C:\Users\ivanm\source\repos\myengine\engine\src\ecs\systems\PhysicsSystem.cpp,748,20104424472,7123473,2,
Physics::Step,C:\Users\ivanm\source\repos\myengine\engine\src\ecs\systems\PhysicsSystem.cpp,748,20111548055,7189458,2,
Physics::Step,C:\Users\ivanm\source\repos\myengine\engine\src\ecs\systems\PhysicsSystem.cpp,748,20131112730,6889157,2,
Physics::Step,C:\Users\ivanm\source\repos\myengine\engine\src\ecs\systems\PhysicsSystem.cpp,748,20151451988,6863899,2,
Physics::Step,C:\Users\ivanm\source\repos\myengine\engine\src\ecs\systems\PhysicsSystem.cpp,748,20170694581,7330135,2,
Physics::Step,C:\Users\ivanm\source\repos\myengine\engine\src\ecs\systems\PhysicsSystem.cpp,748,20178024997,6974679,2,
Physics::Step,C:\Users\ivanm\source\repos\myengine\engine\src\ecs\systems\PhysicsSystem.cpp,748,20198855248,7075651,2,
Physics::Step,C:\Users\ivanm\source\repos\myengine\engine\src\ecs\systems\PhysicsSystem.cpp,748,20219452947,7212652,2,
Physics::Step,C:\Users\ivanm\source\repos\myengine\engine\src\ecs\systems\PhysicsSystem.cpp,748,20238911861,7306060,2,
Physics::Step,C:\Users\ivanm\source\repos\myengine\engine\src\ecs\systems\PhysicsSystem.cpp,748,20246218091,6841356,2,
Physics::Step,C:\Users\ivanm\source\repos\myengine\engine\src\ecs\systems\PhysicsSystem.cpp,748,20265115948,6893796,2,
Physics::Step,C:\Users\ivanm\source\repos\myengine\engine\src\ecs\systems\PhysicsSystem.cpp,748,20285460857,6861725,2,
Physics::Step,C:\Users\ivanm\source\repos\myengine\engine\src\ecs\systems\PhysicsSystem.cpp,748,20304811845,7163810,2,
Physics::Step,C:\Users\ivanm\source\repos\myengine\engine\src\ecs\systems\PhysicsSystem.cpp,748,20311975785,6796251,2,
Physics::Step,C:\Users\ivanm\source\repos\myengine\engine\src\ecs\systems\PhysicsSystem.cpp,748,20331871349,6906771,2,
Physics::Step,C:\Users\ivanm\source\repos\myengine\engine\src\ecs\systems\PhysicsSystem.cpp,748,20353112091,6839212,2,
Physics::Step,C:\Users\ivanm\source\repos\myengine\engine\src\ecs\systems\PhysicsSystem.cpp,748,20372497966,7580632,2,
Physics::Step,C:\Users\ivanm\source\repos\myengine\engine\src\ecs\systems\PhysicsSystem.cpp,748,20380078728,6783266,2,
Physics::Step,C:\Users\ivanm\source\repos\myengine\engine\src\ecs\systems\PhysicsSystem.cpp,748,20399689200,7039844,2,
Physics::Step,C:\Users\ivanm\source\repos\myengine\engine\src\ecs\systems\PhysicsSystem.cpp,748,20419993742,7384519,2,
Physics::Step,C:\Users\ivanm\source\repos\myengine\engine\src\ecs\systems\PhysicsSystem.cpp,748,20427378301,6770872,2,
Physics::Step,C:\Users\ivanm\source\repos\myengine\engine\src\ecs\systems\PhysicsSystem.cpp,748,20446835772,7226018,2,
Physics::Step,C:\Users\ivanm\source\repos\myengine\engine\src\ecs\systems\PhysicsSystem.cpp,748,20466095056,7258290,2,
Physics::Step,C:\Users\ivanm\source\repos\myengine\engine\src\ecs\systems\PhysicsSystem.cpp,748,20487098687,7126850,2,
Physics::Step,C:\Users\ivanm\source\repos\myengine\engine\src\ecs\systems\PhysicsSystem.cpp,748,20494225567,6763027,2,
Physics::Step,C:\Users\ivanm\source\repos\myengine\engine\src\ecs\systems\PhysicsSystem.cpp,748,20513984922,8101572,2,
Physics::Step,C:\Users\ivanm\source\repos\myengine\engine\src\ecs\systems\PhysicsSystem.cpp,748,20534208629,6812772,2,
Physics::Step,C:\Users\ivanm\source\repos\myengine\engine\src\ecs\systems\PhysicsSystem.cpp,748,20553980739,6777114,2,
Physics::Step,C:\Users\ivanm\source\repos\myengine\engine\src\ecs\systems\PhysicsSystem.cpp,748,20560757893,7011470,2,
Physics::Step,C:\Users\ivanm\source\repos\myengine\engine\src\ecs\systems\PhysicsSystem.cpp,748,20581788675,6954081,2,
Physics::Step,C:\Users\ivanm\source\repos\myengine\engine\src\ecs\systems\PhysicsSystem.cpp,748,20601450435,7094949,2,
Physics::Step,C:\Users\ivanm\source\repos\myengine\engine\src\ecs\systems\PhysicsSystem.cpp,748,20621385164,7034233,2,
Physics::Step,C:\Users\ivanm\source\repos\myengine\engine\src\ecs\systems\PhysicsSystem.cpp,748,20628419547,6808754,2,
Physics::Step,C:\Users\ivanm\source\repos\myengine\engine\src\ecs\systems\PhysicsSystem.cpp,748,20647968372,7141928,2,
Physics::Step,C:\Users\ivanm\source\repos\myengine\engine\src\ecs\systems\PhysicsSystem.cpp,748,20667341152,7306000,2,
Physics::Step,C:\Users\ivanm\source\repos\myengine\engine\src\ecs\systems\PhysicsSystem.cpp,748,20687972573,6976884,2,
Physics::Step,C:\Users\ivanm\source\repos\myengine\engine\src\ecs\systems\PhysicsSystem.cpp,748,20694949568,6808413,2,
Physics::Step,C:\Users\ivanm\source\repos\myengine\engine\src\ecs\systems\PhysicsSystem.cpp,748,20715031055,7079660,2,
Physics::Step,C:\Users\ivanm\source\repos\myengine\engine\src\ecs\systems\PhysicsSystem.cpp,748,20734601000,6773548,2,
Physics::Step,C:\Users\ivanm\source\repos\myengine\engine\src\ecs\systems\PhysicsSystem.cpp,748,20755463673,6916700,2,
Physics::Step,C:\Users\ivanm\source\repos\myengine\engine\src\ecs\systems\PhysicsSystem.cpp,748,20762380493,6883787,2,
Physics::Step,C:\Users\ivanm\source\repos\myengine\engine\src\ecs\systems\PhysicsSystem.cpp,748,20783280687,7026749,2,
Physics::Step,C:\Users\ivanm\source\repos\myengine\engine\src\ecs\systems\PhysicsSystem.cpp,748,20805111951,17358257,2,
Physics::Step,C:\Users\ivanm\source\repos\myengine\engine\src\ecs\systems\PhysicsSystem.cpp,748,20822470379,8798417,2,
Physics::Step,C:\Users\ivanm\source\repos\myengine\engine\src\ecs\systems\PhysicsSystem.cpp,748,20849458599,10862234,2,
Physics::Step,C:\Users\ivanm\source\repos\myengine\engine\src\ecs\systems\PhysicsSystem.cpp,748,20860321224,7959141,2,
Physics::Step,C:\Users\ivanm\source\repos\myengine\engine\src\ecs\systems\PhysicsSystem.cpp,748,20886540635,9787647,2,
Physics::Step,C:\Users\ivanm\source\repos\myengine\engine\src\ecs\systems\PhysicsSystem.cpp,748,20896328383,7393385,2,
Physics::Step,C:\Users\ivanm\source\repos\myengine\engine\src\ecs\systems\PhysicsSystem.cpp,748,20917392498,7362758,2,
Physics::Step,C:\Users\ivanm\source\repos\myengine\engine\src\ecs\systems\PhysicsSystem.cpp,748,20924755416,7293346,2,
Physics::Step,C:\Users\ivanm\source\repos\myengine\engine\src\ecs\systems\PhysicsSystem.cpp,748,20946057454,7799067,2,
Physics::Step,C:\Users\ivanm\source\repos\myengine\engine\src\ecs\systems\PhysicsSystem.cpp,748,20953856692,6927490,2,
Physics::Step,C:\Users\ivanm\source\repos\myengine\engine\src\ecs\systems\PhysicsSystem.cpp,748,20973444641,7920899,2,
Physics::Step,C:\Users\ivanm\source\repos\myengine\engine\src\ecs\systems\PhysicsSystem.cpp,748,20981365710,7443351,2,
Physics::Step,C:\Users\ivanm\source\repos\myengine\engine\src\ecs\systems\PhysicsSystem.cpp,748,21001224133,7262127,2,
Physics::Step,C:\Users\ivanm\source\repos\myengine\engine\src\ecs\systems\PhysicsSystem.cpp,748,21022135569,7337169,2,
Physics::Step,C:\Users\ivanm\source\repos\myengine\engine\src\ecs\systems\PhysicsSystem.cpp,748,21029472768,7103865,2,
Physics::Step,C:\Users\ivanm\source\repos\myengine\engine\src\ecs\systems\PhysicsSystem.cpp,748,21049602688,8402504,2,
Physics::Step,C:\Users\ivanm\source\repos\myengine\engine\src\ecs\systems\PhysicsSystem.cpp,748,21070799686,7671735,2,
Physics::Step,C:\Users\ivanm\source\repos\myengine\engine\src\ecs\systems\PhysicsSystem.cpp,748,21078471441,6973227,2,
Physics::Step,C:\Users\ivanm\source\repos\myengine\engine\src\ecs\systems\PhysicsSystem.cpp,748,21098022891,6959851,2,
Physics::Step,C:\Users\ivanm\source\repos\myengine\engine\src\ecs\systems\PhysicsSystem.cpp,748,21118944330,7124675,2,
Physics::Step,C:\Users\ivanm\source\repos\myengine\engine\src\ecs\systems\PhysicsSystem.cpp,748,21138344563,7357708,2,
Physics::Step,C:\Users\ivanm\source\repos\myengine\engine\src\ecs\systems\PhysicsSystem.cpp,748,21145702401,6612040,2,
Physics::Step,C:\Users\ivanm\source\repos\myengine\engine\src\ecs\systems\PhysicsSystem.cpp,748,21164596842,6768167,2,
Physics::Step,C:\Users\ivanm\source\repos\myengine\engine\src\ecs\systems\PhysicsSystem.cpp,748,21185754463,6931037,2,
Physics::Step,C:\Users\ivanm\source\repos\myengine\engine\src\ecs\systems\PhysicsSystem.cpp,748,21204986506,7542560,2,
Physics::Step,C:\Users\ivanm\source\repos\myengine\engine\src\ecs\systems\PhysicsSystem.cpp,748,21212529516,6937530,2,
Physics::Step,C:\Users\ivanm\source\repos\myengine\engine\src\ecs\systems\PhysicsSystem.cpp,748,21232763995,6811259,2,
Physics::Step,C:\Users\ivanm\source\repos\myengine\engine\src\ecs\systems\PhysicsSystem.cpp,748,21253042747,7004256,2,
Physics::Step,C:\Users\ivanm\source\repos\myengine\engine\src\ecs\systems\PhysicsSystem.cpp,748,21272596261,7012051,2,
Physics::Step,C:\Users\ivanm\source\repos\myengine\engine\src\ecs\systems\PhysicsSystem.cpp,748,21279608462,7662981,2,
Physics::Step,C:\Users\ivanm\source\repos\myengine\engine\src\ecs\systems\PhysicsSystem.cpp,748,21299324687,6867717,2,
Physics::Step,C:\Users\ivanm\source\repos\myengine\engine\src\ecs\systems\PhysicsSystem.cpp,748,21319592028,7040525,2,
Physics::Step,C:\Users\ivanm\source\repos\myengine\engine\src\ecs\systems\PhysicsSystem.cpp,748,21338991109,7919987,2,
Physics::Step,C:\Users\ivanm\source\repos\myengine\engine\src\ecs\systems\PhysicsSystem.cpp,748,21346911216,6893535,2,
Physics::Step,C:\Users\ivanm\source\repos\myengine\engine\src\ecs\systems\PhysicsSystem.cpp,748,21365827258,6828091,2,
Physics::Step,C:\Users\ivanm\source\repos\myengine\engine\src\ecs\systems\PhysicsSystem.cpp,748,21386799499,7002943,2,
Physics::Step,C:\Users\ivanm\source\repos\myengine\engine\src\ecs\systems\PhysicsSystem.cpp,748,21393802482,6724825,2,
Physics::Step,C:\Users\ivanm\source\repos\myengine\engine\src\ecs\systems\PhysicsSystem.cpp,748,21413525779,6875902,2,
Physics::Step,C:\Users\ivanm\source\repos\myengine\engine\src\ecs\systems\PhysicsSystem.cpp,748,21433301616,7075451,2,
Physics::Step,C:\Users\ivanm\source\repos\myengine\engine\src\ecs\systems\PhysicsSystem.cpp,748,21453283544,6905067,2,
Physics::Step,C:\Users\ivanm\source\repos\myengine\engine\src\ecs\systems\PhysicsSystem.cpp,748,21460188641,6984248,2,
Physics::Step,C:\Users\ivanm\source\repos\myengine\engine\src\ecs\systems\PhysicsSystem.cpp,748,21480028319,7867763,2,
Physics::Step,C:\Users\ivanm\source\repos\myengine\engine\src\ecs\systems\PhysicsSystem.cpp,748,21499781308,6998344,2,
Physics::Step,C:\Users\ivanm\source\repos\myengine\engine\src\ecs\systems\PhysicsSystem.cpp,748,21519785088,6910097,2,
Physics::Step,C:\Users\ivanm\source\repos\myengine\engine\src\ecs\systems\PhysicsSystem.cpp,748,21526695315,6856335,2,
Physics::Step,C:\Users\ivanm\source\repos\myengine\engine\src\ecs\systems\PhysicsSystem.cpp,748,21546256658,6815588,2,
Physics::Step,C:\Users\ivanm\source\repos\myengine\engine\src\ecs\systems\PhysicsSystem.cpp,748,21565688541,6940184,2,
Physics::Step,C:\Users\ivanm\source\repos\myengine\engine\src\ecs\systems\PhysicsSystem.cpp,748,21585746764,7417963,2,
Physics::Step,C:\Users\ivanm\source\repos\myengine\engine\src\ecs\systems\PhysicsSystem.cpp,748,21605710438,7074770,2,
Physics::Step,C:\Users\ivanm\source\repos\myengine\engine\src\ecs\systems\PhysicsSystem.cpp,748,21612785599,6921378,2,
Physics::Step,C:\Users\ivanm\source\repos\myengine\engine\src\ecs\systems\PhysicsSystem.cpp,748,21631840615,6925606,2,
Physics::Step,C:\Users\ivanm\source\repos\myengine\engine\src\ecs\systems\PhysicsSystem.cpp,748,21652483951,6789808,2,
Physics::Step,C:\Users\ivanm\source\repos\myengine\engine\src\ecs\systems\PhysicsSystem.cpp,748,21671529268,7180541,2,
Physics::Step,C:\Users\ivanm\source\repos\myengine\engine\src\ecs\systems\PhysicsSystem.cpp,748,21678709960,7020076,2,
Physics::Step,C:\Users\ivanm\source\repos\myengine\engine\src\ecs\systems\PhysicsSystem.cpp,748,21698489201,7035736,2,
Physics::Step,C:\Users\ivanm\source\repos\myengine\engine\src\ecs\systems\PhysicsSystem.cpp,748,21719304944,7312212,2,
Physics::Step,C:\Users\ivanm\source\repos\myengine\engine\src\ecs\systems\PhysicsSystem.cpp,748,21739754822,7345555,2,
Physics::Step,C:\Users\ivanm\source\repos\myengine\engine\src\ecs\systems\PhysicsSystem.cpp,748,21747100537,6888166,2,
Physics::Step,C:\Users\ivanm\source\repos\myengine\engine\src\ecs\systems\PhysicsSystem.cpp,748,21766435356,6984077,2,
Physics::Step,C:\Users\ivanm\source\repos\myengine\engine\src\ecs\systems\PhysicsSystem.cpp,748,21786368401,8339234,2,
Physics::Step,C:\Users\ivanm\source\repos\myengine\engine\src\ecs\systems\PhysicsSystem.cpp,748,21809281372,9370845,2,
Physics::Step,C:\Users\ivanm\source\repos\myengine\engine\src\ecs\systems\PhysicsSystem.cpp,748,21818652327,7431598,2,
Physics::Step,C:\Users\ivanm\source\repos\myengine\engine\src\ecs\systems\PhysicsSystem.cpp,748,21839374683,7544834,2,
Physics::Step,C:\Users\ivanm\source\repos\myengine\engine\src\ecs\systems\PhysicsSystem.cpp,748,21846919627,7338211,2,
Physics::Step,C:\Users\ivanm\source\repos\myengine\engine\src\ecs\systems\PhysicsSystem.cpp,748,21867225942,7147769,2,
Physics::Step,C:\Users\ivanm\source\repos\myengine\engine\src\ecs\systems\PhysicsSystem.cpp,748,21888199716,8255184,2,
Physics::Step,C:\Users\ivanm\source\repos\myengine\engine\src\ecs\systems\PhysicsSystem.cpp,748,21896455000,7029695,2,
Physics::Step,C:\Users\ivanm\source\repos\myengine\engine\src\ecs\systems\PhysicsSystem.cpp,748,21920906857,10366708,2,
Physics::Step,C:\Users\ivanm\source\repos\myengine\engine\src\ecs\systems\PhysicsSystem.cpp,748,21931273665,9805782,2,
Physics::Step,C:\Users\ivanm\source\repos\myengine\engine\src\ecs\systems\PhysicsSystem.cpp,748,21957480237,7026218,2,
Physics::Step,C:\Users\ivanm\source\repos\myengine\engine\src\ecs\systems\PhysicsSystem.cpp,748,21964506505,6592814,2,
Physics::Step,C:\Users\ivanm\source\repos\myengine\engine\src\ecs\systems\PhysicsSystem.cpp,748,21985700829,7069359,2,
Physics::Step,C:\Users\ivanm\source\repos\myengine\engine\src\ecs\systems\PhysicsSystem.cpp,748,22006652901,7248270,2,
Physics::Step,C:\Users\ivanm\source\repos\myengine\engine\src\ecs\systems\PhysicsSystem.cpp,748,22013901191,7541407,2,
Physics::Step,C:\Users\ivanm\source\repos\myengine\engine\src\ecs\systems\PhysicsSystem.cpp,748,22035290134,7645185,2,
Physics::Step,C:\Users\ivanm\source\repos\myengine\engine\src\ecs\systems\PhysicsSystem.cpp,748,22057904477,7262881,2,
Physics::Step,C:\Users\ivanm\source\repos\myengine\engine\src\ecs\systems\PhysicsSystem.cpp,748,22065167468,7812202,2,
Physics::Step,C:\Users\ivanm\source\repos\myengine\engine\src\ecs\systems\PhysicsSystem.cpp,748,22092449284,10344627,2,
Physics::Step,C:\Users\ivanm\source\repos\myengine\engine\src\ecs\systems\PhysicsSystem.cpp,748,22102794081,9974323,2,
Physics::Step,C:\Users\ivanm\source\repos\myengine\engine\src\ecs\systems\PhysicsSystem.cpp,748,22131678334,10091074,2,
Physics::Step,C:\Users\ivanm\source\repos\myengine\engine\src\ecs\systems\PhysicsSystem.cpp,748,22141769529,8395190,2,
Physics::Step,C:\Users\ivanm\source\repos\myengine\engine\src\ecs\systems\PhysicsSystem.cpp,748,22168560372,10669864,2,
Physics::Step,C:\Users\ivanm\source\repos\myengine\engine\src\ecs\systems\PhysicsSystem.cpp,748,22179230397,10014489,2,
Physics::Step,C:\Users\ivanm\source\repos\myengine\engine\src\ecs\systems\PhysicsSystem.cpp,748,22203778867,6940985,2,
Physics::Step,C:\Users\ivanm\source\repos\myengine\engine\src\ecs\systems\PhysicsSystem.cpp,748,22210720013,7410518,2,
Physics::Step,C:\Users\ivanm\source\repos\myengine\engine\src\ecs\systems\PhysicsSystem.cpp,748,22218130972,7561756,2,
Physics::Step,C:\Users\ivanm\source\repos\myengine\engine\src\ecs\systems\PhysicsSystem.cpp,748,22238444701,7281774,2,
Physics::Step,C:\Users\ivanm\source\repos\myengine\engine\src\ecs\systems\PhysicsSystem.cpp,748,22245726645,7144072,2,
Physics::Step,C:\Users\ivanm\source\repos\myengine\engine\src\ecs\systems\PhysicsSystem.cpp,748,22266492428,11222295,2,
Physics::Step,C:\Users\ivanm\source\repos\myengine\engine\src\ecs\systems\PhysicsSystem.cpp,748,22298139253,10585454,2,
Physics::Step,C:\Users\ivanm\source\repos\myengine\engine\src\ecs\systems\PhysicsSystem.cpp,748,22308725238,8915610,2,
Physics::Step,C:\Users\ivanm\source\repos\myengine\engine\src\ecs\systems\PhysicsSystem.cpp,748,22337520352,9933314,2,
Physics::Step,C:\Users\ivanm\source\repos\myengine\engine\src\ecs\systems\PhysicsSystem.cpp,748,22347454047,7272426,2,
Physics::Step,C:\Users\ivanm\source\repos\myengine\engine\src\ecs\systems\PhysicsSystem.cpp,748,22354726563,6867266,2,
Physics::Step,C:\Users\ivanm\source\repos\myengine\engine\src\ecs\systems\PhysicsSystem.cpp,748,22374269397,9942076,2,
Physics::Step,C:\Users\ivanm\source\repos\myengine\engine\src\ecs\systems\PhysicsSystem.cpp,748,22384211523,6973588,2,
Physics::Step,C:\Users\ivanm\source\repos\myengine\engine\src\ecs\systems\PhysicsSystem.cpp,748,22403504361,7151556,2,
Physics::Step,C:\Users\ivanm\source\repos\myengine\engine\src\ecs\systems\PhysicsSystem.cpp,748,22410656188,8171455,2,
Physics::Step,C:\Users\ivanm\source\repos\myengine\engine\src\ecs\systems\PhysicsSystem.cpp,748,22433066563,7386322,2,
Physics::Step,C:\Users\ivanm\source\repos\myengine\engine\src\ecs\systems\PhysicsSystem.cpp,748,22457325990,9999230,2,
Physics::Step,C:\Users\ivanm\source\repos\myengine\engine\src\ecs\systems\PhysicsSystem.cpp,748,22467325480,7912483,2,
Physics::Step,C:\Users\ivanm\source\repos\myengine\engine\src\ecs\systems\PhysicsSystem.cpp,748,22490758493,11423638,2,
Physics::Step,C:\Users\ivanm\source\repos\myengine\engine\src\ecs\systems\PhysicsSystem.cpp,748,22502182291,13956924,2,
Physics::Step,C:\Users\ivanm\source\repos\myengine\engine\src\ecs\systems\PhysicsSystem.cpp,748,22533186184,6872916,2,
Physics::Step,C:\Users\ivanm\source\repos\myengine\engine\src\ecs\systems\PhysicsSystem.cpp,748,22540059130,7988287,2,
Physics::Step,C:\Users\ivanm\source\repos\myengine\engine\src\ecs\systems\PhysicsSystem.cpp,748,22560681626,7118113,2,
Physics::Step,C:\Users\ivanm\source\repos\myengine\engine\src\ecs\systems\PhysicsSystem.cpp,748,22567799759,6744031,2,
Physics::Step,C:\Users\ivanm\source\repos\myengine\engine\src\ecs\systems\PhysicsSystem.cpp,748,22587373972,6968738,2,
Physics::Step,C:\Users\ivanm\source\repos\myengine\engine\src\ecs\systems\PhysicsSystem.cpp,748,22594342761,6626427,2,
Physics::Step,C:\Users\ivanm\source\repos\myengine\engine\src\ecs\systems\PhysicsSystem.cpp,748,22614227504,6941036,2,
Physics::Step,C:\Users\ivanm\source\repos\myengine\engine\src\ecs\systems\PhysicsSystem.cpp,748,22633447153,6749302,2,
Physics::Step,C:\Users\ivanm\source\repos\myengine\engine\src\ecs\systems\PhysicsSystem.cpp,748,22653244661,6814094,2,
Physics::Step,C:\Users\ivanm\source\repos\myengine\engine\src\ecs\systems\PhysicsSystem.cpp,748,22660058776,7028832,2,
Physics::Step,C:\Users\ivanm\source\repos\myengine\engine\src\ecs\systems\PhysicsSystem.cpp,748,22679837978,7204046,2,
Physics::Step,C:\Users\ivanm\source\repos\myengine\engine\src\ecs\systems\PhysicsSystem.cpp,748,22699189508,6962407,2,
Physics::Step,C:\Users\ivanm\source\repos\myengine\engine\src\ecs\systems\PhysicsSystem.cpp,748,22720273892,6978718,2,
Physics::Step,C:\Users\ivanm\source\repos\myengine\engine\src\ecs\systems\PhysicsSystem.cpp,748,22727252730,6767666,2,
Physics::Step,C:\Users\ivanm\source\repos\myengine\engine\src\ecs\systems\PhysicsSystem.cpp,748,22747030480,6944222,2,
Physics::Step,C:\Users\ivanm\source\repos\myengine\engine\src\ecs\systems\PhysicsSystem.cpp,748,22768035984,6956055,2,
Physics::Step,C:\Users\ivanm\source\repos\myengine\engine\src\ecs\systems\PhysicsSystem.cpp,748,22788184059,7624745,2,
Physics::Step,C:\Users\ivanm\source\repos\myengine\engine\src\ecs\systems\PhysicsSystem.cpp,748,22795808964,6821539,2,
Physics::Step,C:\Users\ivanm\source\repos\myengine\engine\src\ecs\systems\PhysicsSystem.cpp,748,22815321260,7174409,2,
Physics::Step,C:\Users\ivanm\source\repos\myengine\engine\src\ecs\systems\PhysicsSystem.cpp,748,22834940108,7024775,2,
Physics::Step,C:\Users\ivanm\source\repos\myengine\engine\src\ecs\systems\PhysicsSystem.cpp,748,22854779044,6717912,2,
Physics::Step,C:\Users\ivanm\source\repos\myengine\engine\src\ecs\systems\PhysicsSystem.cpp,748,22861497006,6787093,2,
Physics::Step,C:\Users\ivanm\source\repos\myengine\engine\src\ecs\systems\PhysicsSystem.cpp,748,22880792520,7350644,2,
Physics::Step,C:\Users\ivanm\source\repos\myengine\engine\src\ecs\systems\PhysicsSystem.cpp,748,22900618952,7033983,2,
Physics::Step,C:\Users\ivanm\source\repos\myengine\engine\src\ecs\systems\PhysicsSystem.cpp,748,22921305631,7807543,2,
Physics::Step,C:\Users\ivanm\source\repos\myengine\engine\src\ecs\systems\PhysicsSystem.cpp,748,22929113304,6972416,2,
Physics::Step,C:\Users\ivanm\source\repos\myengine\engine\src\ecs\systems\PhysicsSystem.cpp,748,22949301545,6923602,2,
Physics::Step,C:\Users\ivanm\source\repos\myengine\engine\src\ecs\systems\PhysicsSystem.cpp,748,22969505185,7430276,2,
Physics::Step,C:\Users\ivanm\source\repos\myengine\engine\src\ecs\systems\PhysicsSystem.cpp,748,22990089909,6986572,2,
Physics::Step,C:\Users\ivanm\source\repos\myengine\engine\src\ecs\systems\PhysicsSystem.cpp,748,22997076642,6853108,2,
Physics::Step,C:\Users\ivanm\source\repos\myengine\engine\src\ecs\systems\PhysicsSystem.cpp,748,23016718784,7235015,2,
Physics::Step,C:\Users\ivanm\source\repos\myengine\engine\src\ecs\systems\PhysicsSystem.cpp,748,23036234145,7070051,2,
Physics::Step,C:\Users\ivanm\source\repos\myengine\engine\src\ecs\systems\PhysicsSystem.cpp,748,23056365458,6840544,2,
Physics::Step,C:\Users\ivanm\source\repos\myengine\engine\src\ecs\systems\PhysicsSystem.cpp,748,23063206403,6721559,2,
Physics::Step,C:\Users\ivanm\source\repos\myengine\engine\src\ecs\systems\PhysicsSystem.cpp,748,23083110534,6895609,2,
Physics::Step,C:\Users\ivanm\source\repos\myengine\engine\src\ecs\systems\PhysicsSystem.cpp,748,23102332545,6854521,2,
Physics::Step,C:\Users\ivanm\source\repos\myengine\engine\src\ecs\systems\PhysicsSystem.cpp,748,23122808422,6823403,2,
Physics::Step,C:\Users\ivanm\source\repos\myengine\engine\src\ecs\systems\PhysicsSystem.cpp,748,23129631855,6663568,2,
Physics::Step,C:\Users\ivanm\source\repos\myengine\engine\src\ecs\systems\PhysicsSystem.cpp,748,23148993774,7074580,2,
Physics::Step,C:\Users\ivanm\source\repos\myengine\engine\src\ecs\systems\PhysicsSystem.cpp,748,23168371764,6750514,2,
Physics::Step,C:\Users\ivanm\source\repos\myengine\engine\src\ecs\systems\PhysicsSystem.cpp,748,23187616080,7014837,2,
Physics::Step,C:\Users\ivanm\source\repos\myengine\engine\src\ecs\systems\PhysicsSystem.cpp,748,23194631027,6839222,2,
Physics::Step,C:\Users\ivanm\source\repos\myengine\engine\src\ecs\systems\PhysicsSystem.cpp,748,23214373911,6978316,2,
Physics::Step,C:\Users\ivanm\source\repos\myengine\engine\src\ecs\systems\PhysicsSystem.cpp,748,23233702036,8449754,2,
Physics::Step,C:\Users\ivanm\source\repos\myengine\engine\src\ecs\systems\PhysicsSystem.cpp,748,23256900810,8193679,2,
Physics::Step,C:\Users\ivanm\source\repos\myengine\engine\src\ecs\systems\PhysicsSystem.cpp,748,23265094830,7007923,2,
Physics::Step,C:\Users\ivanm\source\repos\myengine\engine\src\ecs\systems\PhysicsSystem.cpp,748,23285627455,6622210,2,
Physics::Step,C:\Users\ivanm\source\repos\myengine\engine\src\ecs\systems\PhysicsSystem.cpp,748,23304685998,7105378,2,
Physics::Step,C:\Users\ivanm\source\repos\myengine\engine\src\ecs\systems\PhysicsSystem.cpp,748,23311791477,8244023,2,
Physics::Step,C:\Users\ivanm\source\repos\myengine\engine\src\ecs\systems\PhysicsSystem.cpp,748,23332620841,6787785,2,
Physics::Step,C:\Users\ivanm\source\repos\myengine\engine\src\ecs\systems\PhysicsSystem.cpp,748,23353611597,6733732,2,
Physics::Step,C:\Users\ivanm\source\repos\myengine\engine\src\ecs\systems\PhysicsSystem.cpp,748,23360345379,6967186,2,
Physics::Step,C:\Users\ivanm\source\repos\myengine\engine\src\ecs\systems\PhysicsSystem.cpp,748,23379987792,7076283,2,
Physics::Step,C:\Users\ivanm\source\repos\myengine\engine\src\ecs\systems\PhysicsSystem.cpp,748,23399202963,6914345,2,
Physics::Step,C:\Users\ivanm\source\repos\myengine\engine\src\ecs\systems\PhysicsSystem.cpp,748,23421133781,8471015,2,
Physics::Step,C:\Users\ivanm\source\repos\myengine\engine\src\ecs\systems\PhysicsSystem.cpp,748,23429604916,7716180,2,
Physics::Step,C:\Users\ivanm\source\repos\myengine\engine\src\ecs\systems\PhysicsSystem.cpp,748,23450801193,6763288,2,
Physics::Step,C:\Users\ivanm\source\repos\myengine\engine\src\ecs\systems\PhysicsSystem.cpp,748,23469638916,7040385,2,
Physics::Step,C:\Users\ivanm\source\repos\myengine\engine\src\ecs\systems\PhysicsSystem.cpp,748,23490809644,6894638,2,
Physics::Step,C:\Users\ivanm\source\repos\myengine\engine\src\ecs\systems\PhysicsSystem.cpp,748,23497704382,6697964,2,
Physics::Step,C:\Users\ivanm\source\repos\myengine\engine\src\ecs\systems\PhysicsSystem.cpp,748,23517111728,7073608,2,
Physics::Step,C:\Users\ivanm\source\repos\myengine\engine\src\ecs\systems\PhysicsSystem.cpp,748,23539874203,9181793,2,
Physics::Step,C:\Users\ivanm\source\repos\myengine\engine\src\ecs\systems\PhysicsSystem.cpp,748,23549056106,7379540,2,
Physics::Step,C:\Users\ivanm\source\repos\myengine\engine\src\ecs\systems\PhysicsSystem.cpp,748,23568898429,7039273,2,
Physics::Step,C:\Users\ivanm\source\repos\myengine\engine\src\ecs\systems\PhysicsSystem.cpp,748,23589330744,6880821,2,
Physics::Step,C:\Users\ivanm\source\repos\myengine\engine\src\ecs\systems\PhysicsSystem.cpp,748,23596211595,6953089,2,
Physics::Step,C:\Users\ivanm\source\repos\myengine\engine\src\ecs\systems\PhysicsSystem.cpp,748,23616276441,7162968,2,
Physics::Step,C:\Users\ivanm\source\repos\myengine\engine\src\ecs\systems\PhysicsSystem.cpp,748,23639723066,7965634,2,
Physics::Step,C:\Users\ivanm\source\repos\myengine\engine\src\ecs\systems\PhysicsSystem.cpp,748,23647688941,6961785,2,
Physics::Step,C:\Users\ivanm\source\repos\myengine\engine\src\ecs\systems\PhysicsSystem.cpp,748,23667111806,7080872,2,
Physics::Step,C:\Users\ivanm\source\repos\myengine\engine\src\ecs\systems\PhysicsSystem.cpp,748,23687544812,7241226,2,
Physics::Step,C:\Users\ivanm\source\repos\myengine\engine\src\ecs\systems\PhysicsSystem.cpp,748,23694786088,7060233,2,
Physics::Step,C:\Users\ivanm\source\repos\myengine\engine\src\ecs\systems\PhysicsSystem.cpp,748,23714495629,7053510,2,
Physics::Step,C:\Users\ivanm\source\repos\myengine\engine\src\ecs\systems\PhysicsSystem.cpp,748,23734428033,7176143,2,
Physics::Step,C:\Users\ivanm\source\repos\myengine\engine\src\ecs\systems\PhysicsSystem.cpp,748,23755320533,7233111,2,
Physics::Step,C:\Users\ivanm\source\repos\myengine\engine\src\ecs\systems\PhysicsSystem.cpp,748,23762553674,6906580,2,
Physics::Step,C:\Users\ivanm\source\repos\myengine\engine\src\ecs\systems\PhysicsSystem.cpp,748,23783542226,7274680,2,
Physics::Step,C:\Users\ivanm\source\repos\myengine\engine\src\ecs\systems\PhysicsSystem.cpp,748,23804726249,7061295,2,
Physics::Step,C:\Users\ivanm\source\repos\myengine\engine\src\ecs\systems\PhysicsSystem.cpp,748,23811787694,6796812,2,
Physics::Step,C:\Users\ivanm\source\repos\myengine\engine\src\ecs\systems\PhysicsSystem.cpp,748,23830685832,6810878,2,
Physics::Step,C:\Users\ivanm\source\repos\myengine\engine\src\ecs\systems\PhysicsSystem.cpp,748,23851179293,7316449,2,
Physics::Step,C:\Users\ivanm\source\repos\myengine\engine\src\ecs\systems\PhysicsSystem.cpp,748,23872627128,7511390,2,
Physics::Step,C:\Users\ivanm\source\repos\myengine\engine\src\ecs\systems\PhysicsSystem.cpp,748,23880138669,6684077,2,
Physics::Step,C:\Users\ivanm\source\repos\myengine\engine\src\ecs\systems\PhysicsSystem.cpp,748,23899626508,7383386,2,
Physics::Step,C:\Users\ivanm\source\repos\myengine\engine\src\ecs\systems\PhysicsSystem.cpp,748,23920904219,7560324,2,
Physics::Step,C:\Users\ivanm\source\repos\myengine\engine\src\ecs\systems\PhysicsSystem.cpp,748,23928464703,7015177,2,
Physics::Step,C:\Users\ivanm\source\repos\myengine\engine\src\ecs\systems\PhysicsSystem.cpp,748,23948846491,7756517,2,
Physics::Step,C:\Users\ivanm\source\repos\myengine\engine\src\ecs\systems\PhysicsSystem.cpp,748,23969273867,7600549,2,
Physics::Step,C:\Users\ivanm\source\repos\myengine\engine\src\ecs\systems\PhysicsSystem.cpp,748,23990991024,7350734,2,
Physics::Step,C:\Users\ivanm\source\repos\myengine\engine\src\ecs\systems\PhysicsSystem.cpp,748,23998341889,7226238,2,
Physics::Step,C:\Users\ivanm\source\repos\myengine\engine\src\ecs\systems\PhysicsSystem.cpp,748,24019778282,7445565,2,
Physics::Step,C:\Users\ivanm\source\repos\myengine\engine\src\ecs\systems\PhysicsSystem.cpp,748,24039960431,8049213,2,
Physics::Step,C:\Users\ivanm\source\repos\myengine\engine\src\ecs\systems\PhysicsSystem.cpp,748,24048009754,6964190,2,
Physics::Step,C:\Users\ivanm\source\repos\myengine\engine\src\ecs\systems\PhysicsSystem.cpp,748,24067709867,7192333,2,
Physics::Step,C:\Users\ivanm\source\repos\myengine\engine\src\ecs\systems\PhysicsSystem.cpp,748,24089207549,6796731,2,
Physics::Step,C:\Users\ivanm\source\repos\myengine\engine\src\ecs\systems\PhysicsSystem.cpp,748,24096004400,6732319,2,
Physics::Step,C:\Users\ivanm\source\repos\myengine\engine\src\ecs\systems\PhysicsSystem.cpp,748,24115847274,6844493,2,
Physics::Step,C:\Users\ivanm\source\repos\myengine\engine\src\ecs\systems\PhysicsSystem.cpp,748,24135891030,7195009,2,
Physics::Step,C:\Users\ivanm\source\repos\myengine\engine\src\ecs\systems\PhysicsSystem.cpp,748,24155600571,6811349,2,
Physics::Step,C:\Users\ivanm\source\repos\myengine\engine\src\ecs\systems\PhysicsSystem.cpp,748,24162412030,6678868,2,
Physics::Step,C:\Users\ivanm\source\repos\myengine\engine\src\ecs\systems\PhysicsSystem.cpp,748,24181965905,6967877,2,
Physics::Step,C:\Users\ivanm\source\repos\myengine\engine\src\ecs\systems\PhysicsSystem.cpp,748,24201060967,6965092,2,
Physics::Step,C:\Users\ivanm\source\repos\myengine\engine\src\ecs\systems\PhysicsSystem.cpp,748,24221004142,6889578,2,
Physics::Step,C:\Users\ivanm\source\repos\myengine\engine\src\ecs\systems\PhysicsSystem.cpp,748,24227893740,6817871,2,
Physics::Step,C:\Users\ivanm\source\repos\myengine\engine\src\ecs\systems\PhysicsSystem.cpp,748,24249465170,6852297,2,
Physics::Step,C:\Users\ivanm\source\repos\myengine\engine\src\ecs\systems\PhysicsSystem.cpp,748,24269016419,6955293,2,
Physics::Step,C:\Users\ivanm\source\repos\myengine\engine\src\ecs\systems\PhysicsSystem.cpp,748,24292163044,7279915,2,
Physics::Step,C:\Users\ivanm\source\repos\myengine\engine\src\ecs\systems\PhysicsSystem.cpp,748,24299442999,6973268,2,
Physics::Step,C:\Users\ivanm\source\repos\myengine\engine\src\ecs\systems\PhysicsSystem.cpp,748,24321493405,7675192,2,
Physics::Step,C:\Users\ivanm\source\repos\myengine\engine\src\ecs\systems\PhysicsSystem.cpp,748,24329168697,7254572,2,
Physics::Step,C:\Users\ivanm\source\repos\myengine\engine\src\ecs\systems\PhysicsSystem.cpp,748,24348547659,7419065,2,
Physics::Step,C:\Users\ivanm\source\repos\myengine\engine\src\ecs\systems\PhysicsSystem.cpp,748,24368028835,6889548,2,
Physics::Step,C:\Users\ivanm\source\repos\myengine\engine\src\ecs\systems\PhysicsSystem.cpp,748,24387811435,6951966,2,
Physics::Step,C:\Users\ivanm\source\repos\myengine\engine\src\ecs\systems\PhysicsSystem.cpp,748,24394763431,6790460,2,
Physics::Step,C:\Users\ivanm\source\repos\myengine\engine\src\ecs\systems\PhysicsSystem.cpp,748,24414583061,6870502,2,
Physics::Step,C:\Users\ivanm\source\repos\myengine\engine\src\ecs\systems\PhysicsSystem.cpp,748,24433640432,6789367,2,
Physics::Step,C:\Users\ivanm\source\repos\myengine\engine\src\ecs\systems\PhysicsSystem.cpp,748,24453652187,6722099,2,
Physics::Step,C:\Users\ivanm\source\repos\myengine\engine\src\ecs\systems\PhysicsSystem.cpp,748,24460374326,6856776,2,
Physics::Step,C:\Users\ivanm\source\repos\myengine\engine\src\ecs\systems\PhysicsSystem.cpp,748,24479774248,7189769,2,
Physics::Step,C:\Users\ivanm\source\repos\myengine\engine\src\ecs\systems\PhysicsSystem.cpp,748,24499409658,6870341,2,
Physics::Step,C:\Users\ivanm\source\repos\myengine\engine\src\ecs\systems\PhysicsSystem.cpp,748,24520680727,9756759,2,
Physics::Step,C:\Users\ivanm\source\repos\myengine\engine\src\ecs\systems\PhysicsSystem.cpp,748,24530437596,6939663,2,
Physics::Step,C:\Users\ivanm\source\repos\myengine\engine\src\ecs\systems\PhysicsSystem.cpp,748,24550042968,7282876,2,
Physics::Step,C:\Users\ivanm\source\repos\myengine\engine\src\ecs\systems\PhysicsSystem.cpp,748,24574558574,8537280,2,
Physics::Step,C:\Users\ivanm\source\repos\myengine\engine\src\ecs\systems\PhysicsSystem.cpp,748,24583096005,9948112,2,
Physics::Step,C:\Users\ivanm\source\repos\myengine\engine\src\ecs\systems\PhysicsSystem.cpp,748,24608175424,7488727,2,
Physics::Step,C:\Users\ivanm\source\repos\myengine\engine\src\ecs\systems\PhysicsSystem.cpp,748,24615664752,6972506,2,
Physics::Step,C:\Users\ivanm\source\repos\myengine\engine\src\ecs\systems\PhysicsSystem.cpp,748,24634949876,6980972,2,
Physics::Step,C:\Users\ivanm\source\repos\myengine\engine\src\ecs\systems\PhysicsSystem.cpp,748,24656136514,6830666,2,
Physics::Step,C:\Users\ivanm\source\repos\myengine\engine\src\ecs\systems\PhysicsSystem.cpp,748,24662967210,6819686,2,
Physics::Step,C:\Users\ivanm\source\repos\myengine\engine\src\ecs\systems\PhysicsSystem.cpp,748,24682065809,7089709,2,
Physics::Step,C:\Users\ivanm\source\repos\myengine\engine\src\ecs\systems\PhysicsSystem.cpp,748,24701853318,6945695,2,
Physics::Step,C:\Users\ivanm\source\repos\myengine\engine\src\ecs\systems\PhysicsSystem.cpp,748,24721568800,7039242,2,
Physics::Step,C:\Users\ivanm\source\repos\myengine\engine\src\ecs\systems\PhysicsSystem.cpp,748,24728608083,6876563,2,
Physics::Step,C:\Users\ivanm\source\repos\myengine\engine\src\ecs\systems\PhysicsSystem.cpp,748,24748000390,6808945,2,
Physics::Step,C:\Users\ivanm\source\repos\myengine\engine\src\ecs\systems\PhysicsSystem.cpp,748,24766797365,6963148,2,
Physics::Step,C:\Users\ivanm\source\repos\myengine\engine\src\ecs\systems\PhysicsSystem.cpp,748,24786748135,7195649,2,
Physics::Step,C:\Users\ivanm\source\repos\myengine\engine\src\ecs\systems\PhysicsSystem.cpp,748,24793943925,6727199,2,
Physics::Step,C:\Users\ivanm\source\repos\myengine\engine\src\ecs\systems\PhysicsSystem.cpp,748,24813308309,7259872,2,
Physics::Step,C:\Users\ivanm\source\repos\myengine\engine\src\ecs\systems\PhysicsSystem.cpp,748,24834171633,6895549,2,
Physics::Step,C:\Users\ivanm\source\repos\myengine\engine\src\ecs\systems\PhysicsSystem.cpp,748,24853888407,6718713,2,
Physics::Step,C:\Users\ivanm\source\repos\myengine\engine\src\ecs\systems\PhysicsSystem.cpp,748,24860607160,6808675,2,
Physics::Step,C:\Users\ivanm\source\repos\myengine\engine\src\ecs\systems\PhysicsSystem.cpp,748,24880003536,7070652,2,
Physics::Step,C:\Users\ivanm\source\repos\myengine\engine\src\ecs\systems\PhysicsSystem.cpp,748,24899158191,6789428,2,
Physics::Step,C:\Users\ivanm\source\repos\myengine\engine\src\ecs\systems\PhysicsSystem.cpp,748,24919190084,7107172,2,
Physics::Step,C:\Users\ivanm\source\repos\myengine\engine\src\ecs\systems\PhysicsSystem.cpp,748,24938866572,7712973,2,
Physics::Step,C:\Users\ivanm\source\repos\myengine\engine\src\ecs\systems\PhysicsSystem.cpp,748,24946579726,6851275,2,
Physics::Step,C:\Users\ivanm\source\repos\myengine\engine\src\ecs\systems\PhysicsSystem.cpp,748,24965473455,6905268,2,
Physics::Step,C:\Users\ivanm\source\repos\myengine\engine\src\ecs\systems\PhysicsSystem.cpp,748,24985709607,6915247,2,
Physics::Step,C:\Users\ivanm\source\repos\myengine\engine\src\ecs\systems\PhysicsSystem.cpp,748,25004898979,6999797,2,
Physics::Step,C:\Users\ivanm\source\repos\myengine\engine\src\ecs\systems\PhysicsSystem.cpp,748,25011899087,6927059,2,
Physics::Step,C:\Users\ivanm\source\repos\myengine\engine\src\ecs\systems\PhysicsSystem.cpp,748,25031085743,7356005,2,
Physics::Step,C:\Users\ivanm\source\repos\myengine\engine\src\ecs\systems\PhysicsSystem.cpp,748,25051731864,7231631,2,
Physics::Step,C:\Users\ivanm\source\repos\myengine\engine\src\ecs\systems\PhysicsSystem.cpp,748,25071026468,6919304,2,
Physics::Step,C:\Users\ivanm\source\repos\myengine\engine\src\ecs\systems\PhysicsSystem.cpp,748,25077945813,6953128,2,
Physics::Step,C:\Users\ivanm\source\repos\myengine\engine\src\ecs\systems\PhysicsSystem.cpp,748,25097276894,6816098,2,
Physics::Step,C:\Users\ivanm\source\repos\myengine\engine\src\ecs\systems\PhysicsSystem.cpp,748,25117192566,6806119,2,
Physics::Step,C:\Users\ivanm\source\repos\myengine\engine\src\ecs\systems\PhysicsSystem.cpp,748,25138003681,7460222,2,
Physics::Step,C:\Users\ivanm\source\repos\myengine\engine\src\ecs\systems\PhysicsSystem.cpp,748,25145464044,6754721,2,
Physics::Step,C:\Users\ivanm\source\repos\myengine\engine\src\ecs\systems\PhysicsSystem.cpp,748,25165128458,6820467,2,
Physics::Step,C:\Users\ivanm\source\repos\myengine\engine\src\ecs\systems\PhysicsSystem.cpp,748,25185777766,7747739,2,
Physics::Step,C:\Users\ivanm\source\repos\myengine\engine\src\ecs\systems\PhysicsSystem.cpp,748,25207750028,7373247,2,
Physics::Step,C:\Users\ivanm\source\repos\myengine\engine\src\ecs\systems\PhysicsSystem.cpp,748,25215123315,7070031,2,
Physics::Step,C:\Users\ivanm\source\repos\myengine\engine\src\ecs\systems\PhysicsSystem.cpp,748,25234366309,8620068,2,
Physics::Step,C:\Users\ivanm\source\repos\myengine\engine\src\ecs\systems\PhysicsSystem.cpp,748,25257806178,7816523,2,
Physics::Step,C:\Users\ivanm\source\repos\myengine\engine\src\ecs\systems\PhysicsSystem.cpp,748,25265622752,6782995,2,
Physics::Step,C:\Users\ivanm\source\repos\myengine\engine\src\ecs\systems\PhysicsSystem.cpp,748,25285784071,6773778,2,
Physics::Step,C:\Users\ivanm\source\repos\myengine\engine\src\ecs\systems\PhysicsSystem.cpp,748,25305158895,7356556,2,
Physics::Step,C:\Users\ivanm\source\repos\myengine\engine\src\ecs\systems\PhysicsSystem.cpp,748,25312515571,6680240,2,
Physics::Step,C:\Users\ivanm\source\repos\myengine\engine\src\ecs\systems\PhysicsSystem.cpp,748,25331349807,6830847,2,
Physics::Step,C:\Users\ivanm\source\repos\myengine\engine\src\ecs\systems\PhysicsSystem.cpp,748,25352671994,7050281,2,
Physics::Step,C:\Users\ivanm\source\repos\myengine\engine\src\ecs\systems\PhysicsSystem.cpp,748,25373297611,6989317,2,
Physics::Step,C:\Users\ivanm\source\repos\myengine\engine\src\ecs\systems\PhysicsSystem.cpp,748,25380287079,6669640,2,
Physics::Step,C:\Users\ivanm\source\repos\myengine\engine\src\ecs\systems\PhysicsSystem.cpp,748,25399190928,7015717,2,
Physics::Step,C:\Users\ivanm\source\repos\myengine\engine\src\ecs\systems\PhysicsSystem.cpp,748,25419213223,7461114,2,
Physics::Step,C:\Users\ivanm\source\repos\myengine\engine\src\ecs\systems\PhysicsSystem.cpp,748,25438804348,6932740,2,
