name,src_file,src_line,ns_since_start,exec_time_ns,thread,value
Physics::Step,C:\Users\ivanm\source\repos\myengine\engine\src\ecs\systems\PhysicsSystem.cpp,748,973090717,8109184,2,
Physics::Step,C:\Users\ivanm\source\repos\myengine\engine\src\ecs\systems\PhysicsSystem.cpp,748,981199931,5430112,2,
Physics::Step,C:\Users\ivanm\source\repos\myengine\engine\src\ecs\systems\PhysicsSystem.cpp,748,986630083,4778033,2,
Physics::Step,C:\Users\ivanm\source\repos\myengine\engine\src\ecs\systems\PhysicsSystem.cpp,748,991408517,4507748,2,
Physics::Step,C:\Users\ivanm\source\repos\myengine\engine\src\ecs\systems\PhysicsSystem.cpp,748,1055239275,6023059,2,
Physics::Step,C:\Users\ivanm\source\repos\myengine\engine\src\ecs\systems\PhysicsSystem.cpp,748,1061262535,3953595,2,
Physics::Step,C:\Users\ivanm\source\repos\myengine\engine\src\ecs\systems\PhysicsSystem.cpp,748,1065216160,3613389,2,
Physics::Step,C:\Users\ivanm\source\repos\myengine\engine\src\ecs\systems\PhysicsSystem.cpp,748,1068829559,3702438,2,
Physics::Step,C:\Users\ivanm\source\repos\myengine\engine\src\ecs\systems\PhysicsSystem.cpp,748,1072532127,4096537,2,
Physics::Step,C:\Users\ivanm\source\repos\myengine\engine\src\ecs\systems\PhysicsSystem.cpp,748,1093279867,4175537,2,
Physics::Step,C:\Users\ivanm\source\repos\myengine\engine\src\ecs\systems\PhysicsSystem.cpp,748,1097455524,2968423,2,
Physics::Step,C:\Users\ivanm\source\repos\myengine\engine\src\ecs\systems\PhysicsSystem.cpp,748,1116730944,4458866,2,
Physics::Step,C:\Users\ivanm\source\repos\myengine\engine\src\ecs\systems\PhysicsSystem.cpp,748,1121189940,3318548,2,
Physics::Step,C:\Users\ivanm\source\repos\myengine\engine\src\ecs\systems\PhysicsSystem.cpp,748,1138974627,4000625,2,
Physics::Step,C:\Users\ivanm\source\repos\myengine\engine\src\ecs\systems\PhysicsSystem.cpp,748,1157518948,3317626,2,
Physics::Step,C:\Users\ivanm\source\repos\myengine\engine\src\ecs\systems\PhysicsSystem.cpp,748,1175108153,3793571,2,
Physics::Step,C:\Users\ivanm\source\repos\myengine\engine\src\ecs\systems\PhysicsSystem.cpp,748,1196656134,3477720,2,
Physics::Step,C:\Users\ivanm\source\repos\myengine\engine\src\ecs\systems\PhysicsSystem.cpp,748,1215764577,2794462,2,
Physics::Step,C:\Users\ivanm\source\repos\myengine\engine\src\ecs\systems\PhysicsSystem.cpp,748,1218559419,2527365,2,
Physics::Step,C:\Users\ivanm\source\repos\myengine\engine\src\ecs\systems\PhysicsSystem.cpp,748,1233931690,6474658,2,
Physics::Step,C:\Users\ivanm\source\repos\myengine\engine\src\ecs\systems\PhysicsSystem.cpp,748,1256346178,5682191,2,
Physics::Step,C:\Users\ivanm\source\repos\myengine\engine\src\ecs\systems\PhysicsSystem.cpp,748,1278485632,5057875,2,
Physics::Step,C:\Users\ivanm\source\repos\myengine\engine\src\ecs\systems\PhysicsSystem.cpp,748,1299053780,3993491,2,
Physics::Step,C:\Users\ivanm\source\repos\myengine\engine\src\ecs\systems\PhysicsSystem.cpp,748,1303047351,4468054,2,
Physics::Step,C:\Users\ivanm\source\repos\myengine\engine\src\ecs\systems\PhysicsSystem.cpp,748,1321679399,6491740,2,
Physics::Step,C:\Users\ivanm\source\repos\myengine\engine\src\ecs\systems\PhysicsSystem.cpp,748,1341908843,6408512,2,
Physics::Step,C:\Users\ivanm\source\repos\myengine\engine\src\ecs\systems\PhysicsSystem.cpp,748,1362148645,6313030,2,
Physics::Step,C:\Users\ivanm\source\repos\myengine\engine\src\ecs\systems\PhysicsSystem.cpp,748,1385413910,8068838,2,
Physics::Step,C:\Users\ivanm\source\repos\myengine\engine\src\ecs\systems\PhysicsSystem.cpp,748,1393482768,8158648,2,
Physics::Step,C:\Users\ivanm\source\repos\myengine\engine\src\ecs\systems\PhysicsSystem.cpp,748,1417483703,9603435,2,
Physics::Step,C:\Users\ivanm\source\repos\myengine\engine\src\ecs\systems\PhysicsSystem.cpp,748,1427087258,14606075,2,
Physics::Step,C:\Users\ivanm\source\repos\myengine\engine\src\ecs\systems\PhysicsSystem.cpp,748,1457593488,6726456,2,
Physics::Step,C:\Users\ivanm\source\repos\myengine\engine\src\ecs\systems\PhysicsSystem.cpp,748,1464319994,5553406,2,
Physics::Step,C:\Users\ivanm\source\repos\myengine\engine\src\ecs\systems\PhysicsSystem.cpp,748,1484607718,6415726,2,
Physics::Step,C:\Users\ivanm\source\repos\myengine\engine\src\ecs\systems\PhysicsSystem.cpp,748,1491023554,4732516,2,
Physics::Step,C:\Users\ivanm\source\repos\myengine\engine\src\ecs\systems\PhysicsSystem.cpp,748,1510012580,7449170,2,
Physics::Step,C:\Users\ivanm\source\repos\myengine\engine\src\ecs\systems\PhysicsSystem.cpp,748,1529674756,6596289,2,
Physics::Step,C:\Users\ivanm\source\repos\myengine\engine\src\ecs\systems\PhysicsSystem.cpp,748,1550084483,6594375,2,
Physics::Step,C:\Users\ivanm\source\repos\myengine\engine\src\ecs\systems\PhysicsSystem.cpp,748,1556678898,5365159,2,
Physics::Step,C:\Users\ivanm\source\repos\myengine\engine\src\ecs\systems\PhysicsSystem.cpp,748,1576137016,6773646,2,
Physics::Step,C:\Users\ivanm\source\repos\myengine\engine\src\ecs\systems\PhysicsSystem.cpp,748,1596074645,7362676,2,
Physics::Step,C:\Users\ivanm\source\repos\myengine\engine\src\ecs\systems\PhysicsSystem.cpp,748,1618496727,9302453,2,
Physics::Step,C:\Users\ivanm\source\repos\myengine\engine\src\ecs\systems\PhysicsSystem.cpp,748,1627799340,7974499,2,
Physics::Step,C:\Users\ivanm\source\repos\myengine\engine\src\ecs\systems\PhysicsSystem.cpp,748,1651760337,10801283,2,
Physics::Step,C:\Users\ivanm\source\repos\myengine\engine\src\ecs\systems\PhysicsSystem.cpp,748,1662562321,8458619,2,
Physics::Step,C:\Users\ivanm\source\repos\myengine\engine\src\ecs\systems\PhysicsSystem.cpp,748,1687363455,8664360,2,
Physics::Step,C:\Users\ivanm\source\repos\myengine\engine\src\ecs\systems\PhysicsSystem.cpp,748,1696027965,7020576,2,
Physics::Step,C:\Users\ivanm\source\repos\myengine\engine\src\ecs\systems\PhysicsSystem.cpp,748,1717897517,7902592,2,
Physics::Step,C:\Users\ivanm\source\repos\myengine\engine\src\ecs\systems\PhysicsSystem.cpp,748,1725800279,6987683,2,
Physics::Step,C:\Users\ivanm\source\repos\myengine\engine\src\ecs\systems\PhysicsSystem.cpp,748,1746145213,8707592,2,
Physics::Step,C:\Users\ivanm\source\repos\myengine\engine\src\ecs\systems\PhysicsSystem.cpp,748,1767450402,8178997,2,
Physics::Step,C:\Users\ivanm\source\repos\myengine\engine\src\ecs\systems\PhysicsSystem.cpp,748,1775629670,7631907,2,
Physics::Step,C:\Users\ivanm\source\repos\myengine\engine\src\ecs\systems\PhysicsSystem.cpp,748,1797128697,8394457,2,
Physics::Step,C:\Users\ivanm\source\repos\myengine\engine\src\ecs\systems\PhysicsSystem.cpp,748,1819634037,8046125,2,
Physics::Step,C:\Users\ivanm\source\repos\myengine\engine\src\ecs\systems\PhysicsSystem.cpp,748,1827680342,7333410,2,
Physics::Step,C:\Users\ivanm\source\repos\myengine\engine\src\ecs\systems\PhysicsSystem.cpp,748,1848397483,8949372,2,
Physics::Step,C:\Users\ivanm\source\repos\myengine\engine\src\ecs\systems\PhysicsSystem.cpp,748,1857346975,6978726,2,
Physics::Step,C:\Users\ivanm\source\repos\myengine\engine\src\ecs\systems\PhysicsSystem.cpp,748,1878505415,8210898,2,
Physics::Step,C:\Users\ivanm\source\repos\myengine\engine\src\ecs\systems\PhysicsSystem.cpp,748,1900251480,8352848,2,
Physics::Step,C:\Users\ivanm\source\repos\myengine\engine\src\ecs\systems\PhysicsSystem.cpp,748,1908604348,9019946,2,
Physics::Step,C:\Users\ivanm\source\repos\myengine\engine\src\ecs\systems\PhysicsSystem.cpp,748,1930977156,8559982,2,
Physics::Step,C:\Users\ivanm\source\repos\myengine\engine\src\ecs\systems\PhysicsSystem.cpp,748,1953431149,8683787,2,
Physics::Step,C:\Users\ivanm\source\repos\myengine\engine\src\ecs\systems\PhysicsSystem.cpp,748,1962114976,7185078,2,
Physics::Step,C:\Users\ivanm\source\repos\myengine\engine\src\ecs\systems\PhysicsSystem.cpp,748,1986965925,12034686,2,
Physics::Step,C:\Users\ivanm\source\repos\myengine\engine\src\ecs\systems\PhysicsSystem.cpp,748,1999001022,8782755,2,
Physics::Step,C:\Users\ivanm\source\repos\myengine\engine\src\ecs\systems\PhysicsSystem.cpp,748,2021782938,7771182,2,
Physics::Step,C:\Users\ivanm\source\repos\myengine\engine\src\ecs\systems\PhysicsSystem.cpp,748,2029554241,6897451,2,
Physics::Step,C:\Users\ivanm\source\repos\myengine\engine\src\ecs\systems\PhysicsSystem.cpp,748,2050692602,8619074,2,
Physics::Step,C:\Users\ivanm\source\repos\myengine\engine\src\ecs\systems\PhysicsSystem.cpp,748,2059311696,6835103,2,
Physics::Step,C:\Users\ivanm\source\repos\myengine\engine\src\ecs\systems\PhysicsSystem.cpp,748,2079804461,8305928,2,
Physics::Step,C:\Users\ivanm\source\repos\myengine\engine\src\ecs\systems\PhysicsSystem.cpp,748,2100594871,7245563,2,
Physics::Step,C:\Users\ivanm\source\repos\myengine\engine\src\ecs\systems\PhysicsSystem.cpp,748,2107840735,7803814,2,
Physics::Step,C:\Users\ivanm\source\repos\myengine\engine\src\ecs\systems\PhysicsSystem.cpp,748,2128274627,7324473,2,
Physics::Step,C:\Users\ivanm\source\repos\myengine\engine\src\ecs\systems\PhysicsSystem.cpp,748,2148574054,8201771,2,
Physics::Step,C:\Users\ivanm\source\repos\myengine\engine\src\ecs\systems\PhysicsSystem.cpp,748,2156775955,6548288,2,
Physics::Step,C:\Users\ivanm\source\repos\myengine\engine\src\ecs\systems\PhysicsSystem.cpp,748,2176766595,7192192,2,
Physics::Step,C:\Users\ivanm\source\repos\myengine\engine\src\ecs\systems\PhysicsSystem.cpp,748,2196085058,7378024,2,
Physics::Step,C:\Users\ivanm\source\repos\myengine\engine\src\ecs\systems\PhysicsSystem.cpp,748,2217256723,7774488,2,
Physics::Step,C:\Users\ivanm\source\repos\myengine\engine\src\ecs\systems\PhysicsSystem.cpp,748,2225031331,6619093,2,
Physics::Step,C:\Users\ivanm\source\repos\myengine\engine\src\ecs\systems\PhysicsSystem.cpp,748,2246464994,8409586,2,
Physics::Step,C:\Users\ivanm\source\repos\myengine\engine\src\ecs\systems\PhysicsSystem.cpp,748,2267386023,7658568,2,
Physics::Step,C:\Users\ivanm\source\repos\myengine\engine\src\ecs\systems\PhysicsSystem.cpp,748,2275044611,7309986,2,
Physics::Step,C:\Users\ivanm\source\repos\myengine\engine\src\ecs\systems\PhysicsSystem.cpp,748,2295227948,7551925,2,
Physics::Step,C:\Users\ivanm\source\repos\myengine\engine\src\ecs\systems\PhysicsSystem.cpp,748,2318175318,7594546,2,
Physics::Step,C:\Users\ivanm\source\repos\myengine\engine\src\ecs\systems\PhysicsSystem.cpp,748,2325769985,6983034,2,
Physics::Step,C:\Users\ivanm\source\repos\myengine\engine\src\ecs\systems\PhysicsSystem.cpp,748,2345747119,7527118,2,
Physics::Step,C:\Users\ivanm\source\repos\myengine\engine\src\ecs\systems\PhysicsSystem.cpp,748,2371509553,8353639,2,
Physics::Step,C:\Users\ivanm\source\repos\myengine\engine\src\ecs\systems\PhysicsSystem.cpp,748,2379863322,6748859,2,
Physics::Step,C:\Users\ivanm\source\repos\myengine\engine\src\ecs\systems\PhysicsSystem.cpp,748,2398775773,7063948,2,
Physics::Step,C:\Users\ivanm\source\repos\myengine\engine\src\ecs\systems\PhysicsSystem.cpp,748,2405839851,7351013,2,
Physics::Step,C:\Users\ivanm\source\repos\myengine\engine\src\ecs\systems\PhysicsSystem.cpp,748,2425697138,7276912,2,
Physics::Step,C:\Users\ivanm\source\repos\myengine\engine\src\ecs\systems\PhysicsSystem.cpp,748,2445153943,8052016,2,
Physics::Step,C:\Users\ivanm\source\repos\myengine\engine\src\ecs\systems\PhysicsSystem.cpp,748,2469311589,8447312,2,
Physics::Step,C:\Users\ivanm\source\repos\myengine\engine\src\ecs\systems\PhysicsSystem.cpp,748,2477759162,7812901,2,
Physics::Step,C:\Users\ivanm\source\repos\myengine\engine\src\ecs\systems\PhysicsSystem.cpp,748,2499968449,8735380,2,
Physics::Step,C:\Users\ivanm\source\repos\myengine\engine\src\ecs\systems\PhysicsSystem.cpp,748,2508704280,9035761,2,
Physics::Step,C:\Users\ivanm\source\repos\myengine\engine\src\ecs\systems\PhysicsSystem.cpp,748,2532816900,7483085,2,
Physics::Step,C:\Users\ivanm\source\repos\myengine\engine\src\ecs\systems\PhysicsSystem.cpp,748,2540300025,7207721,2,
Physics::Step,C:\Users\ivanm\source\repos\myengine\engine\src\ecs\systems\PhysicsSystem.cpp,748,2560503540,7389196,2,
Physics::Step,C:\Users\ivanm\source\repos\myengine\engine\src\ecs\systems\PhysicsSystem.cpp,748,2581940669,8215237,2,
Physics::Step,C:\Users\ivanm\source\repos\myengine\engine\src\ecs\systems\PhysicsSystem.cpp,748,2590155926,7014674,2,
Physics::Step,C:\Users\ivanm\source\repos\myengine\engine\src\ecs\systems\PhysicsSystem.cpp,748,2610435214,7632860,2,
Physics::Step,C:\Users\ivanm\source\repos\myengine\engine\src\ecs\systems\PhysicsSystem.cpp,748,2631654239,7264059,2,
Physics::Step,C:\Users\ivanm\source\repos\myengine\engine\src\ecs\systems\PhysicsSystem.cpp,748,2638918448,6988244,2,
Physics::Step,C:\Users\ivanm\source\repos\myengine\engine\src\ecs\systems\PhysicsSystem.cpp,748,2658825699,7400578,2,
Physics::Step,C:\Users\ivanm\source\repos\myengine\engine\src\ecs\systems\PhysicsSystem.cpp,748,2679940687,8452347,2,
Physics::Step,C:\Users\ivanm\source\repos\myengine\engine\src\ecs\systems\PhysicsSystem.cpp,748,2701136007,8925997,2,
Physics::Step,C:\Users\ivanm\source\repos\myengine\engine\src\ecs\systems\PhysicsSystem.cpp,748,2710062124,7091330,2,
Physics::Step,C:\Users\ivanm\source\repos\myengine\engine\src\ecs\systems\PhysicsSystem.cpp,748,2730496017,7764610,2,
Physics::Step,C:\Users\ivanm\source\repos\myengine\engine\src\ecs\systems\PhysicsSystem.cpp,748,2751249347,7704155,2,
Physics::Step,C:\Users\ivanm\source\repos\myengine\engine\src\ecs\systems\PhysicsSystem.cpp,748,2758953642,6780669,2,
Physics::Step,C:\Users\ivanm\source\repos\myengine\engine\src\ecs\systems\PhysicsSystem.cpp,748,2779889910,7955743,2,
Physics::Step,C:\Users\ivanm\source\repos\myengine\engine\src\ecs\systems\PhysicsSystem.cpp,748,2800688335,7058638,2,
Physics::Step,C:\Users\ivanm\source\repos\myengine\engine\src\ecs\systems\PhysicsSystem.cpp,748,2807747284,7223400,2,
Physics::Step,C:\Users\ivanm\source\repos\myengine\engine\src\ecs\systems\PhysicsSystem.cpp,748,2829286998,7371783,2,
Physics::Step,C:\Users\ivanm\source\repos\myengine\engine\src\ecs\systems\PhysicsSystem.cpp,748,2850130730,7430084,2,
Physics::Step,C:\Users\ivanm\source\repos\myengine\engine\src\ecs\systems\PhysicsSystem.cpp,748,2857560914,6665460,2,
Physics::Step,C:\Users\ivanm\source\repos\myengine\engine\src\ecs\systems\PhysicsSystem.cpp,748,2877336174,7959481,2,
Physics::Step,C:\Users\ivanm\source\repos\myengine\engine\src\ecs\systems\PhysicsSystem.cpp,748,2897658245,7112189,2,
Physics::Step,C:\Users\ivanm\source\repos\myengine\engine\src\ecs\systems\PhysicsSystem.cpp,748,2918637594,7626387,2,
Physics::Step,C:\Users\ivanm\source\repos\myengine\engine\src\ecs\systems\PhysicsSystem.cpp,748,2926264131,6836626,2,
Physics::Step,C:\Users\ivanm\source\repos\myengine\engine\src\ecs\systems\PhysicsSystem.cpp,748,2945930846,7993174,2,
Physics::Step,C:\Users\ivanm\source\repos\myengine\engine\src\ecs\systems\PhysicsSystem.cpp,748,2966133539,7651384,2,
Physics::Step,C:\Users\ivanm\source\repos\myengine\engine\src\ecs\systems\PhysicsSystem.cpp,748,2973785083,7233290,2,
Physics::Step,C:\Users\ivanm\source\repos\myengine\engine\src\ecs\systems\PhysicsSystem.cpp,748,2994458391,8276002,2,
Physics::Step,C:\Users\ivanm\source\repos\myengine\engine\src\ecs\systems\PhysicsSystem.cpp,748,3018204981,7446465,2,
Physics::Step,C:\Users\ivanm\source\repos\myengine\engine\src\ecs\systems\PhysicsSystem.cpp,748,3025651566,6812450,2,
Physics::Step,C:\Users\ivanm\source\repos\myengine\engine\src\ecs\systems\PhysicsSystem.cpp,748,3046035153,7486852,2,
Physics::Step,C:\Users\ivanm\source\repos\myengine\engine\src\ecs\systems\PhysicsSystem.cpp,748,3065951562,7374157,2,
Physics::Step,C:\Users\ivanm\source\repos\myengine\engine\src\ecs\systems\PhysicsSystem.cpp,748,3073325930,7549831,2,
Physics::Step,C:\Users\ivanm\source\repos\myengine\engine\src\ecs\systems\PhysicsSystem.cpp,748,3093504938,7114614,2,
Physics::Step,C:\Users\ivanm\source\repos\myengine\engine\src\ecs\systems\PhysicsSystem.cpp,748,3114895078,8030465,2,
Physics::Step,C:\Users\ivanm\source\repos\myengine\engine\src\ecs\systems\PhysicsSystem.cpp,748,3122925814,7259319,2,
Physics::Step,C:\Users\ivanm\source\repos\myengine\engine\src\ecs\systems\PhysicsSystem.cpp,748,3143516645,7252155,2,
Physics::Step,C:\Users\ivanm\source\repos\myengine\engine\src\ecs\systems\PhysicsSystem.cpp,748,3163344806,7273957,2,
Physics::Step,C:\Users\ivanm\source\repos\myengine\engine\src\ecs\systems\PhysicsSystem.cpp,748,3183973379,7555832,2,
Physics::Step,C:\Users\ivanm\source\repos\myengine\engine\src\ecs\systems\PhysicsSystem.cpp,748,3191529302,6822679,2,
Physics::Step,C:\Users\ivanm\source\repos\myengine\engine\src\ecs\systems\PhysicsSystem.cpp,748,3211717437,8072204,2,
Physics::Step,C:\Users\ivanm\source\repos\myengine\engine\src\ecs\systems\PhysicsSystem.cpp,748,3234033783,8611184,2,
Physics::Step,C:\Users\ivanm\source\repos\myengine\engine\src\ecs\systems\PhysicsSystem.cpp,748,3242645658,9164601,2,
Physics::Step,C:\Users\ivanm\source\repos\myengine\engine\src\ecs\systems\PhysicsSystem.cpp,748,3267713169,8003303,2,
Physics::Step,C:\Users\ivanm\source\repos\myengine\engine\src\ecs\systems\PhysicsSystem.cpp,748,3275717063,9389369,2,
Physics::Step,C:\Users\ivanm\source\repos\myengine\engine\src\ecs\systems\PhysicsSystem.cpp,748,3304257185,8708794,2,
Physics::Step,C:\Users\ivanm\source\repos\myengine\engine\src\ecs\systems\PhysicsSystem.cpp,748,3312966240,7440984,2,
Physics::Step,C:\Users\ivanm\source\repos\myengine\engine\src\ecs\systems\PhysicsSystem.cpp,748,3339641126,9384228,2,
Physics::Step,C:\Users\ivanm\source\repos\myengine\engine\src\ecs\systems\PhysicsSystem.cpp,748,3349025925,7464820,2,
Physics::Step,C:\Users\ivanm\source\repos\myengine\engine\src\ecs\systems\PhysicsSystem.cpp,748,3371300375,11778516,2,
Physics::Step,C:\Users\ivanm\source\repos\myengine\engine\src\ecs\systems\PhysicsSystem.cpp,748,3383079012,9826809,2,
Physics::Step,C:\Users\ivanm\source\repos\myengine\engine\src\ecs\systems\PhysicsSystem.cpp,748,3414786374,11006572,2,
Physics::Step,C:\Users\ivanm\source\repos\myengine\engine\src\ecs\systems\PhysicsSystem.cpp,748,3425793096,10203830,2,
Physics::Step,C:\Users\ivanm\source\repos\myengine\engine\src\ecs\systems\PhysicsSystem.cpp,748,3435996986,11430911,2,
Physics::Step,C:\Users\ivanm\source\repos\myengine\engine\src\ecs\systems\PhysicsSystem.cpp,748,3461390298,7507121,2,
Physics::Step,C:\Users\ivanm\source\repos\myengine\engine\src\ecs\systems\PhysicsSystem.cpp,748,3468897739,8141256,2,
Physics::Step,C:\Users\ivanm\source\repos\myengine\engine\src\ecs\systems\PhysicsSystem.cpp,748,3495725586,10285341,2,
Physics::Step,C:\Users\ivanm\source\repos\myengine\engine\src\ecs\systems\PhysicsSystem.cpp,748,3506011028,9707523,2,
Physics::Step,C:\Users\ivanm\source\repos\myengine\engine\src\ecs\systems\PhysicsSystem.cpp,748,3535511765,13339938,2,
Physics::Step,C:\Users\ivanm\source\repos\myengine\engine\src\ecs\systems\PhysicsSystem.cpp,748,3548851823,9185310,2,
Physics::Step,C:\Users\ivanm\source\repos\myengine\engine\src\ecs\systems\PhysicsSystem.cpp,748,3558037404,10203946,2,
Physics::Step,C:\Users\ivanm\source\repos\myengine\engine\src\ecs\systems\PhysicsSystem.cpp,748,3586480521,10191413,2,
Physics::Step,C:\Users\ivanm\source\repos\myengine\engine\src\ecs\systems\PhysicsSystem.cpp,748,3596672185,9846687,2,
Physics::Step,C:\Users\ivanm\source\repos\myengine\engine\src\ecs\systems\PhysicsSystem.cpp,748,3606519133,10630407,2,
Physics::Step,C:\Users\ivanm\source\repos\myengine\engine\src\ecs\systems\PhysicsSystem.cpp,748,3633762820,10079660,2,
Physics::Step,C:\Users\ivanm\source\repos\myengine\engine\src\ecs\systems\PhysicsSystem.cpp,748,3643842601,9445064,2,
Physics::Step,C:\Users\ivanm\source\repos\myengine\engine\src\ecs\systems\PhysicsSystem.cpp,748,3653287845,9487064,2,
Physics::Step,C:\Users\ivanm\source\repos\myengine\engine\src\ecs\systems\PhysicsSystem.cpp,748,3683651753,12792417,2,
Physics::Step,C:\Users\ivanm\source\repos\myengine\engine\src\ecs\systems\PhysicsSystem.cpp,748,3696444201,9031477,2,
Physics::Step,C:\Users\ivanm\source\repos\myengine\engine\src\ecs\systems\PhysicsSystem.cpp,748,3705476029,9575021,2,
Physics::Step,C:\Users\ivanm\source\repos\myengine\engine\src\ecs\systems\PhysicsSystem.cpp,748,3733940888,10907013,2,
Physics::Step,C:\Users\ivanm\source\repos\myengine\engine\src\ecs\systems\PhysicsSystem.cpp,748,3744848051,7206088,2,
Physics::Step,C:\Users\ivanm\source\repos\myengine\engine\src\ecs\systems\PhysicsSystem.cpp,748,3752054329,8692474,2,
Physics::Step,C:\Users\ivanm\source\repos\myengine\engine\src\ecs\systems\PhysicsSystem.cpp,748,3780440518,9435406,2,
Physics::Step,C:\Users\ivanm\source\repos\myengine\engine\src\ecs\systems\PhysicsSystem.cpp,748,3789876175,8345403,2,
Physics::Step,C:\Users\ivanm\source\repos\myengine\engine\src\ecs\systems\PhysicsSystem.cpp,748,3816936754,10490070,2,
Physics::Step,C:\Users\ivanm\source\repos\myengine\engine\src\ecs\systems\PhysicsSystem.cpp,748,3827426985,10659472,2,
Physics::Step,C:\Users\ivanm\source\repos\myengine\engine\src\ecs\systems\PhysicsSystem.cpp,748,3838087018,12296545,2,
Physics::Step,C:\Users\ivanm\source\repos\myengine\engine\src\ecs\systems\PhysicsSystem.cpp,748,3865755663,7458228,2,
Physics::Step,C:\Users\ivanm\source\repos\myengine\engine\src\ecs\systems\PhysicsSystem.cpp,748,3873214071,8111489,2,
Physics::Step,C:\Users\ivanm\source\repos\myengine\engine\src\ecs\systems\PhysicsSystem.cpp,748,3881325871,7482733,2,
Physics::Step,C:\Users\ivanm\source\repos\myengine\engine\src\ecs\systems\PhysicsSystem.cpp,748,3901975022,7873216,2,
Physics::Step,C:\Users\ivanm\source\repos\myengine\engine\src\ecs\systems\PhysicsSystem.cpp,748,3909848289,8519875,2,
Physics::Step,C:\Users\ivanm\source\repos\myengine\engine\src\ecs\systems\PhysicsSystem.cpp,748,3935047580,14095383,2,
Physics::Step,C:\Users\ivanm\source\repos\myengine\engine\src\ecs\systems\PhysicsSystem.cpp,748,3949143253,12405168,2,
Physics::Step,C:\Users\ivanm\source\repos\myengine\engine\src\ecs\systems\PhysicsSystem.cpp,748,3975394535,7971012,2,
Physics::Step,C:\Users\ivanm\source\repos\myengine\engine\src\ecs\systems\PhysicsSystem.cpp,748,3983365677,7274628,2,
Physics::Step,C:\Users\ivanm\source\repos\myengine\engine\src\ecs\systems\PhysicsSystem.cpp,748,4005583661,11489510,2,
Physics::Step,C:\Users\ivanm\source\repos\myengine\engine\src\ecs\systems\PhysicsSystem.cpp,748,4017073432,9941848,2,
Physics::Step,C:\Users\ivanm\source\repos\myengine\engine\src\ecs\systems\PhysicsSystem.cpp,748,4039176407,7613593,2,
Physics::Step,C:\Users\ivanm\source\repos\myengine\engine\src\ecs\systems\PhysicsSystem.cpp,748,4046790130,7049310,2,
Physics::Step,C:\Users\ivanm\source\repos\myengine\engine\src\ecs\systems\PhysicsSystem.cpp,748,4066381491,6898313,2,
Physics::Step,C:\Users\ivanm\source\repos\myengine\engine\src\ecs\systems\PhysicsSystem.cpp,748,4073279844,7385359,2,
Physics::Step,C:\Users\ivanm\source\repos\myengine\engine\src\ecs\systems\PhysicsSystem.cpp,748,4093013365,7708393,2,
Physics::Step,C:\Users\ivanm\source\repos\myengine\engine\src\ecs\systems\PhysicsSystem.cpp,748,4115908777,7617309,2,
Physics::Step,C:\Users\ivanm\source\repos\myengine\engine\src\ecs\systems\PhysicsSystem.cpp,748,4123526187,7962536,2,
Physics::Step,C:\Users\ivanm\source\repos\myengine\engine\src\ecs\systems\PhysicsSystem.cpp,748,4145058778,8375852,2,
Physics::Step,C:\Users\ivanm\source\repos\myengine\engine\src\ecs\systems\PhysicsSystem.cpp,748,4183550626,12399621,2,
Physics::Step,C:\Users\ivanm\source\repos\myengine\engine\src\ecs\systems\PhysicsSystem.cpp,748,4195950397,11218906,2,
Physics::Step,C:\Users\ivanm\source\repos\myengine\engine\src\ecs\systems\PhysicsSystem.cpp,748,4207169544,10500007,2,
Physics::Step,C:\Users\ivanm\source\repos\myengine\engine\src\ecs\systems\PhysicsSystem.cpp,748,4233512519,9239874,2,
Physics::Step,C:\Users\ivanm\source\repos\myengine\engine\src\ecs\systems\PhysicsSystem.cpp,748,4242753135,10733257,2,
Physics::Step,C:\Users\ivanm\source\repos\myengine\engine\src\ecs\systems\PhysicsSystem.cpp,748,4253486542,7169479,2,
Physics::Step,C:\Users\ivanm\source\repos\myengine\engine\src\ecs\systems\PhysicsSystem.cpp,748,4274435534,8277815,2,
Physics::Step,C:\Users\ivanm\source\repos\myengine\engine\src\ecs\systems\PhysicsSystem.cpp,748,4282713630,6807270,2,
Physics::Step,C:\Users\ivanm\source\repos\myengine\engine\src\ecs\systems\PhysicsSystem.cpp,748,4302060697,7332418,2,
Physics::Step,C:\Users\ivanm\source\repos\myengine\engine\src\ecs\systems\PhysicsSystem.cpp,748,4309393225,7522760,2,
Physics::Step,C:\Users\ivanm\source\repos\myengine\engine\src\ecs\systems\PhysicsSystem.cpp,748,4329851895,7324663,2,
Physics::Step,C:\Users\ivanm\source\repos\myengine\engine\src\ecs\systems\PhysicsSystem.cpp,748,4351455731,7881813,2,
Physics::Step,C:\Users\ivanm\source\repos\myengine\engine\src\ecs\systems\PhysicsSystem.cpp,748,4359337574,7438219,2,
Physics::Step,C:\Users\ivanm\source\repos\myengine\engine\src\ecs\systems\PhysicsSystem.cpp,748,4381643365,7649881,2,
Physics::Step,C:\Users\ivanm\source\repos\myengine\engine\src\ecs\systems\PhysicsSystem.cpp,748,4389293387,7233094,2,
Physics::Step,C:\Users\ivanm\source\repos\myengine\engine\src\ecs\systems\PhysicsSystem.cpp,748,4409419439,7608753,2,
Physics::Step,C:\Users\ivanm\source\repos\myengine\engine\src\ecs\systems\PhysicsSystem.cpp,748,4430120920,7067775,2,
Physics::Step,C:\Users\ivanm\source\repos\myengine\engine\src\ecs\systems\PhysicsSystem.cpp,748,4449997724,6942337,2,
Physics::Step,C:\Users\ivanm\source\repos\myengine\engine\src\ecs\systems\PhysicsSystem.cpp,748,4456940101,7187419,2,
Physics::Step,C:\Users\ivanm\source\repos\myengine\engine\src\ecs\systems\PhysicsSystem.cpp,748,4478380964,7944625,2,
Physics::Step,C:\Users\ivanm\source\repos\myengine\engine\src\ecs\systems\PhysicsSystem.cpp,748,4498423767,7217760,2,
Physics::Step,C:\Users\ivanm\source\repos\myengine\engine\src\ecs\systems\PhysicsSystem.cpp,748,4505641577,7549721,2,
Physics::Step,C:\Users\ivanm\source\repos\myengine\engine\src\ecs\systems\PhysicsSystem.cpp,748,4525524953,7340934,2,
Physics::Step,C:\Users\ivanm\source\repos\myengine\engine\src\ecs\systems\PhysicsSystem.cpp,748,4546071009,7204595,2,
Physics::Step,C:\Users\ivanm\source\repos\myengine\engine\src\ecs\systems\PhysicsSystem.cpp,748,4565366107,7062144,2,
Physics::Step,C:\Users\ivanm\source\repos\myengine\engine\src\ecs\systems\PhysicsSystem.cpp,748,4572428301,7396400,2,
Physics::Step,C:\Users\ivanm\source\repos\myengine\engine\src\ecs\systems\PhysicsSystem.cpp,748,4592308922,6930244,2,
Physics::Step,C:\Users\ivanm\source\repos\myengine\engine\src\ecs\systems\PhysicsSystem.cpp,748,4611789803,7093825,2,
Physics::Step,C:\Users\ivanm\source\repos\myengine\engine\src\ecs\systems\PhysicsSystem.cpp,748,4630950836,6886130,2,
Physics::Step,C:\Users\ivanm\source\repos\myengine\engine\src\ecs\systems\PhysicsSystem.cpp,748,4651244522,7145293,2,
Physics::Step,C:\Users\ivanm\source\repos\myengine\engine\src\ecs\systems\PhysicsSystem.cpp,748,4658389865,6978996,2,
Physics::Step,C:\Users\ivanm\source\repos\myengine\engine\src\ecs\systems\PhysicsSystem.cpp,748,4678226712,7078967,2,
Physics::Step,C:\Users\ivanm\source\repos\myengine\engine\src\ecs\systems\PhysicsSystem.cpp,748,4697344002,6829222,2,
Physics::Step,C:\Users\ivanm\source\repos\myengine\engine\src\ecs\systems\PhysicsSystem.cpp,748,4717382052,7235184,2,
Physics::Step,C:\Users\ivanm\source\repos\myengine\engine\src\ecs\systems\PhysicsSystem.cpp,748,4724617346,6823661,2,
Physics::Step,C:\Users\ivanm\source\repos\myengine\engine\src\ecs\systems\PhysicsSystem.cpp,748,4744389380,7312531,2,
Physics::Step,C:\Users\ivanm\source\repos\myengine\engine\src\ecs\systems\PhysicsSystem.cpp,748,4763975061,6778545,2,
Physics::Step,C:\Users\ivanm\source\repos\myengine\engine\src\ecs\systems\PhysicsSystem.cpp,748,4783918882,7496079,2,
Physics::Step,C:\Users\ivanm\source\repos\myengine\engine\src\ecs\systems\PhysicsSystem.cpp,748,4791415091,7033640,2,
Physics::Step,C:\Users\ivanm\source\repos\myengine\engine\src\ecs\systems\PhysicsSystem.cpp,748,4811702225,7086490,2,
Physics::Step,C:\Users\ivanm\source\repos\myengine\engine\src\ecs\systems\PhysicsSystem.cpp,748,4830729784,7064208,2,
Physics::Step,C:\Users\ivanm\source\repos\myengine\engine\src\ecs\systems\PhysicsSystem.cpp,748,4851300327,7567294,2,
Physics::Step,C:\Users\ivanm\source\repos\myengine\engine\src\ecs\systems\PhysicsSystem.cpp,748,4858867782,6906178,2,
Physics::Step,C:\Users\ivanm\source\repos\myengine\engine\src\ecs\systems\PhysicsSystem.cpp,748,4878186665,7094876,2,
Physics::Step,C:\Users\ivanm\source\repos\myengine\engine\src\ecs\systems\PhysicsSystem.cpp,748,4898733883,6966352,2,
Physics::Step,C:\Users\ivanm\source\repos\myengine\engine\src\ecs\systems\PhysicsSystem.cpp,748,4905700275,7881061,2,
Physics::Step,C:\Users\ivanm\source\repos\myengine\engine\src\ecs\systems\PhysicsSystem.cpp,748,4925466198,7306649,2,
Physics::Step,C:\Users\ivanm\source\repos\myengine\engine\src\ecs\systems\PhysicsSystem.cpp,748,4945166236,7035103,2,
Physics::Step,C:\Users\ivanm\source\repos\myengine\engine\src\ecs\systems\PhysicsSystem.cpp,748,4964377113,7014805,2,
Physics::Step,C:\Users\ivanm\source\repos\myengine\engine\src\ecs\systems\PhysicsSystem.cpp,748,4984782141,7504175,2,
Physics::Step,C:\Users\ivanm\source\repos\myengine\engine\src\ecs\systems\PhysicsSystem.cpp,748,4992286446,6916898,2,
Physics::Step,C:\Users\ivanm\source\repos\myengine\engine\src\ecs\systems\PhysicsSystem.cpp,748,5011897623,7038850,2,
Physics::Step,C:\Users\ivanm\source\repos\myengine\engine\src\ecs\systems\PhysicsSystem.cpp,748,5031533749,6909364,2,
Physics::Step,C:\Users\ivanm\source\repos\myengine\engine\src\ecs\systems\PhysicsSystem.cpp,748,5038443233,7631356,2,
Physics::Step,C:\Users\ivanm\source\repos\myengine\engine\src\ecs\systems\PhysicsSystem.cpp,748,5058173308,7115796,2,
Physics::Step,C:\Users\ivanm\source\repos\myengine\engine\src\ecs\systems\PhysicsSystem.cpp,748,5078236065,7459409,2,
Physics::Step,C:\Users\ivanm\source\repos\myengine\engine\src\ecs\systems\PhysicsSystem.cpp,748,5097825011,7270641,2,
Physics::Step,C:\Users\ivanm\source\repos\myengine\engine\src\ecs\systems\PhysicsSystem.cpp,748,5105095792,7841787,2,
Physics::Step,C:\Users\ivanm\source\repos\myengine\engine\src\ecs\systems\PhysicsSystem.cpp,748,5125101972,7320245,2,
Physics::Step,C:\Users\ivanm\source\repos\myengine\engine\src\ecs\systems\PhysicsSystem.cpp,748,5145053888,7104335,2,
Physics::Step,C:\Users\ivanm\source\repos\myengine\engine\src\ecs\systems\PhysicsSystem.cpp,748,5164339117,7536707,2,
Physics::Step,C:\Users\ivanm\source\repos\myengine\engine\src\ecs\systems\PhysicsSystem.cpp,748,5185543204,7125986,2,
Physics::Step,C:\Users\ivanm\source\repos\myengine\engine\src\ecs\systems\PhysicsSystem.cpp,748,5192669230,6904324,2,
Physics::Step,C:\Users\ivanm\source\repos\myengine\engine\src\ecs\systems\PhysicsSystem.cpp,748,5211964749,6998543,2,
Physics::Step,C:\Users\ivanm\source\repos\myengine\engine\src\ecs\systems\PhysicsSystem.cpp,748,5231284674,7549240,2,
Physics::Step,C:\Users\ivanm\source\repos\myengine\engine\src\ecs\systems\PhysicsSystem.cpp,748,5238834044,7607000,2,
Physics::Step,C:\Users\ivanm\source\repos\myengine\engine\src\ecs\systems\PhysicsSystem.cpp,748,5258986742,7092452,2,
Physics::Step,C:\Users\ivanm\source\repos\myengine\engine\src\ecs\systems\PhysicsSystem.cpp,748,5278818390,7498945,2,
Physics::Step,C:\Users\ivanm\source\repos\myengine\engine\src\ecs\systems\PhysicsSystem.cpp,748,5298940240,6912379,2,
Physics::Step,C:\Users\ivanm\source\repos\myengine\engine\src\ecs\systems\PhysicsSystem.cpp,748,5305852780,7450492,2,
Physics::Step,C:\Users\ivanm\source\repos\myengine\engine\src\ecs\systems\PhysicsSystem.cpp,748,5325499175,6935324,2,
Physics::Step,C:\Users\ivanm\source\repos\myengine\engine\src\ecs\systems\PhysicsSystem.cpp,748,5345579977,7252736,2,
Physics::Step,C:\Users\ivanm\source\repos\myengine\engine\src\ecs\systems\PhysicsSystem.cpp,748,5365370088,7243910,2,
Physics::Step,C:\Users\ivanm\source\repos\myengine\engine\src\ecs\systems\PhysicsSystem.cpp,748,5372614128,7532889,2,
Physics::Step,C:\Users\ivanm\source\repos\myengine\engine\src\ecs\systems\PhysicsSystem.cpp,748,5392530857,7099496,2,
Physics::Step,C:\Users\ivanm\source\repos\myengine\engine\src\ecs\systems\PhysicsSystem.cpp,748,5413561865,7298714,2,
Physics::Step,C:\Users\ivanm\source\repos\myengine\engine\src\ecs\systems\PhysicsSystem.cpp,748,5433054068,7222308,2,
Physics::Step,C:\Users\ivanm\source\repos\myengine\engine\src\ecs\systems\PhysicsSystem.cpp,748,5440276657,6903914,2,
Physics::Step,C:\Users\ivanm\source\repos\myengine\engine\src\ecs\systems\PhysicsSystem.cpp,748,5459527801,6988575,2,
Physics::Step,C:\Users\ivanm\source\repos\myengine\engine\src\ecs\systems\PhysicsSystem.cpp,748,5478866823,7356524,2,
Physics::Step,C:\Users\ivanm\source\repos\myengine\engine\src\ecs\systems\PhysicsSystem.cpp,748,5498596226,7256815,2,
Physics::Step,C:\Users\ivanm\source\repos\myengine\engine\src\ecs\systems\PhysicsSystem.cpp,748,5505853201,7651464,2,
Physics::Step,C:\Users\ivanm\source\repos\myengine\engine\src\ecs\systems\PhysicsSystem.cpp,748,5525700498,7141105,2,
Physics::Step,C:\Users\ivanm\source\repos\myengine\engine\src\ecs\systems\PhysicsSystem.cpp,748,5545791930,7111388,2,
Physics::Step,C:\Users\ivanm\source\repos\myengine\engine\src\ecs\systems\PhysicsSystem.cpp,748,5565677660,7039422,2,
Physics::Step,C:\Users\ivanm\source\repos\myengine\engine\src\ecs\systems\PhysicsSystem.cpp,748,5572717202,7485279,2,
Physics::Step,C:\Users\ivanm\source\repos\myengine\engine\src\ecs\systems\PhysicsSystem.cpp,748,5592984548,6818892,2,
Physics::Step,C:\Users\ivanm\source\repos\myengine\engine\src\ecs\systems\PhysicsSystem.cpp,748,5612908140,7299817,2,
Physics::Step,C:\Users\ivanm\source\repos\myengine\engine\src\ecs\systems\PhysicsSystem.cpp,748,5632304340,6799696,2,
Physics::Step,C:\Users\ivanm\source\repos\myengine\engine\src\ecs\systems\PhysicsSystem.cpp,748,5639104136,7251645,2,
Physics::Step,C:\Users\ivanm\source\repos\myengine\engine\src\ecs\systems\PhysicsSystem.cpp,748,5658580579,7232668,2,
Physics::Step,C:\Users\ivanm\source\repos\myengine\engine\src\ecs\systems\PhysicsSystem.cpp,748,5679390085,7083265,2,
Physics::Step,C:\Users\ivanm\source\repos\myengine\engine\src\ecs\systems\PhysicsSystem.cpp,748,5698767219,7135374,2,
Physics::Step,C:\Users\ivanm\source\repos\myengine\engine\src\ecs\systems\PhysicsSystem.cpp,748,5705902633,8537359,2,
Physics::Step,C:\Users\ivanm\source\repos\myengine\engine\src\ecs\systems\PhysicsSystem.cpp,748,5726608242,7193074,2,
Physics::Step,C:\Users\ivanm\source\repos\myengine\engine\src\ecs\systems\PhysicsSystem.cpp,748,5746795496,6956203,2,
Physics::Step,C:\Users\ivanm\source\repos\myengine\engine\src\ecs\systems\PhysicsSystem.cpp,748,5766992218,7295979,2,
Physics::Step,C:\Users\ivanm\source\repos\myengine\engine\src\ecs\systems\PhysicsSystem.cpp,748,5774288217,7114263,2,
Physics::Step,C:\Users\ivanm\source\repos\myengine\engine\src\ecs\systems\PhysicsSystem.cpp,748,5793801560,6913882,2,
Physics::Step,C:\Users\ivanm\source\repos\myengine\engine\src\ecs\systems\PhysicsSystem.cpp,748,5814017167,7915497,2,
Physics::Step,C:\Users\ivanm\source\repos\myengine\engine\src\ecs\systems\PhysicsSystem.cpp,748,5834156330,7156824,2,
Physics::Step,C:\Users\ivanm\source\repos\myengine\engine\src\ecs\systems\PhysicsSystem.cpp,748,5841313284,6869298,2,
Physics::Step,C:\Users\ivanm\source\repos\myengine\engine\src\ecs\systems\PhysicsSystem.cpp,748,5860850763,6957646,2,
Physics::Step,C:\Users\ivanm\source\repos\myengine\engine\src\ecs\systems\PhysicsSystem.cpp,748,5880883934,6884416,2,
Physics::Step,C:\Users\ivanm\source\repos\myengine\engine\src\ecs\systems\PhysicsSystem.cpp,748,5900118897,6977033,2,
Physics::Step,C:\Users\ivanm\source\repos\myengine\engine\src\ecs\systems\PhysicsSystem.cpp,748,5907095970,7516899,2,
Physics::Step,C:\Users\ivanm\source\repos\myengine\engine\src\ecs\systems\PhysicsSystem.cpp,748,5928154189,7058247,2,
Physics::Step,C:\Users\ivanm\source\repos\myengine\engine\src\ecs\systems\PhysicsSystem.cpp,748,5948628749,7119173,2,
Physics::Step,C:\Users\ivanm\source\repos\myengine\engine\src\ecs\systems\PhysicsSystem.cpp,748,5955747962,6725249,2,
Physics::Step,C:\Users\ivanm\source\repos\myengine\engine\src\ecs\systems\PhysicsSystem.cpp,748,5974998009,7272114,2,
Physics::Step,C:\Users\ivanm\source\repos\myengine\engine\src\ecs\systems\PhysicsSystem.cpp,748,5994855556,7070671,2,
Physics::Step,C:\Users\ivanm\source\repos\myengine\engine\src\ecs\systems\PhysicsSystem.cpp,748,6015156070,7416658,2,
Physics::Step,C:\Users\ivanm\source\repos\myengine\engine\src\ecs\systems\PhysicsSystem.cpp,748,6022572789,6618220,2,
Physics::Step,C:\Users\ivanm\source\repos\myengine\engine\src\ecs\systems\PhysicsSystem.cpp,748,6042543128,7267705,2,
Physics::Step,C:\Users\ivanm\source\repos\myengine\engine\src\ecs\systems\PhysicsSystem.cpp,748,6061803901,7793544,2,
Physics::Step,C:\Users\ivanm\source\repos\myengine\engine\src\ecs\systems\PhysicsSystem.cpp,748,6082765707,6771362,2,
Physics::Step,C:\Users\ivanm\source\repos\myengine\engine\src\ecs\systems\PhysicsSystem.cpp,748,6089537109,6791349,2,
Physics::Step,C:\Users\ivanm\source\repos\myengine\engine\src\ecs\systems\PhysicsSystem.cpp,748,6109304314,7172574,2,
Physics::Step,C:\Users\ivanm\source\repos\myengine\engine\src\ecs\systems\PhysicsSystem.cpp,748,6129535331,6947196,2,
Physics::Step,C:\Users\ivanm\source\repos\myengine\engine\src\ecs\systems\PhysicsSystem.cpp,748,6150892889,7149801,2,
Physics::Step,C:\Users\ivanm\source\repos\myengine\engine\src\ecs\systems\PhysicsSystem.cpp,748,6158042831,7123440,2,
Physics::Step,C:\Users\ivanm\source\repos\myengine\engine\src\ecs\systems\PhysicsSystem.cpp,748,6177878175,7154050,2,
Physics::Step,C:\Users\ivanm\source\repos\myengine\engine\src\ecs\systems\PhysicsSystem.cpp,748,6197162695,6976321,2,
Physics::Step,C:\Users\ivanm\source\repos\myengine\engine\src\ecs\systems\PhysicsSystem.cpp,748,6217556271,7336476,2,
Physics::Step,C:\Users\ivanm\source\repos\myengine\engine\src\ecs\systems\PhysicsSystem.cpp,748,6224892807,6752105,2,
Physics::Step,C:\Users\ivanm\source\repos\myengine\engine\src\ecs\systems\PhysicsSystem.cpp,748,6244231348,7908020,2,
Physics::Step,C:\Users\ivanm\source\repos\myengine\engine\src\ecs\systems\PhysicsSystem.cpp,748,6264312317,7066966,2,
Physics::Step,C:\Users\ivanm\source\repos\myengine\engine\src\ecs\systems\PhysicsSystem.cpp,748,6284470656,7007741,2,
Physics::Step,C:\Users\ivanm\source\repos\myengine\engine\src\ecs\systems\PhysicsSystem.cpp,748,6291478437,6757986,2,
Physics::Step,C:\Users\ivanm\source\repos\myengine\engine\src\ecs\systems\PhysicsSystem.cpp,748,6311156193,7141465,2,
Physics::Step,C:\Users\ivanm\source\repos\myengine\engine\src\ecs\systems\PhysicsSystem.cpp,748,6330970658,6775890,2,
Physics::Step,C:\Users\ivanm\source\repos\myengine\engine\src\ecs\systems\PhysicsSystem.cpp,748,6350961007,7659781,2,
Physics::Step,C:\Users\ivanm\source\repos\myengine\engine\src\ecs\systems\PhysicsSystem.cpp,748,6358620978,7028440,2,
Physics::Step,C:\Users\ivanm\source\repos\myengine\engine\src\ecs\systems\PhysicsSystem.cpp,748,6378586691,7551073,2,
Physics::Step,C:\Users\ivanm\source\repos\myengine\engine\src\ecs\systems\PhysicsSystem.cpp,748,6398657493,6967595,2,
Physics::Step,C:\Users\ivanm\source\repos\myengine\engine\src\ecs\systems\PhysicsSystem.cpp,748,6405625228,7487984,2,
Physics::Step,C:\Users\ivanm\source\repos\myengine\engine\src\ecs\systems\PhysicsSystem.cpp,748,6425881673,7082313,2,
Physics::Step,C:\Users\ivanm\source\repos\myengine\engine\src\ecs\systems\PhysicsSystem.cpp,748,6446395848,7349762,2,
Physics::Step,C:\Users\ivanm\source\repos\myengine\engine\src\ecs\systems\PhysicsSystem.cpp,748,6465878212,7229473,2,
Physics::Step,C:\Users\ivanm\source\repos\myengine\engine\src\ecs\systems\PhysicsSystem.cpp,748,6473107835,7307070,2,
Physics::Step,C:\Users\ivanm\source\repos\myengine\engine\src\ecs\systems\PhysicsSystem.cpp,748,6492500869,6986020,2,
Physics::Step,C:\Users\ivanm\source\repos\myengine\engine\src\ecs\systems\PhysicsSystem.cpp,748,6512360470,6991941,2,
Physics::Step,C:\Users\ivanm\source\repos\myengine\engine\src\ecs\systems\PhysicsSystem.cpp,748,6532756120,6908613,2,
Physics::Step,C:\Users\ivanm\source\repos\myengine\engine\src\ecs\systems\PhysicsSystem.cpp,748,6539664963,7492032,2,
Physics::Step,C:\Users\ivanm\source\repos\myengine\engine\src\ecs\systems\PhysicsSystem.cpp,748,6560054033,7003693,2,
Physics::Step,C:\Users\ivanm\source\repos\myengine\engine\src\ecs\systems\PhysicsSystem.cpp,748,6580583657,7560212,2,
Physics::Step,C:\Users\ivanm\source\repos\myengine\engine\src\ecs\systems\PhysicsSystem.cpp,748,6600579197,7141044,2,
Physics::Step,C:\Users\ivanm\source\repos\myengine\engine\src\ecs\systems\PhysicsSystem.cpp,748,6607720472,7091750,2,
Physics::Step,C:\Users\ivanm\source\repos\myengine\engine\src\ecs\systems\PhysicsSystem.cpp,748,6626780022,6891299,2,
Physics::Step,C:\Users\ivanm\source\repos\myengine\engine\src\ecs\systems\PhysicsSystem.cpp,748,6646161213,7179027,2,
Physics::Step,C:\Users\ivanm\source\repos\myengine\engine\src\ecs\systems\PhysicsSystem.cpp,748,6665192690,7210146,2,
Physics::Step,C:\Users\ivanm\source\repos\myengine\engine\src\ecs\systems\PhysicsSystem.cpp,748,6672402866,7615606,2,
Physics::Step,C:\Users\ivanm\source\repos\myengine\engine\src\ecs\systems\PhysicsSystem.cpp,748,6692346817,7018381,2,
Physics::Step,C:\Users\ivanm\source\repos\myengine\engine\src\ecs\systems\PhysicsSystem.cpp,748,6712586921,7086361,2,
Physics::Step,C:\Users\ivanm\source\repos\myengine\engine\src\ecs\systems\PhysicsSystem.cpp,748,6733322848,7510236,2,
Physics::Step,C:\Users\ivanm\source\repos\myengine\engine\src\ecs\systems\PhysicsSystem.cpp,748,6740833154,6944171,2,
Physics::Step,C:\Users\ivanm\source\repos\myengine\engine\src\ecs\systems\PhysicsSystem.cpp,748,6760136678,6994416,2,
Physics::Step,C:\Users\ivanm\source\repos\myengine\engine\src\ecs\systems\PhysicsSystem.cpp,748,6780275340,7658909,2,
Physics::Step,C:\Users\ivanm\source\repos\myengine\engine\src\ecs\systems\PhysicsSystem.cpp,748,6800731595,7476622,2,
Physics::Step,C:\Users\ivanm\source\repos\myengine\engine\src\ecs\systems\PhysicsSystem.cpp,748,6808208778,8128131,2,
Physics::Step,C:\Users\ivanm\source\repos\myengine\engine\src\ecs\systems\PhysicsSystem.cpp,748,6828908616,7154420,2,
Physics::Step,C:\Users\ivanm\source\repos\myengine\engine\src\ecs\systems\PhysicsSystem.cpp,748,6850361937,7924203,2,
Physics::Step,C:\Users\ivanm\source\repos\myengine\engine\src\ecs\systems\PhysicsSystem.cpp,748,6858286260,7024693,2,
Physics::Step,C:\Users\ivanm\source\repos\myengine\engine\src\ecs\systems\PhysicsSystem.cpp,748,6880623030,7622118,2,
Physics::Step,C:\Users\ivanm\source\repos\myengine\engine\src\ecs\systems\PhysicsSystem.cpp,748,6900960208,8380300,2,
Physics::Step,C:\Users\ivanm\source\repos\myengine\engine\src\ecs\systems\PhysicsSystem.cpp,748,6909340609,7510156,2,
Physics::Step,C:\Users\ivanm\source\repos\myengine\engine\src\ecs\systems\PhysicsSystem.cpp,748,6929687085,7428591,2,
Physics::Step,C:\Users\ivanm\source\repos\myengine\engine\src\ecs\systems\PhysicsSystem.cpp,748,6951814387,7249811,2,
Physics::Step,C:\Users\ivanm\source\repos\myengine\engine\src\ecs\systems\PhysicsSystem.cpp,748,6959064238,7227569,2,
Physics::Step,C:\Users\ivanm\source\repos\myengine\engine\src\ecs\systems\PhysicsSystem.cpp,748,6979201426,7980460,2,
Physics::Step,C:\Users\ivanm\source\repos\myengine\engine\src\ecs\systems\PhysicsSystem.cpp,748,6999758142,7536446,2,
Physics::Step,C:\Users\ivanm\source\repos\myengine\engine\src\ecs\systems\PhysicsSystem.cpp,748,7007294629,7843609,2,
Physics::Step,C:\Users\ivanm\source\repos\myengine\engine\src\ecs\systems\PhysicsSystem.cpp,748,7027505988,7603173,2,
Physics::Step,C:\Users\ivanm\source\repos\myengine\engine\src\ecs\systems\PhysicsSystem.cpp,748,7048335513,8513633,2,
Physics::Step,C:\Users\ivanm\source\repos\myengine\engine\src\ecs\systems\PhysicsSystem.cpp,748,7056849287,7672609,2,
Physics::Step,C:\Users\ivanm\source\repos\myengine\engine\src\ecs\systems\PhysicsSystem.cpp,748,7077352937,7393454,2,
Physics::Step,C:\Users\ivanm\source\repos\myengine\engine\src\ecs\systems\PhysicsSystem.cpp,748,7096825622,6966573,2,
Physics::Step,C:\Users\ivanm\source\repos\myengine\engine\src\ecs\systems\PhysicsSystem.cpp,748,7116995513,7236055,2,
Physics::Step,C:\Users\ivanm\source\repos\myengine\engine\src\ecs\systems\PhysicsSystem.cpp,748,7124231608,6728250,2,
Physics::Step,C:\Users\ivanm\source\repos\myengine\engine\src\ecs\systems\PhysicsSystem.cpp,748,7143916156,7423151,2,
Physics::Step,C:\Users\ivanm\source\repos\myengine\engine\src\ecs\systems\PhysicsSystem.cpp,748,7163883232,7103202,2,
Physics::Step,C:\Users\ivanm\source\repos\myengine\engine\src\ecs\systems\PhysicsSystem.cpp,748,7184413978,6963577,2,
Physics::Step,C:\Users\ivanm\source\repos\myengine\engine\src\ecs\systems\PhysicsSystem.cpp,748,7191377595,6800407,2,
Physics::Step,C:\Users\ivanm\source\repos\myengine\engine\src\ecs\systems\PhysicsSystem.cpp,748,7210926746,7652006,2,
Physics::Step,C:\Users\ivanm\source\repos\myengine\engine\src\ecs\systems\PhysicsSystem.cpp,748,7230903630,6895768,2,
Physics::Step,C:\Users\ivanm\source\repos\myengine\engine\src\ecs\systems\PhysicsSystem.cpp,748,7251033966,6767033,2,
Physics::Step,C:\Users\ivanm\source\repos\myengine\engine\src\ecs\systems\PhysicsSystem.cpp,748,7257801039,6680940,2,
Physics::Step,C:\Users\ivanm\source\repos\myengine\engine\src\ecs\systems\PhysicsSystem.cpp,748,7277117898,7190499,2,
Physics::Step,C:\Users\ivanm\source\repos\myengine\engine\src\ecs\systems\PhysicsSystem.cpp,748,7296840529,7004194,2,
Physics::Step,C:\Users\ivanm\source\repos\myengine\engine\src\ecs\systems\PhysicsSystem.cpp,748,7317382667,7361684,2,
Physics::Step,C:\Users\ivanm\source\repos\myengine\engine\src\ecs\systems\PhysicsSystem.cpp,748,7324744371,6830865,2,
Physics::Step,C:\Users\ivanm\source\repos\myengine\engine\src\ecs\systems\PhysicsSystem.cpp,748,7344887892,7329773,2,
Physics::Step,C:\Users\ivanm\source\repos\myengine\engine\src\ecs\systems\PhysicsSystem.cpp,748,7364446220,7399145,2,
Physics::Step,C:\Users\ivanm\source\repos\myengine\engine\src\ecs\systems\PhysicsSystem.cpp,748,7384996173,6992823,2,
Physics::Step,C:\Users\ivanm\source\repos\myengine\engine\src\ecs\systems\PhysicsSystem.cpp,748,7391989106,6767715,2,
Physics::Step,C:\Users\ivanm\source\repos\myengine\engine\src\ecs\systems\PhysicsSystem.cpp,748,7411516696,7318782,2,
Physics::Step,C:\Users\ivanm\source\repos\myengine\engine\src\ecs\systems\PhysicsSystem.cpp,748,7430899501,7087602,2,
Physics::Step,C:\Users\ivanm\source\repos\myengine\engine\src\ecs\systems\PhysicsSystem.cpp,748,7451680743,6857466,2,
Physics::Step,C:\Users\ivanm\source\repos\myengine\engine\src\ecs\systems\PhysicsSystem.cpp,748,7458538249,6794616,2,
Physics::Step,C:\Users\ivanm\source\repos\myengine\engine\src\ecs\systems\PhysicsSystem.cpp,748,7477834579,7200397,2,
Physics::Step,C:\Users\ivanm\source\repos\myengine\engine\src\ecs\systems\PhysicsSystem.cpp,748,7497433595,6965100,2,
Physics::Step,C:\Users\ivanm\source\repos\myengine\engine\src\ecs\systems\PhysicsSystem.cpp,748,7518386098,7371332,2,
Physics::Step,C:\Users\ivanm\source\repos\myengine\engine\src\ecs\systems\PhysicsSystem.cpp,748,7525757470,7004415,2,
Physics::Step,C:\Users\ivanm\source\repos\myengine\engine\src\ecs\systems\PhysicsSystem.cpp,748,7545979089,7385940,2,
Physics::Step,C:\Users\ivanm\source\repos\myengine\engine\src\ecs\systems\PhysicsSystem.cpp,748,7565433731,6916968,2,
Physics::Step,C:\Users\ivanm\source\repos\myengine\engine\src\ecs\systems\PhysicsSystem.cpp,748,7572350739,7270420,2,
Physics::Step,C:\Users\ivanm\source\repos\myengine\engine\src\ecs\systems\PhysicsSystem.cpp,748,7591939485,7102952,2,
Physics::Step,C:\Users\ivanm\source\repos\myengine\engine\src\ecs\systems\PhysicsSystem.cpp,748,7611530606,7197201,2,
Physics::Step,C:\Users\ivanm\source\repos\myengine\engine\src\ecs\systems\PhysicsSystem.cpp,748,7630873675,6851965,2,
Physics::Step,C:\Users\ivanm\source\repos\myengine\engine\src\ecs\systems\PhysicsSystem.cpp,748,7651498378,7127298,2,
Physics::Step,C:\Users\ivanm\source\repos\myengine\engine\src\ecs\systems\PhysicsSystem.cpp,748,7658625716,7552296,2,
Physics::Step,C:\Users\ivanm\source\repos\myengine\engine\src\ecs\systems\PhysicsSystem.cpp,748,7679958049,7382112,2,
Physics::Step,C:\Users\ivanm\source\repos\myengine\engine\src\ecs\systems\PhysicsSystem.cpp,748,7699497491,7171212,2,
Physics::Step,C:\Users\ivanm\source\repos\myengine\engine\src\ecs\systems\PhysicsSystem.cpp,748,7706669124,7349941,2,
Physics::Step,C:\Users\ivanm\source\repos\myengine\engine\src\ecs\systems\PhysicsSystem.cpp,748,7726341499,6913452,2,
Physics::Step,C:\Users\ivanm\source\repos\myengine\engine\src\ecs\systems\PhysicsSystem.cpp,748,7746056595,7322880,2,
Physics::Step,C:\Users\ivanm\source\repos\myengine\engine\src\ecs\systems\PhysicsSystem.cpp,748,7766371191,7143939,2,
Physics::Step,C:\Users\ivanm\source\repos\myengine\engine\src\ecs\systems\PhysicsSystem.cpp,748,7773515371,7333390,2,
Physics::Step,C:\Users\ivanm\source\repos\myengine\engine\src\ecs\systems\PhysicsSystem.cpp,748,7792970092,7016267,2,
Physics::Step,C:\Users\ivanm\source\repos\myengine\engine\src\ecs\systems\PhysicsSystem.cpp,748,7812606218,7371894,2,
Physics::Step,C:\Users\ivanm\source\repos\myengine\engine\src\ecs\systems\PhysicsSystem.cpp,748,7832092630,7059459,2,
Physics::Step,C:\Users\ivanm\source\repos\myengine\engine\src\ecs\systems\PhysicsSystem.cpp,748,7839152129,7497903,2,
Physics::Step,C:\Users\ivanm\source\repos\myengine\engine\src\ecs\systems\PhysicsSystem.cpp,748,7859213113,7140243,2,
Physics::Step,C:\Users\ivanm\source\repos\myengine\engine\src\ecs\systems\PhysicsSystem.cpp,748,7879352496,7095778,2,
Physics::Step,C:\Users\ivanm\source\repos\myengine\engine\src\ecs\systems\PhysicsSystem.cpp,748,7899205414,6935303,2,
Physics::Step,C:\Users\ivanm\source\repos\myengine\engine\src\ecs\systems\PhysicsSystem.cpp,748,7906140737,7431497,2,
Physics::Step,C:\Users\ivanm\source\repos\myengine\engine\src\ecs\systems\PhysicsSystem.cpp,748,7925691070,7138199,2,
Physics::Step,C:\Users\ivanm\source\repos\myengine\engine\src\ecs\systems\PhysicsSystem.cpp,748,7945635022,7419854,2,
Physics::Step,C:\Users\ivanm\source\repos\myengine\engine\src\ecs\systems\PhysicsSystem.cpp,748,7966069485,7200027,2,
Physics::Step,C:\Users\ivanm\source\repos\myengine\engine\src\ecs\systems\PhysicsSystem.cpp,748,7973269813,7622138,2,
Physics::Step,C:\Users\ivanm\source\repos\myengine\engine\src\ecs\systems\PhysicsSystem.cpp,748,7993088987,7123871,2,
Physics::Step,C:\Users\ivanm\source\repos\myengine\engine\src\ecs\systems\PhysicsSystem.cpp,748,8012671431,7178475,2,
Physics::Step,C:\Users\ivanm\source\repos\myengine\engine\src\ecs\systems\PhysicsSystem.cpp,748,8032354366,6960772,2,
Physics::Step,C:\Users\ivanm\source\repos\myengine\engine\src\ecs\systems\PhysicsSystem.cpp,748,8039315178,7170480,2,
Physics::Step,C:\Users\ivanm\source\repos\myengine\engine\src\ecs\systems\PhysicsSystem.cpp,748,8058872825,6925564,2,
Physics::Step,C:\Users\ivanm\source\repos\myengine\engine\src\ecs\systems\PhysicsSystem.cpp,748,8079166901,7186441,2,
Physics::Step,C:\Users\ivanm\source\repos\myengine\engine\src\ecs\systems\PhysicsSystem.cpp,748,8098669514,7126697,2,
Physics::Step,C:\Users\ivanm\source\repos\myengine\engine\src\ecs\systems\PhysicsSystem.cpp,748,8105796301,7190498,2,
Physics::Step,C:\Users\ivanm\source\repos\myengine\engine\src\ecs\systems\PhysicsSystem.cpp,748,8125372533,6976201,2,
Physics::Step,C:\Users\ivanm\source\repos\myengine\engine\src\ecs\systems\PhysicsSystem.cpp,748,8145008489,7288405,2,
Physics::Step,C:\Users\ivanm\source\repos\myengine\engine\src\ecs\systems\PhysicsSystem.cpp,748,8164618195,7386060,2,
Physics::Step,C:\Users\ivanm\source\repos\myengine\engine\src\ecs\systems\PhysicsSystem.cpp,748,8172004365,7244491,2,
Physics::Step,C:\Users\ivanm\source\repos\myengine\engine\src\ecs\systems\PhysicsSystem.cpp,748,8192412409,7361882,2,
Physics::Step,C:\Users\ivanm\source\repos\myengine\engine\src\ecs\systems\PhysicsSystem.cpp,748,8212672529,7127048,2,
Physics::Step,C:\Users\ivanm\source\repos\myengine\engine\src\ecs\systems\PhysicsSystem.cpp,748,8232126740,6993544,2,
Physics::Step,C:\Users\ivanm\source\repos\myengine\engine\src\ecs\systems\PhysicsSystem.cpp,748,8239120334,8136687,2,
Physics::Step,C:\Users\ivanm\source\repos\myengine\engine\src\ecs\systems\PhysicsSystem.cpp,748,8259550599,7028160,2,
Physics::Step,C:\Users\ivanm\source\repos\myengine\engine\src\ecs\systems\PhysicsSystem.cpp,748,8279819320,7074798,2,
Physics::Step,C:\Users\ivanm\source\repos\myengine\engine\src\ecs\systems\PhysicsSystem.cpp,748,8299740959,7792740,2,
Physics::Step,C:\Users\ivanm\source\repos\myengine\engine\src\ecs\systems\PhysicsSystem.cpp,748,8307533719,9084662,2,
Physics::Step,C:\Users\ivanm\source\repos\myengine\engine\src\ecs\systems\PhysicsSystem.cpp,748,8329018673,7057195,2,
Physics::Step,C:\Users\ivanm\source\repos\myengine\engine\src\ecs\systems\PhysicsSystem.cpp,748,8350122479,7854080,2,
Physics::Step,C:\Users\ivanm\source\repos\myengine\engine\src\ecs\systems\PhysicsSystem.cpp,748,8357976799,7014955,2,
Physics::Step,C:\Users\ivanm\source\repos\myengine\engine\src\ecs\systems\PhysicsSystem.cpp,748,8378893359,8353489,2,
Physics::Step,C:\Users\ivanm\source\repos\myengine\engine\src\ecs\systems\PhysicsSystem.cpp,748,8400070815,7213763,2,
Physics::Step,C:\Users\ivanm\source\repos\myengine\engine\src\ecs\systems\PhysicsSystem.cpp,748,8407284708,7195488,2,
Physics::Step,C:\Users\ivanm\source\repos\myengine\engine\src\ecs\systems\PhysicsSystem.cpp,748,8426749138,7490007,2,
Physics::Step,C:\Users\ivanm\source\repos\myengine\engine\src\ecs\systems\PhysicsSystem.cpp,748,8446907386,7103012,2,
Physics::Step,C:\Users\ivanm\source\repos\myengine\engine\src\ecs\systems\PhysicsSystem.cpp,748,8467756737,7904475,2,
Physics::Step,C:\Users\ivanm\source\repos\myengine\engine\src\ecs\systems\PhysicsSystem.cpp,748,8475661713,8157517,2,
Physics::Step,C:\Users\ivanm\source\repos\myengine\engine\src\ecs\systems\PhysicsSystem.cpp,748,8497846875,10353821,2,
Physics::Step,C:\Users\ivanm\source\repos\myengine\engine\src\ecs\systems\PhysicsSystem.cpp,748,8529881732,8042949,2,
Physics::Step,C:\Users\ivanm\source\repos\myengine\engine\src\ecs\systems\PhysicsSystem.cpp,748,8537924921,7358828,2,
Physics::Step,C:\Users\ivanm\source\repos\myengine\engine\src\ecs\systems\PhysicsSystem.cpp,748,8557876036,7562826,2,
Physics::Step,C:\Users\ivanm\source\repos\myengine\engine\src\ecs\systems\PhysicsSystem.cpp,748,8565438912,7015546,2,
Physics::Step,C:\Users\ivanm\source\repos\myengine\engine\src\ecs\systems\PhysicsSystem.cpp,748,8588130755,9718326,2,
Physics::Step,C:\Users\ivanm\source\repos\myengine\engine\src\ecs\systems\PhysicsSystem.cpp,748,8597849211,7012179,2,
Physics::Step,C:\Users\ivanm\source\repos\myengine\engine\src\ecs\systems\PhysicsSystem.cpp,748,8618675938,7177493,2,
Physics::Step,C:\Users\ivanm\source\repos\myengine\engine\src\ecs\systems\PhysicsSystem.cpp,748,8625853482,7377022,2,
Physics::Step,C:\Users\ivanm\source\repos\myengine\engine\src\ecs\systems\PhysicsSystem.cpp,748,8645802102,7371612,2,
Physics::Step,C:\Users\ivanm\source\repos\myengine\engine\src\ecs\systems\PhysicsSystem.cpp,748,8665695056,7276532,2,
Physics::Step,C:\Users\ivanm\source\repos\myengine\engine\src\ecs\systems\PhysicsSystem.cpp,748,8672971638,7682884,2,
Physics::Step,C:\Users\ivanm\source\repos\myengine\engine\src\ecs\systems\PhysicsSystem.cpp,748,8693080292,7066213,2,
Physics::Step,C:\Users\ivanm\source\repos\myengine\engine\src\ecs\systems\PhysicsSystem.cpp,748,8713755714,7406930,2,
Physics::Step,C:\Users\ivanm\source\repos\myengine\engine\src\ecs\systems\PhysicsSystem.cpp,748,8734101922,9823654,2,
Physics::Step,C:\Users\ivanm\source\repos\myengine\engine\src\ecs\systems\PhysicsSystem.cpp,748,8743925806,8506861,2,
Physics::Step,C:\Users\ivanm\source\repos\myengine\engine\src\ecs\systems\PhysicsSystem.cpp,748,8764961223,7192702,2,
Physics::Step,C:\Users\ivanm\source\repos\myengine\engine\src\ecs\systems\PhysicsSystem.cpp,748,8772154045,8760553,2,
Physics::Step,C:\Users\ivanm\source\repos\myengine\engine\src\ecs\systems\PhysicsSystem.cpp,748,8799829393,9739033,2,
Physics::Step,C:\Users\ivanm\source\repos\myengine\engine\src\ecs\systems\PhysicsSystem.cpp,748,8809568676,10205360,2,
Physics::Step,C:\Users\ivanm\source\repos\myengine\engine\src\ecs\systems\PhysicsSystem.cpp,748,8838110331,8906621,2,
Physics::Step,C:\Users\ivanm\source\repos\myengine\engine\src\ecs\systems\PhysicsSystem.cpp,748,8847017022,7762235,2,
Physics::Step,C:\Users\ivanm\source\repos\myengine\engine\src\ecs\systems\PhysicsSystem.cpp,748,8872489001,10783468,2,
Physics::Step,C:\Users\ivanm\source\repos\myengine\engine\src\ecs\systems\PhysicsSystem.cpp,748,8883272680,8747177,2,
Physics::Step,C:\Users\ivanm\source\repos\myengine\engine\src\ecs\systems\PhysicsSystem.cpp,748,8904592867,7865401,2,
Physics::Step,C:\Users\ivanm\source\repos\myengine\engine\src\ecs\systems\PhysicsSystem.cpp,748,8912458369,7010396,2,
Physics::Step,C:\Users\ivanm\source\repos\myengine\engine\src\ecs\systems\PhysicsSystem.cpp,748,8931503221,7185829,2,
Physics::Step,C:\Users\ivanm\source\repos\myengine\engine\src\ecs\systems\PhysicsSystem.cpp,748,8938689271,7412029,2,
Physics::Step,C:\Users\ivanm\source\repos\myengine\engine\src\ecs\systems\PhysicsSystem.cpp,748,8958416069,7029823,2,
Physics::Step,C:\Users\ivanm\source\repos\myengine\engine\src\ecs\systems\PhysicsSystem.cpp,748,8979347768,7091761,2,
Physics::Step,C:\Users\ivanm\source\repos\myengine\engine\src\ecs\systems\PhysicsSystem.cpp,748,8998943518,6873966,2,
Physics::Step,C:\Users\ivanm\source\repos\myengine\engine\src\ecs\systems\PhysicsSystem.cpp,748,9005817524,7824374,2,
Physics::Step,C:\Users\ivanm\source\repos\myengine\engine\src\ecs\systems\PhysicsSystem.cpp,748,9025345184,6926727,2,
Physics::Step,C:\Users\ivanm\source\repos\myengine\engine\src\ecs\systems\PhysicsSystem.cpp,748,9046266814,7124403,2,
Physics::Step,C:\Users\ivanm\source\repos\myengine\engine\src\ecs\systems\PhysicsSystem.cpp,748,9065905790,7057917,2,
Physics::Step,C:\Users\ivanm\source\repos\myengine\engine\src\ecs\systems\PhysicsSystem.cpp,748,9072963827,7421828,2,
Physics::Step,C:\Users\ivanm\source\repos\myengine\engine\src\ecs\systems\PhysicsSystem.cpp,748,9092731974,7017760,2,
Physics::Step,C:\Users\ivanm\source\repos\myengine\engine\src\ecs\systems\PhysicsSystem.cpp,748,9112859815,7247727,2,
Physics::Step,C:\Users\ivanm\source\repos\myengine\engine\src\ecs\systems\PhysicsSystem.cpp,748,9132645034,6927849,2,
Physics::Step,C:\Users\ivanm\source\repos\myengine\engine\src\ecs\systems\PhysicsSystem.cpp,748,9139573234,7197141,2,
Physics::Step,C:\Users\ivanm\source\repos\myengine\engine\src\ecs\systems\PhysicsSystem.cpp,748,9159445319,7107400,2,
Physics::Step,C:\Users\ivanm\source\repos\myengine\engine\src\ecs\systems\PhysicsSystem.cpp,748,9179734907,7203293,2,
Physics::Step,C:\Users\ivanm\source\repos\myengine\engine\src\ecs\systems\PhysicsSystem.cpp,748,9199640435,6937858,2,
Physics::Step,C:\Users\ivanm\source\repos\myengine\engine\src\ecs\systems\PhysicsSystem.cpp,748,9206578344,8268397,2,
Physics::Step,C:\Users\ivanm\source\repos\myengine\engine\src\ecs\systems\PhysicsSystem.cpp,748,9227603410,7220075,2,
Physics::Step,C:\Users\ivanm\source\repos\myengine\engine\src\ecs\systems\PhysicsSystem.cpp,748,9249423748,7514695,2,
Physics::Step,C:\Users\ivanm\source\repos\myengine\engine\src\ecs\systems\PhysicsSystem.cpp,748,9256938483,7202371,2,
Physics::Step,C:\Users\ivanm\source\repos\myengine\engine\src\ecs\systems\PhysicsSystem.cpp,748,9277851481,7487533,2,
Physics::Step,C:\Users\ivanm\source\repos\myengine\engine\src\ecs\systems\PhysicsSystem.cpp,748,9297597707,6964789,2,
Physics::Step,C:\Users\ivanm\source\repos\myengine\engine\src\ecs\systems\PhysicsSystem.cpp,748,9317855635,6886160,2,
Physics::Step,C:\Users\ivanm\source\repos\myengine\engine\src\ecs\systems\PhysicsSystem.cpp,748,9324741835,6936455,2,
Physics::Step,C:\Users\ivanm\source\repos\myengine\engine\src\ecs\systems\PhysicsSystem.cpp,748,9344336572,7148819,2,
Physics::Step,C:\Users\ivanm\source\repos\myengine\engine\src\ecs\systems\PhysicsSystem.cpp,748,9363859173,7064328,2,
Physics::Step,C:\Users\ivanm\source\repos\myengine\engine\src\ecs\systems\PhysicsSystem.cpp,748,9383988847,6867865,2,
Physics::Step,C:\Users\ivanm\source\repos\myengine\engine\src\ecs\systems\PhysicsSystem.cpp,748,9390856963,6945111,2,
Physics::Step,C:\Users\ivanm\source\repos\myengine\engine\src\ecs\systems\PhysicsSystem.cpp,748,9410437703,7227359,2,
Physics::Step,C:\Users\ivanm\source\repos\myengine\engine\src\ecs\systems\PhysicsSystem.cpp,748,9430233623,6903994,2,
Physics::Step,C:\Users\ivanm\source\repos\myengine\engine\src\ecs\systems\PhysicsSystem.cpp,748,9450489558,6992452,2,
Physics::Step,C:\Users\ivanm\source\repos\myengine\engine\src\ecs\systems\PhysicsSystem.cpp,748,9457482040,6799425,2,
Physics::Step,C:\Users\ivanm\source\repos\myengine\engine\src\ecs\systems\PhysicsSystem.cpp,748,9477369864,7189577,2,
Physics::Step,C:\Users\ivanm\source\repos\myengine\engine\src\ecs\systems\PhysicsSystem.cpp,748,9497588718,7061513,2,
Physics::Step,C:\Users\ivanm\source\repos\myengine\engine\src\ecs\systems\PhysicsSystem.cpp,748,9517741797,6907220,2,
Physics::Step,C:\Users\ivanm\source\repos\myengine\engine\src\ecs\systems\PhysicsSystem.cpp,748,9524649037,6768035,2,
Physics::Step,C:\Users\ivanm\source\repos\myengine\engine\src\ecs\systems\PhysicsSystem.cpp,748,9544009790,7444230,2,
Physics::Step,C:\Users\ivanm\source\repos\myengine\engine\src\ecs\systems\PhysicsSystem.cpp,748,9563780231,6952606,2,
Physics::Step,C:\Users\ivanm\source\repos\myengine\engine\src\ecs\systems\PhysicsSystem.cpp,748,9584286461,7162325,2,
Physics::Step,C:\Users\ivanm\source\repos\myengine\engine\src\ecs\systems\PhysicsSystem.cpp,748,9591448906,6951755,2,
Physics::Step,C:\Users\ivanm\source\repos\myengine\engine\src\ecs\systems\PhysicsSystem.cpp,748,9611462558,7199114,2,
Physics::Step,C:\Users\ivanm\source\repos\myengine\engine\src\ecs\systems\PhysicsSystem.cpp,748,9630690388,6905897,2,
Physics::Step,C:\Users\ivanm\source\repos\myengine\engine\src\ecs\systems\PhysicsSystem.cpp,748,9651404774,6912309,2,
Physics::Step,C:\Users\ivanm\source\repos\myengine\engine\src\ecs\systems\PhysicsSystem.cpp,748,9658317213,7228912,2,
Physics::Step,C:\Users\ivanm\source\repos\myengine\engine\src\ecs\systems\PhysicsSystem.cpp,748,9679333934,7528391,2,
Physics::Step,C:\Users\ivanm\source\repos\myengine\engine\src\ecs\systems\PhysicsSystem.cpp,748,9699725476,6884717,2,
Physics::Step,C:\Users\ivanm\source\repos\myengine\engine\src\ecs\systems\PhysicsSystem.cpp,748,9706610233,7388405,2,
Physics::Step,C:\Users\ivanm\source\repos\myengine\engine\src\ecs\systems\PhysicsSystem.cpp,748,9725924397,7083125,2,
Physics::Step,C:\Users\ivanm\source\repos\myengine\engine\src\ecs\systems\PhysicsSystem.cpp,748,9745876755,7166001,2,
Physics::Step,C:\Users\ivanm\source\repos\myengine\engine\src\ecs\systems\PhysicsSystem.cpp,748,9765690599,7157325,2,
Physics::Step,C:\Users\ivanm\source\repos\myengine\engine\src\ecs\systems\PhysicsSystem.cpp,748,9772848074,8106231,2,
Physics::Step,C:\Users\ivanm\source\repos\myengine\engine\src\ecs\systems\PhysicsSystem.cpp,748,9793444047,7603383,2,
Physics::Step,C:\Users\ivanm\source\repos\myengine\engine\src\ecs\systems\PhysicsSystem.cpp,748,9814450157,7882995,2,
Physics::Step,C:\Users\ivanm\source\repos\myengine\engine\src\ecs\systems\PhysicsSystem.cpp,748,9834906432,7525686,2,
Physics::Step,C:\Users\ivanm\source\repos\myengine\engine\src\ecs\systems\PhysicsSystem.cpp,748,9842432478,7059059,2,
Physics::Step,C:\Users\ivanm\source\repos\myengine\engine\src\ecs\systems\PhysicsSystem.cpp,748,9862910716,7167589,2,
Physics::Step,C:\Users\ivanm\source\repos\myengine\engine\src\ecs\systems\PhysicsSystem.cpp,748,9883804136,7635034,2,
Physics::Step,C:\Users\ivanm\source\repos\myengine\engine\src\ecs\systems\PhysicsSystem.cpp,748,9891439210,6905206,2,
Physics::Step,C:\Users\ivanm\source\repos\myengine\engine\src\ecs\systems\PhysicsSystem.cpp,748,9911782300,8027079,2,
Physics::Step,C:\Users\ivanm\source\repos\myengine\engine\src\ecs\systems\PhysicsSystem.cpp,748,9932294241,7241355,2,
Physics::Step,C:\Users\ivanm\source\repos\myengine\engine\src\ecs\systems\PhysicsSystem.cpp,748,9939535646,8304746,2,
Physics::Step,C:\Users\ivanm\source\repos\myengine\engine\src\ecs\systems\PhysicsSystem.cpp,748,9963172126,7393415,2,
Physics::Step,C:\Users\ivanm\source\repos\myengine\engine\src\ecs\systems\PhysicsSystem.cpp,748,9984118573,7231727,2,
Physics::Step,C:\Users\ivanm\source\repos\myengine\engine\src\ecs\systems\PhysicsSystem.cpp,748,9991350400,8457848,2,
Physics::Step,C:\Users\ivanm\source\repos\myengine\engine\src\ecs\systems\PhysicsSystem.cpp,748,10014582963,8131818,2,
Physics::Step,C:\Users\ivanm\source\repos\myengine\engine\src\ecs\systems\PhysicsSystem.cpp,748,10022714881,7048588,2,
Physics::Step,C:\Users\ivanm\source\repos\myengine\engine\src\ecs\systems\PhysicsSystem.cpp,748,10043672429,7544511,2,
Physics::Step,C:\Users\ivanm\source\repos\myengine\engine\src\ecs\systems\PhysicsSystem.cpp,748,10066394751,7608083,2,
Physics::Step,C:\Users\ivanm\source\repos\myengine\engine\src\ecs\systems\PhysicsSystem.cpp,748,10074002984,7327118,2,
Physics::Step,C:\Users\ivanm\source\repos\myengine\engine\src\ecs\systems\PhysicsSystem.cpp,748,10094606719,7090699,2,
Physics::Step,C:\Users\ivanm\source\repos\myengine\engine\src\ecs\systems\PhysicsSystem.cpp,748,10116916217,7362125,2,
Physics::Step,C:\Users\ivanm\source\repos\myengine\engine\src\ecs\systems\PhysicsSystem.cpp,748,10124278462,6791841,2,
Physics::Step,C:\Users\ivanm\source\repos\myengine\engine\src\ecs\systems\PhysicsSystem.cpp,748,10144518356,7656875,2,
Physics::Step,C:\Users\ivanm\source\repos\myengine\engine\src\ecs\systems\PhysicsSystem.cpp,748,10165723986,7319553,2,
Physics::Step,C:\Users\ivanm\source\repos\myengine\engine\src\ecs\systems\PhysicsSystem.cpp,748,10173043579,8119765,2,
Physics::Step,C:\Users\ivanm\source\repos\myengine\engine\src\ecs\systems\PhysicsSystem.cpp,748,10194760992,7397411,2,
Physics::Step,C:\Users\ivanm\source\repos\myengine\engine\src\ecs\systems\PhysicsSystem.cpp,748,10216755661,7556855,2,
Physics::Step,C:\Users\ivanm\source\repos\myengine\engine\src\ecs\systems\PhysicsSystem.cpp,748,10224312536,6875840,2,
Physics::Step,C:\Users\ivanm\source\repos\myengine\engine\src\ecs\systems\PhysicsSystem.cpp,748,10244807385,7713783,2,
Physics::Step,C:\Users\ivanm\source\repos\myengine\engine\src\ecs\systems\PhysicsSystem.cpp,748,10266031038,8118715,2,
Physics::Step,C:\Users\ivanm\source\repos\myengine\engine\src\ecs\systems\PhysicsSystem.cpp,748,10274149803,8897804,2,
Physics::Step,C:\Users\ivanm\source\repos\myengine\engine\src\ecs\systems\PhysicsSystem.cpp,748,10296289311,7231086,2,
Physics::Step,C:\Users\ivanm\source\repos\myengine\engine\src\ecs\systems\PhysicsSystem.cpp,748,10318376697,7198774,2,
Physics::Step,C:\Users\ivanm\source\repos\myengine\engine\src\ecs\systems\PhysicsSystem.cpp,748,10325575511,7315607,2,
Physics::Step,C:\Users\ivanm\source\repos\myengine\engine\src\ecs\systems\PhysicsSystem.cpp,748,10346520315,7260011,2,
Physics::Step,C:\Users\ivanm\source\repos\myengine\engine\src\ecs\systems\PhysicsSystem.cpp,748,10367310084,7168928,2,
Physics::Step,C:\Users\ivanm\source\repos\myengine\engine\src\ecs\systems\PhysicsSystem.cpp,748,10374479052,8271423,2,
Physics::Step,C:\Users\ivanm\source\repos\myengine\engine\src\ecs\systems\PhysicsSystem.cpp,748,10396248673,7359630,2,
Physics::Step,C:\Users\ivanm\source\repos\myengine\engine\src\ecs\systems\PhysicsSystem.cpp,748,10419530910,7696972,2,
Physics::Step,C:\Users\ivanm\source\repos\myengine\engine\src\ecs\systems\PhysicsSystem.cpp,748,10427227922,7060230,2,
Physics::Step,C:\Users\ivanm\source\repos\myengine\engine\src\ecs\systems\PhysicsSystem.cpp,748,10449274620,7308032,2,
Physics::Step,C:\Users\ivanm\source\repos\myengine\engine\src\ecs\systems\PhysicsSystem.cpp,748,10456582762,6651293,2,
Physics::Step,C:\Users\ivanm\source\repos\myengine\engine\src\ecs\systems\PhysicsSystem.cpp,748,10476716173,7190038,2,
Physics::Step,C:\Users\ivanm\source\repos\myengine\engine\src\ecs\systems\PhysicsSystem.cpp,748,10496838203,6981171,2,
Physics::Step,C:\Users\ivanm\source\repos\myengine\engine\src\ecs\systems\PhysicsSystem.cpp,748,10518977478,6870690,2,
Physics::Step,C:\Users\ivanm\source\repos\myengine\engine\src\ecs\systems\PhysicsSystem.cpp,748,10525848218,6924663,2,
Physics::Step,C:\Users\ivanm\source\repos\myengine\engine\src\ecs\systems\PhysicsSystem.cpp,748,10547121126,7633660,2,
Physics::Step,C:\Users\ivanm\source\repos\myengine\engine\src\ecs\systems\PhysicsSystem.cpp,748,10568212969,7074408,2,
Physics::Step,C:\Users\ivanm\source\repos\myengine\engine\src\ecs\systems\PhysicsSystem.cpp,748,10575287637,6900617,2,
Physics::Step,C:\Users\ivanm\source\repos\myengine\engine\src\ecs\systems\PhysicsSystem.cpp,748,10595373678,7084848,2,
Physics::Step,C:\Users\ivanm\source\repos\myengine\engine\src\ecs\systems\PhysicsSystem.cpp,748,10617011860,6979518,2,
Physics::Step,C:\Users\ivanm\source\repos\myengine\engine\src\ecs\systems\PhysicsSystem.cpp,748,10623991428,6714012,2,
Physics::Step,C:\Users\ivanm\source\repos\myengine\engine\src\ecs\systems\PhysicsSystem.cpp,748,10643894842,6994185,2,
Physics::Step,C:\Users\ivanm\source\repos\myengine\engine\src\ecs\systems\PhysicsSystem.cpp,748,10664244124,6952255,2,
Physics::Step,C:\Users\ivanm\source\repos\myengine\engine\src\ecs\systems\PhysicsSystem.cpp,748,10685395766,7436135,2,
Physics::Step,C:\Users\ivanm\source\repos\myengine\engine\src\ecs\systems\PhysicsSystem.cpp,748,10692831941,6953588,2,
Physics::Step,C:\Users\ivanm\source\repos\myengine\engine\src\ecs\systems\PhysicsSystem.cpp,748,10714130823,7271853,2,
Physics::Step,C:\Users\ivanm\source\repos\myengine\engine\src\ecs\systems\PhysicsSystem.cpp,748,10734445589,7223982,2,
Physics::Step,C:\Users\ivanm\source\repos\myengine\engine\src\ecs\systems\PhysicsSystem.cpp,748,10741669892,6932638,2,
Physics::Step,C:\Users\ivanm\source\repos\myengine\engine\src\ecs\systems\PhysicsSystem.cpp,748,10762374739,6999325,2,
Physics::Step,C:\Users\ivanm\source\repos\myengine\engine\src\ecs\systems\PhysicsSystem.cpp,748,10783944641,6945243,2,
Physics::Step,C:\Users\ivanm\source\repos\myengine\engine\src\ecs\systems\PhysicsSystem.cpp,748,10790889914,6599585,2,
Physics::Step,C:\Users\ivanm\source\repos\myengine\engine\src\ecs\systems\PhysicsSystem.cpp,748,10811029637,6872664,2,
Physics::Step,C:\Users\ivanm\source\repos\myengine\engine\src\ecs\systems\PhysicsSystem.cpp,748,10831135887,6843409,2,
Physics::Step,C:\Users\ivanm\source\repos\myengine\engine\src\ecs\systems\PhysicsSystem.cpp,748,10837979336,6969909,2,
Physics::Step,C:\Users\ivanm\source\repos\myengine\engine\src\ecs\systems\PhysicsSystem.cpp,748,10858801797,6797371,2,
Physics::Step,C:\Users\ivanm\source\repos\myengine\engine\src\ecs\systems\PhysicsSystem.cpp,748,10879583911,6906058,2,
Physics::Step,C:\Users\ivanm\source\repos\myengine\engine\src\ecs\systems\PhysicsSystem.cpp,748,10899795501,6862976,2,
Physics::Step,C:\Users\ivanm\source\repos\myengine\engine\src\ecs\systems\PhysicsSystem.cpp,748,10906658607,7201490,2,
Physics::Step,C:\Users\ivanm\source\repos\myengine\engine\src\ecs\systems\PhysicsSystem.cpp,748,10926729951,7018792,2,
Physics::Step,C:\Users\ivanm\source\repos\myengine\engine\src\ecs\systems\PhysicsSystem.cpp,748,10947407076,7404435,2,
Physics::Step,C:\Users\ivanm\source\repos\myengine\engine\src\ecs\systems\PhysicsSystem.cpp,748,10967744756,7266653,2,
Physics::Step,C:\Users\ivanm\source\repos\myengine\engine\src\ecs\systems\PhysicsSystem.cpp,748,10975011569,7394506,2,
Physics::Step,C:\Users\ivanm\source\repos\myengine\engine\src\ecs\systems\PhysicsSystem.cpp,748,10995686780,7138189,2,
Physics::Step,C:\Users\ivanm\source\repos\myengine\engine\src\ecs\systems\PhysicsSystem.cpp,748,11018800727,8046656,2,
Physics::Step,C:\Users\ivanm\source\repos\myengine\engine\src\ecs\systems\PhysicsSystem.cpp,748,11026847413,7193214,2,
Physics::Step,C:\Users\ivanm\source\repos\myengine\engine\src\ecs\systems\PhysicsSystem.cpp,748,11048734548,6897031,2,
Physics::Step,C:\Users\ivanm\source\repos\myengine\engine\src\ecs\systems\PhysicsSystem.cpp,748,11055631699,6527679,2,
Physics::Step,C:\Users\ivanm\source\repos\myengine\engine\src\ecs\systems\PhysicsSystem.cpp,748,11076142175,7340884,2,
Physics::Step,C:\Users\ivanm\source\repos\myengine\engine\src\ecs\systems\PhysicsSystem.cpp,748,11096392308,7072444,2,
Physics::Step,C:\Users\ivanm\source\repos\myengine\engine\src\ecs\systems\PhysicsSystem.cpp,748,11117552702,7053508,2,
Physics::Step,C:\Users\ivanm\source\repos\myengine\engine\src\ecs\systems\PhysicsSystem.cpp,748,11124606310,7011398,2,
Physics::Step,C:\Users\ivanm\source\repos\myengine\engine\src\ecs\systems\PhysicsSystem.cpp,748,11144886200,7029783,2,
Physics::Step,C:\Users\ivanm\source\repos\myengine\engine\src\ecs\systems\PhysicsSystem.cpp,748,11164837876,6965671,2,
Physics::Step,C:\Users\ivanm\source\repos\myengine\engine\src\ecs\systems\PhysicsSystem.cpp,748,11171803667,7116207,2,
Physics::Step,C:\Users\ivanm\source\repos\myengine\engine\src\ecs\systems\PhysicsSystem.cpp,748,11192117118,7439722,2,
Physics::Step,C:\Users\ivanm\source\repos\myengine\engine\src\ecs\systems\PhysicsSystem.cpp,748,11212809442,6968376,2,
Physics::Step,C:\Users\ivanm\source\repos\myengine\engine\src\ecs\systems\PhysicsSystem.cpp,748,11232841160,6818661,2,
Physics::Step,C:\Users\ivanm\source\repos\myengine\engine\src\ecs\systems\PhysicsSystem.cpp,748,11239659932,7058146,2,
Physics::Step,C:\Users\ivanm\source\repos\myengine\engine\src\ecs\systems\PhysicsSystem.cpp,748,11260349630,6872514,2,
Physics::Step,C:\Users\ivanm\source\repos\myengine\engine\src\ecs\systems\PhysicsSystem.cpp,748,11280975548,7195197,2,
Physics::Step,C:\Users\ivanm\source\repos\myengine\engine\src\ecs\systems\PhysicsSystem.cpp,748,11301459466,7416879,2,
Physics::Step,C:\Users\ivanm\source\repos\myengine\engine\src\ecs\systems\PhysicsSystem.cpp,748,11308877126,7332939,2,
Physics::Step,C:\Users\ivanm\source\repos\myengine\engine\src\ecs\systems\PhysicsSystem.cpp,748,11329146927,7017249,2,
Physics::Step,C:\Users\ivanm\source\repos\myengine\engine\src\ecs\systems\PhysicsSystem.cpp,748,11350475981,7017550,2,
Physics::Step,C:\Users\ivanm\source\repos\myengine\engine\src\ecs\systems\PhysicsSystem.cpp,748,11357493571,7093484,2,
Physics::Step,C:\Users\ivanm\source\repos\myengine\engine\src\ecs\systems\PhysicsSystem.cpp,748,11382740592,6882163,2,
Physics::Step,C:\Users\ivanm\source\repos\myengine\engine\src\ecs\systems\PhysicsSystem.cpp,748,11389622795,6965270,2,
Physics::Step,C:\Users\ivanm\source\repos\myengine\engine\src\ecs\systems\PhysicsSystem.cpp,748,11410500381,8227424,2,
Physics::Step,C:\Users\ivanm\source\repos\myengine\engine\src\ecs\systems\PhysicsSystem.cpp,748,11431584935,7170851,2,
Physics::Step,C:\Users\ivanm\source\repos\myengine\engine\src\ecs\systems\PhysicsSystem.cpp,748,11438755987,7584367,2,
Physics::Step,C:\Users\ivanm\source\repos\myengine\engine\src\ecs\systems\PhysicsSystem.cpp,748,11460424386,7015746,2,
Physics::Step,C:\Users\ivanm\source\repos\myengine\engine\src\ecs\systems\PhysicsSystem.cpp,748,11480988115,7149671,2,
Physics::Step,C:\Users\ivanm\source\repos\myengine\engine\src\ecs\systems\PhysicsSystem.cpp,748,11501339682,7358337,2,
Physics::Step,C:\Users\ivanm\source\repos\myengine\engine\src\ecs\systems\PhysicsSystem.cpp,748,11508698039,7394817,2,
Physics::Step,C:\Users\ivanm\source\repos\myengine\engine\src\ecs\systems\PhysicsSystem.cpp,748,11529441360,7167755,2,
Physics::Step,C:\Users\ivanm\source\repos\myengine\engine\src\ecs\systems\PhysicsSystem.cpp,748,11551318925,6956353,2,
Physics::Step,C:\Users\ivanm\source\repos\myengine\engine\src\ecs\systems\PhysicsSystem.cpp,748,11558275318,6777243,2,
Physics::Step,C:\Users\ivanm\source\repos\myengine\engine\src\ecs\systems\PhysicsSystem.cpp,748,11578524560,7391520,2,
Physics::Step,C:\Users\ivanm\source\repos\myengine\engine\src\ecs\systems\PhysicsSystem.cpp,748,11598042982,6887813,2,
Physics::Step,C:\Users\ivanm\source\repos\myengine\engine\src\ecs\systems\PhysicsSystem.cpp,748,11604930835,7506760,2,
Physics::Step,C:\Users\ivanm\source\repos\myengine\engine\src\ecs\systems\PhysicsSystem.cpp,748,11624647685,7263898,2,
Physics::Step,C:\Users\ivanm\source\repos\myengine\engine\src\ecs\systems\PhysicsSystem.cpp,748,11644862401,6991921,2,
Physics::Step,C:\Users\ivanm\source\repos\myengine\engine\src\ecs\systems\PhysicsSystem.cpp,748,11664487145,7147447,2,
Physics::Step,C:\Users\ivanm\source\repos\myengine\engine\src\ecs\systems\PhysicsSystem.cpp,748,11671634732,7753829,2,
Physics::Step,C:\Users\ivanm\source\repos\myengine\engine\src\ecs\systems\PhysicsSystem.cpp,748,11692319441,7092913,2,
Physics::Step,C:\Users\ivanm\source\repos\myengine\engine\src\ecs\systems\PhysicsSystem.cpp,748,11712548655,7401189,2,
Physics::Step,C:\Users\ivanm\source\repos\myengine\engine\src\ecs\systems\PhysicsSystem.cpp,748,11732336439,7173186,2,
Physics::Step,C:\Users\ivanm\source\repos\myengine\engine\src\ecs\systems\PhysicsSystem.cpp,748,11739509795,7678095,2,
Physics::Step,C:\Users\ivanm\source\repos\myengine\engine\src\ecs\systems\PhysicsSystem.cpp,748,11759517798,7124323,2,
Physics::Step,C:\Users\ivanm\source\repos\myengine\engine\src\ecs\systems\PhysicsSystem.cpp,748,11779920071,7644161,2,
Physics::Step,C:\Users\ivanm\source\repos\myengine\engine\src\ecs\systems\PhysicsSystem.cpp,748,11799994230,7214163,2,
Physics::Step,C:\Users\ivanm\source\repos\myengine\engine\src\ecs\systems\PhysicsSystem.cpp,748,11807208724,7798333,2,
Physics::Step,C:\Users\ivanm\source\repos\myengine\engine\src\ecs\systems\PhysicsSystem.cpp,748,11827606357,7263648,2,
Physics::Step,C:\Users\ivanm\source\repos\myengine\engine\src\ecs\systems\PhysicsSystem.cpp,748,11848709722,8338944,2,
Physics::Step,C:\Users\ivanm\source\repos\myengine\engine\src\ecs\systems\PhysicsSystem.cpp,748,11857048706,6686400,2,
Physics::Step,C:\Users\ivanm\source\repos\myengine\engine\src\ecs\systems\PhysicsSystem.cpp,748,11876591485,7449781,2,
Physics::Step,C:\Users\ivanm\source\repos\myengine\engine\src\ecs\systems\PhysicsSystem.cpp,748,11896046747,7102431,2,
Physics::Step,C:\Users\ivanm\source\repos\myengine\engine\src\ecs\systems\PhysicsSystem.cpp,748,11916396169,6712841,2,
Physics::Step,C:\Users\ivanm\source\repos\myengine\engine\src\ecs\systems\PhysicsSystem.cpp,748,11923109050,6563446,2,
Physics::Step,C:\Users\ivanm\source\repos\myengine\engine\src\ecs\systems\PhysicsSystem.cpp,748,11942367889,7280459,2,
Physics::Step,C:\Users\ivanm\source\repos\myengine\engine\src\ecs\systems\PhysicsSystem.cpp,748,11961972445,7109955,2,
Physics::Step,C:\Users\ivanm\source\repos\myengine\engine\src\ecs\systems\PhysicsSystem.cpp,748,11982833119,6888163,2,
Physics::Step,C:\Users\ivanm\source\repos\myengine\engine\src\ecs\systems\PhysicsSystem.cpp,748,11989721322,6840604,2,
Physics::Step,C:\Users\ivanm\source\repos\myengine\engine\src\ecs\systems\PhysicsSystem.cpp,748,12010734236,6964789,2,
Physics::Step,C:\Users\ivanm\source\repos\myengine\engine\src\ecs\systems\PhysicsSystem.cpp,748,12029904637,6924993,2,
Physics::Step,C:\Users\ivanm\source\repos\myengine\engine\src\ecs\systems\PhysicsSystem.cpp,748,12050561403,6995578,2,
Physics::Step,C:\Users\ivanm\source\repos\myengine\engine\src\ecs\systems\PhysicsSystem.cpp,748,12057557031,6722068,2,
Physics::Step,C:\Users\ivanm\source\repos\myengine\engine\src\ecs\systems\PhysicsSystem.cpp,748,12076933624,7099194,2,
Physics::Step,C:\Users\ivanm\source\repos\myengine\engine\src\ecs\systems\PhysicsSystem.cpp,748,12096801470,6965601,2,
Physics::Step,C:\Users\ivanm\source\repos\myengine\engine\src\ecs\systems\PhysicsSystem.cpp,748,12117054219,6913992,2,
Physics::Step,C:\Users\ivanm\source\repos\myengine\engine\src\ecs\systems\PhysicsSystem.cpp,748,12123968251,6628160,2,
Physics::Step,C:\Users\ivanm\source\repos\myengine\engine\src\ecs\systems\PhysicsSystem.cpp,748,12143412573,7205677,2,
Physics::Step,C:\Users\ivanm\source\repos\myengine\engine\src\ecs\systems\PhysicsSystem.cpp,748,12162899806,6987983,2,
Physics::Step,C:\Users\ivanm\source\repos\myengine\engine\src\ecs\systems\PhysicsSystem.cpp,748,12183304954,6884917,2,
Physics::Step,C:\Users\ivanm\source\repos\myengine\engine\src\ecs\systems\PhysicsSystem.cpp,748,12190190142,6897401,2,
Physics::Step,C:\Users\ivanm\source\repos\myengine\engine\src\ecs\systems\PhysicsSystem.cpp,748,12210796923,7147246,2,
Physics::Step,C:\Users\ivanm\source\repos\myengine\engine\src\ecs\systems\PhysicsSystem.cpp,748,12229846845,6767665,2,
Physics::Step,C:\Users\ivanm\source\repos\myengine\engine\src\ecs\systems\PhysicsSystem.cpp,748,12249930412,6812039,2,
Physics::Step,C:\Users\ivanm\source\repos\myengine\engine\src\ecs\systems\PhysicsSystem.cpp,748,12256742551,6656884,2,
Physics::Step,C:\Users\ivanm\source\repos\myengine\engine\src\ecs\systems\PhysicsSystem.cpp,748,12276402302,7009845,2,
Physics::Step,C:\Users\ivanm\source\repos\myengine\engine\src\ecs\systems\PhysicsSystem.cpp,748,12295638498,7013993,2,
Physics::Step,C:\Users\ivanm\source\repos\myengine\engine\src\ecs\systems\PhysicsSystem.cpp,748,12316008780,6842136,2,
Physics::Step,C:\Users\ivanm\source\repos\myengine\engine\src\ecs\systems\PhysicsSystem.cpp,748,12322850956,6537707,2,
Physics::Step,C:\Users\ivanm\source\repos\myengine\engine\src\ecs\systems\PhysicsSystem.cpp,748,12342506970,7140904,2,
Physics::Step,C:\Users\ivanm\source\repos\myengine\engine\src\ecs\systems\PhysicsSystem.cpp,748,12361807007,6973807,2,
Physics::Step,C:\Users\ivanm\source\repos\myengine\engine\src\ecs\systems\PhysicsSystem.cpp,748,12382901633,7411018,2,
Physics::Step,C:\Users\ivanm\source\repos\myengine\engine\src\ecs\systems\PhysicsSystem.cpp,748,12390312681,7691661,2,
Physics::Step,C:\Users\ivanm\source\repos\myengine\engine\src\ecs\systems\PhysicsSystem.cpp,748,12410977232,7429884,2,
Physics::Step,C:\Users\ivanm\source\repos\myengine\engine\src\ecs\systems\PhysicsSystem.cpp,748,12431722256,7190499,2,
Physics::Step,C:\Users\ivanm\source\repos\myengine\engine\src\ecs\systems\PhysicsSystem.cpp,748,12438912795,7316888,2,
Physics::Step,C:\Users\ivanm\source\repos\myengine\engine\src\ecs\systems\PhysicsSystem.cpp,748,12458706470,7387734,2,
Physics::Step,C:\Users\ivanm\source\repos\myengine\engine\src\ecs\systems\PhysicsSystem.cpp,748,12478654319,7848740,2,
Physics::Step,C:\Users\ivanm\source\repos\myengine\engine\src\ecs\systems\PhysicsSystem.cpp,748,12499251903,7990850,2,
Physics::Step,C:\Users\ivanm\source\repos\myengine\engine\src\ecs\systems\PhysicsSystem.cpp,748,12507242963,8157707,2,
Physics::Step,C:\Users\ivanm\source\repos\myengine\engine\src\ecs\systems\PhysicsSystem.cpp,748,12527629255,7342257,2,
Physics::Step,C:\Users\ivanm\source\repos\myengine\engine\src\ecs\systems\PhysicsSystem.cpp,748,12548494297,7398915,2,
Physics::Step,C:\Users\ivanm\source\repos\myengine\engine\src\ecs\systems\PhysicsSystem.cpp,748,12555893342,6989847,2,
Physics::Step,C:\Users\ivanm\source\repos\myengine\engine\src\ecs\systems\PhysicsSystem.cpp,748,12577074655,8190009,2,
Physics::Step,C:\Users\ivanm\source\repos\myengine\engine\src\ecs\systems\PhysicsSystem.cpp,748,12597693530,7487813,2,
Physics::Step,C:\Users\ivanm\source\repos\myengine\engine\src\ecs\systems\PhysicsSystem.cpp,748,12618597736,7432028,2,
Physics::Step,C:\Users\ivanm\source\repos\myengine\engine\src\ecs\systems\PhysicsSystem.cpp,748,12626029884,9915278,2,
Physics::Step,C:\Users\ivanm\source\repos\myengine\engine\src\ecs\systems\PhysicsSystem.cpp,748,12651651187,7338440,2,
Physics::Step,C:\Users\ivanm\source\repos\myengine\engine\src\ecs\systems\PhysicsSystem.cpp,748,12658989727,6829282,2,
Physics::Step,C:\Users\ivanm\source\repos\myengine\engine\src\ecs\systems\PhysicsSystem.cpp,748,12678725623,7582133,2,
Physics::Step,C:\Users\ivanm\source\repos\myengine\engine\src\ecs\systems\PhysicsSystem.cpp,748,12699138746,7398724,2,
Physics::Step,C:\Users\ivanm\source\repos\myengine\engine\src\ecs\systems\PhysicsSystem.cpp,748,12706537510,8394868,2,
Physics::Step,C:\Users\ivanm\source\repos\myengine\engine\src\ecs\systems\PhysicsSystem.cpp,748,12727446205,7557767,2,
Physics::Step,C:\Users\ivanm\source\repos\myengine\engine\src\ecs\systems\PhysicsSystem.cpp,748,12748381251,7493374,2,
Physics::Step,C:\Users\ivanm\source\repos\myengine\engine\src\ecs\systems\PhysicsSystem.cpp,748,12755874665,7166753,2,
Physics::Step,C:\Users\ivanm\source\repos\myengine\engine\src\ecs\systems\PhysicsSystem.cpp,748,12776907887,7583375,2,
Physics::Step,C:\Users\ivanm\source\repos\myengine\engine\src\ecs\systems\PhysicsSystem.cpp,748,12799329378,7294806,2,
Physics::Step,C:\Users\ivanm\source\repos\myengine\engine\src\ecs\systems\PhysicsSystem.cpp,748,12806624224,8106209,2,
Physics::Step,C:\Users\ivanm\source\repos\myengine\engine\src\ecs\systems\PhysicsSystem.cpp,748,12828283897,7438800,2,
Physics::Step,C:\Users\ivanm\source\repos\myengine\engine\src\ecs\systems\PhysicsSystem.cpp,748,12850310698,7480900,2,
Physics::Step,C:\Users\ivanm\source\repos\myengine\engine\src\ecs\systems\PhysicsSystem.cpp,748,12857791618,6898834,2,
Physics::Step,C:\Users\ivanm\source\repos\myengine\engine\src\ecs\systems\PhysicsSystem.cpp,748,12878525351,7934252,2,
Physics::Step,C:\Users\ivanm\source\repos\myengine\engine\src\ecs\systems\PhysicsSystem.cpp,748,12899871167,7208081,2,
Physics::Step,C:\Users\ivanm\source\repos\myengine\engine\src\ecs\systems\PhysicsSystem.cpp,748,12907079369,7876943,2,
Physics::Step,C:\Users\ivanm\source\repos\myengine\engine\src\ecs\systems\PhysicsSystem.cpp,748,12928388735,7567335,2,
Physics::Step,C:\Users\ivanm\source\repos\myengine\engine\src\ecs\systems\PhysicsSystem.cpp,748,12950758819,7115315,2,
Physics::Step,C:\Users\ivanm\source\repos\myengine\engine\src\ecs\systems\PhysicsSystem.cpp,748,12957874174,6738670,2,
Physics::Step,C:\Users\ivanm\source\repos\myengine\engine\src\ecs\systems\PhysicsSystem.cpp,748,12978374533,7501199,2,
Physics::Step,C:\Users\ivanm\source\repos\myengine\engine\src\ecs\systems\PhysicsSystem.cpp,748,12999380213,7214383,2,
Physics::Step,C:\Users\ivanm\source\repos\myengine\engine\src\ecs\systems\PhysicsSystem.cpp,748,13006594636,7769399,2,
Physics::Step,C:\Users\ivanm\source\repos\myengine\engine\src\ecs\systems\PhysicsSystem.cpp,748,13028010425,7531808,2,
Physics::Step,C:\Users\ivanm\source\repos\myengine\engine\src\ecs\systems\PhysicsSystem.cpp,748,13050106578,7277073,2,
Physics::Step,C:\Users\ivanm\source\repos\myengine\engine\src\ecs\systems\PhysicsSystem.cpp,748,13057383681,6839972,2,
Physics::Step,C:\Users\ivanm\source\repos\myengine\engine\src\ecs\systems\PhysicsSystem.cpp,748,13078984331,7901610,2,
Physics::Step,C:\Users\ivanm\source\repos\myengine\engine\src\ecs\systems\PhysicsSystem.cpp,748,13100175664,7305837,2,
Physics::Step,C:\Users\ivanm\source\repos\myengine\engine\src\ecs\systems\PhysicsSystem.cpp,748,13107481612,7161683,2,
Physics::Step,C:\Users\ivanm\source\repos\myengine\engine\src\ecs\systems\PhysicsSystem.cpp,748,13127586849,7260271,2,
Physics::Step,C:\Users\ivanm\source\repos\myengine\engine\src\ecs\systems\PhysicsSystem.cpp,748,13149640932,6955982,2,
Physics::Step,C:\Users\ivanm\source\repos\myengine\engine\src\ecs\systems\PhysicsSystem.cpp,748,13156597035,6617589,2,
Physics::Step,C:\Users\ivanm\source\repos\myengine\engine\src\ecs\systems\PhysicsSystem.cpp,748,13176781353,7114313,2,
Physics::Step,C:\Users\ivanm\source\repos\myengine\engine\src\ecs\systems\PhysicsSystem.cpp,748,13197438009,6988905,2,
Physics::Step,C:\Users\ivanm\source\repos\myengine\engine\src\ecs\systems\PhysicsSystem.cpp,748,13219225875,7354673,2,
Physics::Step,C:\Users\ivanm\source\repos\myengine\engine\src\ecs\systems\PhysicsSystem.cpp,748,13226580598,6747987,2,
Physics::Step,C:\Users\ivanm\source\repos\myengine\engine\src\ecs\systems\PhysicsSystem.cpp,748,13246773473,7388104,2,
Physics::Step,C:\Users\ivanm\source\repos\myengine\engine\src\ecs\systems\PhysicsSystem.cpp,748,13266945377,7208252,2,
Physics::Step,C:\Users\ivanm\source\repos\myengine\engine\src\ecs\systems\PhysicsSystem.cpp,748,13274153940,7109935,2,
Physics::Step,C:\Users\ivanm\source\repos\myengine\engine\src\ecs\systems\PhysicsSystem.cpp,748,13294155010,6786961,2,
Physics::Step,C:\Users\ivanm\source\repos\myengine\engine\src\ecs\systems\PhysicsSystem.cpp,748,13314605414,7110015,2,
Physics::Step,C:\Users\ivanm\source\repos\myengine\engine\src\ecs\systems\PhysicsSystem.cpp,748,13321715559,6636556,2,
Physics::Step,C:\Users\ivanm\source\repos\myengine\engine\src\ecs\systems\PhysicsSystem.cpp,748,13342301241,7005095,2,
Physics::Step,C:\Users\ivanm\source\repos\myengine\engine\src\ecs\systems\PhysicsSystem.cpp,748,13362295227,7083284,2,
Physics::Step,C:\Users\ivanm\source\repos\myengine\engine\src\ecs\systems\PhysicsSystem.cpp,748,13383539480,6766843,2,
Physics::Step,C:\Users\ivanm\source\repos\myengine\engine\src\ecs\systems\PhysicsSystem.cpp,748,13390306373,6730704,2,
Physics::Step,C:\Users\ivanm\source\repos\myengine\engine\src\ecs\systems\PhysicsSystem.cpp,748,13411281495,7327729,2,
Physics::Step,C:\Users\ivanm\source\repos\myengine\engine\src\ecs\systems\PhysicsSystem.cpp,748,13430722530,6931506,2,
Physics::Step,C:\Users\ivanm\source\repos\myengine\engine\src\ecs\systems\PhysicsSystem.cpp,748,13451019943,6859619,2,
Physics::Step,C:\Users\ivanm\source\repos\myengine\engine\src\ecs\systems\PhysicsSystem.cpp,748,13457879602,6804385,2,
Physics::Step,C:\Users\ivanm\source\repos\myengine\engine\src\ecs\systems\PhysicsSystem.cpp,748,13477926499,7711980,2,
Physics::Step,C:\Users\ivanm\source\repos\myengine\engine\src\ecs\systems\PhysicsSystem.cpp,748,13499162336,7025766,2,
Physics::Step,C:\Users\ivanm\source\repos\myengine\engine\src\ecs\systems\PhysicsSystem.cpp,748,13506188152,7334572,2,
Physics::Step,C:\Users\ivanm\source\repos\myengine\engine\src\ecs\systems\PhysicsSystem.cpp,748,13525307375,7143840,2,
Physics::Step,C:\Users\ivanm\source\repos\myengine\engine\src\ecs\systems\PhysicsSystem.cpp,748,13546145727,7124212,2,
Physics::Step,C:\Users\ivanm\source\repos\myengine\engine\src\ecs\systems\PhysicsSystem.cpp,748,13565510156,7037548,2,
Physics::Step,C:\Users\ivanm\source\repos\myengine\engine\src\ecs\systems\PhysicsSystem.cpp,748,13572547804,7403303,2,
Physics::Step,C:\Users\ivanm\source\repos\myengine\engine\src\ecs\systems\PhysicsSystem.cpp,748,13592760106,6867334,2,
Physics::Step,C:\Users\ivanm\source\repos\myengine\engine\src\ecs\systems\PhysicsSystem.cpp,748,13611983698,7123220,2,
Physics::Step,C:\Users\ivanm\source\repos\myengine\engine\src\ecs\systems\PhysicsSystem.cpp,748,13631318501,6777583,2,
Physics::Step,C:\Users\ivanm\source\repos\myengine\engine\src\ecs\systems\PhysicsSystem.cpp,748,13638096145,7308061,2,
Physics::Step,C:\Users\ivanm\source\repos\myengine\engine\src\ecs\systems\PhysicsSystem.cpp,748,13658376535,7103644,2,
Physics::Step,C:\Users\ivanm\source\repos\myengine\engine\src\ecs\systems\PhysicsSystem.cpp,748,13679316440,7657105,2,
Physics::Step,C:\Users\ivanm\source\repos\myengine\engine\src\ecs\systems\PhysicsSystem.cpp,748,13699317640,6943068,2,
Physics::Step,C:\Users\ivanm\source\repos\myengine\engine\src\ecs\systems\PhysicsSystem.cpp,748,13706260748,7549631,2,
Physics::Step,C:\Users\ivanm\source\repos\myengine\engine\src\ecs\systems\PhysicsSystem.cpp,748,13725831720,7000207,2,
Physics::Step,C:\Users\ivanm\source\repos\myengine\engine\src\ecs\systems\PhysicsSystem.cpp,748,13745643891,7281361,2,
Physics::Step,C:\Users\ivanm\source\repos\myengine\engine\src\ecs\systems\PhysicsSystem.cpp,748,13765318190,7157205,2,
Physics::Step,C:\Users\ivanm\source\repos\myengine\engine\src\ecs\systems\PhysicsSystem.cpp,748,13772475495,8296210,2,
Physics::Step,C:\Users\ivanm\source\repos\myengine\engine\src\ecs\systems\PhysicsSystem.cpp,748,13795016152,7382263,2,
Physics::Step,C:\Users\ivanm\source\repos\myengine\engine\src\ecs\systems\PhysicsSystem.cpp,748,13816221401,7104966,2,
Physics::Step,C:\Users\ivanm\source\repos\myengine\engine\src\ecs\systems\PhysicsSystem.cpp,748,13823326377,8782735,2,
Physics::Step,C:\Users\ivanm\source\repos\myengine\engine\src\ecs\systems\PhysicsSystem.cpp,748,13847214155,8631808,2,
Physics::Step,C:\Users\ivanm\source\repos\myengine\engine\src\ecs\systems\PhysicsSystem.cpp,748,13868566143,7490078,2,
Physics::Step,C:\Users\ivanm\source\repos\myengine\engine\src\ecs\systems\PhysicsSystem.cpp,748,13876056271,6994115,2,
Physics::Step,C:\Users\ivanm\source\repos\myengine\engine\src\ecs\systems\PhysicsSystem.cpp,748,13896554867,7124923,2,
Physics::Step,C:\Users\ivanm\source\repos\myengine\engine\src\ecs\systems\PhysicsSystem.cpp,748,13916519658,6985037,2,
Physics::Step,C:\Users\ivanm\source\repos\myengine\engine\src\ecs\systems\PhysicsSystem.cpp,748,13923504846,6686670,2,
Physics::Step,C:\Users\ivanm\source\repos\myengine\engine\src\ecs\systems\PhysicsSystem.cpp,748,13943100214,7240774,2,
Physics::Step,C:\Users\ivanm\source\repos\myengine\engine\src\ecs\systems\PhysicsSystem.cpp,748,13962652691,7584808,2,
Physics::Step,C:\Users\ivanm\source\repos\myengine\engine\src\ecs\systems\PhysicsSystem.cpp,748,13983626200,7038790,2,
Physics::Step,C:\Users\ivanm\source\repos\myengine\engine\src\ecs\systems\PhysicsSystem.cpp,748,13990665180,6819212,2,
Physics::Step,C:\Users\ivanm\source\repos\myengine\engine\src\ecs\systems\PhysicsSystem.cpp,748,14011083162,7072785,2,
Physics::Step,C:\Users\ivanm\source\repos\myengine\engine\src\ecs\systems\PhysicsSystem.cpp,748,14030324638,6953909,2,
Physics::Step,C:\Users\ivanm\source\repos\myengine\engine\src\ecs\systems\PhysicsSystem.cpp,748,14050914257,7067555,2,
Physics::Step,C:\Users\ivanm\source\repos\myengine\engine\src\ecs\systems\PhysicsSystem.cpp,748,14057981862,7071512,2,
Physics::Step,C:\Users\ivanm\source\repos\myengine\engine\src\ecs\systems\PhysicsSystem.cpp,748,14077535080,7222139,2,
Physics::Step,C:\Users\ivanm\source\repos\myengine\engine\src\ecs\systems\PhysicsSystem.cpp,748,14097683149,7050643,2,
Physics::Step,C:\Users\ivanm\source\repos\myengine\engine\src\ecs\systems\PhysicsSystem.cpp,748,14119111693,6883234,2,
Physics::Step,C:\Users\ivanm\source\repos\myengine\engine\src\ecs\systems\PhysicsSystem.cpp,748,14125994997,6810256,2,
Physics::Step,C:\Users\ivanm\source\repos\myengine\engine\src\ecs\systems\PhysicsSystem.cpp,748,14145288212,7376582,2,
Physics::Step,C:\Users\ivanm\source\repos\myengine\engine\src\ecs\systems\PhysicsSystem.cpp,748,14165094140,7236967,2,
Physics::Step,C:\Users\ivanm\source\repos\myengine\engine\src\ecs\systems\PhysicsSystem.cpp,748,14172331227,7421448,2,
Physics::Step,C:\Users\ivanm\source\repos\myengine\engine\src\ecs\systems\PhysicsSystem.cpp,748,14193377454,6945052,2,
Physics::Step,C:\Users\ivanm\source\repos\myengine\engine\src\ecs\systems\PhysicsSystem.cpp,748,14214448357,6852987,2,
Physics::Step,C:\Users\ivanm\source\repos\myengine\engine\src\ecs\systems\PhysicsSystem.cpp,748,14234018879,7200948,2,
Physics::Step,C:\Users\ivanm\source\repos\myengine\engine\src\ecs\systems\PhysicsSystem.cpp,748,14241219967,6762145,2,
Physics::Step,C:\Users\ivanm\source\repos\myengine\engine\src\ecs\systems\PhysicsSystem.cpp,748,14260412230,6938229,2,
Physics::Step,C:\Users\ivanm\source\repos\myengine\engine\src\ecs\systems\PhysicsSystem.cpp,748,14280297399,7195208,2,
Physics::Step,C:\Users\ivanm\source\repos\myengine\engine\src\ecs\systems\PhysicsSystem.cpp,748,14299553072,6856333,2,
Physics::Step,C:\Users\ivanm\source\repos\myengine\engine\src\ecs\systems\PhysicsSystem.cpp,748,14306409566,7330665,2,
Physics::Step,C:\Users\ivanm\source\repos\myengine\engine\src\ecs\systems\PhysicsSystem.cpp,748,14325956863,7224313,2,
Physics::Step,C:\Users\ivanm\source\repos\myengine\engine\src\ecs\systems\PhysicsSystem.cpp,748,14345606274,7129954,2,
Physics::Step,C:\Users\ivanm\source\repos\myengine\engine\src\ecs\systems\PhysicsSystem.cpp,748,14365019056,6945883,2,
Physics::Step,C:\Users\ivanm\source\repos\myengine\engine\src\ecs\systems\PhysicsSystem.cpp,748,14371965090,7531106,2,
Physics::Step,C:\Users\ivanm\source\repos\myengine\engine\src\ecs\systems\PhysicsSystem.cpp,748,14391964366,7029733,2,
Physics::Step,C:\Users\ivanm\source\repos\myengine\engine\src\ecs\systems\PhysicsSystem.cpp,748,14411760036,6943448,2,
Physics::Step,C:\Users\ivanm\source\repos\myengine\engine\src\ecs\systems\PhysicsSystem.cpp,748,14432020088,6940583,2,
Physics::Step,C:\Users\ivanm\source\repos\myengine\engine\src\ecs\systems\PhysicsSystem.cpp,748,14438960851,7795238,2,
Physics::Step,C:\Users\ivanm\source\repos\myengine\engine\src\ecs\systems\PhysicsSystem.cpp,748,14458888852,7004575,2,
Physics::Step,C:\Users\ivanm\source\repos\myengine\engine\src\ecs\systems\PhysicsSystem.cpp,748,14479293780,7173286,2,
Physics::Step,C:\Users\ivanm\source\repos\myengine\engine\src\ecs\systems\PhysicsSystem.cpp,748,14498504598,7173766,2,
Physics::Step,C:\Users\ivanm\source\repos\myengine\engine\src\ecs\systems\PhysicsSystem.cpp,748,14505678464,7640294,2,
Physics::Step,C:\Users\ivanm\source\repos\myengine\engine\src\ecs\systems\PhysicsSystem.cpp,748,14525707978,7678715,2,
Physics::Step,C:\Users\ivanm\source\repos\myengine\engine\src\ecs\systems\PhysicsSystem.cpp,748,14546412784,7508934,2,
Physics::Step,C:\Users\ivanm\source\repos\myengine\engine\src\ecs\systems\PhysicsSystem.cpp,748,14566183777,6881270,2,
Physics::Step,C:\Users\ivanm\source\repos\myengine\engine\src\ecs\systems\PhysicsSystem.cpp,748,14573065187,8040146,2,
Physics::Step,C:\Users\ivanm\source\repos\myengine\engine\src\ecs\systems\PhysicsSystem.cpp,748,14593369275,6792352,2,
Physics::Step,C:\Users\ivanm\source\repos\myengine\engine\src\ecs\systems\PhysicsSystem.cpp,748,14614317085,7137698,2,
Physics::Step,C:\Users\ivanm\source\repos\myengine\engine\src\ecs\systems\PhysicsSystem.cpp,748,14633756327,7040558,2,
Physics::Step,C:\Users\ivanm\source\repos\myengine\engine\src\ecs\systems\PhysicsSystem.cpp,748,14640797236,7809124,2,
Physics::Step,C:\Users\ivanm\source\repos\myengine\engine\src\ecs\systems\PhysicsSystem.cpp,748,14661330467,7255061,2,
Physics::Step,C:\Users\ivanm\source\repos\myengine\engine\src\ecs\systems\PhysicsSystem.cpp,748,14682274049,7296720,2,
Physics::Step,C:\Users\ivanm\source\repos\myengine\engine\src\ecs\systems\PhysicsSystem.cpp,748,14689570869,6858818,2,
Physics::Step,C:\Users\ivanm\source\repos\myengine\engine\src\ecs\systems\PhysicsSystem.cpp,748,14710578973,7830505,2,
Physics::Step,C:\Users\ivanm\source\repos\myengine\engine\src\ecs\systems\PhysicsSystem.cpp,748,14731248794,7493034,2,
Physics::Step,C:\Users\ivanm\source\repos\myengine\engine\src\ecs\systems\PhysicsSystem.cpp,748,14738741848,7915697,2,
Physics::Step,C:\Users\ivanm\source\repos\myengine\engine\src\ecs\systems\PhysicsSystem.cpp,748,14760064219,7389728,2,
Physics::Step,C:\Users\ivanm\source\repos\myengine\engine\src\ecs\systems\PhysicsSystem.cpp,748,14780586600,7317530,2,
Physics::Step,C:\Users\ivanm\source\repos\myengine\engine\src\ecs\systems\PhysicsSystem.cpp,748,14801067322,7270280,2,
Physics::Step,C:\Users\ivanm\source\repos\myengine\engine\src\ecs\systems\PhysicsSystem.cpp,748,14808337782,8158348,2,
Physics::Step,C:\Users\ivanm\source\repos\myengine\engine\src\ecs\systems\PhysicsSystem.cpp,748,14829236969,7031356,2,
Physics::Step,C:\Users\ivanm\source\repos\myengine\engine\src\ecs\systems\PhysicsSystem.cpp,748,14850097613,8031046,2,
Physics::Step,C:\Users\ivanm\source\repos\myengine\engine\src\ecs\systems\PhysicsSystem.cpp,748,14858128780,7056694,2,
Physics::Step,C:\Users\ivanm\source\repos\myengine\engine\src\ecs\systems\PhysicsSystem.cpp,748,14878458935,7922730,2,
Physics::Step,C:\Users\ivanm\source\repos\myengine\engine\src\ecs\systems\PhysicsSystem.cpp,748,14898903608,7280910,2,
Physics::Step,C:\Users\ivanm\source\repos\myengine\engine\src\ecs\systems\PhysicsSystem.cpp,748,14906184558,8102703,2,
Physics::Step,C:\Users\ivanm\source\repos\myengine\engine\src\ecs\systems\PhysicsSystem.cpp,748,14926744801,7177814,2,
Physics::Step,C:\Users\ivanm\source\repos\myengine\engine\src\ecs\systems\PhysicsSystem.cpp,748,14946874556,8803314,2,
Physics::Step,C:\Users\ivanm\source\repos\myengine\engine\src\ecs\systems\PhysicsSystem.cpp,748,14968131182,7799256,2,
Physics::Step,C:\Users\ivanm\source\repos\myengine\engine\src\ecs\systems\PhysicsSystem.cpp,748,14975930538,7533110,2,
Physics::Step,C:\Users\ivanm\source\repos\myengine\engine\src\ecs\systems\PhysicsSystem.cpp,748,14995678717,7389667,2,
Physics::Step,C:\Users\ivanm\source\repos\myengine\engine\src\ecs\systems\PhysicsSystem.cpp,748,15016965551,7855703,2,
Physics::Step,C:\Users\ivanm\source\repos\myengine\engine\src\ecs\systems\PhysicsSystem.cpp,748,15024821294,7038640,2,
Physics::Step,C:\Users\ivanm\source\repos\myengine\engine\src\ecs\systems\PhysicsSystem.cpp,748,15045188480,7474849,2,
Physics::Step,C:\Users\ivanm\source\repos\myengine\engine\src\ecs\systems\PhysicsSystem.cpp,748,15065262518,7176482,2,
Physics::Step,C:\Users\ivanm\source\repos\myengine\engine\src\ecs\systems\PhysicsSystem.cpp,748,15072439100,9074560,2,
Physics::Step,C:\Users\ivanm\source\repos\myengine\engine\src\ecs\systems\PhysicsSystem.cpp,748,15094389416,7289957,2,
Physics::Step,C:\Users\ivanm\source\repos\myengine\engine\src\ecs\systems\PhysicsSystem.cpp,748,15116803813,7427819,2,
Physics::Step,C:\Users\ivanm\source\repos\myengine\engine\src\ecs\systems\PhysicsSystem.cpp,748,15124231652,6992372,2,
Physics::Step,C:\Users\ivanm\source\repos\myengine\engine\src\ecs\systems\PhysicsSystem.cpp,748,15144051438,7603887,2,
Physics::Step,C:\Users\ivanm\source\repos\myengine\engine\src\ecs\systems\PhysicsSystem.cpp,748,15164571617,7222469,2,
Physics::Step,C:\Users\ivanm\source\repos\myengine\engine\src\ecs\systems\PhysicsSystem.cpp,748,15171794126,8885471,2,
Physics::Step,C:\Users\ivanm\source\repos\myengine\engine\src\ecs\systems\PhysicsSystem.cpp,748,15193408715,7521367,2,
Physics::Step,C:\Users\ivanm\source\repos\myengine\engine\src\ecs\systems\PhysicsSystem.cpp,748,15214345193,7718001,2,
Physics::Step,C:\Users\ivanm\source\repos\myengine\engine\src\ecs\systems\PhysicsSystem.cpp,748,15234742105,7506810,2,
Physics::Step,C:\Users\ivanm\source\repos\myengine\engine\src\ecs\systems\PhysicsSystem.cpp,748,15242249075,7469048,2,
Physics::Step,C:\Users\ivanm\source\repos\myengine\engine\src\ecs\systems\PhysicsSystem.cpp,748,15262485683,7304184,2,
Physics::Step,C:\Users\ivanm\source\repos\myengine\engine\src\ecs\systems\PhysicsSystem.cpp,748,15283928453,7652627,2,
Physics::Step,C:\Users\ivanm\source\repos\myengine\engine\src\ecs\systems\PhysicsSystem.cpp,748,15291581190,7287062,2,
Physics::Step,C:\Users\ivanm\source\repos\myengine\engine\src\ecs\systems\PhysicsSystem.cpp,748,15312150881,7737238,2,
Physics::Step,C:\Users\ivanm\source\repos\myengine\engine\src\ecs\systems\PhysicsSystem.cpp,748,15332671058,6869448,2,
Physics::Step,C:\Users\ivanm\source\repos\myengine\engine\src\ecs\systems\PhysicsSystem.cpp,748,15339540697,7063246,2,
Physics::Step,C:\Users\ivanm\source\repos\myengine\engine\src\ecs\systems\PhysicsSystem.cpp,748,15359215586,6851234,2,
Physics::Step,C:\Users\ivanm\source\repos\myengine\engine\src\ecs\systems\PhysicsSystem.cpp,748,15379075398,7126957,2,
Physics::Step,C:\Users\ivanm\source\repos\myengine\engine\src\ecs\systems\PhysicsSystem.cpp,748,15398644797,6854099,2,
Physics::Step,C:\Users\ivanm\source\repos\myengine\engine\src\ecs\systems\PhysicsSystem.cpp,748,15405498936,7769699,2,
Physics::Step,C:\Users\ivanm\source\repos\myengine\engine\src\ecs\systems\PhysicsSystem.cpp,748,15425484274,7222659,2,
Physics::Step,C:\Users\ivanm\source\repos\myengine\engine\src\ecs\systems\PhysicsSystem.cpp,748,15445929919,7277974,2,
Physics::Step,C:\Users\ivanm\source\repos\myengine\engine\src\ecs\systems\PhysicsSystem.cpp,748,15465594301,6997701,2,
Physics::Step,C:\Users\ivanm\source\repos\myengine\engine\src\ecs\systems\PhysicsSystem.cpp,748,15472592143,8091120,2,
Physics::Step,C:\Users\ivanm\source\repos\myengine\engine\src\ecs\systems\PhysicsSystem.cpp,748,15492860390,6924954,2,
Physics::Step,C:\Users\ivanm\source\repos\myengine\engine\src\ecs\systems\PhysicsSystem.cpp,748,15513248987,7472294,2,
Physics::Step,C:\Users\ivanm\source\repos\myengine\engine\src\ecs\systems\PhysicsSystem.cpp,748,15533962150,7364019,2,
Physics::Step,C:\Users\ivanm\source\repos\myengine\engine\src\ecs\systems\PhysicsSystem.cpp,748,15541326389,7082764,2,
Physics::Step,C:\Users\ivanm\source\repos\myengine\engine\src\ecs\systems\PhysicsSystem.cpp,748,15561047577,6978786,2,
Physics::Step,C:\Users\ivanm\source\repos\myengine\engine\src\ecs\systems\PhysicsSystem.cpp,748,15581776380,6979788,2,
Physics::Step,C:\Users\ivanm\source\repos\myengine\engine\src\ecs\systems\PhysicsSystem.cpp,748,15588756208,6900196,2,
Physics::Step,C:\Users\ivanm\source\repos\myengine\engine\src\ecs\systems\PhysicsSystem.cpp,748,15609664112,7556283,2,
Physics::Step,C:\Users\ivanm\source\repos\myengine\engine\src\ecs\systems\PhysicsSystem.cpp,748,15630939262,7089927,2,
Physics::Step,C:\Users\ivanm\source\repos\myengine\engine\src\ecs\systems\PhysicsSystem.cpp,748,15651997641,7045463,2,
Physics::Step,C:\Users\ivanm\source\repos\myengine\engine\src\ecs\systems\PhysicsSystem.cpp,748,15659043234,7071122,2,
Physics::Step,C:\Users\ivanm\source\repos\myengine\engine\src\ecs\systems\PhysicsSystem.cpp,748,15679213325,7196991,2,
Physics::Step,C:\Users\ivanm\source\repos\myengine\engine\src\ecs\systems\PhysicsSystem.cpp,748,15698890119,7069208,2,
Physics::Step,C:\Users\ivanm\source\repos\myengine\engine\src\ecs\systems\PhysicsSystem.cpp,748,15705959377,7498213,2,
Physics::Step,C:\Users\ivanm\source\repos\myengine\engine\src\ecs\systems\PhysicsSystem.cpp,748,15725967300,7290047,2,
Physics::Step,C:\Users\ivanm\source\repos\myengine\engine\src\ecs\systems\PhysicsSystem.cpp,748,15746994021,7563487,2,
Physics::Step,C:\Users\ivanm\source\repos\myengine\engine\src\ecs\systems\PhysicsSystem.cpp,748,15767058361,7624744,2,
Physics::Step,C:\Users\ivanm\source\repos\myengine\engine\src\ecs\systems\PhysicsSystem.cpp,748,15774683295,7756444,2,
Physics::Step,C:\Users\ivanm\source\repos\myengine\engine\src\ecs\systems\PhysicsSystem.cpp,748,15795260390,7309114,2,
Physics::Step,C:\Users\ivanm\source\repos\myengine\engine\src\ecs\systems\PhysicsSystem.cpp,748,15816723649,7878126,2,
Physics::Step,C:\Users\ivanm\source\repos\myengine\engine\src\ecs\systems\PhysicsSystem.cpp,748,15824601795,7553057,2,
Physics::Step,C:\Users\ivanm\source\repos\myengine\engine\src\ecs\systems\PhysicsSystem.cpp,748,15845480353,7568276,2,
Physics::Step,C:\Users\ivanm\source\repos\myengine\engine\src\ecs\systems\PhysicsSystem.cpp,748,15865863329,7799095,2,
Physics::Step,C:\Users\ivanm\source\repos\myengine\engine\src\ecs\systems\PhysicsSystem.cpp,748,15873662514,8343450,2,
Physics::Step,C:\Users\ivanm\source\repos\myengine\engine\src\ecs\systems\PhysicsSystem.cpp,748,15894925433,7234922,2,
Physics::Step,C:\Users\ivanm\source\repos\myengine\engine\src\ecs\systems\PhysicsSystem.cpp,748,15915786257,7568907,2,
Physics::Step,C:\Users\ivanm\source\repos\myengine\engine\src\ecs\systems\PhysicsSystem.cpp,748,15923355204,7037398,2,
Physics::Step,C:\Users\ivanm\source\repos\myengine\engine\src\ecs\systems\PhysicsSystem.cpp,748,15943725186,7204214,2,
Physics::Step,C:\Users\ivanm\source\repos\myengine\engine\src\ecs\systems\PhysicsSystem.cpp,748,15963014793,6936576,2,
Physics::Step,C:\Users\ivanm\source\repos\myengine\engine\src\ecs\systems\PhysicsSystem.cpp,748,15984147444,6770570,2,
Physics::Step,C:\Users\ivanm\source\repos\myengine\engine\src\ecs\systems\PhysicsSystem.cpp,748,15990918115,7110987,2,
Physics::Step,C:\Users\ivanm\source\repos\myengine\engine\src\ecs\systems\PhysicsSystem.cpp,748,16010712822,6908502,2,
Physics::Step,C:\Users\ivanm\source\repos\myengine\engine\src\ecs\systems\PhysicsSystem.cpp,748,16030463556,7003363,2,
Physics::Step,C:\Users\ivanm\source\repos\myengine\engine\src\ecs\systems\PhysicsSystem.cpp,748,16050914561,7189777,2,
Physics::Step,C:\Users\ivanm\source\repos\myengine\engine\src\ecs\systems\PhysicsSystem.cpp,748,16058104489,6822448,2,
Physics::Step,C:\Users\ivanm\source\repos\myengine\engine\src\ecs\systems\PhysicsSystem.cpp,748,16077878767,7141445,2,
Physics::Step,C:\Users\ivanm\source\repos\myengine\engine\src\ecs\systems\PhysicsSystem.cpp,748,16097335272,6987863,2,
Physics::Step,C:\Users\ivanm\source\repos\myengine\engine\src\ecs\systems\PhysicsSystem.cpp,748,16117557853,6966623,2,
Physics::Step,C:\Users\ivanm\source\repos\myengine\engine\src\ecs\systems\PhysicsSystem.cpp,748,16124524516,6775850,2,
Physics::Step,C:\Users\ivanm\source\repos\myengine\engine\src\ecs\systems\PhysicsSystem.cpp,748,16144890489,7300558,2,
Physics::Step,C:\Users\ivanm\source\repos\myengine\engine\src\ecs\systems\PhysicsSystem.cpp,748,16164493893,6819503,2,
Physics::Step,C:\Users\ivanm\source\repos\myengine\engine\src\ecs\systems\PhysicsSystem.cpp,748,16171313437,7359179,2,
Physics::Step,C:\Users\ivanm\source\repos\myengine\engine\src\ecs\systems\PhysicsSystem.cpp,748,16190622020,7044250,2,
Physics::Step,C:\Users\ivanm\source\repos\myengine\engine\src\ecs\systems\PhysicsSystem.cpp,748,16210991430,7131196,2,
Physics::Step,C:\Users\ivanm\source\repos\myengine\engine\src\ecs\systems\PhysicsSystem.cpp,748,16230332475,6967174,2,
Physics::Step,C:\Users\ivanm\source\repos\myengine\engine\src\ecs\systems\PhysicsSystem.cpp,748,16250260386,7098403,2,
Physics::Step,C:\Users\ivanm\source\repos\myengine\engine\src\ecs\systems\PhysicsSystem.cpp,748,16257358900,6834822,2,
Physics::Step,C:\Users\ivanm\source\repos\myengine\engine\src\ecs\systems\PhysicsSystem.cpp,748,16276958536,7033410,2,
Physics::Step,C:\Users\ivanm\source\repos\myengine\engine\src\ecs\systems\PhysicsSystem.cpp,748,16296466509,6959018,2,
Physics::Step,C:\Users\ivanm\source\repos\myengine\engine\src\ecs\systems\PhysicsSystem.cpp,748,16317054274,7143279,2,
Physics::Step,C:\Users\ivanm\source\repos\myengine\engine\src\ecs\systems\PhysicsSystem.cpp,748,16324197603,6759930,2,
Physics::Step,C:\Users\ivanm\source\repos\myengine\engine\src\ecs\systems\PhysicsSystem.cpp,748,16344050661,7239552,2,
Physics::Step,C:\Users\ivanm\source\repos\myengine\engine\src\ecs\systems\PhysicsSystem.cpp,748,16363855488,6946585,2,
Physics::Step,C:\Users\ivanm\source\repos\myengine\engine\src\ecs\systems\PhysicsSystem.cpp,748,16384215590,6987753,2,
Physics::Step,C:\Users\ivanm\source\repos\myengine\engine\src\ecs\systems\PhysicsSystem.cpp,748,16391203384,6920635,2,
Physics::Step,C:\Users\ivanm\source\repos\myengine\engine\src\ecs\systems\PhysicsSystem.cpp,748,16410803932,7618760,2,
Physics::Step,C:\Users\ivanm\source\repos\myengine\engine\src\ecs\systems\PhysicsSystem.cpp,748,16431673302,7163227,2,
Physics::Step,C:\Users\ivanm\source\repos\myengine\engine\src\ecs\systems\PhysicsSystem.cpp,748,16438836669,7575300,2,
Physics::Step,C:\Users\ivanm\source\repos\myengine\engine\src\ecs\systems\PhysicsSystem.cpp,748,16458956034,6908392,2,
Physics::Step,C:\Users\ivanm\source\repos\myengine\engine\src\ecs\systems\PhysicsSystem.cpp,748,16479609223,7207070,2,
Physics::Step,C:\Users\ivanm\source\repos\myengine\engine\src\ecs\systems\PhysicsSystem.cpp,748,16499322286,7241355,2,
Physics::Step,C:\Users\ivanm\source\repos\myengine\engine\src\ecs\systems\PhysicsSystem.cpp,748,16506563721,7950774,2,
Physics::Step,C:\Users\ivanm\source\repos\myengine\engine\src\ecs\systems\PhysicsSystem.cpp,748,16529396273,6999786,2,
Physics::Step,C:\Users\ivanm\source\repos\myengine\engine\src\ecs\systems\PhysicsSystem.cpp,748,16550416140,6862424,2,
Physics::Step,C:\Users\ivanm\source\repos\myengine\engine\src\ecs\systems\PhysicsSystem.cpp,748,16557278605,7248338,2,
Physics::Step,C:\Users\ivanm\source\repos\myengine\engine\src\ecs\systems\PhysicsSystem.cpp,748,16577359065,7436657,2,
Physics::Step,C:\Users\ivanm\source\repos\myengine\engine\src\ecs\systems\PhysicsSystem.cpp,748,16597959189,7426617,2,
Physics::Step,C:\Users\ivanm\source\repos\myengine\engine\src\ecs\systems\PhysicsSystem.cpp,748,16605385846,8012972,2,
Physics::Step,C:\Users\ivanm\source\repos\myengine\engine\src\ecs\systems\PhysicsSystem.cpp,748,16625748413,7292633,2,
Physics::Step,C:\Users\ivanm\source\repos\myengine\engine\src\ecs\systems\PhysicsSystem.cpp,748,16646840096,7976703,2,
Physics::Step,C:\Users\ivanm\source\repos\myengine\engine\src\ecs\systems\PhysicsSystem.cpp,748,16667376223,7697312,2,
Physics::Step,C:\Users\ivanm\source\repos\myengine\engine\src\ecs\systems\PhysicsSystem.cpp,748,16675073745,7069168,2,
Physics::Step,C:\Users\ivanm\source\repos\myengine\engine\src\ecs\systems\PhysicsSystem.cpp,748,16694533496,6953678,2,
Physics::Step,C:\Users\ivanm\source\repos\myengine\engine\src\ecs\systems\PhysicsSystem.cpp,748,16714170073,7128060,2,
Physics::Step,C:\Users\ivanm\source\repos\myengine\engine\src\ecs\systems\PhysicsSystem.cpp,748,16733561705,6912229,2,
Physics::Step,C:\Users\ivanm\source\repos\myengine\engine\src\ecs\systems\PhysicsSystem.cpp,748,16740474415,6872875,2,
Physics::Step,C:\Users\ivanm\source\repos\myengine\engine\src\ecs\systems\PhysicsSystem.cpp,748,16759179181,6876161,2,
Physics::Step,C:\Users\ivanm\source\repos\myengine\engine\src\ecs\systems\PhysicsSystem.cpp,748,16778655924,7088284,2,
Physics::Step,C:\Users\ivanm\source\repos\myengine\engine\src\ecs\systems\PhysicsSystem.cpp,748,16797719251,7019433,2,
Physics::Step,C:\Users\ivanm\source\repos\myengine\engine\src\ecs\systems\PhysicsSystem.cpp,748,16818030270,6970050,2,
Physics::Step,C:\Users\ivanm\source\repos\myengine\engine\src\ecs\systems\PhysicsSystem.cpp,748,16825000340,6738228,2,
Physics::Step,C:\Users\ivanm\source\repos\myengine\engine\src\ecs\systems\PhysicsSystem.cpp,748,16844489877,6867645,2,
Physics::Step,C:\Users\ivanm\source\repos\myengine\engine\src\ecs\systems\PhysicsSystem.cpp,748,16863619571,7005596,2,
Physics::Step,C:\Users\ivanm\source\repos\myengine\engine\src\ecs\systems\PhysicsSystem.cpp,748,16883884081,7118993,2,
Physics::Step,C:\Users\ivanm\source\repos\myengine\engine\src\ecs\systems\PhysicsSystem.cpp,748,16891003184,6841064,2,
Physics::Step,C:\Users\ivanm\source\repos\myengine\engine\src\ecs\systems\PhysicsSystem.cpp,748,16910476941,7143469,2,
Physics::Step,C:\Users\ivanm\source\repos\myengine\engine\src\ecs\systems\PhysicsSystem.cpp,748,16929734558,7027869,2,
Physics::Step,C:\Users\ivanm\source\repos\myengine\engine\src\ecs\systems\PhysicsSystem.cpp,748,16949924858,6846324,2,
Physics::Step,C:\Users\ivanm\source\repos\myengine\engine\src\ecs\systems\PhysicsSystem.cpp,748,16956771202,7349961,2,
Physics::Step,C:\Users\ivanm\source\repos\myengine\engine\src\ecs\systems\PhysicsSystem.cpp,748,16976886328,7690259,2,
Physics::Step,C:\Users\ivanm\source\repos\myengine\engine\src\ecs\systems\PhysicsSystem.cpp,748,16996975195,6820405,2,
Physics::Step,C:\Users\ivanm\source\repos\myengine\engine\src\ecs\systems\PhysicsSystem.cpp,748,17017773991,7517060,2,
Physics::Step,C:\Users\ivanm\source\repos\myengine\engine\src\ecs\systems\PhysicsSystem.cpp,748,17025291281,6759780,2,
Physics::Step,C:\Users\ivanm\source\repos\myengine\engine\src\ecs\systems\PhysicsSystem.cpp,748,17044713581,6881270,2,
Physics::Step,C:\Users\ivanm\source\repos\myengine\engine\src\ecs\systems\PhysicsSystem.cpp,748,17063801705,6887062,2,
Physics::Step,C:\Users\ivanm\source\repos\myengine\engine\src\ecs\systems\PhysicsSystem.cpp,748,17084373931,6821046,2,
Physics::Step,C:\Users\ivanm\source\repos\myengine\engine\src\ecs\systems\PhysicsSystem.cpp,748,17091195017,6640022,2,
Physics::Step,C:\Users\ivanm\source\repos\myengine\engine\src\ecs\systems\PhysicsSystem.cpp,748,17110648806,7216989,2,
Physics::Step,C:\Users\ivanm\source\repos\myengine\engine\src\ecs\systems\PhysicsSystem.cpp,748,17130347702,6866683,2,
Physics::Step,C:\Users\ivanm\source\repos\myengine\engine\src\ecs\systems\PhysicsSystem.cpp,748,17150834004,7009084,2,
Physics::Step,C:\Users\ivanm\source\repos\myengine\engine\src\ecs\systems\PhysicsSystem.cpp,748,17157843128,6802881,2,
Physics::Step,C:\Users\ivanm\source\repos\myengine\engine\src\ecs\systems\PhysicsSystem.cpp,748,17177989844,6908823,2,
Physics::Step,C:\Users\ivanm\source\repos\myengine\engine\src\ecs\systems\PhysicsSystem.cpp,748,17197021982,6956815,2,
Physics::Step,C:\Users\ivanm\source\repos\myengine\engine\src\ecs\systems\PhysicsSystem.cpp,748,17217387174,6987693,2,
Physics::Step,C:\Users\ivanm\source\repos\myengine\engine\src\ecs\systems\PhysicsSystem.cpp,748,17224374988,6696389,2,
Physics::Step,C:\Users\ivanm\source\repos\myengine\engine\src\ecs\systems\PhysicsSystem.cpp,748,17244240971,6973756,2,
Physics::Step,C:\Users\ivanm\source\repos\myengine\engine\src\ecs\systems\PhysicsSystem.cpp,748,17263735137,6734041,2,
Physics::Step,C:\Users\ivanm\source\repos\myengine\engine\src\ecs\systems\PhysicsSystem.cpp,748,17283804016,6887863,2,
Physics::Step,C:\Users\ivanm\source\repos\myengine\engine\src\ecs\systems\PhysicsSystem.cpp,748,17290691989,6836095,2,
Physics::Step,C:\Users\ivanm\source\repos\myengine\engine\src\ecs\systems\PhysicsSystem.cpp,748,17310701244,7086932,2,
Physics::Step,C:\Users\ivanm\source\repos\myengine\engine\src\ecs\systems\PhysicsSystem.cpp,748,17330301633,6943248,2,
Physics::Step,C:\Users\ivanm\source\repos\myengine\engine\src\ecs\systems\PhysicsSystem.cpp,748,17350647468,7127549,2,
Physics::Step,C:\Users\ivanm\source\repos\myengine\engine\src\ecs\systems\PhysicsSystem.cpp,748,17357775057,6922759,2,
Physics::Step,C:\Users\ivanm\source\repos\myengine\engine\src\ecs\systems\PhysicsSystem.cpp,748,17377649867,8037718,2,
Physics::Step,C:\Users\ivanm\source\repos\myengine\engine\src\ecs\systems\PhysicsSystem.cpp,748,17398319557,7219574,2,
Physics::Step,C:\Users\ivanm\source\repos\myengine\engine\src\ecs\systems\PhysicsSystem.cpp,748,17405539171,8212732,2,
Physics::Step,C:\Users\ivanm\source\repos\myengine\engine\src\ecs\systems\PhysicsSystem.cpp,748,17426324872,8637680,2,
Physics::Step,C:\Users\ivanm\source\repos\myengine\engine\src\ecs\systems\PhysicsSystem.cpp,748,17449365510,7512761,2,
Physics::Step,C:\Users\ivanm\source\repos\myengine\engine\src\ecs\systems\PhysicsSystem.cpp,748,17456878341,7264399,2,
Physics::Step,C:\Users\ivanm\source\repos\myengine\engine\src\ecs\systems\PhysicsSystem.cpp,748,17477361888,7871333,2,
Physics::Step,C:\Users\ivanm\source\repos\myengine\engine\src\ecs\systems\PhysicsSystem.cpp,748,17497729856,7517269,2,
Physics::Step,C:\Users\ivanm\source\repos\myengine\engine\src\ecs\systems\PhysicsSystem.cpp,748,17519111129,8260076,2,
Physics::Step,C:\Users\ivanm\source\repos\myengine\engine\src\ecs\systems\PhysicsSystem.cpp,748,17527371265,7324153,2,
Physics::Step,C:\Users\ivanm\source\repos\myengine\engine\src\ecs\systems\PhysicsSystem.cpp,748,17548078758,7597492,2,
Physics::Step,C:\Users\ivanm\source\repos\myengine\engine\src\ecs\systems\PhysicsSystem.cpp,748,17555676350,7849501,2,
Physics::Step,C:\Users\ivanm\source\repos\myengine\engine\src\ecs\systems\PhysicsSystem.cpp,748,17576918569,7828411,2,
Physics::Step,C:\Users\ivanm\source\repos\myengine\engine\src\ecs\systems\PhysicsSystem.cpp,748,17597723315,7459430,2,
Physics::Step,C:\Users\ivanm\source\repos\myengine\engine\src\ecs\systems\PhysicsSystem.cpp,748,17618916601,7236566,2,
Physics::Step,C:\Users\ivanm\source\repos\myengine\engine\src\ecs\systems\PhysicsSystem.cpp,748,17626153197,7014424,2,
Physics::Step,C:\Users\ivanm\source\repos\myengine\engine\src\ecs\systems\PhysicsSystem.cpp,748,17645788291,7755373,2,
Physics::Step,C:\Users\ivanm\source\repos\myengine\engine\src\ecs\systems\PhysicsSystem.cpp,748,17668046652,8197062,2,
Physics::Step,C:\Users\ivanm\source\repos\myengine\engine\src\ecs\systems\PhysicsSystem.cpp,748,17676243844,7588705,2,
Physics::Step,C:\Users\ivanm\source\repos\myengine\engine\src\ecs\systems\PhysicsSystem.cpp,748,17696619566,7581975,2,
Physics::Step,C:\Users\ivanm\source\repos\myengine\engine\src\ecs\systems\PhysicsSystem.cpp,748,17718666497,7332238,2,
Physics::Step,C:\Users\ivanm\source\repos\myengine\engine\src\ecs\systems\PhysicsSystem.cpp,748,17725998785,7730505,2,
Physics::Step,C:\Users\ivanm\source\repos\myengine\engine\src\ecs\systems\PhysicsSystem.cpp,748,17748181662,7747147,2,
Physics::Step,C:\Users\ivanm\source\repos\myengine\engine\src\ecs\systems\PhysicsSystem.cpp,748,17755928859,7483465,2,
Physics::Step,C:\Users\ivanm\source\repos\myengine\engine\src\ecs\systems\PhysicsSystem.cpp,748,17777145590,7925215,2,
Physics::Step,C:\Users\ivanm\source\repos\myengine\engine\src\ecs\systems\PhysicsSystem.cpp,748,17801005164,8158479,2,
Physics::Step,C:\Users\ivanm\source\repos\myengine\engine\src\ecs\systems\PhysicsSystem.cpp,748,17809163803,7510266,2,
Physics::Step,C:\Users\ivanm\source\repos\myengine\engine\src\ecs\systems\PhysicsSystem.cpp,748,17829496754,7193814,2,
Physics::Step,C:\Users\ivanm\source\repos\myengine\engine\src\ecs\systems\PhysicsSystem.cpp,748,17850346417,7601659,2,
Physics::Step,C:\Users\ivanm\source\repos\myengine\engine\src\ecs\systems\PhysicsSystem.cpp,748,17857948117,6928340,2,
Physics::Step,C:\Users\ivanm\source\repos\myengine\engine\src\ecs\systems\PhysicsSystem.cpp,748,17878865548,7628168,2,
Physics::Step,C:\Users\ivanm\source\repos\myengine\engine\src\ecs\systems\PhysicsSystem.cpp,748,17898677657,6901459,2,
Physics::Step,C:\Users\ivanm\source\repos\myengine\engine\src\ecs\systems\PhysicsSystem.cpp,748,17905579226,9369570,2,
Physics::Step,C:\Users\ivanm\source\repos\myengine\engine\src\ecs\systems\PhysicsSystem.cpp,748,17927423860,6948128,2,
Physics::Step,C:\Users\ivanm\source\repos\myengine\engine\src\ecs\systems\PhysicsSystem.cpp,748,17947319690,7554701,2,
Physics::Step,C:\Users\ivanm\source\repos\myengine\engine\src\ecs\systems\PhysicsSystem.cpp,748,17967281335,7207220,2,
Physics::Step,C:\Users\ivanm\source\repos\myengine\engine\src\ecs\systems\PhysicsSystem.cpp,748,17974488585,7395408,2,
Physics::Step,C:\Users\ivanm\source\repos\myengine\engine\src\ecs\systems\PhysicsSystem.cpp,748,17994118551,6986611,2,
Physics::Step,C:\Users\ivanm\source\repos\myengine\engine\src\ecs\systems\PhysicsSystem.cpp,748,18013763755,7061513,2,
Physics::Step,C:\Users\ivanm\source\repos\myengine\engine\src\ecs\systems\PhysicsSystem.cpp,748,18033005491,7034051,2,
Physics::Step,C:\Users\ivanm\source\repos\myengine\engine\src\ecs\systems\PhysicsSystem.cpp,748,18040039823,7087673,2,
Physics::Step,C:\Users\ivanm\source\repos\myengine\engine\src\ecs\systems\PhysicsSystem.cpp,748,18059581580,6823911,2,
Physics::Step,C:\Users\ivanm\source\repos\myengine\engine\src\ecs\systems\PhysicsSystem.cpp,748,18079232013,7480820,2,
Physics::Step,C:\Users\ivanm\source\repos\myengine\engine\src\ecs\systems\PhysicsSystem.cpp,748,18099331670,6846976,2,
Physics::Step,C:\Users\ivanm\source\repos\myengine\engine\src\ecs\systems\PhysicsSystem.cpp,748,18106178756,7132738,2,
Physics::Step,C:\Users\ivanm\source\repos\myengine\engine\src\ecs\systems\PhysicsSystem.cpp,748,18125296697,6990428,2,
Physics::Step,C:\Users\ivanm\source\repos\myengine\engine\src\ecs\systems\PhysicsSystem.cpp,748,18145085183,7100677,2,
Physics::Step,C:\Users\ivanm\source\repos\myengine\engine\src\ecs\systems\PhysicsSystem.cpp,748,18164492464,7093754,2,
Physics::Step,C:\Users\ivanm\source\repos\myengine\engine\src\ecs\systems\PhysicsSystem.cpp,748,18171586359,7905738,2,
Physics::Step,C:\Users\ivanm\source\repos\myengine\engine\src\ecs\systems\PhysicsSystem.cpp,748,18192798981,6883195,2,
Physics::Step,C:\Users\ivanm\source\repos\myengine\engine\src\ecs\systems\PhysicsSystem.cpp,748,18212872329,6971021,2,
Physics::Step,C:\Users\ivanm\source\repos\myengine\engine\src\ecs\systems\PhysicsSystem.cpp,748,18232008054,6841314,2,
Physics::Step,C:\Users\ivanm\source\repos\myengine\engine\src\ecs\systems\PhysicsSystem.cpp,748,18238849539,7314504,2,
Physics::Step,C:\Users\ivanm\source\repos\myengine\engine\src\ecs\systems\PhysicsSystem.cpp,748,18258880876,7031155,2,
Physics::Step,C:\Users\ivanm\source\repos\myengine\engine\src\ecs\systems\PhysicsSystem.cpp,748,18278645867,7472034,2,
Physics::Step,C:\Users\ivanm\source\repos\myengine\engine\src\ecs\systems\PhysicsSystem.cpp,748,18298822310,7726948,2,
Physics::Step,C:\Users\ivanm\source\repos\myengine\engine\src\ecs\systems\PhysicsSystem.cpp,748,18306549288,8667797,2,
Physics::Step,C:\Users\ivanm\source\repos\myengine\engine\src\ecs\systems\PhysicsSystem.cpp,748,18327390816,6982052,2,
Physics::Step,C:\Users\ivanm\source\repos\myengine\engine\src\ecs\systems\PhysicsSystem.cpp,748,18347007195,7124182,2,
Physics::Step,C:\Users\ivanm\source\repos\myengine\engine\src\ecs\systems\PhysicsSystem.cpp,748,18366546276,7027288,2,
Physics::Step,C:\Users\ivanm\source\repos\myengine\engine\src\ecs\systems\PhysicsSystem.cpp,748,18373573604,7177023,2,
Physics::Step,C:\Users\ivanm\source\repos\myengine\engine\src\ecs\systems\PhysicsSystem.cpp,748,18393645559,6978045,2,
Physics::Step,C:\Users\ivanm\source\repos\myengine\engine\src\ecs\systems\PhysicsSystem.cpp,748,18414066808,7515856,2,
Physics::Step,C:\Users\ivanm\source\repos\myengine\engine\src\ecs\systems\PhysicsSystem.cpp,748,18434229485,7689737,2,
Physics::Step,C:\Users\ivanm\source\repos\myengine\engine\src\ecs\systems\PhysicsSystem.cpp,748,18441919473,7402351,2,
Physics::Step,C:\Users\ivanm\source\repos\myengine\engine\src\ecs\systems\PhysicsSystem.cpp,748,18461515883,6888014,2,
Physics::Step,C:\Users\ivanm\source\repos\myengine\engine\src\ecs\systems\PhysicsSystem.cpp,748,18482047672,7846515,2,
Physics::Step,C:\Users\ivanm\source\repos\myengine\engine\src\ecs\systems\PhysicsSystem.cpp,748,18489894318,6894605,2,
Physics::Step,C:\Users\ivanm\source\repos\myengine\engine\src\ecs\systems\PhysicsSystem.cpp,748,18510226036,7489597,2,
Physics::Step,C:\Users\ivanm\source\repos\myengine\engine\src\ecs\systems\PhysicsSystem.cpp,748,18530768545,6985970,2,
Physics::Step,C:\Users\ivanm\source\repos\myengine\engine\src\ecs\systems\PhysicsSystem.cpp,748,18551012807,7060131,2,
Physics::Step,C:\Users\ivanm\source\repos\myengine\engine\src\ecs\systems\PhysicsSystem.cpp,748,18558072958,6838649,2,
Physics::Step,C:\Users\ivanm\source\repos\myengine\engine\src\ecs\systems\PhysicsSystem.cpp,748,18577690138,7397542,2,
Physics::Step,C:\Users\ivanm\source\repos\myengine\engine\src\ecs\systems\PhysicsSystem.cpp,748,18597800035,7274407,2,
Physics::Step,C:\Users\ivanm\source\repos\myengine\engine\src\ecs\systems\PhysicsSystem.cpp,748,18605074473,7491640,2,
Physics::Step,C:\Users\ivanm\source\repos\myengine\engine\src\ecs\systems\PhysicsSystem.cpp,748,18624886323,7219413,2,
Physics::Step,C:\Users\ivanm\source\repos\myengine\engine\src\ecs\systems\PhysicsSystem.cpp,748,18645148389,7221908,2,
Physics::Step,C:\Users\ivanm\source\repos\myengine\engine\src\ecs\systems\PhysicsSystem.cpp,748,18664452454,6900737,2,
Physics::Step,C:\Users\ivanm\source\repos\myengine\engine\src\ecs\systems\PhysicsSystem.cpp,748,18671353291,7314054,2,
Physics::Step,C:\Users\ivanm\source\repos\myengine\engine\src\ecs\systems\PhysicsSystem.cpp,748,18691368638,7010206,2,
Physics::Step,C:\Users\ivanm\source\repos\myengine\engine\src\ecs\systems\PhysicsSystem.cpp,748,18712280299,7433851,2,
Physics::Step,C:\Users\ivanm\source\repos\myengine\engine\src\ecs\systems\PhysicsSystem.cpp,748,18732225793,6964569,2,
Physics::Step,C:\Users\ivanm\source\repos\myengine\engine\src\ecs\systems\PhysicsSystem.cpp,748,18739190493,7558648,2,
Physics::Step,C:\Users\ivanm\source\repos\myengine\engine\src\ecs\systems\PhysicsSystem.cpp,748,18759502173,6897391,2,
Physics::Step,C:\Users\ivanm\source\repos\myengine\engine\src\ecs\systems\PhysicsSystem.cpp,748,18779675540,6943449,2,
Physics::Step,C:\Users\ivanm\source\repos\myengine\engine\src\ecs\systems\PhysicsSystem.cpp,748,18798952383,6987192,2,
Physics::Step,C:\Users\ivanm\source\repos\myengine\engine\src\ecs\systems\PhysicsSystem.cpp,748,18805939776,7590348,2,
Physics::Step,C:\Users\ivanm\source\repos\myengine\engine\src\ecs\systems\PhysicsSystem.cpp,748,18825812331,7162666,2,
Physics::Step,C:\Users\ivanm\source\repos\myengine\engine\src\ecs\systems\PhysicsSystem.cpp,748,18846136425,7407080,2,
Physics::Step,C:\Users\ivanm\source\repos\myengine\engine\src\ecs\systems\PhysicsSystem.cpp,748,18865800494,7004766,2,
Physics::Step,C:\Users\ivanm\source\repos\myengine\engine\src\ecs\systems\PhysicsSystem.cpp,748,18872805360,7648589,2,
Physics::Step,C:\Users\ivanm\source\repos\myengine\engine\src\ecs\systems\PhysicsSystem.cpp,748,18892885741,6969398,2,
Physics::Step,C:\Users\ivanm\source\repos\myengine\engine\src\ecs\systems\PhysicsSystem.cpp,748,18912615054,7171412,2,
Physics::Step,C:\Users\ivanm\source\repos\myengine\engine\src\ecs\systems\PhysicsSystem.cpp,748,18931953354,6894395,2,
Physics::Step,C:\Users\ivanm\source\repos\myengine\engine\src\ecs\systems\PhysicsSystem.cpp,748,18938847880,7779738,2,
Physics::Step,C:\Users\ivanm\source\repos\myengine\engine\src\ecs\systems\PhysicsSystem.cpp,748,18959358638,6898584,2,
Physics::Step,C:\Users\ivanm\source\repos\myengine\engine\src\ecs\systems\PhysicsSystem.cpp,748,18979860630,7101900,2,
Physics::Step,C:\Users\ivanm\source\repos\myengine\engine\src\ecs\systems\PhysicsSystem.cpp,748,18999718288,6957305,2,
Physics::Step,C:\Users\ivanm\source\repos\myengine\engine\src\ecs\systems\PhysicsSystem.cpp,748,19006675623,7175620,2,
Physics::Step,C:\Users\ivanm\source\repos\myengine\engine\src\ecs\systems\PhysicsSystem.cpp,748,19026364980,7154680,2,
Physics::Step,C:\Users\ivanm\source\repos\myengine\engine\src\ecs\systems\PhysicsSystem.cpp,748,19046769257,7548749,2,
Physics::Step,C:\Users\ivanm\source\repos\myengine\engine\src\ecs\systems\PhysicsSystem.cpp,748,19066924099,7127649,2,
Physics::Step,C:\Users\ivanm\source\repos\myengine\engine\src\ecs\systems\PhysicsSystem.cpp,748,19074052058,7314725,2,
Physics::Step,C:\Users\ivanm\source\repos\myengine\engine\src\ecs\systems\PhysicsSystem.cpp,748,19093535224,6976201,2,
Physics::Step,C:\Users\ivanm\source\repos\myengine\engine\src\ecs\systems\PhysicsSystem.cpp,748,19113443327,7276111,2,
Physics::Step,C:\Users\ivanm\source\repos\myengine\engine\src\ecs\systems\PhysicsSystem.cpp,748,19133129837,7763668,2,
Physics::Step,C:\Users\ivanm\source\repos\myengine\engine\src\ecs\systems\PhysicsSystem.cpp,748,19140893956,8782835,2,
Physics::Step,C:\Users\ivanm\source\repos\myengine\engine\src\ecs\systems\PhysicsSystem.cpp,748,19163817731,6941866,2,
Physics::Step,C:\Users\ivanm\source\repos\myengine\engine\src\ecs\systems\PhysicsSystem.cpp,748,19184113441,7796941,2,
Physics::Step,C:\Users\ivanm\source\repos\myengine\engine\src\ecs\systems\PhysicsSystem.cpp,748,19191910663,7750843,2,
Physics::Step,C:\Users\ivanm\source\repos\myengine\engine\src\ecs\systems\PhysicsSystem.cpp,748,19216098812,7930234,2,
Physics::Step,C:\Users\ivanm\source\repos\myengine\engine\src\ecs\systems\PhysicsSystem.cpp,748,19224029447,6893040,2,
Physics::Step,C:\Users\ivanm\source\repos\myengine\engine\src\ecs\systems\PhysicsSystem.cpp,748,19244262365,7135484,2,
Physics::Step,C:\Users\ivanm\source\repos\myengine\engine\src\ecs\systems\PhysicsSystem.cpp,748,19263671079,7630264,2,
Physics::Step,C:\Users\ivanm\source\repos\myengine\engine\src\ecs\systems\PhysicsSystem.cpp,748,19284451280,6876120,2,
Physics::Step,C:\Users\ivanm\source\repos\myengine\engine\src\ecs\systems\PhysicsSystem.cpp,748,19291327420,7997573,2,
Physics::Step,C:\Users\ivanm\source\repos\myengine\engine\src\ecs\systems\PhysicsSystem.cpp,748,19312801991,6961143,2,
Physics::Step,C:\Users\ivanm\source\repos\myengine\engine\src\ecs\systems\PhysicsSystem.cpp,748,19331934450,6911979,2,
Physics::Step,C:\Users\ivanm\source\repos\myengine\engine\src\ecs\systems\PhysicsSystem.cpp,748,19338846459,7451595,2,
Physics::Step,C:\Users\ivanm\source\repos\myengine\engine\src\ecs\systems\PhysicsSystem.cpp,748,19358765075,7148909,2,
Physics::Step,C:\Users\ivanm\source\repos\myengine\engine\src\ecs\systems\PhysicsSystem.cpp,748,19379394449,8149662,2,
Physics::Step,C:\Users\ivanm\source\repos\myengine\engine\src\ecs\systems\PhysicsSystem.cpp,748,19400129484,7383155,2,
Physics::Step,C:\Users\ivanm\source\repos\myengine\engine\src\ecs\systems\PhysicsSystem.cpp,748,19407512759,7320646,2,
Physics::Step,C:\Users\ivanm\source\repos\myengine\engine\src\ecs\systems\PhysicsSystem.cpp,748,19427222585,7692245,2,
Physics::Step,C:\Users\ivanm\source\repos\myengine\engine\src\ecs\systems\PhysicsSystem.cpp,748,19447802187,7903394,2,
Physics::Step,C:\Users\ivanm\source\repos\myengine\engine\src\ecs\systems\PhysicsSystem.cpp,748,19455705771,6774467,2,
Physics::Step,C:\Users\ivanm\source\repos\myengine\engine\src\ecs\systems\PhysicsSystem.cpp,748,19475261685,7966112,2,
Physics::Step,C:\Users\ivanm\source\repos\myengine\engine\src\ecs\systems\PhysicsSystem.cpp,748,19496646054,7140163,2,
Physics::Step,C:\Users\ivanm\source\repos\myengine\engine\src\ecs\systems\PhysicsSystem.cpp,748,19516630192,7180429,2,
Physics::Step,C:\Users\ivanm\source\repos\myengine\engine\src\ecs\systems\PhysicsSystem.cpp,748,19523810721,7801740,2,
Physics::Step,C:\Users\ivanm\source\repos\myengine\engine\src\ecs\systems\PhysicsSystem.cpp,748,19544289950,6998002,2,
Physics::Step,C:\Users\ivanm\source\repos\myengine\engine\src\ecs\systems\PhysicsSystem.cpp,748,19563641485,6870119,2,
Physics::Step,C:\Users\ivanm\source\repos\myengine\engine\src\ecs\systems\PhysicsSystem.cpp,748,19583623869,7135985,2,
Physics::Step,C:\Users\ivanm\source\repos\myengine\engine\src\ecs\systems\PhysicsSystem.cpp,748,19590759904,7406599,2,
Physics::Step,C:\Users\ivanm\source\repos\myengine\engine\src\ecs\systems\PhysicsSystem.cpp,748,19611754402,7691842,2,
Physics::Step,C:\Users\ivanm\source\repos\myengine\engine\src\ecs\systems\PhysicsSystem.cpp,748,19631597031,6970460,2,
Physics::Step,C:\Users\ivanm\source\repos\myengine\engine\src\ecs\systems\PhysicsSystem.cpp,748,19638567611,7205397,2,
Physics::Step,C:\Users\ivanm\source\repos\myengine\engine\src\ecs\systems\PhysicsSystem.cpp,748,19659422875,7893104,2,
Physics::Step,C:\Users\ivanm\source\repos\myengine\engine\src\ecs\systems\PhysicsSystem.cpp,748,19680688769,7500808,2,
Physics::Step,C:\Users\ivanm\source\repos\myengine\engine\src\ecs\systems\PhysicsSystem.cpp,748,19701366145,8587484,2,
Physics::Step,C:\Users\ivanm\source\repos\myengine\engine\src\ecs\systems\PhysicsSystem.cpp,748,19709953769,7475610,2,
Physics::Step,C:\Users\ivanm\source\repos\myengine\engine\src\ecs\systems\PhysicsSystem.cpp,748,19730954048,7100197,2,
Physics::Step,C:\Users\ivanm\source\repos\myengine\engine\src\ecs\systems\PhysicsSystem.cpp,748,19751449097,7308743,2,
Physics::Step,C:\Users\ivanm\source\repos\myengine\engine\src\ecs\systems\PhysicsSystem.cpp,748,19758757880,6984457,2,
Physics::Step,C:\Users\ivanm\source\repos\myengine\engine\src\ecs\systems\PhysicsSystem.cpp,748,19779443411,7827028,2,
Physics::Step,C:\Users\ivanm\source\repos\myengine\engine\src\ecs\systems\PhysicsSystem.cpp,748,19802952249,8625827,2,
Physics::Step,C:\Users\ivanm\source\repos\myengine\engine\src\ecs\systems\PhysicsSystem.cpp,748,19811578106,7362184,2,
Physics::Step,C:\Users\ivanm\source\repos\myengine\engine\src\ecs\systems\PhysicsSystem.cpp,748,19831636845,7422490,2,
Physics::Step,C:\Users\ivanm\source\repos\myengine\engine\src\ecs\systems\PhysicsSystem.cpp,748,19839059435,8115216,2,
Physics::Step,C:\Users\ivanm\source\repos\myengine\engine\src\ecs\systems\PhysicsSystem.cpp,748,19859971396,7742878,2,
Physics::Step,C:\Users\ivanm\source\repos\myengine\engine\src\ecs\systems\PhysicsSystem.cpp,748,19881193387,7320395,2,
Physics::Step,C:\Users\ivanm\source\repos\myengine\engine\src\ecs\systems\PhysicsSystem.cpp,748,19888513812,7047907,2,
Physics::Step,C:\Users\ivanm\source\repos\myengine\engine\src\ecs\systems\PhysicsSystem.cpp,748,19909713340,8071553,2,
Physics::Step,C:\Users\ivanm\source\repos\myengine\engine\src\ecs\systems\PhysicsSystem.cpp,748,19930319891,7289306,2,
Physics::Step,C:\Users\ivanm\source\repos\myengine\engine\src\ecs\systems\PhysicsSystem.cpp,748,19951432394,7813492,2,
Physics::Step,C:\Users\ivanm\source\repos\myengine\engine\src\ecs\systems\PhysicsSystem.cpp,748,19959245926,6962215,2,
Physics::Step,C:\Users\ivanm\source\repos\myengine\engine\src\ecs\systems\PhysicsSystem.cpp,748,19979341576,7093394,2,
Physics::Step,C:\Users\ivanm\source\repos\myengine\engine\src\ecs\systems\PhysicsSystem.cpp,748,19998604362,6918953,2,
Physics::Step,C:\Users\ivanm\source\repos\myengine\engine\src\ecs\systems\PhysicsSystem.cpp,748,20005523345,7624974,2,
Physics::Step,C:\Users\ivanm\source\repos\myengine\engine\src\ecs\systems\PhysicsSystem.cpp,748,20025559852,7079557,2,
Physics::Step,C:\Users\ivanm\source\repos\myengine\engine\src\ecs\systems\PhysicsSystem.cpp,748,20045547436,7181281,2,
Physics::Step,C:\Users\ivanm\source\repos\myengine\engine\src\ecs\systems\PhysicsSystem.cpp,748,20064836012,6848999,2,
Physics::Step,C:\Users\ivanm\source\repos\myengine\engine\src\ecs\systems\PhysicsSystem.cpp,748,20071685121,7394626,2,
Physics::Step,C:\Users\ivanm\source\repos\myengine\engine\src\ecs\systems\PhysicsSystem.cpp,748,20091043519,6816698,2,
Physics::Step,C:\Users\ivanm\source\repos\myengine\engine\src\ecs\systems\PhysicsSystem.cpp,748,20110661100,7028591,2,
Physics::Step,C:\Users\ivanm\source\repos\myengine\engine\src\ecs\systems\PhysicsSystem.cpp,748,20130347780,6860401,2,
Physics::Step,C:\Users\ivanm\source\repos\myengine\engine\src\ecs\systems\PhysicsSystem.cpp,748,20150430966,6982844,2,
Physics::Step,C:\Users\ivanm\source\repos\myengine\engine\src\ecs\systems\PhysicsSystem.cpp,748,20157413830,6743458,2,
Physics::Step,C:\Users\ivanm\source\repos\myengine\engine\src\ecs\systems\PhysicsSystem.cpp,748,20177064944,6991981,2,
Physics::Step,C:\Users\ivanm\source\repos\myengine\engine\src\ecs\systems\PhysicsSystem.cpp,748,20196923624,7088374,2,
Physics::Step,C:\Users\ivanm\source\repos\myengine\engine\src\ecs\systems\PhysicsSystem.cpp,748,20217201600,6905126,2,
Physics::Step,C:\Users\ivanm\source\repos\myengine\engine\src\ecs\systems\PhysicsSystem.cpp,748,20224106816,6678685,2,
Physics::Step,C:\Users\ivanm\source\repos\myengine\engine\src\ecs\systems\PhysicsSystem.cpp,748,20245334868,7186992,2,
Physics::Step,C:\Users\ivanm\source\repos\myengine\engine\src\ecs\systems\PhysicsSystem.cpp,748,20264497835,6971251,2,
Physics::Step,C:\Users\ivanm\source\repos\myengine\engine\src\ecs\systems\PhysicsSystem.cpp,748,20271469197,7200006,2,
Physics::Step,C:\Users\ivanm\source\repos\myengine\engine\src\ecs\systems\PhysicsSystem.cpp,748,20291257542,7232308,2,
Physics::Step,C:\Users\ivanm\source\repos\myengine\engine\src\ecs\systems\PhysicsSystem.cpp,748,20311296514,7337478,2,
Physics::Step,C:\Users\ivanm\source\repos\myengine\engine\src\ecs\systems\PhysicsSystem.cpp,748,20330808635,6845482,2,
Physics::Step,C:\Users\ivanm\source\repos\myengine\engine\src\ecs\systems\PhysicsSystem.cpp,748,20352322290,7189316,2,
Physics::Step,C:\Users\ivanm\source\repos\myengine\engine\src\ecs\systems\PhysicsSystem.cpp,748,20359511736,6818311,2,
Physics::Step,C:\Users\ivanm\source\repos\myengine\engine\src\ecs\systems\PhysicsSystem.cpp,748,20379444867,6910686,2,
Physics::Step,C:\Users\ivanm\source\repos\myengine\engine\src\ecs\systems\PhysicsSystem.cpp,748,20399789460,7168707,2,
Physics::Step,C:\Users\ivanm\source\repos\myengine\engine\src\ecs\systems\PhysicsSystem.cpp,748,20406958357,7286020,2,
Physics::Step,C:\Users\ivanm\source\repos\myengine\engine\src\ecs\systems\PhysicsSystem.cpp,748,20426841052,7321207,2,
Physics::Step,C:\Users\ivanm\source\repos\myengine\engine\src\ecs\systems\PhysicsSystem.cpp,748,20449937347,8543721,2,
Physics::Step,C:\Users\ivanm\source\repos\myengine\engine\src\ecs\systems\PhysicsSystem.cpp,748,20458481208,6919604,2,
Physics::Step,C:\Users\ivanm\source\repos\myengine\engine\src\ecs\systems\PhysicsSystem.cpp,748,20477716723,7016908,2,
Physics::Step,C:\Users\ivanm\source\repos\myengine\engine\src\ecs\systems\PhysicsSystem.cpp,748,20496756997,6963907,2,
Physics::Step,C:\Users\ivanm\source\repos\myengine\engine\src\ecs\systems\PhysicsSystem.cpp,748,20516684046,7326697,2,
Physics::Step,C:\Users\ivanm\source\repos\myengine\engine\src\ecs\systems\PhysicsSystem.cpp,748,20524010863,6847457,2,
Physics::Step,C:\Users\ivanm\source\repos\myengine\engine\src\ecs\systems\PhysicsSystem.cpp,748,20543636620,7106999,2,
Physics::Step,C:\Users\ivanm\source\repos\myengine\engine\src\ecs\systems\PhysicsSystem.cpp,748,20563428532,7115866,2,
Physics::Step,C:\Users\ivanm\source\repos\myengine\engine\src\ecs\systems\PhysicsSystem.cpp,748,20583247606,6957636,2,
Physics::Step,C:\Users\ivanm\source\repos\myengine\engine\src\ecs\systems\PhysicsSystem.cpp,748,20590205292,6689045,2,
Physics::Step,C:\Users\ivanm\source\repos\myengine\engine\src\ecs\systems\PhysicsSystem.cpp,748,20610121019,7136406,2,
Physics::Step,C:\Users\ivanm\source\repos\myengine\engine\src\ecs\systems\PhysicsSystem.cpp,748,20629205367,7043599,2,
Physics::Step,C:\Users\ivanm\source\repos\myengine\engine\src\ecs\systems\PhysicsSystem.cpp,748,20649866231,7400036,2,
Physics::Step,C:\Users\ivanm\source\repos\myengine\engine\src\ecs\systems\PhysicsSystem.cpp,748,20657266307,7082313,2,
Physics::Step,C:\Users\ivanm\source\repos\myengine\engine\src\ecs\systems\PhysicsSystem.cpp,748,20677254373,6975119,2,
Physics::Step,C:\Users\ivanm\source\repos\myengine\engine\src\ecs\systems\PhysicsSystem.cpp,748,20696584347,6800357,2,
Physics::Step,C:\Users\ivanm\source\repos\myengine\engine\src\ecs\systems\PhysicsSystem.cpp,748,20717056753,6959098,2,
Physics::Step,C:\Users\ivanm\source\repos\myengine\engine\src\ecs\systems\PhysicsSystem.cpp,748,20724016001,6844190,2,
Physics::Step,C:\Users\ivanm\source\repos\myengine\engine\src\ecs\systems\PhysicsSystem.cpp,748,20743762026,7237408,2,
Physics::Step,C:\Users\ivanm\source\repos\myengine\engine\src\ecs\systems\PhysicsSystem.cpp,748,20763950312,7217367,2,
Physics::Step,C:\Users\ivanm\source\repos\myengine\engine\src\ecs\systems\PhysicsSystem.cpp,748,20784106374,7030505,2,
Physics::Step,C:\Users\ivanm\source\repos\myengine\engine\src\ecs\systems\PhysicsSystem.cpp,748,20791136979,6767364,2,
Physics::Step,C:\Users\ivanm\source\repos\myengine\engine\src\ecs\systems\PhysicsSystem.cpp,748,20810425344,7001209,2,
Physics::Step,C:\Users\ivanm\source\repos\myengine\engine\src\ecs\systems\PhysicsSystem.cpp,748,20829792218,6971222,2,
Physics::Step,C:\Users\ivanm\source\repos\myengine\engine\src\ecs\systems\PhysicsSystem.cpp,748,20850193088,7012109,2,
Physics::Step,C:\Users\ivanm\source\repos\myengine\engine\src\ecs\systems\PhysicsSystem.cpp,748,20857205217,6693775,2,
Physics::Step,C:\Users\ivanm\source\repos\myengine\engine\src\ecs\systems\PhysicsSystem.cpp,748,20877508504,7683465,2,
Physics::Step,C:\Users\ivanm\source\repos\myengine\engine\src\ecs\systems\PhysicsSystem.cpp,748,20897509834,6877494,2,
Physics::Step,C:\Users\ivanm\source\repos\myengine\engine\src\ecs\systems\PhysicsSystem.cpp,748,20916969465,6809885,2,
Physics::Step,C:\Users\ivanm\source\repos\myengine\engine\src\ecs\systems\PhysicsSystem.cpp,748,20923779460,6599745,2,
Physics::Step,C:\Users\ivanm\source\repos\myengine\engine\src\ecs\systems\PhysicsSystem.cpp,748,20943037958,6895498,2,
Physics::Step,C:\Users\ivanm\source\repos\myengine\engine\src\ecs\systems\PhysicsSystem.cpp,748,20962476639,6846264,2,
Physics::Step,C:\Users\ivanm\source\repos\myengine\engine\src\ecs\systems\PhysicsSystem.cpp,748,20985407839,7341385,2,
Physics::Step,C:\Users\ivanm\source\repos\myengine\engine\src\ecs\systems\PhysicsSystem.cpp,748,20992749304,7294216,2,
Physics::Step,C:\Users\ivanm\source\repos\myengine\engine\src\ecs\systems\PhysicsSystem.cpp,748,21012852839,7106799,2,
Physics::Step,C:\Users\ivanm\source\repos\myengine\engine\src\ecs\systems\PhysicsSystem.cpp,748,21032149329,7050262,2,
Physics::Step,C:\Users\ivanm\source\repos\myengine\engine\src\ecs\systems\PhysicsSystem.cpp,748,21039199712,7146384,2,
Physics::Step,C:\Users\ivanm\source\repos\myengine\engine\src\ecs\systems\PhysicsSystem.cpp,748,21058734876,6915565,2,
Physics::Step,C:\Users\ivanm\source\repos\myengine\engine\src\ecs\systems\PhysicsSystem.cpp,748,21078688405,6920646,2,
Physics::Step,C:\Users\ivanm\source\repos\myengine\engine\src\ecs\systems\PhysicsSystem.cpp,748,21098705746,6878024,2,
Physics::Step,C:\Users\ivanm\source\repos\myengine\engine\src\ecs\systems\PhysicsSystem.cpp,748,21105583821,7874027,2,
Physics::Step,C:\Users\ivanm\source\repos\myengine\engine\src\ecs\systems\PhysicsSystem.cpp,748,21126136990,6874808,2,
Physics::Step,C:\Users\ivanm\source\repos\myengine\engine\src\ecs\systems\PhysicsSystem.cpp,748,21146019054,7426366,2,
Physics::Step,C:\Users\ivanm\source\repos\myengine\engine\src\ecs\systems\PhysicsSystem.cpp,748,21165684265,6933179,2,
Physics::Step,C:\Users\ivanm\source\repos\myengine\engine\src\ecs\systems\PhysicsSystem.cpp,748,21172617574,7542568,2,
Physics::Step,C:\Users\ivanm\source\repos\myengine\engine\src\ecs\systems\PhysicsSystem.cpp,748,21192315859,6914774,2,
Physics::Step,C:\Users\ivanm\source\repos\myengine\engine\src\ecs\systems\PhysicsSystem.cpp,748,21212392392,7066723,2,
Physics::Step,C:\Users\ivanm\source\repos\myengine\engine\src\ecs\systems\PhysicsSystem.cpp,748,21231570968,6785659,2,
Physics::Step,C:\Users\ivanm\source\repos\myengine\engine\src\ecs\systems\PhysicsSystem.cpp,748,21238356838,7749611,2,
Physics::Step,C:\Users\ivanm\source\repos\myengine\engine\src\ecs\systems\PhysicsSystem.cpp,748,21258012912,6876020,2,
Physics::Step,C:\Users\ivanm\source\repos\myengine\engine\src\ecs\systems\PhysicsSystem.cpp,748,21278625855,7228530,2,
Physics::Step,C:\Users\ivanm\source\repos\myengine\engine\src\ecs\systems\PhysicsSystem.cpp,748,21298612307,7165190,2,
Physics::Step,C:\Users\ivanm\source\repos\myengine\engine\src\ecs\systems\PhysicsSystem.cpp,748,21305777617,7892493,2,
Physics::Step,C:\Users\ivanm\source\repos\myengine\engine\src\ecs\systems\PhysicsSystem.cpp,748,21326041407,6889516,2,
Physics::Step,C:\Users\ivanm\source\repos\myengine\engine\src\ecs\systems\PhysicsSystem.cpp,748,21345748087,7168687,2,
Physics::Step,C:\Users\ivanm\source\repos\myengine\engine\src\ecs\systems\PhysicsSystem.cpp,748,21365282189,6903843,2,
Physics::Step,C:\Users\ivanm\source\repos\myengine\engine\src\ecs\systems\PhysicsSystem.cpp,748,21372186153,8037268,2,
Physics::Step,C:\Users\ivanm\source\repos\myengine\engine\src\ecs\systems\PhysicsSystem.cpp,748,21392487393,7177344,2,
Physics::Step,C:\Users\ivanm\source\repos\myengine\engine\src\ecs\systems\PhysicsSystem.cpp,748,21413132658,7252295,2,
Physics::Step,C:\Users\ivanm\source\repos\myengine\engine\src\ecs\systems\PhysicsSystem.cpp,748,21432553895,6841645,2,
Physics::Step,C:\Users\ivanm\source\repos\myengine\engine\src\ecs\systems\PhysicsSystem.cpp,748,21439395581,7232878,2,
Physics::Step,C:\Users\ivanm\source\repos\myengine\engine\src\ecs\systems\PhysicsSystem.cpp,748,21458997522,6988183,2,
Physics::Step,C:\Users\ivanm\source\repos\myengine\engine\src\ecs\systems\PhysicsSystem.cpp,748,21478649849,7020635,2,
Physics::Step,C:\Users\ivanm\source\repos\myengine\engine\src\ecs\systems\PhysicsSystem.cpp,748,21497946960,7024022,2,
Physics::Step,C:\Users\ivanm\source\repos\myengine\engine\src\ecs\systems\PhysicsSystem.cpp,748,21504971183,7736145,2,
Physics::Step,C:\Users\ivanm\source\repos\myengine\engine\src\ecs\systems\PhysicsSystem.cpp,748,21525772479,7003112,2,
Physics::Step,C:\Users\ivanm\source\repos\myengine\engine\src\ecs\systems\PhysicsSystem.cpp,748,21545884570,7111668,2,
Physics::Step,C:\Users\ivanm\source\repos\myengine\engine\src\ecs\systems\PhysicsSystem.cpp,748,21564966242,7038900,2,
Physics::Step,C:\Users\ivanm\source\repos\myengine\engine\src\ecs\systems\PhysicsSystem.cpp,748,21572005252,7214524,2,
Physics::Step,C:\Users\ivanm\source\repos\myengine\engine\src\ecs\systems\PhysicsSystem.cpp,748,21591372167,7298363,2,
Physics::Step,C:\Users\ivanm\source\repos\myengine\engine\src\ecs\systems\PhysicsSystem.cpp,748,21611362256,7327158,2,
Physics::Step,C:\Users\ivanm\source\repos\myengine\engine\src\ecs\systems\PhysicsSystem.cpp,748,21630987401,6987593,2,
Physics::Step,C:\Users\ivanm\source\repos\myengine\engine\src\ecs\systems\PhysicsSystem.cpp,748,21651373362,7142357,2,
Physics::Step,C:\Users\ivanm\source\repos\myengine\engine\src\ecs\systems\PhysicsSystem.cpp,748,21658515769,7139101,2,
Physics::Step,C:\Users\ivanm\source\repos\myengine\engine\src\ecs\systems\PhysicsSystem.cpp,748,21679274910,7160021,2,
Physics::Step,C:\Users\ivanm\source\repos\myengine\engine\src\ecs\systems\PhysicsSystem.cpp,748,21699256092,6872534,2,
Physics::Step,C:\Users\ivanm\source\repos\myengine\engine\src\ecs\systems\PhysicsSystem.cpp,748,21706128656,7225796,2,
Physics::Step,C:\Users\ivanm\source\repos\myengine\engine\src\ecs\systems\PhysicsSystem.cpp,748,21725730798,6929201,2,
Physics::Step,C:\Users\ivanm\source\repos\myengine\engine\src\ecs\systems\PhysicsSystem.cpp,748,21745526397,7368487,2,
Physics::Step,C:\Users\ivanm\source\repos\myengine\engine\src\ecs\systems\PhysicsSystem.cpp,748,21765225222,6856013,2,
Physics::Step,C:\Users\ivanm\source\repos\myengine\engine\src\ecs\systems\PhysicsSystem.cpp,748,21772081275,7249881,2,
Physics::Step,C:\Users\ivanm\source\repos\myengine\engine\src\ecs\systems\PhysicsSystem.cpp,748,21792376414,6984587,2,
Physics::Step,C:\Users\ivanm\source\repos\myengine\engine\src\ecs\systems\PhysicsSystem.cpp,748,21812029582,7086201,2,
Physics::Step,C:\Users\ivanm\source\repos\myengine\engine\src\ecs\systems\PhysicsSystem.cpp,748,21831080727,6907901,2,
Physics::Step,C:\Users\ivanm\source\repos\myengine\engine\src\ecs\systems\PhysicsSystem.cpp,748,21851354565,6760291,2,
Physics::Step,C:\Users\ivanm\source\repos\myengine\engine\src\ecs\systems\PhysicsSystem.cpp,748,21858114976,6836285,2,
Physics::Step,C:\Users\ivanm\source\repos\myengine\engine\src\ecs\systems\PhysicsSystem.cpp,748,21877685497,7076772,2,
Physics::Step,C:\Users\ivanm\source\repos\myengine\engine\src\ecs\systems\PhysicsSystem.cpp,748,21896916273,6989767,2,
Physics::Step,C:\Users\ivanm\source\repos\myengine\engine\src\ecs\systems\PhysicsSystem.cpp,748,21916987396,7771182,2,
Physics::Step,C:\Users\ivanm\source\repos\myengine\engine\src\ecs\systems\PhysicsSystem.cpp,748,21924758728,6898994,2,
Physics::Step,C:\Users\ivanm\source\repos\myengine\engine\src\ecs\systems\PhysicsSystem.cpp,748,21944166230,7142627,2,
Physics::Step,C:\Users\ivanm\source\repos\myengine\engine\src\ecs\systems\PhysicsSystem.cpp,748,21963533775,7147347,2,
Physics::Step,C:\Users\ivanm\source\repos\myengine\engine\src\ecs\systems\PhysicsSystem.cpp,748,21984261035,6963447,2,
Physics::Step,C:\Users\ivanm\source\repos\myengine\engine\src\ecs\systems\PhysicsSystem.cpp,748,21991224582,6951595,2,
Physics::Step,C:\Users\ivanm\source\repos\myengine\engine\src\ecs\systems\PhysicsSystem.cpp,748,22010815773,6988014,2,
Physics::Step,C:\Users\ivanm\source\repos\myengine\engine\src\ecs\systems\PhysicsSystem.cpp,748,22030524357,6889426,2,
Physics::Step,C:\Users\ivanm\source\repos\myengine\engine\src\ecs\systems\PhysicsSystem.cpp,748,22050576624,6919283,2,
Physics::Step,C:\Users\ivanm\source\repos\myengine\engine\src\ecs\systems\PhysicsSystem.cpp,748,22057495927,6958097,2,
Physics::Step,C:\Users\ivanm\source\repos\myengine\engine\src\ecs\systems\PhysicsSystem.cpp,748,22077941372,7113351,2,
Physics::Step,C:\Users\ivanm\source\repos\myengine\engine\src\ecs\systems\PhysicsSystem.cpp,748,22097376486,6991790,2,
Physics::Step,C:\Users\ivanm\source\repos\myengine\engine\src\ecs\systems\PhysicsSystem.cpp,748,22117632039,6967094,2,
Physics::Step,C:\Users\ivanm\source\repos\myengine\engine\src\ecs\systems\PhysicsSystem.cpp,748,22124599173,6787172,2,
Physics::Step,C:\Users\ivanm\source\repos\myengine\engine\src\ecs\systems\PhysicsSystem.cpp,748,22144091215,7215526,2,
Physics::Step,C:\Users\ivanm\source\repos\myengine\engine\src\ecs\systems\PhysicsSystem.cpp,748,22163580863,7722795,2,
Physics::Step,C:\Users\ivanm\source\repos\myengine\engine\src\ecs\systems\PhysicsSystem.cpp,748,22184519440,7004355,2,
Physics::Step,C:\Users\ivanm\source\repos\myengine\engine\src\ecs\systems\PhysicsSystem.cpp,748,22191523895,6830073,2,
Physics::Step,C:\Users\ivanm\source\repos\myengine\engine\src\ecs\systems\PhysicsSystem.cpp,748,22211508812,7259480,2,
Physics::Step,C:\Users\ivanm\source\repos\myengine\engine\src\ecs\systems\PhysicsSystem.cpp,748,22230985595,6959680,2,
Physics::Step,C:\Users\ivanm\source\repos\myengine\engine\src\ecs\systems\PhysicsSystem.cpp,748,22250796434,6917048,2,
Physics::Step,C:\Users\ivanm\source\repos\myengine\engine\src\ecs\systems\PhysicsSystem.cpp,748,22257713522,6839802,2,
Physics::Step,C:\Users\ivanm\source\repos\myengine\engine\src\ecs\systems\PhysicsSystem.cpp,748,22277449709,7194526,2,
Physics::Step,C:\Users\ivanm\source\repos\myengine\engine\src\ecs\systems\PhysicsSystem.cpp,748,22297989703,7036956,2,
Physics::Step,C:\Users\ivanm\source\repos\myengine\engine\src\ecs\systems\PhysicsSystem.cpp,748,22305026800,7636015,2,
Physics::Step,C:\Users\ivanm\source\repos\myengine\engine\src\ecs\systems\PhysicsSystem.cpp,748,22325285940,7065351,2,
Physics::Step,C:\Users\ivanm\source\repos\myengine\engine\src\ecs\systems\PhysicsSystem.cpp,748,22345286058,7227078,2,
Physics::Step,C:\Users\ivanm\source\repos\myengine\engine\src\ecs\systems\PhysicsSystem.cpp,748,22364522304,6887402,2,
Physics::Step,C:\Users\ivanm\source\repos\myengine\engine\src\ecs\systems\PhysicsSystem.cpp,748,22371409837,9184468,2,
Physics::Step,C:\Users\ivanm\source\repos\myengine\engine\src\ecs\systems\PhysicsSystem.cpp,748,22393629814,7141062,2,
Physics::Step,C:\Users\ivanm\source\repos\myengine\engine\src\ecs\systems\PhysicsSystem.cpp,748,22414247627,7308061,2,
Physics::Step,C:\Users\ivanm\source\repos\myengine\engine\src\ecs\systems\PhysicsSystem.cpp,748,22434403871,7406219,2,
Physics::Step,C:\Users\ivanm\source\repos\myengine\engine\src\ecs\systems\PhysicsSystem.cpp,748,22441810240,7665021,2,
Physics::Step,C:\Users\ivanm\source\repos\myengine\engine\src\ecs\systems\PhysicsSystem.cpp,748,22461996853,7066352,2,
Physics::Step,C:\Users\ivanm\source\repos\myengine\engine\src\ecs\systems\PhysicsSystem.cpp,748,22483340725,7706549,2,
Physics::Step,C:\Users\ivanm\source\repos\myengine\engine\src\ecs\systems\PhysicsSystem.cpp,748,22491047625,7139061,2,
Physics::Step,C:\Users\ivanm\source\repos\myengine\engine\src\ecs\systems\PhysicsSystem.cpp,748,22512170678,7702932,2,
Physics::Step,C:\Users\ivanm\source\repos\myengine\engine\src\ecs\systems\PhysicsSystem.cpp,748,22532724719,7337618,2,
Physics::Step,C:\Users\ivanm\source\repos\myengine\engine\src\ecs\systems\PhysicsSystem.cpp,748,22540062677,7731427,2,
Physics::Step,C:\Users\ivanm\source\repos\myengine\engine\src\ecs\systems\PhysicsSystem.cpp,748,22560416658,6963026,2,
Physics::Step,C:\Users\ivanm\source\repos\myengine\engine\src\ecs\systems\PhysicsSystem.cpp,748,22580947245,7699255,2,
Physics::Step,C:\Users\ivanm\source\repos\myengine\engine\src\ecs\systems\PhysicsSystem.cpp,748,22601418859,7489316,2,
Physics::Step,C:\Users\ivanm\source\repos\myengine\engine\src\ecs\systems\PhysicsSystem.cpp,748,22608908295,7165020,2,
Physics::Step,C:\Users\ivanm\source\repos\myengine\engine\src\ecs\systems\PhysicsSystem.cpp,748,22629110257,7298634,2,
Physics::Step,C:\Users\ivanm\source\repos\myengine\engine\src\ecs\systems\PhysicsSystem.cpp,748,22650427279,7585980,2,
Physics::Step,C:\Users\ivanm\source\repos\myengine\engine\src\ecs\systems\PhysicsSystem.cpp,748,22658013309,8188145,2,
Physics::Step,C:\Users\ivanm\source\repos\myengine\engine\src\ecs\systems\PhysicsSystem.cpp,748,22679159085,7482082,2,
Physics::Step,C:\Users\ivanm\source\repos\myengine\engine\src\ecs\systems\PhysicsSystem.cpp,748,22700040948,8009157,2,
Physics::Step,C:\Users\ivanm\source\repos\myengine\engine\src\ecs\systems\PhysicsSystem.cpp,748,22708050136,7469939,2,
Physics::Step,C:\Users\ivanm\source\repos\myengine\engine\src\ecs\systems\PhysicsSystem.cpp,748,22728268308,7074839,2,
Physics::Step,C:\Users\ivanm\source\repos\myengine\engine\src\ecs\systems\PhysicsSystem.cpp,748,22748703333,6955612,2,
Physics::Step,C:\Users\ivanm\source\repos\myengine\engine\src\ecs\systems\PhysicsSystem.cpp,748,22755658985,6672053,2,
Physics::Step,C:\Users\ivanm\source\repos\myengine\engine\src\ecs\systems\PhysicsSystem.cpp,748,22774850446,7293193,2,
Physics::Step,C:\Users\ivanm\source\repos\myengine\engine\src\ecs\systems\PhysicsSystem.cpp,748,22794727630,6892442,2,
Physics::Step,C:\Users\ivanm\source\repos\myengine\engine\src\ecs\systems\PhysicsSystem.cpp,748,22816941261,7479858,2,
Physics::Step,C:\Users\ivanm\source\repos\myengine\engine\src\ecs\systems\PhysicsSystem.cpp,748,22824421269,6931977,2,
Physics::Step,C:\Users\ivanm\source\repos\myengine\engine\src\ecs\systems\PhysicsSystem.cpp,748,22844297091,7137037,2,
Physics::Step,C:\Users\ivanm\source\repos\myengine\engine\src\ecs\systems\PhysicsSystem.cpp,748,22863801257,7306969,2,
Physics::Step,C:\Users\ivanm\source\repos\myengine\engine\src\ecs\systems\PhysicsSystem.cpp,748,22884788261,7684176,2,
Physics::Step,C:\Users\ivanm\source\repos\myengine\engine\src\ecs\systems\PhysicsSystem.cpp,748,22892472457,7284447,2,
Physics::Step,C:\Users\ivanm\source\repos\myengine\engine\src\ecs\systems\PhysicsSystem.cpp,748,22912452698,7525465,2,
Physics::Step,C:\Users\ivanm\source\repos\myengine\engine\src\ecs\systems\PhysicsSystem.cpp,748,22933154439,7343209,2,
Physics::Step,C:\Users\ivanm\source\repos\myengine\engine\src\ecs\systems\PhysicsSystem.cpp,748,22940497678,7695458,2,
Physics::Step,C:\Users\ivanm\source\repos\myengine\engine\src\ecs\systems\PhysicsSystem.cpp,748,22960801173,7039211,2,
Physics::Step,C:\Users\ivanm\source\repos\myengine\engine\src\ecs\systems\PhysicsSystem.cpp,748,22981068188,7774258,2,
Physics::Step,C:\Users\ivanm\source\repos\myengine\engine\src\ecs\systems\PhysicsSystem.cpp,748,23001293565,7409003,2,
Physics::Step,C:\Users\ivanm\source\repos\myengine\engine\src\ecs\systems\PhysicsSystem.cpp,748,23008703470,7483315,2,
Physics::Step,C:\Users\ivanm\source\repos\myengine\engine\src\ecs\systems\PhysicsSystem.cpp,748,23028692717,7422199,2,
Physics::Step,C:\Users\ivanm\source\repos\myengine\engine\src\ecs\systems\PhysicsSystem.cpp,748,23049771250,6890258,2,
Physics::Step,C:\Users\ivanm\source\repos\myengine\engine\src\ecs\systems\PhysicsSystem.cpp,748,23056661548,6612921,2,
Physics::Step,C:\Users\ivanm\source\repos\myengine\engine\src\ecs\systems\PhysicsSystem.cpp,748,23076390531,7380089,2,
Physics::Step,C:\Users\ivanm\source\repos\myengine\engine\src\ecs\systems\PhysicsSystem.cpp,748,23095912320,8272154,2,
Physics::Step,C:\Users\ivanm\source\repos\myengine\engine\src\ecs\systems\PhysicsSystem.cpp,748,23117731976,7162255,2,
Physics::Step,C:\Users\ivanm\source\repos\myengine\engine\src\ecs\systems\PhysicsSystem.cpp,748,23124894261,6712500,2,
Physics::Step,C:\Users\ivanm\source\repos\myengine\engine\src\ecs\systems\PhysicsSystem.cpp,748,23144700531,7114453,2,
Physics::Step,C:\Users\ivanm\source\repos\myengine\engine\src\ecs\systems\PhysicsSystem.cpp,748,23163993585,7319093,2,
Physics::Step,C:\Users\ivanm\source\repos\myengine\engine\src\ecs\systems\PhysicsSystem.cpp,748,23184108711,6880439,2,
Physics::Step,C:\Users\ivanm\source\repos\myengine\engine\src\ecs\systems\PhysicsSystem.cpp,748,23190989180,7115206,2,
Physics::Step,C:\Users\ivanm\source\repos\myengine\engine\src\ecs\systems\PhysicsSystem.cpp,748,23211276064,7066602,2,
Physics::Step,C:\Users\ivanm\source\repos\myengine\engine\src\ecs\systems\PhysicsSystem.cpp,748,23230365210,6842086,2,
Physics::Step,C:\Users\ivanm\source\repos\myengine\engine\src\ecs\systems\PhysicsSystem.cpp,748,23250898061,6948678,2,
Physics::Step,C:\Users\ivanm\source\repos\myengine\engine\src\ecs\systems\PhysicsSystem.cpp,748,23257846789,6708813,2,
Physics::Step,C:\Users\ivanm\source\repos\myengine\engine\src\ecs\systems\PhysicsSystem.cpp,748,23277295069,7271532,2,
Physics::Step,C:\Users\ivanm\source\repos\myengine\engine\src\ecs\systems\PhysicsSystem.cpp,748,23297073605,6995087,2,
Physics::Step,C:\Users\ivanm\source\repos\myengine\engine\src\ecs\systems\PhysicsSystem.cpp,748,23318080497,8418072,2,
Physics::Step,C:\Users\ivanm\source\repos\myengine\engine\src\ecs\systems\PhysicsSystem.cpp,748,23326498599,6667755,2,
Physics::Step,C:\Users\ivanm\source\repos\myengine\engine\src\ecs\systems\PhysicsSystem.cpp,748,23345619376,7189336,2,
Physics::Step,C:\Users\ivanm\source\repos\myengine\engine\src\ecs\systems\PhysicsSystem.cpp,748,23365304505,6829081,2,
Physics::Step,C:\Users\ivanm\source\repos\myengine\engine\src\ecs\systems\PhysicsSystem.cpp,748,23372133717,7550292,2,
Physics::Step,C:\Users\ivanm\source\repos\myengine\engine\src\ecs\systems\PhysicsSystem.cpp,748,23391718154,6978386,2,
Physics::Step,C:\Users\ivanm\source\repos\myengine\engine\src\ecs\systems\PhysicsSystem.cpp,748,23411522120,7171833,2,
Physics::Step,C:\Users\ivanm\source\repos\myengine\engine\src\ecs\systems\PhysicsSystem.cpp,748,23430597911,6864408,2,
Physics::Step,C:\Users\ivanm\source\repos\myengine\engine\src\ecs\systems\PhysicsSystem.cpp,748,23450795985,7204735,2,
Physics::Step,C:\Users\ivanm\source\repos\myengine\engine\src\ecs\systems\PhysicsSystem.cpp,748,23458000771,7170951,2,
Physics::Step,C:\Users\ivanm\source\repos\myengine\engine\src\ecs\systems\PhysicsSystem.cpp,748,23478292548,7136075,2,
Physics::Step,C:\Users\ivanm\source\repos\myengine\engine\src\ecs\systems\PhysicsSystem.cpp,748,23497664903,6895898,2,
Physics::Step,C:\Users\ivanm\source\repos\myengine\engine\src\ecs\systems\PhysicsSystem.cpp,748,23517329924,7266192,2,
Physics::Step,C:\Users\ivanm\source\repos\myengine\engine\src\ecs\systems\PhysicsSystem.cpp,748,23524596156,6859529,2,
Physics::Step,C:\Users\ivanm\source\repos\myengine\engine\src\ecs\systems\PhysicsSystem.cpp,748,23544328054,7024533,2,
Physics::Step,C:\Users\ivanm\source\repos\myengine\engine\src\ecs\systems\PhysicsSystem.cpp,748,23563491392,6905136,2,
Physics::Step,C:\Users\ivanm\source\repos\myengine\engine\src\ecs\systems\PhysicsSystem.cpp,748,23583615936,6962505,2,
Physics::Step,C:\Users\ivanm\source\repos\myengine\engine\src\ecs\systems\PhysicsSystem.cpp,748,23590578582,7130163,2,
Physics::Step,C:\Users\ivanm\source\repos\myengine\engine\src\ecs\systems\PhysicsSystem.cpp,748,23611166540,7264160,2,
Physics::Step,C:\Users\ivanm\source\repos\myengine\engine\src\ecs\systems\PhysicsSystem.cpp,748,23630700414,6868997,2,
Physics::Step,C:\Users\ivanm\source\repos\myengine\engine\src\ecs\systems\PhysicsSystem.cpp,748,23651311193,7324653,2,
Physics::Step,C:\Users\ivanm\source\repos\myengine\engine\src\ecs\systems\PhysicsSystem.cpp,748,23658635886,7112580,2,
Physics::Step,C:\Users\ivanm\source\repos\myengine\engine\src\ecs\systems\PhysicsSystem.cpp,748,23679361073,7435474,2,
Physics::Step,C:\Users\ivanm\source\repos\myengine\engine\src\ecs\systems\PhysicsSystem.cpp,748,23699485417,6975349,2,
Physics::Step,C:\Users\ivanm\source\repos\myengine\engine\src\ecs\systems\PhysicsSystem.cpp,748,23706460786,7335073,2,
Physics::Step,C:\Users\ivanm\source\repos\myengine\engine\src\ecs\systems\PhysicsSystem.cpp,748,23725769670,6972985,2,
Physics::Step,C:\Users\ivanm\source\repos\myengine\engine\src\ecs\systems\PhysicsSystem.cpp,748,23745524432,7062325,2,
Physics::Step,C:\Users\ivanm\source\repos\myengine\engine\src\ecs\systems\PhysicsSystem.cpp,748,23764598520,7252596,2,
Physics::Step,C:\Users\ivanm\source\repos\myengine\engine\src\ecs\systems\PhysicsSystem.cpp,748,23771851166,7216348,2,
Physics::Step,C:\Users\ivanm\source\repos\myengine\engine\src\ecs\systems\PhysicsSystem.cpp,748,23791241495,7167835,2,
Physics::Step,C:\Users\ivanm\source\repos\myengine\engine\src\ecs\systems\PhysicsSystem.cpp,748,23811124290,7105677,2,
Physics::Step,C:\Users\ivanm\source\repos\myengine\engine\src\ecs\systems\PhysicsSystem.cpp,748,23831447913,6831857,2,
Physics::Step,C:\Users\ivanm\source\repos\myengine\engine\src\ecs\systems\PhysicsSystem.cpp,748,23838279810,7917400,2,
Physics::Step,C:\Users\ivanm\source\repos\myengine\engine\src\ecs\systems\PhysicsSystem.cpp,748,23858254650,8834323,2,
Physics::Step,C:\Users\ivanm\source\repos\myengine\engine\src\ecs\systems\PhysicsSystem.cpp,748,23884272307,10000730,2,
Physics::Step,C:\Users\ivanm\source\repos\myengine\engine\src\ecs\systems\PhysicsSystem.cpp,748,23894273808,8296892,2,
Physics::Step,C:\Users\ivanm\source\repos\myengine\engine\src\ecs\systems\PhysicsSystem.cpp,748,23917051096,8532719,2,
Physics::Step,C:\Users\ivanm\source\repos\myengine\engine\src\ecs\systems\PhysicsSystem.cpp,748,23925583996,9666124,2,
Physics::Step,C:\Users\ivanm\source\repos\myengine\engine\src\ecs\systems\PhysicsSystem.cpp,748,23950425356,6848078,2,
Physics::Step,C:\Users\ivanm\source\repos\myengine\engine\src\ecs\systems\PhysicsSystem.cpp,748,23957273474,6628660,2,
Physics::Step,C:\Users\ivanm\source\repos\myengine\engine\src\ecs\systems\PhysicsSystem.cpp,748,23976572980,7560993,2,
Physics::Step,C:\Users\ivanm\source\repos\myengine\engine\src\ecs\systems\PhysicsSystem.cpp,748,23996648522,7096680,2,
Physics::Step,C:\Users\ivanm\source\repos\myengine\engine\src\ecs\systems\PhysicsSystem.cpp,748,24017146877,7000257,2,
Physics::Step,C:\Users\ivanm\source\repos\myengine\engine\src\ecs\systems\PhysicsSystem.cpp,748,24024147214,7060321,2,
Physics::Step,C:\Users\ivanm\source\repos\myengine\engine\src\ecs\systems\PhysicsSystem.cpp,748,24043850367,7162616,2,
Physics::Step,C:\Users\ivanm\source\repos\myengine\engine\src\ecs\systems\PhysicsSystem.cpp,748,24063753521,6954059,2,
Physics::Step,C:\Users\ivanm\source\repos\myengine\engine\src\ecs\systems\PhysicsSystem.cpp,748,24083898294,6735103,2,
Physics::Step,C:\Users\ivanm\source\repos\myengine\engine\src\ecs\systems\PhysicsSystem.cpp,748,24090633507,6882132,2,
Physics::Step,C:\Users\ivanm\source\repos\myengine\engine\src\ecs\systems\PhysicsSystem.cpp,748,24110503045,7142917,2,
Physics::Step,C:\Users\ivanm\source\repos\myengine\engine\src\ecs\systems\PhysicsSystem.cpp,748,24130592122,6972975,2,
Physics::Step,C:\Users\ivanm\source\repos\myengine\engine\src\ecs\systems\PhysicsSystem.cpp,748,24150765649,6990759,2,
Physics::Step,C:\Users\ivanm\source\repos\myengine\engine\src\ecs\systems\PhysicsSystem.cpp,748,24157756448,6704855,2,
Physics::Step,C:\Users\ivanm\source\repos\myengine\engine\src\ecs\systems\PhysicsSystem.cpp,748,24177390120,7015986,2,
Physics::Step,C:\Users\ivanm\source\repos\myengine\engine\src\ecs\systems\PhysicsSystem.cpp,748,24196864138,7035303,2,
Physics::Step,C:\Users\ivanm\source\repos\myengine\engine\src\ecs\systems\PhysicsSystem.cpp,748,24217424942,6938509,2,
Physics::Step,C:\Users\ivanm\source\repos\myengine\engine\src\ecs\systems\PhysicsSystem.cpp,748,24224363471,6985388,2,
Physics::Step,C:\Users\ivanm\source\repos\myengine\engine\src\ecs\systems\PhysicsSystem.cpp,748,24244114636,8141997,2,
Physics::Step,C:\Users\ivanm\source\repos\myengine\engine\src\ecs\systems\PhysicsSystem.cpp,748,24264529572,7057736,2,
Physics::Step,C:\Users\ivanm\source\repos\myengine\engine\src\ecs\systems\PhysicsSystem.cpp,748,24271587419,8505628,2,
Physics::Step,C:\Users\ivanm\source\repos\myengine\engine\src\ecs\systems\PhysicsSystem.cpp,748,24292329474,6869869,2,
Physics::Step,C:\Users\ivanm\source\repos\myengine\engine\src\ecs\systems\PhysicsSystem.cpp,748,24312198944,6906538,2,
Physics::Step,C:\Users\ivanm\source\repos\myengine\engine\src\ecs\systems\PhysicsSystem.cpp,748,24332363474,7290288,2,
Physics::Step,C:\Users\ivanm\source\repos\myengine\engine\src\ecs\systems\PhysicsSystem.cpp,748,24339653793,7296630,2,
Physics::Step,C:\Users\ivanm\source\repos\myengine\engine\src\ecs\systems\PhysicsSystem.cpp,748,24359069199,6767605,2,
Physics::Step,C:\Users\ivanm\source\repos\myengine\engine\src\ecs\systems\PhysicsSystem.cpp,748,24378811347,7590969,2,
Physics::Step,C:\Users\ivanm\source\repos\myengine\engine\src\ecs\systems\PhysicsSystem.cpp,748,24398877140,6839250,2,
Physics::Step,C:\Users\ivanm\source\repos\myengine\engine\src\ecs\systems\PhysicsSystem.cpp,748,24405716541,7072253,2,
Physics::Step,C:\Users\ivanm\source\repos\myengine\engine\src\ecs\systems\PhysicsSystem.cpp,748,24425491651,7748729,2,
Physics::Step,C:\Users\ivanm\source\repos\myengine\engine\src\ecs\systems\PhysicsSystem.cpp,748,24445788854,7048458,2,
Physics::Step,C:\Users\ivanm\source\repos\myengine\engine\src\ecs\systems\PhysicsSystem.cpp,748,24465001916,6907230,2,
Physics::Step,C:\Users\ivanm\source\repos\myengine\engine\src\ecs\systems\PhysicsSystem.cpp,748,24471909246,7760822,2,
Physics::Step,C:\Users\ivanm\source\repos\myengine\engine\src\ecs\systems\PhysicsSystem.cpp,748,24491969428,6974929,2,
Physics::Step,C:\Users\ivanm\source\repos\myengine\engine\src\ecs\systems\PhysicsSystem.cpp,748,24511967232,7072183,2,
Physics::Step,C:\Users\ivanm\source\repos\myengine\engine\src\ecs\systems\PhysicsSystem.cpp,748,24531163672,7313595,2,
Physics::Step,C:\Users\ivanm\source\repos\myengine\engine\src\ecs\systems\PhysicsSystem.cpp,748,24538477307,8241426,2,
Physics::Step,C:\Users\ivanm\source\repos\myengine\engine\src\ecs\systems\PhysicsSystem.cpp,748,24559603396,8027008,2,
Physics::Step,C:\Users\ivanm\source\repos\myengine\engine\src\ecs\systems\PhysicsSystem.cpp,748,24583108186,8483195,2,
Physics::Step,C:\Users\ivanm\source\repos\myengine\engine\src\ecs\systems\PhysicsSystem.cpp,748,24591591672,8816309,2,
Physics::Step,C:\Users\ivanm\source\repos\myengine\engine\src\ecs\systems\PhysicsSystem.cpp,748,24613574649,7878146,2,
Physics::Step,C:\Users\ivanm\source\repos\myengine\engine\src\ecs\systems\PhysicsSystem.cpp,748,24636032329,8274849,2,
Physics::Step,C:\Users\ivanm\source\repos\myengine\engine\src\ecs\systems\PhysicsSystem.cpp,748,24644307289,7202571,2,
Physics::Step,C:\Users\ivanm\source\repos\myengine\engine\src\ecs\systems\PhysicsSystem.cpp,748,24664176899,7217529,2,
Physics::Step,C:\Users\ivanm\source\repos\myengine\engine\src\ecs\systems\PhysicsSystem.cpp,748,24685560947,7384668,2,
Physics::Step,C:\Users\ivanm\source\repos\myengine\engine\src\ecs\systems\PhysicsSystem.cpp,748,24692945725,7067675,2,
Physics::Step,C:\Users\ivanm\source\repos\myengine\engine\src\ecs\systems\PhysicsSystem.cpp,748,24713717347,8034392,2,
Physics::Step,C:\Users\ivanm\source\repos\myengine\engine\src\ecs\systems\PhysicsSystem.cpp,748,24733837122,7153669,2,
Physics::Step,C:\Users\ivanm\source\repos\myengine\engine\src\ecs\systems\PhysicsSystem.cpp,748,24740990901,7040934,2,
Physics::Step,C:\Users\ivanm\source\repos\myengine\engine\src\ecs\systems\PhysicsSystem.cpp,748,24762122049,7102762,2,
Physics::Step,C:\Users\ivanm\source\repos\myengine\engine\src\ecs\systems\PhysicsSystem.cpp,748,24785679669,7248389,2,
Physics::Step,C:\Users\ivanm\source\repos\myengine\engine\src\ecs\systems\PhysicsSystem.cpp,748,24792928178,8776133,2,
Physics::Step,C:\Users\ivanm\source\repos\myengine\engine\src\ecs\systems\PhysicsSystem.cpp,748,24817952472,8469389,2,
Physics::Step,C:\Users\ivanm\source\repos\myengine\engine\src\ecs\systems\PhysicsSystem.cpp,748,24826421971,6925946,2,
Physics::Step,C:\Users\ivanm\source\repos\myengine\engine\src\ecs\systems\PhysicsSystem.cpp,748,24846804907,7280780,2,
Physics::Step,C:\Users\ivanm\source\repos\myengine\engine\src\ecs\systems\PhysicsSystem.cpp,748,24866390317,7263617,2,
Physics::Step,C:\Users\ivanm\source\repos\myengine\engine\src\ecs\systems\PhysicsSystem.cpp,748,24873654255,7129181,2,
Physics::Step,C:\Users\ivanm\source\repos\myengine\engine\src\ecs\systems\PhysicsSystem.cpp,748,24892754021,6927980,2,
Physics::Step,C:\Users\ivanm\source\repos\myengine\engine\src\ecs\systems\PhysicsSystem.cpp,748,24912387422,7105808,2,
Physics::Step,C:\Users\ivanm\source\repos\myengine\engine\src\ecs\systems\PhysicsSystem.cpp,748,24931386117,7025625,2,
Physics::Step,C:\Users\ivanm\source\repos\myengine\engine\src\ecs\systems\PhysicsSystem.cpp,748,24938411782,7493504,2,
Physics::Step,C:\Users\ivanm\source\repos\myengine\engine\src\ecs\systems\PhysicsSystem.cpp,748,24958025766,6980299,2,
Physics::Step,C:\Users\ivanm\source\repos\myengine\engine\src\ecs\systems\PhysicsSystem.cpp,748,24977954528,7386621,2,
Physics::Step,C:\Users\ivanm\source\repos\myengine\engine\src\ecs\systems\PhysicsSystem.cpp,748,24997603639,6828460,2,
Physics::Step,C:\Users\ivanm\source\repos\myengine\engine\src\ecs\systems\PhysicsSystem.cpp,748,25017190612,7315155,2,
Physics::Step,C:\Users\ivanm\source\repos\myengine\engine\src\ecs\systems\PhysicsSystem.cpp,748,25024505897,6921427,2,
Physics::Step,C:\Users\ivanm\source\repos\myengine\engine\src\ecs\systems\PhysicsSystem.cpp,748,25044231574,6998092,2,
Physics::Step,C:\Users\ivanm\source\repos\myengine\engine\src\ecs\systems\PhysicsSystem.cpp,748,25063179862,6781251,2,
Physics::Step,C:\Users\ivanm\source\repos\myengine\engine\src\ecs\systems\PhysicsSystem.cpp,748,25083534214,7108162,2,
Physics::Step,C:\Users\ivanm\source\repos\myengine\engine\src\ecs\systems\PhysicsSystem.cpp,748,25090642516,7200778,2,
Physics::Step,C:\Users\ivanm\source\repos\myengine\engine\src\ecs\systems\PhysicsSystem.cpp,748,25111062823,7053097,2,
Physics::Step,C:\Users\ivanm\source\repos\myengine\engine\src\ecs\systems\PhysicsSystem.cpp,748,25130544936,6919964,2,
Physics::Step,C:\Users\ivanm\source\repos\myengine\engine\src\ecs\systems\PhysicsSystem.cpp,748,25151244995,7118221,2,
Physics::Step,C:\Users\ivanm\source\repos\myengine\engine\src\ecs\systems\PhysicsSystem.cpp,748,25158363256,6781130,2,
Physics::Step,C:\Users\ivanm\source\repos\myengine\engine\src\ecs\systems\PhysicsSystem.cpp,748,25178419410,7431226,2,
Physics::Step,C:\Users\ivanm\source\repos\myengine\engine\src\ecs\systems\PhysicsSystem.cpp,748,25197891224,6966943,2,
Physics::Step,C:\Users\ivanm\source\repos\myengine\engine\src\ecs\systems\PhysicsSystem.cpp,748,25204858278,7147747,2,
Physics::Step,C:\Users\ivanm\source\repos\myengine\engine\src\ecs\systems\PhysicsSystem.cpp,748,25224440411,6948208,2,
Physics::Step,C:\Users\ivanm\source\repos\myengine\engine\src\ecs\systems\PhysicsSystem.cpp,748,25244298639,7094356,2,
Physics::Step,C:\Users\ivanm\source\repos\myengine\engine\src\ecs\systems\PhysicsSystem.cpp,748,25263525337,6996620,2,
Physics::Step,C:\Users\ivanm\source\repos\myengine\engine\src\ecs\systems\PhysicsSystem.cpp,748,25283699126,6902360,2,
Physics::Step,C:\Users\ivanm\source\repos\myengine\engine\src\ecs\systems\PhysicsSystem.cpp,748,25290601526,6995037,2,
Physics::Step,C:\Users\ivanm\source\repos\myengine\engine\src\ecs\systems\PhysicsSystem.cpp,748,25311095643,6997993,2,
Physics::Step,C:\Users\ivanm\source\repos\myengine\engine\src\ecs\systems\PhysicsSystem.cpp,748,25330694168,6967094,2,
Physics::Step,C:\Users\ivanm\source\repos\myengine\engine\src\ecs\systems\PhysicsSystem.cpp,748,25352903161,7487774,2,
Physics::Step,C:\Users\ivanm\source\repos\myengine\engine\src\ecs\systems\PhysicsSystem.cpp,748,25360390985,6916040,2,
Physics::Step,C:\Users\ivanm\source\repos\myengine\engine\src\ecs\systems\PhysicsSystem.cpp,748,25380647955,6948759,2,
Physics::Step,C:\Users\ivanm\source\repos\myengine\engine\src\ecs\systems\PhysicsSystem.cpp,748,25399803407,7233691,2,
Physics::Step,C:\Users\ivanm\source\repos\myengine\engine\src\ecs\systems\PhysicsSystem.cpp,748,25407037318,7180359,2,
Physics::Step,C:\Users\ivanm\source\repos\myengine\engine\src\ecs\systems\PhysicsSystem.cpp,748,25426352404,6912219,2,
Physics::Step,C:\Users\ivanm\source\repos\myengine\engine\src\ecs\systems\PhysicsSystem.cpp,748,25445870045,7119774,2,
Physics::Step,C:\Users\ivanm\source\repos\myengine\engine\src\ecs\systems\PhysicsSystem.cpp,748,25464975432,6939832,2,
Physics::Step,C:\Users\ivanm\source\repos\myengine\engine\src\ecs\systems\PhysicsSystem.cpp,748,25471915364,7168026,2,
