name,src_file,src_line,ns_since_start,exec_time_ns,thread,value
Physics::Step,C:\Users\ivanm\source\repos\myengine\engine\src\ecs\systems\PhysicsSystem.cpp,748,989516853,6952759,2,
Physics::Step,C:\Users\ivanm\source\repos\myengine\engine\src\ecs\systems\PhysicsSystem.cpp,748,996470323,6697744,2,
Physics::Step,C:\Users\ivanm\source\repos\myengine\engine\src\ecs\systems\PhysicsSystem.cpp,748,1003168558,4784878,2,
Physics::Step,C:\Users\ivanm\source\repos\myengine\engine\src\ecs\systems\PhysicsSystem.cpp,748,1007953446,4643117,2,
Physics::Step,C:\Users\ivanm\source\repos\myengine\engine\src\ecs\systems\PhysicsSystem.cpp,748,1061985504,6889318,2,
Physics::Step,C:\Users\ivanm\source\repos\myengine\engine\src\ecs\systems\PhysicsSystem.cpp,748,1068875303,4943990,2,
Physics::Step,C:\Users\ivanm\source\repos\myengine\engine\src\ecs\systems\PhysicsSystem.cpp,748,1073819413,3716606,2,
Physics::Step,C:\Users\ivanm\source\repos\myengine\engine\src\ecs\systems\PhysicsSystem.cpp,748,1077536030,3747685,2,
Physics::Step,C:\Users\ivanm\source\repos\myengine\engine\src\ecs\systems\PhysicsSystem.cpp,748,1096942777,5595057,2,
Physics::Step,C:\Users\ivanm\source\repos\myengine\engine\src\ecs\systems\PhysicsSystem.cpp,748,1102538095,4732588,2,
Physics::Step,C:\Users\ivanm\source\repos\myengine\engine\src\ecs\systems\PhysicsSystem.cpp,748,1122030936,4021425,2,
Physics::Step,C:\Users\ivanm\source\repos\myengine\engine\src\ecs\systems\PhysicsSystem.cpp,748,1126052452,2898821,2,
Physics::Step,C:\Users\ivanm\source\repos\myengine\engine\src\ecs\systems\PhysicsSystem.cpp,748,1143989445,4059307,2,
Physics::Step,C:\Users\ivanm\source\repos\myengine\engine\src\ecs\systems\PhysicsSystem.cpp,748,1161154670,3923139,2,
Physics::Step,C:\Users\ivanm\source\repos\myengine\engine\src\ecs\systems\PhysicsSystem.cpp,748,1178878235,3574797,2,
Physics::Step,C:\Users\ivanm\source\repos\myengine\engine\src\ecs\systems\PhysicsSystem.cpp,748,1195601329,5552647,2,
Physics::Step,C:\Users\ivanm\source\repos\myengine\engine\src\ecs\systems\PhysicsSystem.cpp,748,1214677701,3086608,2,
Physics::Step,C:\Users\ivanm\source\repos\myengine\engine\src\ecs\systems\PhysicsSystem.cpp,748,1232993474,5557166,2,
Physics::Step,C:\Users\ivanm\source\repos\myengine\engine\src\ecs\systems\PhysicsSystem.cpp,748,1253968904,3662383,2,
Physics::Step,C:\Users\ivanm\source\repos\myengine\engine\src\ecs\systems\PhysicsSystem.cpp,748,1273898675,5510467,2,
Physics::Step,C:\Users\ivanm\source\repos\myengine\engine\src\ecs\systems\PhysicsSystem.cpp,748,1279409152,4153056,2,
Physics::Step,C:\Users\ivanm\source\repos\myengine\engine\src\ecs\systems\PhysicsSystem.cpp,748,1297584869,5706509,2,
Physics::Step,C:\Users\ivanm\source\repos\myengine\engine\src\ecs\systems\PhysicsSystem.cpp,748,1316424047,4228149,2,
Physics::Step,C:\Users\ivanm\source\repos\myengine\engine\src\ecs\systems\PhysicsSystem.cpp,748,1334645540,5470982,2,
Physics::Step,C:\Users\ivanm\source\repos\myengine\engine\src\ecs\systems\PhysicsSystem.cpp,748,1353500929,6157056,2,
Physics::Step,C:\Users\ivanm\source\repos\myengine\engine\src\ecs\systems\PhysicsSystem.cpp,748,1373763011,6763218,2,
Physics::Step,C:\Users\ivanm\source\repos\myengine\engine\src\ecs\systems\PhysicsSystem.cpp,748,1380526369,5764330,2,
Physics::Step,C:\Users\ivanm\source\repos\myengine\engine\src\ecs\systems\PhysicsSystem.cpp,748,1400963493,8442641,2,
Physics::Step,C:\Users\ivanm\source\repos\myengine\engine\src\ecs\systems\PhysicsSystem.cpp,748,1422057468,8092896,2,
Physics::Step,C:\Users\ivanm\source\repos\myengine\engine\src\ecs\systems\PhysicsSystem.cpp,748,1430150415,6830957,2,
Physics::Step,C:\Users\ivanm\source\repos\myengine\engine\src\ecs\systems\PhysicsSystem.cpp,748,1450821701,7329395,2,
Physics::Step,C:\Users\ivanm\source\repos\myengine\engine\src\ecs\systems\PhysicsSystem.cpp,748,1472281311,7020488,2,
Physics::Step,C:\Users\ivanm\source\repos\myengine\engine\src\ecs\systems\PhysicsSystem.cpp,748,1479301839,5503544,2,
Physics::Step,C:\Users\ivanm\source\repos\myengine\engine\src\ecs\systems\PhysicsSystem.cpp,748,1498334615,7364261,2,
Physics::Step,C:\Users\ivanm\source\repos\myengine\engine\src\ecs\systems\PhysicsSystem.cpp,748,1519104684,6034944,2,
Physics::Step,C:\Users\ivanm\source\repos\myengine\engine\src\ecs\systems\PhysicsSystem.cpp,748,1540637554,7829997,2,
Physics::Step,C:\Users\ivanm\source\repos\myengine\engine\src\ecs\systems\PhysicsSystem.cpp,748,1548467561,7113945,2,
Physics::Step,C:\Users\ivanm\source\repos\myengine\engine\src\ecs\systems\PhysicsSystem.cpp,748,1569843011,9180710,2,
Physics::Step,C:\Users\ivanm\source\repos\myengine\engine\src\ecs\systems\PhysicsSystem.cpp,748,1592560928,7250095,2,
Physics::Step,C:\Users\ivanm\source\repos\myengine\engine\src\ecs\systems\PhysicsSystem.cpp,748,1599811083,5923872,2,
Physics::Step,C:\Users\ivanm\source\repos\myengine\engine\src\ecs\systems\PhysicsSystem.cpp,748,1620019444,8808692,2,
Physics::Step,C:\Users\ivanm\source\repos\myengine\engine\src\ecs\systems\PhysicsSystem.cpp,748,1642468951,9364174,2,
Physics::Step,C:\Users\ivanm\source\repos\myengine\engine\src\ecs\systems\PhysicsSystem.cpp,748,1651833165,8359613,2,
Physics::Step,C:\Users\ivanm\source\repos\myengine\engine\src\ecs\systems\PhysicsSystem.cpp,748,1674134245,8681426,2,
Physics::Step,C:\Users\ivanm\source\repos\myengine\engine\src\ecs\systems\PhysicsSystem.cpp,748,1682815831,7603035,2,
Physics::Step,C:\Users\ivanm\source\repos\myengine\engine\src\ecs\systems\PhysicsSystem.cpp,748,1703941035,9148764,2,
Physics::Step,C:\Users\ivanm\source\repos\myengine\engine\src\ecs\systems\PhysicsSystem.cpp,748,1726202811,10438035,2,
Physics::Step,C:\Users\ivanm\source\repos\myengine\engine\src\ecs\systems\PhysicsSystem.cpp,748,1736641056,10402673,2,
Physics::Step,C:\Users\ivanm\source\repos\myengine\engine\src\ecs\systems\PhysicsSystem.cpp,748,1759869274,8892757,2,
Physics::Step,C:\Users\ivanm\source\repos\myengine\engine\src\ecs\systems\PhysicsSystem.cpp,748,1768762051,8931141,2,
Physics::Step,C:\Users\ivanm\source\repos\myengine\engine\src\ecs\systems\PhysicsSystem.cpp,748,1790672439,9049024,2,
Physics::Step,C:\Users\ivanm\source\repos\myengine\engine\src\ecs\systems\PhysicsSystem.cpp,748,1799721634,8568596,2,
Physics::Step,C:\Users\ivanm\source\repos\myengine\engine\src\ecs\systems\PhysicsSystem.cpp,748,1822083765,8726180,2,
Physics::Step,C:\Users\ivanm\source\repos\myengine\engine\src\ecs\systems\PhysicsSystem.cpp,748,1830810166,9969214,2,
Physics::Step,C:\Users\ivanm\source\repos\myengine\engine\src\ecs\systems\PhysicsSystem.cpp,748,1854445432,8918567,2,
Physics::Step,C:\Users\ivanm\source\repos\myengine\engine\src\ecs\systems\PhysicsSystem.cpp,748,1863364149,8494150,2,
Physics::Step,C:\Users\ivanm\source\repos\myengine\engine\src\ecs\systems\PhysicsSystem.cpp,748,1884946182,8609409,2,
Physics::Step,C:\Users\ivanm\source\repos\myengine\engine\src\ecs\systems\PhysicsSystem.cpp,748,1907778101,8908207,2,
Physics::Step,C:\Users\ivanm\source\repos\myengine\engine\src\ecs\systems\PhysicsSystem.cpp,748,1916686418,7187045,2,
Physics::Step,C:\Users\ivanm\source\repos\myengine\engine\src\ecs\systems\PhysicsSystem.cpp,748,1937491995,8674372,2,
Physics::Step,C:\Users\ivanm\source\repos\myengine\engine\src\ecs\systems\PhysicsSystem.cpp,748,1958468547,7496613,2,
Physics::Step,C:\Users\ivanm\source\repos\myengine\engine\src\ecs\systems\PhysicsSystem.cpp,748,1965965180,7182215,2,
Physics::Step,C:\Users\ivanm\source\repos\myengine\engine\src\ecs\systems\PhysicsSystem.cpp,748,1986632975,8367548,2,
Physics::Step,C:\Users\ivanm\source\repos\myengine\engine\src\ecs\systems\PhysicsSystem.cpp,748,2011179594,8249464,2,
Physics::Step,C:\Users\ivanm\source\repos\myengine\engine\src\ecs\systems\PhysicsSystem.cpp,748,2019429239,7463359,2,
Physics::Step,C:\Users\ivanm\source\repos\myengine\engine\src\ecs\systems\PhysicsSystem.cpp,748,2040977778,8233855,2,
Physics::Step,C:\Users\ivanm\source\repos\myengine\engine\src\ecs\systems\PhysicsSystem.cpp,748,2049211753,6810158,2,
Physics::Step,C:\Users\ivanm\source\repos\myengine\engine\src\ecs\systems\PhysicsSystem.cpp,748,2068793032,8561718,2,
Physics::Step,C:\Users\ivanm\source\repos\myengine\engine\src\ecs\systems\PhysicsSystem.cpp,748,2090072349,10042403,2,
Physics::Step,C:\Users\ivanm\source\repos\myengine\engine\src\ecs\systems\PhysicsSystem.cpp,748,2100115243,7789380,2,
Physics::Step,C:\Users\ivanm\source\repos\myengine\engine\src\ecs\systems\PhysicsSystem.cpp,748,2120548121,7613916,2,
Physics::Step,C:\Users\ivanm\source\repos\myengine\engine\src\ecs\systems\PhysicsSystem.cpp,748,2141353207,8441049,2,
Physics::Step,C:\Users\ivanm\source\repos\myengine\engine\src\ecs\systems\PhysicsSystem.cpp,748,2149794366,7141127,2,
Physics::Step,C:\Users\ivanm\source\repos\myengine\engine\src\ecs\systems\PhysicsSystem.cpp,748,2170559686,7678950,2,
Physics::Step,C:\Users\ivanm\source\repos\myengine\engine\src\ecs\systems\PhysicsSystem.cpp,748,2193712134,11366587,2,
Physics::Step,C:\Users\ivanm\source\repos\myengine\engine\src\ecs\systems\PhysicsSystem.cpp,748,2205078761,9497201,2,
Physics::Step,C:\Users\ivanm\source\repos\myengine\engine\src\ecs\systems\PhysicsSystem.cpp,748,2229982124,12019402,2,
Physics::Step,C:\Users\ivanm\source\repos\myengine\engine\src\ecs\systems\PhysicsSystem.cpp,748,2242001686,8798117,2,
Physics::Step,C:\Users\ivanm\source\repos\myengine\engine\src\ecs\systems\PhysicsSystem.cpp,748,2270249903,9039286,2,
Physics::Step,C:\Users\ivanm\source\repos\myengine\engine\src\ecs\systems\PhysicsSystem.cpp,748,2279289229,7918986,2,
Physics::Step,C:\Users\ivanm\source\repos\myengine\engine\src\ecs\systems\PhysicsSystem.cpp,748,2300951855,8609238,2,
Physics::Step,C:\Users\ivanm\source\repos\myengine\engine\src\ecs\systems\PhysicsSystem.cpp,748,2309561374,7461085,2,
Physics::Step,C:\Users\ivanm\source\repos\myengine\engine\src\ecs\systems\PhysicsSystem.cpp,748,2333996651,8830219,2,
Physics::Step,C:\Users\ivanm\source\repos\myengine\engine\src\ecs\systems\PhysicsSystem.cpp,748,2342826900,7510900,2,
Physics::Step,C:\Users\ivanm\source\repos\myengine\engine\src\ecs\systems\PhysicsSystem.cpp,748,2362891668,9825952,2,
Physics::Step,C:\Users\ivanm\source\repos\myengine\engine\src\ecs\systems\PhysicsSystem.cpp,748,2372717810,7349393,2,
Physics::Step,C:\Users\ivanm\source\repos\myengine\engine\src\ecs\systems\PhysicsSystem.cpp,748,2393269554,10247563,2,
Physics::Step,C:\Users\ivanm\source\repos\myengine\engine\src\ecs\systems\PhysicsSystem.cpp,748,2403517388,7506131,2,
Physics::Step,C:\Users\ivanm\source\repos\myengine\engine\src\ecs\systems\PhysicsSystem.cpp,748,2423877398,8834526,2,
Physics::Step,C:\Users\ivanm\source\repos\myengine\engine\src\ecs\systems\PhysicsSystem.cpp,748,2432712034,7314427,2,
Physics::Step,C:\Users\ivanm\source\repos\myengine\engine\src\ecs\systems\PhysicsSystem.cpp,748,2453386632,8280473,2,
Physics::Step,C:\Users\ivanm\source\repos\myengine\engine\src\ecs\systems\PhysicsSystem.cpp,748,2476027147,8318346,2,
Physics::Step,C:\Users\ivanm\source\repos\myengine\engine\src\ecs\systems\PhysicsSystem.cpp,748,2484345543,7040385,2,
Physics::Step,C:\Users\ivanm\source\repos\myengine\engine\src\ecs\systems\PhysicsSystem.cpp,748,2505669856,9134126,2,
Physics::Step,C:\Users\ivanm\source\repos\myengine\engine\src\ecs\systems\PhysicsSystem.cpp,748,2514804102,7203616,2,
Physics::Step,C:\Users\ivanm\source\repos\myengine\engine\src\ecs\systems\PhysicsSystem.cpp,748,2535316983,9236000,2,
Physics::Step,C:\Users\ivanm\source\repos\myengine\engine\src\ecs\systems\PhysicsSystem.cpp,748,2557388015,8861638,2,
Physics::Step,C:\Users\ivanm\source\repos\myengine\engine\src\ecs\systems\PhysicsSystem.cpp,748,2566249704,7767838,2,
Physics::Step,C:\Users\ivanm\source\repos\myengine\engine\src\ecs\systems\PhysicsSystem.cpp,748,2587458006,7971125,2,
Physics::Step,C:\Users\ivanm\source\repos\myengine\engine\src\ecs\systems\PhysicsSystem.cpp,748,2595429261,8044024,2,
Physics::Step,C:\Users\ivanm\source\repos\myengine\engine\src\ecs\systems\PhysicsSystem.cpp,748,2617543256,9285313,2,
Physics::Step,C:\Users\ivanm\source\repos\myengine\engine\src\ecs\systems\PhysicsSystem.cpp,748,2640475135,9339116,2,
Physics::Step,C:\Users\ivanm\source\repos\myengine\engine\src\ecs\systems\PhysicsSystem.cpp,748,2649814291,7574321,2,
Physics::Step,C:\Users\ivanm\source\repos\myengine\engine\src\ecs\systems\PhysicsSystem.cpp,748,2671939938,8803427,2,
Physics::Step,C:\Users\ivanm\source\repos\myengine\engine\src\ecs\systems\PhysicsSystem.cpp,748,2680743545,7192154,2,
Physics::Step,C:\Users\ivanm\source\repos\myengine\engine\src\ecs\systems\PhysicsSystem.cpp,748,2701782185,8027502,2,
Physics::Step,C:\Users\ivanm\source\repos\myengine\engine\src\ecs\systems\PhysicsSystem.cpp,748,2721962343,7800641,2,
Physics::Step,C:\Users\ivanm\source\repos\myengine\engine\src\ecs\systems\PhysicsSystem.cpp,748,2729763505,7228252,2,
Physics::Step,C:\Users\ivanm\source\repos\myengine\engine\src\ecs\systems\PhysicsSystem.cpp,748,2749879731,7650856,2,
Physics::Step,C:\Users\ivanm\source\repos\myengine\engine\src\ecs\systems\PhysicsSystem.cpp,748,2770973996,8154153,2,
Physics::Step,C:\Users\ivanm\source\repos\myengine\engine\src\ecs\systems\PhysicsSystem.cpp,748,2779128280,7240866,2,
Physics::Step,C:\Users\ivanm\source\repos\myengine\engine\src\ecs\systems\PhysicsSystem.cpp,748,2800061950,8482277,2,
Physics::Step,C:\Users\ivanm\source\repos\myengine\engine\src\ecs\systems\PhysicsSystem.cpp,748,2821628794,7683498,2,
Physics::Step,C:\Users\ivanm\source\repos\myengine\engine\src\ecs\systems\PhysicsSystem.cpp,748,2829312463,7514697,2,
Physics::Step,C:\Users\ivanm\source\repos\myengine\engine\src\ecs\systems\PhysicsSystem.cpp,748,2851311649,7466726,2,
Physics::Step,C:\Users\ivanm\source\repos\myengine\engine\src\ecs\systems\PhysicsSystem.cpp,748,2873780308,8664954,2,
Physics::Step,C:\Users\ivanm\source\repos\myengine\engine\src\ecs\systems\PhysicsSystem.cpp,748,2882445382,7931891,2,
Physics::Step,C:\Users\ivanm\source\repos\myengine\engine\src\ecs\systems\PhysicsSystem.cpp,748,2907570790,8558263,2,
Physics::Step,C:\Users\ivanm\source\repos\myengine\engine\src\ecs\systems\PhysicsSystem.cpp,748,2916129093,7001342,2,
Physics::Step,C:\Users\ivanm\source\repos\myengine\engine\src\ecs\systems\PhysicsSystem.cpp,748,2936467412,9065656,2,
Physics::Step,C:\Users\ivanm\source\repos\myengine\engine\src\ecs\systems\PhysicsSystem.cpp,748,2958503027,9457441,2,
Physics::Step,C:\Users\ivanm\source\repos\myengine\engine\src\ecs\systems\PhysicsSystem.cpp,748,2967960598,8116482,2,
Physics::Step,C:\Users\ivanm\source\repos\myengine\engine\src\ecs\systems\PhysicsSystem.cpp,748,2990160466,9089662,2,
Physics::Step,C:\Users\ivanm\source\repos\myengine\engine\src\ecs\systems\PhysicsSystem.cpp,748,2999250148,8200240,2,
Physics::Step,C:\Users\ivanm\source\repos\myengine\engine\src\ecs\systems\PhysicsSystem.cpp,748,3020978478,8112985,2,
Physics::Step,C:\Users\ivanm\source\repos\myengine\engine\src\ecs\systems\PhysicsSystem.cpp,748,3029091594,10072119,2,
Physics::Step,C:\Users\ivanm\source\repos\myengine\engine\src\ecs\systems\PhysicsSystem.cpp,748,3053483789,8058021,2,
Physics::Step,C:\Users\ivanm\source\repos\myengine\engine\src\ecs\systems\PhysicsSystem.cpp,748,3075474309,8715270,2,
Physics::Step,C:\Users\ivanm\source\repos\myengine\engine\src\ecs\systems\PhysicsSystem.cpp,748,3084189669,7950957,2,
Physics::Step,C:\Users\ivanm\source\repos\myengine\engine\src\ecs\systems\PhysicsSystem.cpp,748,3107784975,8693058,2,
Physics::Step,C:\Users\ivanm\source\repos\myengine\engine\src\ecs\systems\PhysicsSystem.cpp,748,3116478053,7820228,2,
Physics::Step,C:\Users\ivanm\source\repos\myengine\engine\src\ecs\systems\PhysicsSystem.cpp,748,3139134188,8287466,2,
Physics::Step,C:\Users\ivanm\source\repos\myengine\engine\src\ecs\systems\PhysicsSystem.cpp,748,3147421684,7574011,2,
Physics::Step,C:\Users\ivanm\source\repos\myengine\engine\src\ecs\systems\PhysicsSystem.cpp,748,3168273709,8818647,2,
Physics::Step,C:\Users\ivanm\source\repos\myengine\engine\src\ecs\systems\PhysicsSystem.cpp,748,3190526007,8565054,2,
Physics::Step,C:\Users\ivanm\source\repos\myengine\engine\src\ecs\systems\PhysicsSystem.cpp,748,3199091201,7954567,2,
Physics::Step,C:\Users\ivanm\source\repos\myengine\engine\src\ecs\systems\PhysicsSystem.cpp,748,3220667138,8593037,2,
Physics::Step,C:\Users\ivanm\source\repos\myengine\engine\src\ecs\systems\PhysicsSystem.cpp,748,3243280081,8570064,2,
Physics::Step,C:\Users\ivanm\source\repos\myengine\engine\src\ecs\systems\PhysicsSystem.cpp,748,3251850275,7286563,2,
Physics::Step,C:\Users\ivanm\source\repos\myengine\engine\src\ecs\systems\PhysicsSystem.cpp,748,3274094397,9303869,2,
Physics::Step,C:\Users\ivanm\source\repos\myengine\engine\src\ecs\systems\PhysicsSystem.cpp,748,3283398296,7344563,2,
Physics::Step,C:\Users\ivanm\source\repos\myengine\engine\src\ecs\systems\PhysicsSystem.cpp,748,3306236026,8647982,2,
Physics::Step,C:\Users\ivanm\source\repos\myengine\engine\src\ecs\systems\PhysicsSystem.cpp,748,3314884128,7378178,2,
Physics::Step,C:\Users\ivanm\source\repos\myengine\engine\src\ecs\systems\PhysicsSystem.cpp,748,3338698616,9987989,2,
Physics::Step,C:\Users\ivanm\source\repos\myengine\engine\src\ecs\systems\PhysicsSystem.cpp,748,3348686635,8018536,2,
Physics::Step,C:\Users\ivanm\source\repos\myengine\engine\src\ecs\systems\PhysicsSystem.cpp,748,3371278618,8099510,2,
Physics::Step,C:\Users\ivanm\source\repos\myengine\engine\src\ecs\systems\PhysicsSystem.cpp,748,3379378148,6841337,2,
Physics::Step,C:\Users\ivanm\source\repos\myengine\engine\src\ecs\systems\PhysicsSystem.cpp,748,3399770859,7564422,2,
Physics::Step,C:\Users\ivanm\source\repos\myengine\engine\src\ecs\systems\PhysicsSystem.cpp,748,3419318124,7215418,2,
Physics::Step,C:\Users\ivanm\source\repos\myengine\engine\src\ecs\systems\PhysicsSystem.cpp,748,3440778816,8466607,2,
Physics::Step,C:\Users\ivanm\source\repos\myengine\engine\src\ecs\systems\PhysicsSystem.cpp,748,3449245543,7069361,2,
Physics::Step,C:\Users\ivanm\source\repos\myengine\engine\src\ecs\systems\PhysicsSystem.cpp,748,3470198926,8396414,2,
Physics::Step,C:\Users\ivanm\source\repos\myengine\engine\src\ecs\systems\PhysicsSystem.cpp,748,3491385668,7971195,2,
Physics::Step,C:\Users\ivanm\source\repos\myengine\engine\src\ecs\systems\PhysicsSystem.cpp,748,3499356973,7599138,2,
Physics::Step,C:\Users\ivanm\source\repos\myengine\engine\src\ecs\systems\PhysicsSystem.cpp,748,3519499158,8239305,2,
Physics::Step,C:\Users\ivanm\source\repos\myengine\engine\src\ecs\systems\PhysicsSystem.cpp,748,3542812423,7988999,2,
Physics::Step,C:\Users\ivanm\source\repos\myengine\engine\src\ecs\systems\PhysicsSystem.cpp,748,3550801572,7076334,2,
Physics::Step,C:\Users\ivanm\source\repos\myengine\engine\src\ecs\systems\PhysicsSystem.cpp,748,3572621868,10888612,2,
Physics::Step,C:\Users\ivanm\source\repos\myengine\engine\src\ecs\systems\PhysicsSystem.cpp,748,3583510841,7211751,2,
Physics::Step,C:\Users\ivanm\source\repos\myengine\engine\src\ecs\systems\PhysicsSystem.cpp,748,3604567034,8276075,2,
Physics::Step,C:\Users\ivanm\source\repos\myengine\engine\src\ecs\systems\PhysicsSystem.cpp,748,3612843249,7054713,2,
Physics::Step,C:\Users\ivanm\source\repos\myengine\engine\src\ecs\systems\PhysicsSystem.cpp,748,3633538667,7886774,2,
Physics::Step,C:\Users\ivanm\source\repos\myengine\engine\src\ecs\systems\PhysicsSystem.cpp,748,3655077583,7101862,2,
Physics::Step,C:\Users\ivanm\source\repos\myengine\engine\src\ecs\systems\PhysicsSystem.cpp,748,3662179575,7255334,2,
Physics::Step,C:\Users\ivanm\source\repos\myengine\engine\src\ecs\systems\PhysicsSystem.cpp,748,3683296163,7227201,2,
Physics::Step,C:\Users\ivanm\source\repos\myengine\engine\src\ecs\systems\PhysicsSystem.cpp,748,3703931945,7955455,2,
Physics::Step,C:\Users\ivanm\source\repos\myengine\engine\src\ecs\systems\PhysicsSystem.cpp,748,3724902485,8250316,2,
Physics::Step,C:\Users\ivanm\source\repos\myengine\engine\src\ecs\systems\PhysicsSystem.cpp,748,3733152942,7295490,2,
Physics::Step,C:\Users\ivanm\source\repos\myengine\engine\src\ecs\systems\PhysicsSystem.cpp,748,3753542127,8404008,2,
Physics::Step,C:\Users\ivanm\source\repos\myengine\engine\src\ecs\systems\PhysicsSystem.cpp,748,3775313580,7777096,2,
Physics::Step,C:\Users\ivanm\source\repos\myengine\engine\src\ecs\systems\PhysicsSystem.cpp,748,3783090706,6893516,2,
Physics::Step,C:\Users\ivanm\source\repos\myengine\engine\src\ecs\systems\PhysicsSystem.cpp,748,3803224265,7743412,2,
Physics::Step,C:\Users\ivanm\source\repos\myengine\engine\src\ecs\systems\PhysicsSystem.cpp,748,3823821045,7424886,2,
Physics::Step,C:\Users\ivanm\source\repos\myengine\engine\src\ecs\systems\PhysicsSystem.cpp,748,3831246062,7388427,2,
Physics::Step,C:\Users\ivanm\source\repos\myengine\engine\src\ecs\systems\PhysicsSystem.cpp,748,3851693958,7618425,2,
Physics::Step,C:\Users\ivanm\source\repos\myengine\engine\src\ecs\systems\PhysicsSystem.cpp,748,3874387417,8041629,2,
Physics::Step,C:\Users\ivanm\source\repos\myengine\engine\src\ecs\systems\PhysicsSystem.cpp,748,3882429166,7428824,2,
Physics::Step,C:\Users\ivanm\source\repos\myengine\engine\src\ecs\systems\PhysicsSystem.cpp,748,3903058648,7734565,2,
Physics::Step,C:\Users\ivanm\source\repos\myengine\engine\src\ecs\systems\PhysicsSystem.cpp,748,3922699801,7225718,2,
Physics::Step,C:\Users\ivanm\source\repos\myengine\engine\src\ecs\systems\PhysicsSystem.cpp,748,3929926661,7205850,2,
Physics::Step,C:\Users\ivanm\source\repos\myengine\engine\src\ecs\systems\PhysicsSystem.cpp,748,3949793533,7196071,2,
Physics::Step,C:\Users\ivanm\source\repos\myengine\engine\src\ecs\systems\PhysicsSystem.cpp,748,3970217143,7362589,2,
Physics::Step,C:\Users\ivanm\source\repos\myengine\engine\src\ecs\systems\PhysicsSystem.cpp,748,3989986811,7359642,2,
Physics::Step,C:\Users\ivanm\source\repos\myengine\engine\src\ecs\systems\PhysicsSystem.cpp,748,3997347225,7279390,2,
Physics::Step,C:\Users\ivanm\source\repos\myengine\engine\src\ecs\systems\PhysicsSystem.cpp,748,4017064131,7304037,2,
Physics::Step,C:\Users\ivanm\source\repos\myengine\engine\src\ecs\systems\PhysicsSystem.cpp,748,4037793824,7609788,2,
Physics::Step,C:\Users\ivanm\source\repos\myengine\engine\src\ecs\systems\PhysicsSystem.cpp,748,4045403742,6728513,2,
Physics::Step,C:\Users\ivanm\source\repos\myengine\engine\src\ecs\systems\PhysicsSystem.cpp,748,4065471787,8395582,2,
Physics::Step,C:\Users\ivanm\source\repos\myengine\engine\src\ecs\systems\PhysicsSystem.cpp,748,4086797402,7108746,2,
Physics::Step,C:\Users\ivanm\source\repos\myengine\engine\src\ecs\systems\PhysicsSystem.cpp,748,4107887430,7334084,2,
Physics::Step,C:\Users\ivanm\source\repos\myengine\engine\src\ecs\systems\PhysicsSystem.cpp,748,4115221664,6857668,2,
Physics::Step,C:\Users\ivanm\source\repos\myengine\engine\src\ecs\systems\PhysicsSystem.cpp,748,4135052117,7077325,2,
Physics::Step,C:\Users\ivanm\source\repos\myengine\engine\src\ecs\systems\PhysicsSystem.cpp,748,4155234899,7532842,2,
Physics::Step,C:\Users\ivanm\source\repos\myengine\engine\src\ecs\systems\PhysicsSystem.cpp,748,4162767871,9005622,2,
Physics::Step,C:\Users\ivanm\source\repos\myengine\engine\src\ecs\systems\PhysicsSystem.cpp,748,4185960857,8031971,2,
Physics::Step,C:\Users\ivanm\source\repos\myengine\engine\src\ecs\systems\PhysicsSystem.cpp,748,4207490490,7115208,2,
Physics::Step,C:\Users\ivanm\source\repos\myengine\engine\src\ecs\systems\PhysicsSystem.cpp,748,4214605829,6923613,2,
Physics::Step,C:\Users\ivanm\source\repos\myengine\engine\src\ecs\systems\PhysicsSystem.cpp,748,4234797759,7757058,2,
Physics::Step,C:\Users\ivanm\source\repos\myengine\engine\src\ecs\systems\PhysicsSystem.cpp,748,4255871074,7976746,2,
Physics::Step,C:\Users\ivanm\source\repos\myengine\engine\src\ecs\systems\PhysicsSystem.cpp,748,4263847850,8146348,2,
Physics::Step,C:\Users\ivanm\source\repos\myengine\engine\src\ecs\systems\PhysicsSystem.cpp,748,4285525595,7414507,2,
Physics::Step,C:\Users\ivanm\source\repos\myengine\engine\src\ecs\systems\PhysicsSystem.cpp,748,4306996707,7631149,2,
Physics::Step,C:\Users\ivanm\source\repos\myengine\engine\src\ecs\systems\PhysicsSystem.cpp,748,4314628216,7183257,2,
Physics::Step,C:\Users\ivanm\source\repos\myengine\engine\src\ecs\systems\PhysicsSystem.cpp,748,4335733403,8096002,2,
Physics::Step,C:\Users\ivanm\source\repos\myengine\engine\src\ecs\systems\PhysicsSystem.cpp,748,4356826636,7923425,2,
Physics::Step,C:\Users\ivanm\source\repos\myengine\engine\src\ecs\systems\PhysicsSystem.cpp,748,4364750532,7979270,2,
Physics::Step,C:\Users\ivanm\source\repos\myengine\engine\src\ecs\systems\PhysicsSystem.cpp,748,4386942544,7881655,2,
Physics::Step,C:\Users\ivanm\source\repos\myengine\engine\src\ecs\systems\PhysicsSystem.cpp,748,4408323785,7656066,2,
Physics::Step,C:\Users\ivanm\source\repos\myengine\engine\src\ecs\systems\PhysicsSystem.cpp,748,4415980032,7038502,2,
Physics::Step,C:\Users\ivanm\source\repos\myengine\engine\src\ecs\systems\PhysicsSystem.cpp,748,4436363035,7810660,2,
Physics::Step,C:\Users\ivanm\source\repos\myengine\engine\src\ecs\systems\PhysicsSystem.cpp,748,4457009579,8109288,2,
Physics::Step,C:\Users\ivanm\source\repos\myengine\engine\src\ecs\systems\PhysicsSystem.cpp,748,4465119669,8993058,2,
Physics::Step,C:\Users\ivanm\source\repos\myengine\engine\src\ecs\systems\PhysicsSystem.cpp,748,4487724116,8570224,2,
Physics::Step,C:\Users\ivanm\source\repos\myengine\engine\src\ecs\systems\PhysicsSystem.cpp,748,4496294660,9310943,2,
Physics::Step,C:\Users\ivanm\source\repos\myengine\engine\src\ecs\systems\PhysicsSystem.cpp,748,4519486920,8235698,2,
Physics::Step,C:\Users\ivanm\source\repos\myengine\engine\src\ecs\systems\PhysicsSystem.cpp,748,4542682571,8066326,2,
Physics::Step,C:\Users\ivanm\source\repos\myengine\engine\src\ecs\systems\PhysicsSystem.cpp,748,4550749267,8238003,2,
Physics::Step,C:\Users\ivanm\source\repos\myengine\engine\src\ecs\systems\PhysicsSystem.cpp,748,4574533612,8495983,2,
Physics::Step,C:\Users\ivanm\source\repos\myengine\engine\src\ecs\systems\PhysicsSystem.cpp,748,4583029645,8095943,2,
Physics::Step,C:\Users\ivanm\source\repos\myengine\engine\src\ecs\systems\PhysicsSystem.cpp,748,4606302844,9207706,2,
Physics::Step,C:\Users\ivanm\source\repos\myengine\engine\src\ecs\systems\PhysicsSystem.cpp,748,4615510841,8882979,2,
Physics::Step,C:\Users\ivanm\source\repos\myengine\engine\src\ecs\systems\PhysicsSystem.cpp,748,4639509097,8335338,2,
Physics::Step,C:\Users\ivanm\source\repos\myengine\engine\src\ecs\systems\PhysicsSystem.cpp,748,4647844695,8594621,2,
Physics::Step,C:\Users\ivanm\source\repos\myengine\engine\src\ecs\systems\PhysicsSystem.cpp,748,4671207845,7839414,2,
Physics::Step,C:\Users\ivanm\source\repos\myengine\engine\src\ecs\systems\PhysicsSystem.cpp,748,4679047420,7364531,2,
Physics::Step,C:\Users\ivanm\source\repos\myengine\engine\src\ecs\systems\PhysicsSystem.cpp,748,4700200006,8517294,2,
Physics::Step,C:\Users\ivanm\source\repos\myengine\engine\src\ecs\systems\PhysicsSystem.cpp,748,4721884223,7520529,2,
Physics::Step,C:\Users\ivanm\source\repos\myengine\engine\src\ecs\systems\PhysicsSystem.cpp,748,4729405022,8356228,2,
Physics::Step,C:\Users\ivanm\source\repos\myengine\engine\src\ecs\systems\PhysicsSystem.cpp,748,4751989671,7816241,2,
Physics::Step,C:\Users\ivanm\source\repos\myengine\engine\src\ecs\systems\PhysicsSystem.cpp,748,4773747178,7940066,2,
Physics::Step,C:\Users\ivanm\source\repos\myengine\engine\src\ecs\systems\PhysicsSystem.cpp,748,4781687294,7265063,2,
Physics::Step,C:\Users\ivanm\source\repos\myengine\engine\src\ecs\systems\PhysicsSystem.cpp,748,4802823309,7697164,2,
Physics::Step,C:\Users\ivanm\source\repos\myengine\engine\src\ecs\systems\PhysicsSystem.cpp,748,4823913086,7842761,2,
Physics::Step,C:\Users\ivanm\source\repos\myengine\engine\src\ecs\systems\PhysicsSystem.cpp,748,4831755987,8288319,2,
Physics::Step,C:\Users\ivanm\source\repos\myengine\engine\src\ecs\systems\PhysicsSystem.cpp,748,4852679148,7369541,2,
Physics::Step,C:\Users\ivanm\source\repos\myengine\engine\src\ecs\systems\PhysicsSystem.cpp,748,4873988893,7563941,2,
Physics::Step,C:\Users\ivanm\source\repos\myengine\engine\src\ecs\systems\PhysicsSystem.cpp,748,4881552884,7060183,2,
Physics::Step,C:\Users\ivanm\source\repos\myengine\engine\src\ecs\systems\PhysicsSystem.cpp,748,4902759373,8418896,2,
Physics::Step,C:\Users\ivanm\source\repos\myengine\engine\src\ecs\systems\PhysicsSystem.cpp,748,4924240304,7859763,2,
Physics::Step,C:\Users\ivanm\source\repos\myengine\engine\src\ecs\systems\PhysicsSystem.cpp,748,4932100338,8026310,2,
Physics::Step,C:\Users\ivanm\source\repos\myengine\engine\src\ecs\systems\PhysicsSystem.cpp,748,4953004903,7524566,2,
Physics::Step,C:\Users\ivanm\source\repos\myengine\engine\src\ecs\systems\PhysicsSystem.cpp,748,4975034086,8631460,2,
Physics::Step,C:\Users\ivanm\source\repos\myengine\engine\src\ecs\systems\PhysicsSystem.cpp,748,4983665727,7358139,2,
Physics::Step,C:\Users\ivanm\source\repos\myengine\engine\src\ecs\systems\PhysicsSystem.cpp,748,5004567166,7544674,2,
Physics::Step,C:\Users\ivanm\source\repos\myengine\engine\src\ecs\systems\PhysicsSystem.cpp,748,5012111890,7635868,2,
Physics::Step,C:\Users\ivanm\source\repos\myengine\engine\src\ecs\systems\PhysicsSystem.cpp,748,5034335713,8871677,2,
Physics::Step,C:\Users\ivanm\source\repos\myengine\engine\src\ecs\systems\PhysicsSystem.cpp,748,5056052272,8245988,2,
Physics::Step,C:\Users\ivanm\source\repos\myengine\engine\src\ecs\systems\PhysicsSystem.cpp,748,5064298480,7631580,2,
Physics::Step,C:\Users\ivanm\source\repos\myengine\engine\src\ecs\systems\PhysicsSystem.cpp,748,5085354052,8744975,2,
Physics::Step,C:\Users\ivanm\source\repos\myengine\engine\src\ecs\systems\PhysicsSystem.cpp,748,5109061574,7933474,2,
Physics::Step,C:\Users\ivanm\source\repos\myengine\engine\src\ecs\systems\PhysicsSystem.cpp,748,5116995238,7176474,2,
Physics::Step,C:\Users\ivanm\source\repos\myengine\engine\src\ecs\systems\PhysicsSystem.cpp,748,5137672270,8429767,2,
Physics::Step,C:\Users\ivanm\source\repos\myengine\engine\src\ecs\systems\PhysicsSystem.cpp,748,5146102078,7348100,2,
Physics::Step,C:\Users\ivanm\source\repos\myengine\engine\src\ecs\systems\PhysicsSystem.cpp,748,5167529969,8204359,2,
Physics::Step,C:\Users\ivanm\source\repos\myengine\engine\src\ecs\systems\PhysicsSystem.cpp,748,5188805590,8176966,2,
Physics::Step,C:\Users\ivanm\source\repos\myengine\engine\src\ecs\systems\PhysicsSystem.cpp,748,5196982907,8399479,2,
Physics::Step,C:\Users\ivanm\source\repos\myengine\engine\src\ecs\systems\PhysicsSystem.cpp,748,5218584898,7748732,2,
Physics::Step,C:\Users\ivanm\source\repos\myengine\engine\src\ecs\systems\PhysicsSystem.cpp,748,5241332617,7631740,2,
Physics::Step,C:\Users\ivanm\source\repos\myengine\engine\src\ecs\systems\PhysicsSystem.cpp,748,5248964397,7555195,2,
Physics::Step,C:\Users\ivanm\source\repos\myengine\engine\src\ecs\systems\PhysicsSystem.cpp,748,5269911743,8155747,2,
Physics::Step,C:\Users\ivanm\source\repos\myengine\engine\src\ecs\systems\PhysicsSystem.cpp,748,5290787033,7751607,2,
Physics::Step,C:\Users\ivanm\source\repos\myengine\engine\src\ecs\systems\PhysicsSystem.cpp,748,5298538691,8131770,2,
Physics::Step,C:\Users\ivanm\source\repos\myengine\engine\src\ecs\systems\PhysicsSystem.cpp,748,5319674114,7135827,2,
Physics::Step,C:\Users\ivanm\source\repos\myengine\engine\src\ecs\systems\PhysicsSystem.cpp,748,5340690502,7948141,2,
Physics::Step,C:\Users\ivanm\source\repos\myengine\engine\src\ecs\systems\PhysicsSystem.cpp,748,5348638673,7331590,2,
Physics::Step,C:\Users\ivanm\source\repos\myengine\engine\src\ecs\systems\PhysicsSystem.cpp,748,5369378124,8121431,2,
Physics::Step,C:\Users\ivanm\source\repos\myengine\engine\src\ecs\systems\PhysicsSystem.cpp,748,5390690743,7556126,2,
Physics::Step,C:\Users\ivanm\source\repos\myengine\engine\src\ecs\systems\PhysicsSystem.cpp,748,5398246919,7806192,2,
Physics::Step,C:\Users\ivanm\source\repos\myengine\engine\src\ecs\systems\PhysicsSystem.cpp,748,5420306530,7404107,2,
Physics::Step,C:\Users\ivanm\source\repos\myengine\engine\src\ecs\systems\PhysicsSystem.cpp,748,5442451573,7960115,2,
Physics::Step,C:\Users\ivanm\source\repos\myengine\engine\src\ecs\systems\PhysicsSystem.cpp,748,5450411728,7691583,2,
Physics::Step,C:\Users\ivanm\source\repos\myengine\engine\src\ecs\systems\PhysicsSystem.cpp,748,5472856994,7547580,2,
Physics::Step,C:\Users\ivanm\source\repos\myengine\engine\src\ecs\systems\PhysicsSystem.cpp,748,5480404694,7424777,2,
Physics::Step,C:\Users\ivanm\source\repos\myengine\engine\src\ecs\systems\PhysicsSystem.cpp,748,5501292898,7993298,2,
Physics::Step,C:\Users\ivanm\source\repos\myengine\engine\src\ecs\systems\PhysicsSystem.cpp,748,5522431989,7869522,2,
Physics::Step,C:\Users\ivanm\source\repos\myengine\engine\src\ecs\systems\PhysicsSystem.cpp,748,5530302132,8637532,2,
Physics::Step,C:\Users\ivanm\source\repos\myengine\engine\src\ecs\systems\PhysicsSystem.cpp,748,5551864197,7523384,2,
Physics::Step,C:\Users\ivanm\source\repos\myengine\engine\src\ecs\systems\PhysicsSystem.cpp,748,5574214821,8071877,2,
Physics::Step,C:\Users\ivanm\source\repos\myengine\engine\src\ecs\systems\PhysicsSystem.cpp,748,5582286798,7009457,2,
Physics::Step,C:\Users\ivanm\source\repos\myengine\engine\src\ecs\systems\PhysicsSystem.cpp,748,5602757769,8360676,2,
Physics::Step,C:\Users\ivanm\source\repos\myengine\engine\src\ecs\systems\PhysicsSystem.cpp,748,5624186340,7704829,2,
Physics::Step,C:\Users\ivanm\source\repos\myengine\engine\src\ecs\systems\PhysicsSystem.cpp,748,5631891930,9524539,2,
Physics::Step,C:\Users\ivanm\source\repos\myengine\engine\src\ecs\systems\PhysicsSystem.cpp,748,5654318509,7665734,2,
Physics::Step,C:\Users\ivanm\source\repos\myengine\engine\src\ecs\systems\PhysicsSystem.cpp,748,5661984354,9569944,2,
Physics::Step,C:\Users\ivanm\source\repos\myengine\engine\src\ecs\systems\PhysicsSystem.cpp,748,5684759926,7448822,2,
Physics::Step,C:\Users\ivanm\source\repos\myengine\engine\src\ecs\systems\PhysicsSystem.cpp,748,5706720609,7528573,2,
Physics::Step,C:\Users\ivanm\source\repos\myengine\engine\src\ecs\systems\PhysicsSystem.cpp,748,5714249222,7233433,2,
Physics::Step,C:\Users\ivanm\source\repos\myengine\engine\src\ecs\systems\PhysicsSystem.cpp,748,5735208050,8387638,2,
Physics::Step,C:\Users\ivanm\source\repos\myengine\engine\src\ecs\systems\PhysicsSystem.cpp,748,5758056651,8192897,2,
Physics::Step,C:\Users\ivanm\source\repos\myengine\engine\src\ecs\systems\PhysicsSystem.cpp,748,5766249578,7839345,2,
Physics::Step,C:\Users\ivanm\source\repos\myengine\engine\src\ecs\systems\PhysicsSystem.cpp,748,5787107975,7356748,2,
Physics::Step,C:\Users\ivanm\source\repos\myengine\engine\src\ecs\systems\PhysicsSystem.cpp,748,5808364810,7532962,2,
Physics::Step,C:\Users\ivanm\source\repos\myengine\engine\src\ecs\systems\PhysicsSystem.cpp,748,5815897892,7283178,2,
Physics::Step,C:\Users\ivanm\source\repos\myengine\engine\src\ecs\systems\PhysicsSystem.cpp,748,5836645960,8264924,2,
Physics::Step,C:\Users\ivanm\source\repos\myengine\engine\src\ecs\systems\PhysicsSystem.cpp,748,5857934926,7685902,2,
Physics::Step,C:\Users\ivanm\source\repos\myengine\engine\src\ecs\systems\PhysicsSystem.cpp,748,5865620848,7020608,2,
Physics::Step,C:\Users\ivanm\source\repos\myengine\engine\src\ecs\systems\PhysicsSystem.cpp,748,5886261271,7979702,2,
Physics::Step,C:\Users\ivanm\source\repos\myengine\engine\src\ecs\systems\PhysicsSystem.cpp,748,5908797729,7800130,2,
Physics::Step,C:\Users\ivanm\source\repos\myengine\engine\src\ecs\systems\PhysicsSystem.cpp,748,5916598009,7789437,2,
Physics::Step,C:\Users\ivanm\source\repos\myengine\engine\src\ecs\systems\PhysicsSystem.cpp,748,5939082006,8586936,2,
Physics::Step,C:\Users\ivanm\source\repos\myengine\engine\src\ecs\systems\PhysicsSystem.cpp,748,5947669002,7196192,2,
Physics::Step,C:\Users\ivanm\source\repos\myengine\engine\src\ecs\systems\PhysicsSystem.cpp,748,5969611020,8210871,2,
Physics::Step,C:\Users\ivanm\source\repos\myengine\engine\src\ecs\systems\PhysicsSystem.cpp,748,5991119052,8067546,2,
Physics::Step,C:\Users\ivanm\source\repos\myengine\engine\src\ecs\systems\PhysicsSystem.cpp,748,5999186649,7359301,2,
Physics::Step,C:\Users\ivanm\source\repos\myengine\engine\src\ecs\systems\PhysicsSystem.cpp,748,6019259953,7223103,2,
Physics::Step,C:\Users\ivanm\source\repos\myengine\engine\src\ecs\systems\PhysicsSystem.cpp,748,6040398052,7014005,2,
Physics::Step,C:\Users\ivanm\source\repos\myengine\engine\src\ecs\systems\PhysicsSystem.cpp,748,6047412087,7056557,2,
Physics::Step,C:\Users\ivanm\source\repos\myengine\engine\src\ecs\systems\PhysicsSystem.cpp,748,6067648772,7489099,2,
Physics::Step,C:\Users\ivanm\source\repos\myengine\engine\src\ecs\systems\PhysicsSystem.cpp,748,6087700686,7829777,2,
Physics::Step,C:\Users\ivanm\source\repos\myengine\engine\src\ecs\systems\PhysicsSystem.cpp,748,6095530593,8180125,2,
Physics::Step,C:\Users\ivanm\source\repos\myengine\engine\src\ecs\systems\PhysicsSystem.cpp,748,6116393441,7603616,2,
Physics::Step,C:\Users\ivanm\source\repos\myengine\engine\src\ecs\systems\PhysicsSystem.cpp,748,6141807650,7325347,2,
Physics::Step,C:\Users\ivanm\source\repos\myengine\engine\src\ecs\systems\PhysicsSystem.cpp,748,6149133328,8968641,2,
Physics::Step,C:\Users\ivanm\source\repos\myengine\engine\src\ecs\systems\PhysicsSystem.cpp,748,6171371618,7106161,2,
Physics::Step,C:\Users\ivanm\source\repos\myengine\engine\src\ecs\systems\PhysicsSystem.cpp,748,6178477909,7070483,2,
Physics::Step,C:\Users\ivanm\source\repos\myengine\engine\src\ecs\systems\PhysicsSystem.cpp,748,6199500218,8727022,2,
Physics::Step,C:\Users\ivanm\source\repos\myengine\engine\src\ecs\systems\PhysicsSystem.cpp,748,6221311847,7114146,2,
Physics::Step,C:\Users\ivanm\source\repos\myengine\engine\src\ecs\systems\PhysicsSystem.cpp,748,6228426113,8005310,2,
Physics::Step,C:\Users\ivanm\source\repos\myengine\engine\src\ecs\systems\PhysicsSystem.cpp,748,6249621050,7740787,2,
Physics::Step,C:\Users\ivanm\source\repos\myengine\engine\src\ecs\systems\PhysicsSystem.cpp,748,6271480721,7275763,2,
Physics::Step,C:\Users\ivanm\source\repos\myengine\engine\src\ecs\systems\PhysicsSystem.cpp,748,6278756534,6679440,2,
Physics::Step,C:\Users\ivanm\source\repos\myengine\engine\src\ecs\systems\PhysicsSystem.cpp,748,6299620131,8252801,2,
Physics::Step,C:\Users\ivanm\source\repos\myengine\engine\src\ecs\systems\PhysicsSystem.cpp,748,6320825438,7066054,2,
Physics::Step,C:\Users\ivanm\source\repos\myengine\engine\src\ecs\systems\PhysicsSystem.cpp,748,6327891622,8188649,2,
Physics::Step,C:\Users\ivanm\source\repos\myengine\engine\src\ecs\systems\PhysicsSystem.cpp,748,6348937195,7258941,2,
Physics::Step,C:\Users\ivanm\source\repos\myengine\engine\src\ecs\systems\PhysicsSystem.cpp,748,6369562690,7417312,2,
Physics::Step,C:\Users\ivanm\source\repos\myengine\engine\src\ecs\systems\PhysicsSystem.cpp,748,6389709684,7759483,2,
Physics::Step,C:\Users\ivanm\source\repos\myengine\engine\src\ecs\systems\PhysicsSystem.cpp,748,6397469377,7178418,2,
Physics::Step,C:\Users\ivanm\source\repos\myengine\engine\src\ecs\systems\PhysicsSystem.cpp,748,6419223347,9756828,2,
Physics::Step,C:\Users\ivanm\source\repos\myengine\engine\src\ecs\systems\PhysicsSystem.cpp,748,6445171179,9830179,2,
Physics::Step,C:\Users\ivanm\source\repos\myengine\engine\src\ecs\systems\PhysicsSystem.cpp,748,6455001649,9977700,2,
Physics::Step,C:\Users\ivanm\source\repos\myengine\engine\src\ecs\systems\PhysicsSystem.cpp,748,6483861799,6936258,2,
Physics::Step,C:\Users\ivanm\source\repos\myengine\engine\src\ecs\systems\PhysicsSystem.cpp,748,6490798097,7063950,2,
Physics::Step,C:\Users\ivanm\source\repos\myengine\engine\src\ecs\systems\PhysicsSystem.cpp,748,6511252634,7127380,2,
Physics::Step,C:\Users\ivanm\source\repos\myengine\engine\src\ecs\systems\PhysicsSystem.cpp,748,6518380135,6701020,2,
Physics::Step,C:\Users\ivanm\source\repos\myengine\engine\src\ecs\systems\PhysicsSystem.cpp,748,6538937730,7279530,2,
Physics::Step,C:\Users\ivanm\source\repos\myengine\engine\src\ecs\systems\PhysicsSystem.cpp,748,6546217290,6790200,2,
Physics::Step,C:\Users\ivanm\source\repos\myengine\engine\src\ecs\systems\PhysicsSystem.cpp,748,6565872430,8139214,2,
Physics::Step,C:\Users\ivanm\source\repos\myengine\engine\src\ecs\systems\PhysicsSystem.cpp,748,6592472453,10124409,2,
Physics::Step,C:\Users\ivanm\source\repos\myengine\engine\src\ecs\systems\PhysicsSystem.cpp,748,6602597012,10457147,2,
Physics::Step,C:\Users\ivanm\source\repos\myengine\engine\src\ecs\systems\PhysicsSystem.cpp,748,6632910401,9374964,2,
Physics::Step,C:\Users\ivanm\source\repos\myengine\engine\src\ecs\systems\PhysicsSystem.cpp,748,6642285485,6832390,2,
Physics::Step,C:\Users\ivanm\source\repos\myengine\engine\src\ecs\systems\PhysicsSystem.cpp,748,6662546096,8494540,2,
Physics::Step,C:\Users\ivanm\source\repos\myengine\engine\src\ecs\systems\PhysicsSystem.cpp,748,6671040887,7382746,2,
Physics::Step,C:\Users\ivanm\source\repos\myengine\engine\src\ecs\systems\PhysicsSystem.cpp,748,6693479007,9349606,2,
Physics::Step,C:\Users\ivanm\source\repos\myengine\engine\src\ecs\systems\PhysicsSystem.cpp,748,6702829064,7772548,2,
Physics::Step,C:\Users\ivanm\source\repos\myengine\engine\src\ecs\systems\PhysicsSystem.cpp,748,6723376440,8128574,2,
Physics::Step,C:\Users\ivanm\source\repos\myengine\engine\src\ecs\systems\PhysicsSystem.cpp,748,6731505265,7659603,2,
Physics::Step,C:\Users\ivanm\source\repos\myengine\engine\src\ecs\systems\PhysicsSystem.cpp,748,6752152330,7473629,2,
Physics::Step,C:\Users\ivanm\source\repos\myengine\engine\src\ecs\systems\PhysicsSystem.cpp,748,6774937110,7832351,2,
Physics::Step,C:\Users\ivanm\source\repos\myengine\engine\src\ecs\systems\PhysicsSystem.cpp,748,6782769491,7364442,2,
Physics::Step,C:\Users\ivanm\source\repos\myengine\engine\src\ecs\systems\PhysicsSystem.cpp,748,6803645301,7616401,2,
Physics::Step,C:\Users\ivanm\source\repos\myengine\engine\src\ecs\systems\PhysicsSystem.cpp,748,6824071647,7652920,2,
Physics::Step,C:\Users\ivanm\source\repos\myengine\engine\src\ecs\systems\PhysicsSystem.cpp,748,6831724637,8228024,2,
Physics::Step,C:\Users\ivanm\source\repos\myengine\engine\src\ecs\systems\PhysicsSystem.cpp,748,6852957286,7536198,2,
Physics::Step,C:\Users\ivanm\source\repos\myengine\engine\src\ecs\systems\PhysicsSystem.cpp,748,6874359086,7410630,2,
Physics::Step,C:\Users\ivanm\source\repos\myengine\engine\src\ecs\systems\PhysicsSystem.cpp,748,6881769856,8502105,2,
Physics::Step,C:\Users\ivanm\source\repos\myengine\engine\src\ecs\systems\PhysicsSystem.cpp,748,6909936478,10505975,2,
Physics::Step,C:\Users\ivanm\source\repos\myengine\engine\src\ecs\systems\PhysicsSystem.cpp,748,6920442703,9861139,2,
Physics::Step,C:\Users\ivanm\source\repos\myengine\engine\src\ecs\systems\PhysicsSystem.cpp,748,6951470112,9730530,2,
Physics::Step,C:\Users\ivanm\source\repos\myengine\engine\src\ecs\systems\PhysicsSystem.cpp,748,6961200963,7847029,2,
Physics::Step,C:\Users\ivanm\source\repos\myengine\engine\src\ecs\systems\PhysicsSystem.cpp,748,6981325304,6942470,2,
Physics::Step,C:\Users\ivanm\source\repos\myengine\engine\src\ecs\systems\PhysicsSystem.cpp,748,6988267864,6950775,2,
Physics::Step,C:\Users\ivanm\source\repos\myengine\engine\src\ecs\systems\PhysicsSystem.cpp,748,7008184340,6970893,2,
Physics::Step,C:\Users\ivanm\source\repos\myengine\engine\src\ecs\systems\PhysicsSystem.cpp,748,7015155364,7088867,2,
Physics::Step,C:\Users\ivanm\source\repos\myengine\engine\src\ecs\systems\PhysicsSystem.cpp,748,7040542120,10207207,2,
Physics::Step,C:\Users\ivanm\source\repos\myengine\engine\src\ecs\systems\PhysicsSystem.cpp,748,7050749497,9563723,2,
Physics::Step,C:\Users\ivanm\source\repos\myengine\engine\src\ecs\systems\PhysicsSystem.cpp,748,7079335537,9746159,2,
Physics::Step,C:\Users\ivanm\source\repos\myengine\engine\src\ecs\systems\PhysicsSystem.cpp,748,7089081857,9927174,2,
Physics::Step,C:\Users\ivanm\source\repos\myengine\engine\src\ecs\systems\PhysicsSystem.cpp,748,7118308755,9882539,2,
Physics::Step,C:\Users\ivanm\source\repos\myengine\engine\src\ecs\systems\PhysicsSystem.cpp,748,7128191835,10264676,2,
Physics::Step,C:\Users\ivanm\source\repos\myengine\engine\src\ecs\systems\PhysicsSystem.cpp,748,7156978896,10135981,2,
Physics::Step,C:\Users\ivanm\source\repos\myengine\engine\src\ecs\systems\PhysicsSystem.cpp,748,7167115038,10217636,2,
Physics::Step,C:\Users\ivanm\source\repos\myengine\engine\src\ecs\systems\PhysicsSystem.cpp,748,7177332754,9405392,2,
Physics::Step,C:\Users\ivanm\source\repos\myengine\engine\src\ecs\systems\PhysicsSystem.cpp,748,7206141908,9700693,2,
Physics::Step,C:\Users\ivanm\source\repos\myengine\engine\src\ecs\systems\PhysicsSystem.cpp,748,7215842752,10172570,2,
Physics::Step,C:\Users\ivanm\source\repos\myengine\engine\src\ecs\systems\PhysicsSystem.cpp,748,7226015462,10759467,2,
Physics::Step,C:\Users\ivanm\source\repos\myengine\engine\src\ecs\systems\PhysicsSystem.cpp,748,7258162262,11442154,2,
Physics::Step,C:\Users\ivanm\source\repos\myengine\engine\src\ecs\systems\PhysicsSystem.cpp,748,7269604546,10016134,2,
Physics::Step,C:\Users\ivanm\source\repos\myengine\engine\src\ecs\systems\PhysicsSystem.cpp,748,7279620920,11242367,2,
Physics::Step,C:\Users\ivanm\source\repos\myengine\engine\src\ecs\systems\PhysicsSystem.cpp,748,7310700823,9598549,2,
Physics::Step,C:\Users\ivanm\source\repos\myengine\engine\src\ecs\systems\PhysicsSystem.cpp,748,7320299593,7764149,2,
Physics::Step,C:\Users\ivanm\source\repos\myengine\engine\src\ecs\systems\PhysicsSystem.cpp,748,7328063902,7896203,2,
Physics::Step,C:\Users\ivanm\source\repos\myengine\engine\src\ecs\systems\PhysicsSystem.cpp,748,7349080440,9909320,2,
Physics::Step,C:\Users\ivanm\source\repos\myengine\engine\src\ecs\systems\PhysicsSystem.cpp,748,7358989971,9698319,2,
Physics::Step,C:\Users\ivanm\source\repos\myengine\engine\src\ecs\systems\PhysicsSystem.cpp,748,7386602720,8180129,2,
Physics::Step,C:\Users\ivanm\source\repos\myengine\engine\src\ecs\systems\PhysicsSystem.cpp,748,7394782949,7940167,2,
Physics::Step,C:\Users\ivanm\source\repos\myengine\engine\src\ecs\systems\PhysicsSystem.cpp,748,7415075881,7230107,2,
Physics::Step,C:\Users\ivanm\source\repos\myengine\engine\src\ecs\systems\PhysicsSystem.cpp,748,7422306028,6716800,2,
Physics::Step,C:\Users\ivanm\source\repos\myengine\engine\src\ecs\systems\PhysicsSystem.cpp,748,7443865498,7938863,2,
Physics::Step,C:\Users\ivanm\source\repos\myengine\engine\src\ecs\systems\PhysicsSystem.cpp,748,7451804482,7285602,2,
Physics::Step,C:\Users\ivanm\source\repos\myengine\engine\src\ecs\systems\PhysicsSystem.cpp,748,7477102755,10536723,2,
Physics::Step,C:\Users\ivanm\source\repos\myengine\engine\src\ecs\systems\PhysicsSystem.cpp,748,7487639608,9967341,2,
Physics::Step,C:\Users\ivanm\source\repos\myengine\engine\src\ecs\systems\PhysicsSystem.cpp,748,7515816049,9480786,2,
Physics::Step,C:\Users\ivanm\source\repos\myengine\engine\src\ecs\systems\PhysicsSystem.cpp,748,7525296965,9515391,2,
Physics::Step,C:\Users\ivanm\source\repos\myengine\engine\src\ecs\systems\PhysicsSystem.cpp,748,7553002340,9780655,2,
Physics::Step,C:\Users\ivanm\source\repos\myengine\engine\src\ecs\systems\PhysicsSystem.cpp,748,7562783106,10847914,2,
Physics::Step,C:\Users\ivanm\source\repos\myengine\engine\src\ecs\systems\PhysicsSystem.cpp,748,7592325834,10807999,2,
Physics::Step,C:\Users\ivanm\source\repos\myengine\engine\src\ecs\systems\PhysicsSystem.cpp,748,7603134023,9778772,2,
Physics::Step,C:\Users\ivanm\source\repos\myengine\engine\src\ecs\systems\PhysicsSystem.cpp,748,7612912905,9257741,2,
Physics::Step,C:\Users\ivanm\source\repos\myengine\engine\src\ecs\systems\PhysicsSystem.cpp,748,7640845372,9644146,2,
Physics::Step,C:\Users\ivanm\source\repos\myengine\engine\src\ecs\systems\PhysicsSystem.cpp,748,7650489648,9245308,2,
Physics::Step,C:\Users\ivanm\source\repos\myengine\engine\src\ecs\systems\PhysicsSystem.cpp,748,7659735036,9742904,2,
Physics::Step,C:\Users\ivanm\source\repos\myengine\engine\src\ecs\systems\PhysicsSystem.cpp,748,7687805836,9998319,2,
Physics::Step,C:\Users\ivanm\source\repos\myengine\engine\src\ecs\systems\PhysicsSystem.cpp,748,7697804466,9988360,2,
Physics::Step,C:\Users\ivanm\source\repos\myengine\engine\src\ecs\systems\PhysicsSystem.cpp,748,7707792996,8051017,2,
Physics::Step,C:\Users\ivanm\source\repos\myengine\engine\src\ecs\systems\PhysicsSystem.cpp,748,7728322468,10230681,2,
Physics::Step,C:\Users\ivanm\source\repos\myengine\engine\src\ecs\systems\PhysicsSystem.cpp,748,7738553330,9819188,2,
Physics::Step,C:\Users\ivanm\source\repos\myengine\engine\src\ecs\systems\PhysicsSystem.cpp,748,7761175410,7417873,2,
Physics::Step,C:\Users\ivanm\source\repos\myengine\engine\src\ecs\systems\PhysicsSystem.cpp,748,7768593383,6966536,2,
Physics::Step,C:\Users\ivanm\source\repos\myengine\engine\src\ecs\systems\PhysicsSystem.cpp,748,7787966477,7222381,2,
Physics::Step,C:\Users\ivanm\source\repos\myengine\engine\src\ecs\systems\PhysicsSystem.cpp,748,7795189179,8044715,2,
Physics::Step,C:\Users\ivanm\source\repos\myengine\engine\src\ecs\systems\PhysicsSystem.cpp,748,7815556292,7033432,2,
Physics::Step,C:\Users\ivanm\source\repos\myengine\engine\src\ecs\systems\PhysicsSystem.cpp,748,7835539184,7367247,2,
Physics::Step,C:\Users\ivanm\source\repos\myengine\engine\src\ecs\systems\PhysicsSystem.cpp,748,7855469121,7144624,2,
Physics::Step,C:\Users\ivanm\source\repos\myengine\engine\src\ecs\systems\PhysicsSystem.cpp,748,7862613855,7217873,2,
Physics::Step,C:\Users\ivanm\source\repos\myengine\engine\src\ecs\systems\PhysicsSystem.cpp,748,7882670888,7057959,2,
Physics::Step,C:\Users\ivanm\source\repos\myengine\engine\src\ecs\systems\PhysicsSystem.cpp,748,7903906573,9824188,2,
Physics::Step,C:\Users\ivanm\source\repos\myengine\engine\src\ecs\systems\PhysicsSystem.cpp,748,7932526126,9780996,2,
Physics::Step,C:\Users\ivanm\source\repos\myengine\engine\src\ecs\systems\PhysicsSystem.cpp,748,7942307272,9377840,2,
Physics::Step,C:\Users\ivanm\source\repos\myengine\engine\src\ecs\systems\PhysicsSystem.cpp,748,7970325582,8940218,2,
Physics::Step,C:\Users\ivanm\source\repos\myengine\engine\src\ecs\systems\PhysicsSystem.cpp,748,7979265840,9118136,2,
Physics::Step,C:\Users\ivanm\source\repos\myengine\engine\src\ecs\systems\PhysicsSystem.cpp,748,8008103949,9439196,2,
Physics::Step,C:\Users\ivanm\source\repos\myengine\engine\src\ecs\systems\PhysicsSystem.cpp,748,8017543305,9434127,2,
Physics::Step,C:\Users\ivanm\source\repos\myengine\engine\src\ecs\systems\PhysicsSystem.cpp,748,8026977592,9358804,2,
Physics::Step,C:\Users\ivanm\source\repos\myengine\engine\src\ecs\systems\PhysicsSystem.cpp,748,8055102956,9636671,2,
Physics::Step,C:\Users\ivanm\source\repos\myengine\engine\src\ecs\systems\PhysicsSystem.cpp,748,8064740008,9732885,2,
Physics::Step,C:\Users\ivanm\source\repos\myengine\engine\src\ecs\systems\PhysicsSystem.cpp,748,8074473033,8799225,2,
Physics::Step,C:\Users\ivanm\source\repos\myengine\engine\src\ecs\systems\PhysicsSystem.cpp,748,8102061411,9787539,2,
Physics::Step,C:\Users\ivanm\source\repos\myengine\engine\src\ecs\systems\PhysicsSystem.cpp,748,8111849110,9835530,2,
Physics::Step,C:\Users\ivanm\source\repos\myengine\engine\src\ecs\systems\PhysicsSystem.cpp,748,8142344309,10025090,2,
Physics::Step,C:\Users\ivanm\source\repos\myengine\engine\src\ecs\systems\PhysicsSystem.cpp,748,8152369610,9425460,2,
Physics::Step,C:\Users\ivanm\source\repos\myengine\engine\src\ecs\systems\PhysicsSystem.cpp,748,8161795180,9765717,2,
Physics::Step,C:\Users\ivanm\source\repos\myengine\engine\src\ecs\systems\PhysicsSystem.cpp,748,8192825667,10554757,2,
Physics::Step,C:\Users\ivanm\source\repos\myengine\engine\src\ecs\systems\PhysicsSystem.cpp,748,8203380524,9917837,2,
Physics::Step,C:\Users\ivanm\source\repos\myengine\engine\src\ecs\systems\PhysicsSystem.cpp,748,8213298461,9298669,2,
Physics::Step,C:\Users\ivanm\source\repos\myengine\engine\src\ecs\systems\PhysicsSystem.cpp,748,8243620451,10557232,2,
Physics::Step,C:\Users\ivanm\source\repos\myengine\engine\src\ecs\systems\PhysicsSystem.cpp,748,8254178374,9857331,2,
Physics::Step,C:\Users\ivanm\source\repos\myengine\engine\src\ecs\systems\PhysicsSystem.cpp,748,8264035846,9554996,2,
Physics::Step,C:\Users\ivanm\source\repos\myengine\engine\src\ecs\systems\PhysicsSystem.cpp,748,8292095244,9853804,2,
Physics::Step,C:\Users\ivanm\source\repos\myengine\engine\src\ecs\systems\PhysicsSystem.cpp,748,8301949169,9611734,2,
Physics::Step,C:\Users\ivanm\source\repos\myengine\engine\src\ecs\systems\PhysicsSystem.cpp,748,8311561023,9041831,2,
Physics::Step,C:\Users\ivanm\source\repos\myengine\engine\src\ecs\systems\PhysicsSystem.cpp,748,8339126121,9667421,2,
Physics::Step,C:\Users\ivanm\source\repos\myengine\engine\src\ecs\systems\PhysicsSystem.cpp,748,8348793642,9219589,2,
Physics::Step,C:\Users\ivanm\source\repos\myengine\engine\src\ecs\systems\PhysicsSystem.cpp,748,8358013401,9260947,2,
Physics::Step,C:\Users\ivanm\source\repos\myengine\engine\src\ecs\systems\PhysicsSystem.cpp,748,8386460165,9655779,2,
Physics::Step,C:\Users\ivanm\source\repos\myengine\engine\src\ecs\systems\PhysicsSystem.cpp,748,8396116224,10311244,2,
Physics::Step,C:\Users\ivanm\source\repos\myengine\engine\src\ecs\systems\PhysicsSystem.cpp,748,8425157579,10417446,2,
Physics::Step,C:\Users\ivanm\source\repos\myengine\engine\src\ecs\systems\PhysicsSystem.cpp,748,8435575196,10000473,2,
Physics::Step,C:\Users\ivanm\source\repos\myengine\engine\src\ecs\systems\PhysicsSystem.cpp,748,8445575789,9595143,2,
Physics::Step,C:\Users\ivanm\source\repos\myengine\engine\src\ecs\systems\PhysicsSystem.cpp,748,8474838104,9946852,2,
Physics::Step,C:\Users\ivanm\source\repos\myengine\engine\src\ecs\systems\PhysicsSystem.cpp,748,8484785086,9487428,2,
Physics::Step,C:\Users\ivanm\source\repos\myengine\engine\src\ecs\systems\PhysicsSystem.cpp,748,8494272624,10300815,2,
Physics::Step,C:\Users\ivanm\source\repos\myengine\engine\src\ecs\systems\PhysicsSystem.cpp,748,8524814843,10067250,2,
Physics::Step,C:\Users\ivanm\source\repos\myengine\engine\src\ecs\systems\PhysicsSystem.cpp,748,8534882224,10105202,2,
Physics::Step,C:\Users\ivanm\source\repos\myengine\engine\src\ecs\systems\PhysicsSystem.cpp,748,8544987546,9535149,2,
Physics::Step,C:\Users\ivanm\source\repos\myengine\engine\src\ecs\systems\PhysicsSystem.cpp,748,8574980040,10118718,2,
Physics::Step,C:\Users\ivanm\source\repos\myengine\engine\src\ecs\systems\PhysicsSystem.cpp,748,8585098888,9308809,2,
Physics::Step,C:\Users\ivanm\source\repos\myengine\engine\src\ecs\systems\PhysicsSystem.cpp,748,8594407797,10264125,2,
Physics::Step,C:\Users\ivanm\source\repos\myengine\engine\src\ecs\systems\PhysicsSystem.cpp,748,8620434180,7128743,2,
Physics::Step,C:\Users\ivanm\source\repos\myengine\engine\src\ecs\systems\PhysicsSystem.cpp,748,8627562963,8884051,2,
Physics::Step,C:\Users\ivanm\source\repos\myengine\engine\src\ecs\systems\PhysicsSystem.cpp,748,8652963536,7050515,2,
Physics::Step,C:\Users\ivanm\source\repos\myengine\engine\src\ecs\systems\PhysicsSystem.cpp,748,8660014151,7928995,2,
Physics::Step,C:\Users\ivanm\source\repos\myengine\engine\src\ecs\systems\PhysicsSystem.cpp,748,8681317725,6987455,2,
Physics::Step,C:\Users\ivanm\source\repos\myengine\engine\src\ecs\systems\PhysicsSystem.cpp,748,8688305350,6944894,2,
Physics::Step,C:\Users\ivanm\source\repos\myengine\engine\src\ecs\systems\PhysicsSystem.cpp,748,8708939942,6977716,2,
Physics::Step,C:\Users\ivanm\source\repos\myengine\engine\src\ecs\systems\PhysicsSystem.cpp,748,8715917778,6916550,2,
Physics::Step,C:\Users\ivanm\source\repos\myengine\engine\src\ecs\systems\PhysicsSystem.cpp,748,8736008536,7476905,2,
Physics::Step,C:\Users\ivanm\source\repos\myengine\engine\src\ecs\systems\PhysicsSystem.cpp,748,8756484326,7179810,2,
Physics::Step,C:\Users\ivanm\source\repos\myengine\engine\src\ecs\systems\PhysicsSystem.cpp,748,8763664276,7536640,2,
Physics::Step,C:\Users\ivanm\source\repos\myengine\engine\src\ecs\systems\PhysicsSystem.cpp,748,8785235619,7075693,2,
Physics::Step,C:\Users\ivanm\source\repos\myengine\engine\src\ecs\systems\PhysicsSystem.cpp,748,8808902917,9568372,2,
Physics::Step,C:\Users\ivanm\source\repos\myengine\engine\src\ecs\systems\PhysicsSystem.cpp,748,8818471449,9303107,2,
Physics::Step,C:\Users\ivanm\source\repos\myengine\engine\src\ecs\systems\PhysicsSystem.cpp,748,8846900039,9624529,2,
Physics::Step,C:\Users\ivanm\source\repos\myengine\engine\src\ecs\systems\PhysicsSystem.cpp,748,8856524728,9226552,2,
Physics::Step,C:\Users\ivanm\source\repos\myengine\engine\src\ecs\systems\PhysicsSystem.cpp,748,8884954430,9973943,2,
Physics::Step,C:\Users\ivanm\source\repos\myengine\engine\src\ecs\systems\PhysicsSystem.cpp,748,8894928513,10570017,2,
Physics::Step,C:\Users\ivanm\source\repos\myengine\engine\src\ecs\systems\PhysicsSystem.cpp,748,8924032046,10040019,2,
Physics::Step,C:\Users\ivanm\source\repos\myengine\engine\src\ecs\systems\PhysicsSystem.cpp,748,8934072095,9999041,2,
Physics::Step,C:\Users\ivanm\source\repos\myengine\engine\src\ecs\systems\PhysicsSystem.cpp,748,8944071246,9152111,2,
Physics::Step,C:\Users\ivanm\source\repos\myengine\engine\src\ecs\systems\PhysicsSystem.cpp,748,8972190919,9942623,2,
Physics::Step,C:\Users\ivanm\source\repos\myengine\engine\src\ecs\systems\PhysicsSystem.cpp,748,8982133682,10158785,2,
Physics::Step,C:\Users\ivanm\source\repos\myengine\engine\src\ecs\systems\PhysicsSystem.cpp,748,8992292567,9811184,2,
Physics::Step,C:\Users\ivanm\source\repos\myengine\engine\src\ecs\systems\PhysicsSystem.cpp,748,9020257874,10190485,2,
Physics::Step,C:\Users\ivanm\source\repos\myengine\engine\src\ecs\systems\PhysicsSystem.cpp,748,9030448629,9964746,2,
Physics::Step,C:\Users\ivanm\source\repos\myengine\engine\src\ecs\systems\PhysicsSystem.cpp,748,9059890265,10786368,2,
Physics::Step,C:\Users\ivanm\source\repos\myengine\engine\src\ecs\systems\PhysicsSystem.cpp,748,9070676763,9530340,2,
Physics::Step,C:\Users\ivanm\source\repos\myengine\engine\src\ecs\systems\PhysicsSystem.cpp,748,9080207233,9089842,2,
Physics::Step,C:\Users\ivanm\source\repos\myengine\engine\src\ecs\systems\PhysicsSystem.cpp,748,9109312940,9559676,2,
Physics::Step,C:\Users\ivanm\source\repos\myengine\engine\src\ecs\systems\PhysicsSystem.cpp,748,9118872726,9245017,2,
Physics::Step,C:\Users\ivanm\source\repos\myengine\engine\src\ecs\systems\PhysicsSystem.cpp,748,9128117793,9530069,2,
Physics::Step,C:\Users\ivanm\source\repos\myengine\engine\src\ecs\systems\PhysicsSystem.cpp,748,9155995386,9826743,2,
Physics::Step,C:\Users\ivanm\source\repos\myengine\engine\src\ecs\systems\PhysicsSystem.cpp,748,9165822329,9874033,2,
Physics::Step,C:\Users\ivanm\source\repos\myengine\engine\src\ecs\systems\PhysicsSystem.cpp,748,9175696533,9057630,2,
Physics::Step,C:\Users\ivanm\source\repos\myengine\engine\src\ecs\systems\PhysicsSystem.cpp,748,9203545691,9598790,2,
Physics::Step,C:\Users\ivanm\source\repos\myengine\engine\src\ecs\systems\PhysicsSystem.cpp,748,9213144601,9243163,2,
Physics::Step,C:\Users\ivanm\source\repos\myengine\engine\src\ecs\systems\PhysicsSystem.cpp,748,9241870175,10024760,2,
Physics::Step,C:\Users\ivanm\source\repos\myengine\engine\src\ecs\systems\PhysicsSystem.cpp,748,9251895085,9711274,2,
Physics::Step,C:\Users\ivanm\source\repos\myengine\engine\src\ecs\systems\PhysicsSystem.cpp,748,9261606469,10538827,2,
Physics::Step,C:\Users\ivanm\source\repos\myengine\engine\src\ecs\systems\PhysicsSystem.cpp,748,9285326818,7122601,2,
Physics::Step,C:\Users\ivanm\source\repos\myengine\engine\src\ecs\systems\PhysicsSystem.cpp,748,9292449570,7384960,2,
Physics::Step,C:\Users\ivanm\source\repos\myengine\engine\src\ecs\systems\PhysicsSystem.cpp,748,9316859581,10513519,2,
Physics::Step,C:\Users\ivanm\source\repos\myengine\engine\src\ecs\systems\PhysicsSystem.cpp,748,9327373250,11100205,2,
Physics::Step,C:\Users\ivanm\source\repos\myengine\engine\src\ecs\systems\PhysicsSystem.cpp,748,9357172146,10190334,2,
Physics::Step,C:\Users\ivanm\source\repos\myengine\engine\src\ecs\systems\PhysicsSystem.cpp,748,9367362751,9746130,2,
Physics::Step,C:\Users\ivanm\source\repos\myengine\engine\src\ecs\systems\PhysicsSystem.cpp,748,9377108921,9485514,2,
Physics::Step,C:\Users\ivanm\source\repos\myengine\engine\src\ecs\systems\PhysicsSystem.cpp,748,9405611581,10305474,2,
Physics::Step,C:\Users\ivanm\source\repos\myengine\engine\src\ecs\systems\PhysicsSystem.cpp,748,9415917185,9775335,2,
Physics::Step,C:\Users\ivanm\source\repos\myengine\engine\src\ecs\systems\PhysicsSystem.cpp,748,9425692641,10174414,2,
Physics::Step,C:\Users\ivanm\source\repos\myengine\engine\src\ecs\systems\PhysicsSystem.cpp,748,9454653052,10309851,2,
Physics::Step,C:\Users\ivanm\source\repos\myengine\engine\src\ecs\systems\PhysicsSystem.cpp,748,9464963184,10559596,2,
Physics::Step,C:\Users\ivanm\source\repos\myengine\engine\src\ecs\systems\PhysicsSystem.cpp,748,9475522871,9348904,2,
Physics::Step,C:\Users\ivanm\source\repos\myengine\engine\src\ecs\systems\PhysicsSystem.cpp,748,9503929409,10173352,2,
Physics::Step,C:\Users\ivanm\source\repos\myengine\engine\src\ecs\systems\PhysicsSystem.cpp,748,9514102871,9861609,2,
Physics::Step,C:\Users\ivanm\source\repos\myengine\engine\src\ecs\systems\PhysicsSystem.cpp,748,9544072000,11017697,2,
Physics::Step,C:\Users\ivanm\source\repos\myengine\engine\src\ecs\systems\PhysicsSystem.cpp,748,9555089727,9783962,2,
Physics::Step,C:\Users\ivanm\source\repos\myengine\engine\src\ecs\systems\PhysicsSystem.cpp,748,9564874110,9759525,2,
Physics::Step,C:\Users\ivanm\source\repos\myengine\engine\src\ecs\systems\PhysicsSystem.cpp,748,9595240073,11132376,2,
Physics::Step,C:\Users\ivanm\source\repos\myengine\engine\src\ecs\systems\PhysicsSystem.cpp,748,9606372569,10423247,2,
Physics::Step,C:\Users\ivanm\source\repos\myengine\engine\src\ecs\systems\PhysicsSystem.cpp,748,9616795937,9913648,2,
Physics::Step,C:\Users\ivanm\source\repos\myengine\engine\src\ecs\systems\PhysicsSystem.cpp,748,9645757410,8031771,2,
Physics::Step,C:\Users\ivanm\source\repos\myengine\engine\src\ecs\systems\PhysicsSystem.cpp,748,9653789341,7348962,2,
Physics::Step,C:\Users\ivanm\source\repos\myengine\engine\src\ecs\systems\PhysicsSystem.cpp,748,9661138483,7700150,2,
Physics::Step,C:\Users\ivanm\source\repos\myengine\engine\src\ecs\systems\PhysicsSystem.cpp,748,9689253412,10895926,2,
Physics::Step,C:\Users\ivanm\source\repos\myengine\engine\src\ecs\systems\PhysicsSystem.cpp,748,9700149478,10842815,2,
Physics::Step,C:\Users\ivanm\source\repos\myengine\engine\src\ecs\systems\PhysicsSystem.cpp,748,9710992413,9546561,2,
Physics::Step,C:\Users\ivanm\source\repos\myengine\engine\src\ecs\systems\PhysicsSystem.cpp,748,9739553275,10896537,2,
Physics::Step,C:\Users\ivanm\source\repos\myengine\engine\src\ecs\systems\PhysicsSystem.cpp,748,9750450223,11403511,2,
Physics::Step,C:\Users\ivanm\source\repos\myengine\engine\src\ecs\systems\PhysicsSystem.cpp,748,9761853844,10969105,2,
Physics::Step,C:\Users\ivanm\source\repos\myengine\engine\src\ecs\systems\PhysicsSystem.cpp,748,9791943352,11112978,2,
Physics::Step,C:\Users\ivanm\source\repos\myengine\engine\src\ecs\systems\PhysicsSystem.cpp,748,9803056451,10046611,2,
Physics::Step,C:\Users\ivanm\source\repos\myengine\engine\src\ecs\systems\PhysicsSystem.cpp,748,9813103182,9636151,2,
Physics::Step,C:\Users\ivanm\source\repos\myengine\engine\src\ecs\systems\PhysicsSystem.cpp,748,9843513279,10400084,2,
Physics::Step,C:\Users\ivanm\source\repos\myengine\engine\src\ecs\systems\PhysicsSystem.cpp,748,9853913473,10246220,2,
Physics::Step,C:\Users\ivanm\source\repos\myengine\engine\src\ecs\systems\PhysicsSystem.cpp,748,9864159964,10939389,2,
Physics::Step,C:\Users\ivanm\source\repos\myengine\engine\src\ecs\systems\PhysicsSystem.cpp,748,9894779129,11201938,2,
Physics::Step,C:\Users\ivanm\source\repos\myengine\engine\src\ecs\systems\PhysicsSystem.cpp,748,9905981537,10684394,2,
Physics::Step,C:\Users\ivanm\source\repos\myengine\engine\src\ecs\systems\PhysicsSystem.cpp,748,9916666041,9061709,2,
Physics::Step,C:\Users\ivanm\source\repos\myengine\engine\src\ecs\systems\PhysicsSystem.cpp,748,9945455878,10805414,2,
Physics::Step,C:\Users\ivanm\source\repos\myengine\engine\src\ecs\systems\PhysicsSystem.cpp,748,9956261412,10334729,2,
Physics::Step,C:\Users\ivanm\source\repos\myengine\engine\src\ecs\systems\PhysicsSystem.cpp,748,9966596372,8538784,2,
Physics::Step,C:\Users\ivanm\source\repos\myengine\engine\src\ecs\systems\PhysicsSystem.cpp,748,9992596184,11742846,2,
Physics::Step,C:\Users\ivanm\source\repos\myengine\engine\src\ecs\systems\PhysicsSystem.cpp,748,10004339190,10371820,2,
Physics::Step,C:\Users\ivanm\source\repos\myengine\engine\src\ecs\systems\PhysicsSystem.cpp,748,10014711120,7987526,2,
Physics::Step,C:\Users\ivanm\source\repos\myengine\engine\src\ecs\systems\PhysicsSystem.cpp,748,10038999669,8326851,2,
Physics::Step,C:\Users\ivanm\source\repos\myengine\engine\src\ecs\systems\PhysicsSystem.cpp,748,10047326691,11033437,2,
Physics::Step,C:\Users\ivanm\source\repos\myengine\engine\src\ecs\systems\PhysicsSystem.cpp,748,10058360298,8831090,2,
Physics::Step,C:\Users\ivanm\source\repos\myengine\engine\src\ecs\systems\PhysicsSystem.cpp,748,10083061732,9728997,2,
Physics::Step,C:\Users\ivanm\source\repos\myengine\engine\src\ecs\systems\PhysicsSystem.cpp,748,10092790920,11220443,2,
Physics::Step,C:\Users\ivanm\source\repos\myengine\engine\src\ecs\systems\PhysicsSystem.cpp,748,10120901104,11986703,2,
Physics::Step,C:\Users\ivanm\source\repos\myengine\engine\src\ecs\systems\PhysicsSystem.cpp,748,10132887887,12385400,2,
Physics::Step,C:\Users\ivanm\source\repos\myengine\engine\src\ecs\systems\PhysicsSystem.cpp,748,10145273438,9710963,2,
Physics::Step,C:\Users\ivanm\source\repos\myengine\engine\src\ecs\systems\PhysicsSystem.cpp,748,10175300146,9644136,2,
Physics::Step,C:\Users\ivanm\source\repos\myengine\engine\src\ecs\systems\PhysicsSystem.cpp,748,10184944402,10247644,2,
Physics::Step,C:\Users\ivanm\source\repos\myengine\engine\src\ecs\systems\PhysicsSystem.cpp,748,10195192166,10359035,2,
Physics::Step,C:\Users\ivanm\source\repos\myengine\engine\src\ecs\systems\PhysicsSystem.cpp,748,10223729683,11428829,2,
Physics::Step,C:\Users\ivanm\source\repos\myengine\engine\src\ecs\systems\PhysicsSystem.cpp,748,10235158542,16168919,2,
Physics::Step,C:\Users\ivanm\source\repos\myengine\engine\src\ecs\systems\PhysicsSystem.cpp,748,10251327491,16699732,2,
Physics::Step,C:\Users\ivanm\source\repos\myengine\engine\src\ecs\systems\PhysicsSystem.cpp,748,10285079813,10708760,2,
Physics::Step,C:\Users\ivanm\source\repos\myengine\engine\src\ecs\systems\PhysicsSystem.cpp,748,10295788963,10427576,2,
Physics::Step,C:\Users\ivanm\source\repos\myengine\engine\src\ecs\systems\PhysicsSystem.cpp,748,10306216659,8334256,2,
Physics::Step,C:\Users\ivanm\source\repos\myengine\engine\src\ecs\systems\PhysicsSystem.cpp,748,10328469798,8286996,2,
Physics::Step,C:\Users\ivanm\source\repos\myengine\engine\src\ecs\systems\PhysicsSystem.cpp,748,10336756984,6981013,2,
Physics::Step,C:\Users\ivanm\source\repos\myengine\engine\src\ecs\systems\PhysicsSystem.cpp,748,10343738017,7338081,2,
Physics::Step,C:\Users\ivanm\source\repos\myengine\engine\src\ecs\systems\PhysicsSystem.cpp,748,10365572059,7953612,2,
Physics::Step,C:\Users\ivanm\source\repos\myengine\engine\src\ecs\systems\PhysicsSystem.cpp,748,10373525711,7235546,2,
Physics::Step,C:\Users\ivanm\source\repos\myengine\engine\src\ecs\systems\PhysicsSystem.cpp,748,10394735177,10097548,2,
Physics::Step,C:\Users\ivanm\source\repos\myengine\engine\src\ecs\systems\PhysicsSystem.cpp,748,10404832835,9557863,2,
Physics::Step,C:\Users\ivanm\source\repos\myengine\engine\src\ecs\systems\PhysicsSystem.cpp,748,10434033374,9453573,2,
Physics::Step,C:\Users\ivanm\source\repos\myengine\engine\src\ecs\systems\PhysicsSystem.cpp,748,10443487048,9338144,2,
Physics::Step,C:\Users\ivanm\source\repos\myengine\engine\src\ecs\systems\PhysicsSystem.cpp,748,10472047138,9386666,2,
Physics::Step,C:\Users\ivanm\source\repos\myengine\engine\src\ecs\systems\PhysicsSystem.cpp,748,10481433924,9549156,2,
Physics::Step,C:\Users\ivanm\source\repos\myengine\engine\src\ecs\systems\PhysicsSystem.cpp,748,10490983230,9525100,2,
Physics::Step,C:\Users\ivanm\source\repos\myengine\engine\src\ecs\systems\PhysicsSystem.cpp,748,10519991041,9359906,2,
Physics::Step,C:\Users\ivanm\source\repos\myengine\engine\src\ecs\systems\PhysicsSystem.cpp,748,10529351097,10213749,2,
Physics::Step,C:\Users\ivanm\source\repos\myengine\engine\src\ecs\systems\PhysicsSystem.cpp,748,10558408573,9928616,2,
Physics::Step,C:\Users\ivanm\source\repos\myengine\engine\src\ecs\systems\PhysicsSystem.cpp,748,10568337350,9651820,2,
Physics::Step,C:\Users\ivanm\source\repos\myengine\engine\src\ecs\systems\PhysicsSystem.cpp,748,10577989331,9245087,2,
Physics::Step,C:\Users\ivanm\source\repos\myengine\engine\src\ecs\systems\PhysicsSystem.cpp,748,10603424059,7402744,2,
Physics::Step,C:\Users\ivanm\source\repos\myengine\engine\src\ecs\systems\PhysicsSystem.cpp,748,10610826833,7900561,2,
Physics::Step,C:\Users\ivanm\source\repos\myengine\engine\src\ecs\systems\PhysicsSystem.cpp,748,10639927671,9877710,2,
Physics::Step,C:\Users\ivanm\source\repos\myengine\engine\src\ecs\systems\PhysicsSystem.cpp,748,10649805642,8686475,2,
Physics::Step,C:\Users\ivanm\source\repos\myengine\engine\src\ecs\systems\PhysicsSystem.cpp,748,10658492227,7926400,2,
Physics::Step,C:\Users\ivanm\source\repos\myengine\engine\src\ecs\systems\PhysicsSystem.cpp,748,10685197861,9366769,2,
Physics::Step,C:\Users\ivanm\source\repos\myengine\engine\src\ecs\systems\PhysicsSystem.cpp,748,10694564931,10040199,2,
Physics::Step,C:\Users\ivanm\source\repos\myengine\engine\src\ecs\systems\PhysicsSystem.cpp,748,10723653696,9685334,2,
Physics::Step,C:\Users\ivanm\source\repos\myengine\engine\src\ecs\systems\PhysicsSystem.cpp,748,10733339120,9676247,2,
Physics::Step,C:\Users\ivanm\source\repos\myengine\engine\src\ecs\systems\PhysicsSystem.cpp,748,10743015588,9197526,2,
Physics::Step,C:\Users\ivanm\source\repos\myengine\engine\src\ecs\systems\PhysicsSystem.cpp,748,10770923047,9402957,2,
Physics::Step,C:\Users\ivanm\source\repos\myengine\engine\src\ecs\systems\PhysicsSystem.cpp,748,10780326124,9433917,2,
Physics::Step,C:\Users\ivanm\source\repos\myengine\engine\src\ecs\systems\PhysicsSystem.cpp,748,10789760251,9355417,2,
Physics::Step,C:\Users\ivanm\source\repos\myengine\engine\src\ecs\systems\PhysicsSystem.cpp,748,10817618897,8691533,2,
Physics::Step,C:\Users\ivanm\source\repos\myengine\engine\src\ecs\systems\PhysicsSystem.cpp,748,10826310740,11669023,2,
Physics::Step,C:\Users\ivanm\source\repos\myengine\engine\src\ecs\systems\PhysicsSystem.cpp,748,10857641395,11292520,2,
Physics::Step,C:\Users\ivanm\source\repos\myengine\engine\src\ecs\systems\PhysicsSystem.cpp,748,10868934095,11007038,2,
Physics::Step,C:\Users\ivanm\source\repos\myengine\engine\src\ecs\systems\PhysicsSystem.cpp,748,10879941173,9789983,2,
Physics::Step,C:\Users\ivanm\source\repos\myengine\engine\src\ecs\systems\PhysicsSystem.cpp,748,10910594352,11146302,2,
Physics::Step,C:\Users\ivanm\source\repos\myengine\engine\src\ecs\systems\PhysicsSystem.cpp,748,10921740684,10083872,2,
Physics::Step,C:\Users\ivanm\source\repos\myengine\engine\src\ecs\systems\PhysicsSystem.cpp,748,10931824706,8899451,2,
Physics::Step,C:\Users\ivanm\source\repos\myengine\engine\src\ecs\systems\PhysicsSystem.cpp,748,10960679717,10970608,2,
Physics::Step,C:\Users\ivanm\source\repos\myengine\engine\src\ecs\systems\PhysicsSystem.cpp,748,10971650606,26189843,2,
Physics::Step,C:\Users\ivanm\source\repos\myengine\engine\src\ecs\systems\PhysicsSystem.cpp,748,10997840840,22183862,2,
Physics::Step,C:\Users\ivanm\source\repos\myengine\engine\src\ecs\systems\PhysicsSystem.cpp,748,11051597690,15948072,2,
Physics::Step,C:\Users\ivanm\source\repos\myengine\engine\src\ecs\systems\PhysicsSystem.cpp,748,11067545972,16156247,2,
Physics::Step,C:\Users\ivanm\source\repos\myengine\engine\src\ecs\systems\PhysicsSystem.cpp,748,11083702660,16377738,2,
Physics::Step,C:\Users\ivanm\source\repos\myengine\engine\src\ecs\systems\PhysicsSystem.cpp,748,11100081531,20330959,2,
Physics::Step,C:\Users\ivanm\source\repos\myengine\engine\src\ecs\systems\PhysicsSystem.cpp,748,11120412540,12377032,2,
Physics::Step,C:\Users\ivanm\source\repos\myengine\engine\src\ecs\systems\PhysicsSystem.cpp,748,11154648972,8173470,2,
Physics::Step,C:\Users\ivanm\source\repos\myengine\engine\src\ecs\systems\PhysicsSystem.cpp,748,11162822532,14110568,2,
Physics::Step,C:\Users\ivanm\source\repos\myengine\engine\src\ecs\systems\PhysicsSystem.cpp,748,11176933140,9633205,2,
Physics::Step,C:\Users\ivanm\source\repos\myengine\engine\src\ecs\systems\PhysicsSystem.cpp,748,11186566455,7536159,2,
Physics::Step,C:\Users\ivanm\source\repos\myengine\engine\src\ecs\systems\PhysicsSystem.cpp,748,11194102724,8284551,2,
Physics::Step,C:\Users\ivanm\source\repos\myengine\engine\src\ecs\systems\PhysicsSystem.cpp,748,11202387425,9005056,2,
Physics::Step,C:\Users\ivanm\source\repos\myengine\engine\src\ecs\systems\PhysicsSystem.cpp,748,11211392611,8462549,2,
Physics::Step,C:\Users\ivanm\source\repos\myengine\engine\src\ecs\systems\PhysicsSystem.cpp,748,11240694171,9268391,2,
Physics::Step,C:\Users\ivanm\source\repos\myengine\engine\src\ecs\systems\PhysicsSystem.cpp,748,11249962813,10673332,2,
Physics::Step,C:\Users\ivanm\source\repos\myengine\engine\src\ecs\systems\PhysicsSystem.cpp,748,11260636306,11047574,2,
Physics::Step,C:\Users\ivanm\source\repos\myengine\engine\src\ecs\systems\PhysicsSystem.cpp,748,11271683910,9591476,2,
Physics::Step,C:\Users\ivanm\source\repos\myengine\engine\src\ecs\systems\PhysicsSystem.cpp,748,11281275496,9564835,2,
Physics::Step,C:\Users\ivanm\source\repos\myengine\engine\src\ecs\systems\PhysicsSystem.cpp,748,11312543745,10405183,2,
Physics::Step,C:\Users\ivanm\source\repos\myengine\engine\src\ecs\systems\PhysicsSystem.cpp,748,11322949048,10089252,2,
Physics::Step,C:\Users\ivanm\source\repos\myengine\engine\src\ecs\systems\PhysicsSystem.cpp,748,11333038320,10321534,2,
Physics::Step,C:\Users\ivanm\source\repos\myengine\engine\src\ecs\systems\PhysicsSystem.cpp,748,11343359974,9386897,2,
Physics::Step,C:\Users\ivanm\source\repos\myengine\engine\src\ecs\systems\PhysicsSystem.cpp,748,11372592804,10075796,2,
Physics::Step,C:\Users\ivanm\source\repos\myengine\engine\src\ecs\systems\PhysicsSystem.cpp,748,11382668750,10194222,2,
Physics::Step,C:\Users\ivanm\source\repos\myengine\engine\src\ecs\systems\PhysicsSystem.cpp,748,11392863123,11042424,2,
Physics::Step,C:\Users\ivanm\source\repos\myengine\engine\src\ecs\systems\PhysicsSystem.cpp,748,11403905577,10369605,2,
Physics::Step,C:\Users\ivanm\source\repos\myengine\engine\src\ecs\systems\PhysicsSystem.cpp,748,11434852385,10719550,2,
Physics::Step,C:\Users\ivanm\source\repos\myengine\engine\src\ecs\systems\PhysicsSystem.cpp,748,11445572036,9588790,2,
Physics::Step,C:\Users\ivanm\source\repos\myengine\engine\src\ecs\systems\PhysicsSystem.cpp,748,11455160947,9805723,2,
Physics::Step,C:\Users\ivanm\source\repos\myengine\engine\src\ecs\systems\PhysicsSystem.cpp,748,11484901210,10220973,2,
Physics::Step,C:\Users\ivanm\source\repos\myengine\engine\src\ecs\systems\PhysicsSystem.cpp,748,11495122213,11303862,2,
Physics::Step,C:\Users\ivanm\source\repos\myengine\engine\src\ecs\systems\PhysicsSystem.cpp,748,11506426195,10101766,2,
Physics::Step,C:\Users\ivanm\source\repos\myengine\engine\src\ecs\systems\PhysicsSystem.cpp,748,11535497146,11090526,2,
Physics::Step,C:\Users\ivanm\source\repos\myengine\engine\src\ecs\systems\PhysicsSystem.cpp,748,11546587822,9741391,2,
Physics::Step,C:\Users\ivanm\source\repos\myengine\engine\src\ecs\systems\PhysicsSystem.cpp,748,11556329354,9512104,2,
Physics::Step,C:\Users\ivanm\source\repos\myengine\engine\src\ecs\systems\PhysicsSystem.cpp,748,11588878889,12209734,2,
Physics::Step,C:\Users\ivanm\source\repos\myengine\engine\src\ecs\systems\PhysicsSystem.cpp,748,11601089785,15588367,2,
Physics::Step,C:\Users\ivanm\source\repos\myengine\engine\src\ecs\systems\PhysicsSystem.cpp,748,11616678293,12325113,2,
Physics::Step,C:\Users\ivanm\source\repos\myengine\engine\src\ecs\systems\PhysicsSystem.cpp,748,11629003596,11227637,2,
Physics::Step,C:\Users\ivanm\source\repos\myengine\engine\src\ecs\systems\PhysicsSystem.cpp,748,11659145634,11030141,2,
Physics::Step,C:\Users\ivanm\source\repos\myengine\engine\src\ecs\systems\PhysicsSystem.cpp,748,11670176446,11105234,2,
Physics::Step,C:\Users\ivanm\source\repos\myengine\engine\src\ecs\systems\PhysicsSystem.cpp,748,11681281810,8619378,2,
Physics::Step,C:\Users\ivanm\source\repos\myengine\engine\src\ecs\systems\PhysicsSystem.cpp,748,11689901368,8451168,2,
Physics::Step,C:\Users\ivanm\source\repos\myengine\engine\src\ecs\systems\PhysicsSystem.cpp,748,11718432523,9982439,2,
Physics::Step,C:\Users\ivanm\source\repos\myengine\engine\src\ecs\systems\PhysicsSystem.cpp,748,11728415063,11144127,2,
Physics::Step,C:\Users\ivanm\source\repos\myengine\engine\src\ecs\systems\PhysicsSystem.cpp,748,11739559321,9578110,2,
Physics::Step,C:\Users\ivanm\source\repos\myengine\engine\src\ecs\systems\PhysicsSystem.cpp,748,11769695728,11305324,2,
Physics::Step,C:\Users\ivanm\source\repos\myengine\engine\src\ecs\systems\PhysicsSystem.cpp,748,11781001282,11258155,2,
Physics::Step,C:\Users\ivanm\source\repos\myengine\engine\src\ecs\systems\PhysicsSystem.cpp,748,11792259547,11617618,2,
Physics::Step,C:\Users\ivanm\source\repos\myengine\engine\src\ecs\systems\PhysicsSystem.cpp,748,11823889424,10539949,2,
Physics::Step,C:\Users\ivanm\source\repos\myengine\engine\src\ecs\systems\PhysicsSystem.cpp,748,11834429693,13502843,2,
Physics::Step,C:\Users\ivanm\source\repos\myengine\engine\src\ecs\systems\PhysicsSystem.cpp,748,11847932736,12086067,2,
Physics::Step,C:\Users\ivanm\source\repos\myengine\engine\src\ecs\systems\PhysicsSystem.cpp,748,11860018973,17516084,2,
Physics::Step,C:\Users\ivanm\source\repos\myengine\engine\src\ecs\systems\PhysicsSystem.cpp,748,11909008026,18682480,2,
Physics::Step,C:\Users\ivanm\source\repos\myengine\engine\src\ecs\systems\PhysicsSystem.cpp,748,11927691067,17275580,2,
Physics::Step,C:\Users\ivanm\source\repos\myengine\engine\src\ecs\systems\PhysicsSystem.cpp,748,11944966818,12214195,2,
Physics::Step,C:\Users\ivanm\source\repos\myengine\engine\src\ecs\systems\PhysicsSystem.cpp,748,11957181043,10366316,2,
Physics::Step,C:\Users\ivanm\source\repos\myengine\engine\src\ecs\systems\PhysicsSystem.cpp,748,11967547770,11764572,2,
Physics::Step,C:\Users\ivanm\source\repos\myengine\engine\src\ecs\systems\PhysicsSystem.cpp,748,11998025611,11488041,2,
Physics::Step,C:\Users\ivanm\source\repos\myengine\engine\src\ecs\systems\PhysicsSystem.cpp,748,12009513772,9392165,2,
Physics::Step,C:\Users\ivanm\source\repos\myengine\engine\src\ecs\systems\PhysicsSystem.cpp,748,12018906038,8229338,2,
Physics::Step,C:\Users\ivanm\source\repos\myengine\engine\src\ecs\systems\PhysicsSystem.cpp,748,12027135436,11377419,2,
Physics::Step,C:\Users\ivanm\source\repos\myengine\engine\src\ecs\systems\PhysicsSystem.cpp,748,12038512905,9885989,2,
Physics::Step,C:\Users\ivanm\source\repos\myengine\engine\src\ecs\systems\PhysicsSystem.cpp,748,12065507411,7975363,2,
Physics::Step,C:\Users\ivanm\source\repos\myengine\engine\src\ecs\systems\PhysicsSystem.cpp,748,12073482925,9849025,2,
Physics::Step,C:\Users\ivanm\source\repos\myengine\engine\src\ecs\systems\PhysicsSystem.cpp,748,12083332070,9797548,2,
Physics::Step,C:\Users\ivanm\source\repos\myengine\engine\src\ecs\systems\PhysicsSystem.cpp,748,12093129728,11908820,2,
Physics::Step,C:\Users\ivanm\source\repos\myengine\engine\src\ecs\systems\PhysicsSystem.cpp,748,12125993859,13719444,2,
Physics::Step,C:\Users\ivanm\source\repos\myengine\engine\src\ecs\systems\PhysicsSystem.cpp,748,12139713423,12193553,2,
Physics::Step,C:\Users\ivanm\source\repos\myengine\engine\src\ecs\systems\PhysicsSystem.cpp,748,12151907077,11062723,2,
Physics::Step,C:\Users\ivanm\source\repos\myengine\engine\src\ecs\systems\PhysicsSystem.cpp,748,12162969920,14363799,2,
Physics::Step,C:\Users\ivanm\source\repos\myengine\engine\src\ecs\systems\PhysicsSystem.cpp,748,12197782237,13879731,2,
Physics::Step,C:\Users\ivanm\source\repos\myengine\engine\src\ecs\systems\PhysicsSystem.cpp,748,12211662008,12176829,2,
Physics::Step,C:\Users\ivanm\source\repos\myengine\engine\src\ecs\systems\PhysicsSystem.cpp,748,12223838997,10216818,2,
Physics::Step,C:\Users\ivanm\source\repos\myengine\engine\src\ecs\systems\PhysicsSystem.cpp,748,12234055945,10868975,2,
Physics::Step,C:\Users\ivanm\source\repos\myengine\engine\src\ecs\systems\PhysicsSystem.cpp,748,12267444434,10887200,2,
Physics::Step,C:\Users\ivanm\source\repos\myengine\engine\src\ecs\systems\PhysicsSystem.cpp,748,12278331894,10627030,2,
Physics::Step,C:\Users\ivanm\source\repos\myengine\engine\src\ecs\systems\PhysicsSystem.cpp,748,12288959114,10375447,2,
Physics::Step,C:\Users\ivanm\source\repos\myengine\engine\src\ecs\systems\PhysicsSystem.cpp,748,12299335052,10347423,2,
Physics::Step,C:\Users\ivanm\source\repos\myengine\engine\src\ecs\systems\PhysicsSystem.cpp,748,12329783933,11888142,2,
Physics::Step,C:\Users\ivanm\source\repos\myengine\engine\src\ecs\systems\PhysicsSystem.cpp,748,12341672215,10127856,2,
Physics::Step,C:\Users\ivanm\source\repos\myengine\engine\src\ecs\systems\PhysicsSystem.cpp,748,12351800201,7238282,2,
Physics::Step,C:\Users\ivanm\source\repos\myengine\engine\src\ecs\systems\PhysicsSystem.cpp,748,12359038533,7453150,2,
Physics::Step,C:\Users\ivanm\source\repos\myengine\engine\src\ecs\systems\PhysicsSystem.cpp,748,12383582477,8222704,2,
Physics::Step,C:\Users\ivanm\source\repos\myengine\engine\src\ecs\systems\PhysicsSystem.cpp,748,12391805331,10718033,2,
Physics::Step,C:\Users\ivanm\source\repos\myengine\engine\src\ecs\systems\PhysicsSystem.cpp,748,12402523495,8325228,2,
Physics::Step,C:\Users\ivanm\source\repos\myengine\engine\src\ecs\systems\PhysicsSystem.cpp,748,12429435972,9532384,2,
Physics::Step,C:\Users\ivanm\source\repos\myengine\engine\src\ecs\systems\PhysicsSystem.cpp,748,12438968566,10255108,2,
Physics::Step,C:\Users\ivanm\source\repos\myengine\engine\src\ecs\systems\PhysicsSystem.cpp,748,12449223734,9262771,2,
Physics::Step,C:\Users\ivanm\source\repos\myengine\engine\src\ecs\systems\PhysicsSystem.cpp,748,12473965083,8095943,2,
Physics::Step,C:\Users\ivanm\source\repos\myengine\engine\src\ecs\systems\PhysicsSystem.cpp,748,12482061266,12011772,2,
Physics::Step,C:\Users\ivanm\source\repos\myengine\engine\src\ecs\systems\PhysicsSystem.cpp,748,12494073219,13239702,2,
Physics::Step,C:\Users\ivanm\source\repos\myengine\engine\src\ecs\systems\PhysicsSystem.cpp,748,12527132533,12117659,2,
Physics::Step,C:\Users\ivanm\source\repos\myengine\engine\src\ecs\systems\PhysicsSystem.cpp,748,12539250652,12132347,2,
Physics::Step,C:\Users\ivanm\source\repos\myengine\engine\src\ecs\systems\PhysicsSystem.cpp,748,12551383129,10751201,2,
Physics::Step,C:\Users\ivanm\source\repos\myengine\engine\src\ecs\systems\PhysicsSystem.cpp,748,12581867328,10087929,2,
Physics::Step,C:\Users\ivanm\source\repos\myengine\engine\src\ecs\systems\PhysicsSystem.cpp,748,12591955418,13489151,2,
Physics::Step,C:\Users\ivanm\source\repos\myengine\engine\src\ecs\systems\PhysicsSystem.cpp,748,12605444599,13638876,2,
Physics::Step,C:\Users\ivanm\source\repos\myengine\engine\src\ecs\systems\PhysicsSystem.cpp,748,12638120379,11001206,2,
Physics::Step,C:\Users\ivanm\source\repos\myengine\engine\src\ecs\systems\PhysicsSystem.cpp,748,12649121615,16629502,2,
Physics::Step,C:\Users\ivanm\source\repos\myengine\engine\src\ecs\systems\PhysicsSystem.cpp,748,12665751568,9468908,2,
Physics::Step,C:\Users\ivanm\source\repos\myengine\engine\src\ecs\systems\PhysicsSystem.cpp,748,12675220616,7932812,2,
Physics::Step,C:\Users\ivanm\source\repos\myengine\engine\src\ecs\systems\PhysicsSystem.cpp,748,12704390065,9539376,2,
Physics::Step,C:\Users\ivanm\source\repos\myengine\engine\src\ecs\systems\PhysicsSystem.cpp,748,12713929562,7272246,2,
Physics::Step,C:\Users\ivanm\source\repos\myengine\engine\src\ecs\systems\PhysicsSystem.cpp,748,12721201968,7244083,2,
Physics::Step,C:\Users\ivanm\source\repos\myengine\engine\src\ecs\systems\PhysicsSystem.cpp,748,12728446181,9925040,2,
Physics::Step,C:\Users\ivanm\source\repos\myengine\engine\src\ecs\systems\PhysicsSystem.cpp,748,12758169558,25819269,2,
Physics::Step,C:\Users\ivanm\source\repos\myengine\engine\src\ecs\systems\PhysicsSystem.cpp,748,12783989148,25372314,2,
Physics::Step,C:\Users\ivanm\source\repos\myengine\engine\src\ecs\systems\PhysicsSystem.cpp,748,12809361813,14438531,2,
Physics::Step,C:\Users\ivanm\source\repos\myengine\engine\src\ecs\systems\PhysicsSystem.cpp,748,12854064754,17973868,2,
Physics::Step,C:\Users\ivanm\source\repos\myengine\engine\src\ecs\systems\PhysicsSystem.cpp,748,12872038902,19340912,2,
Physics::Step,C:\Users\ivanm\source\repos\myengine\engine\src\ecs\systems\PhysicsSystem.cpp,748,12891379955,24888759,2,
Physics::Step,C:\Users\ivanm\source\repos\myengine\engine\src\ecs\systems\PhysicsSystem.cpp,748,12916268995,11717426,2,
Physics::Step,C:\Users\ivanm\source\repos\myengine\engine\src\ecs\systems\PhysicsSystem.cpp,748,12927986822,15985184,2,
Physics::Step,C:\Users\ivanm\source\repos\myengine\engine\src\ecs\systems\PhysicsSystem.cpp,748,12965644569,10525652,2,
Physics::Step,C:\Users\ivanm\source\repos\myengine\engine\src\ecs\systems\PhysicsSystem.cpp,748,12976170371,12201691,2,
Physics::Step,C:\Users\ivanm\source\repos\myengine\engine\src\ecs\systems\PhysicsSystem.cpp,748,12988372352,9041565,2,
Physics::Step,C:\Users\ivanm\source\repos\myengine\engine\src\ecs\systems\PhysicsSystem.cpp,748,12997413977,7721220,2,
Physics::Step,C:\Users\ivanm\source\repos\myengine\engine\src\ecs\systems\PhysicsSystem.cpp,748,13005135247,7344163,2,
Physics::Step,C:\Users\ivanm\source\repos\myengine\engine\src\ecs\systems\PhysicsSystem.cpp,748,13012479461,7995140,2,
Physics::Step,C:\Users\ivanm\source\repos\myengine\engine\src\ecs\systems\PhysicsSystem.cpp,748,13020474912,10259155,2,
Physics::Step,C:\Users\ivanm\source\repos\myengine\engine\src\ecs\systems\PhysicsSystem.cpp,748,13046716474,7738924,2,
Physics::Step,C:\Users\ivanm\source\repos\myengine\engine\src\ecs\systems\PhysicsSystem.cpp,748,13054455518,7890852,2,
Physics::Step,C:\Users\ivanm\source\repos\myengine\engine\src\ecs\systems\PhysicsSystem.cpp,748,13062346531,9567159,2,
Physics::Step,C:\Users\ivanm\source\repos\myengine\engine\src\ecs\systems\PhysicsSystem.cpp,748,13071913810,9553149,2,
Physics::Step,C:\Users\ivanm\source\repos\myengine\engine\src\ecs\systems\PhysicsSystem.cpp,748,13081467089,9481707,2,
Physics::Step,C:\Users\ivanm\source\repos\myengine\engine\src\ecs\systems\PhysicsSystem.cpp,748,13109119974,10884133,2,
Physics::Step,C:\Users\ivanm\source\repos\myengine\engine\src\ecs\systems\PhysicsSystem.cpp,748,13120004238,11587350,2,
Physics::Step,C:\Users\ivanm\source\repos\myengine\engine\src\ecs\systems\PhysicsSystem.cpp,748,13131591638,10909597,2,
Physics::Step,C:\Users\ivanm\source\repos\myengine\engine\src\ecs\systems\PhysicsSystem.cpp,748,13142502047,9416733,2,
Physics::Step,C:\Users\ivanm\source\repos\myengine\engine\src\ecs\systems\PhysicsSystem.cpp,748,13171883374,11797760,2,
Physics::Step,C:\Users\ivanm\source\repos\myengine\engine\src\ecs\systems\PhysicsSystem.cpp,748,13183681184,11610094,2,
Physics::Step,C:\Users\ivanm\source\repos\myengine\engine\src\ecs\systems\PhysicsSystem.cpp,748,13195291408,8828546,2,
Physics::Step,C:\Users\ivanm\source\repos\myengine\engine\src\ecs\systems\PhysicsSystem.cpp,748,13204120114,8793378,2,
Physics::Step,C:\Users\ivanm\source\repos\myengine\engine\src\ecs\systems\PhysicsSystem.cpp,748,13230701041,10958244,2,
Physics::Step,C:\Users\ivanm\source\repos\myengine\engine\src\ecs\systems\PhysicsSystem.cpp,748,13241659496,12229561,2,
Physics::Step,C:\Users\ivanm\source\repos\myengine\engine\src\ecs\systems\PhysicsSystem.cpp,748,13253889248,14451315,2,
Physics::Step,C:\Users\ivanm\source\repos\myengine\engine\src\ecs\systems\PhysicsSystem.cpp,748,13290040109,16899298,2,
Physics::Step,C:\Users\ivanm\source\repos\myengine\engine\src\ecs\systems\PhysicsSystem.cpp,748,13306939758,26133877,2,
Physics::Step,C:\Users\ivanm\source\repos\myengine\engine\src\ecs\systems\PhysicsSystem.cpp,748,13333074036,18386384,2,
Physics::Step,C:\Users\ivanm\source\repos\myengine\engine\src\ecs\systems\PhysicsSystem.cpp,748,13351460540,11499253,2,
Physics::Step,C:\Users\ivanm\source\repos\myengine\engine\src\ecs\systems\PhysicsSystem.cpp,748,13392218132,74108894,2,
Physics::Step,C:\Users\ivanm\source\repos\myengine\engine\src\ecs\systems\PhysicsSystem.cpp,748,13466327256,17673892,2,
Physics::Step,C:\Users\ivanm\source\repos\myengine\engine\src\ecs\systems\PhysicsSystem.cpp,748,13484001249,14882987,2,
Physics::Step,C:\Users\ivanm\source\repos\myengine\engine\src\ecs\systems\PhysicsSystem.cpp,748,13498884897,14086482,2,
Physics::Step,C:\Users\ivanm\source\repos\myengine\engine\src\ecs\systems\PhysicsSystem.cpp,748,13512971409,26834589,2,
Physics::Step,C:\Users\ivanm\source\repos\myengine\engine\src\ecs\systems\PhysicsSystem.cpp,748,13539806899,18021534,2,
Physics::Step,C:\Users\ivanm\source\repos\myengine\engine\src\ecs\systems\PhysicsSystem.cpp,748,13586527903,19410599,2,
Physics::Step,C:\Users\ivanm\source\repos\myengine\engine\src\ecs\systems\PhysicsSystem.cpp,748,13605938733,12567264,2,
Physics::Step,C:\Users\ivanm\source\repos\myengine\engine\src\ecs\systems\PhysicsSystem.cpp,748,13618506177,8952010,2,
Physics::Step,C:\Users\ivanm\source\repos\myengine\engine\src\ecs\systems\PhysicsSystem.cpp,748,13627458347,9429779,2,
Physics::Step,C:\Users\ivanm\source\repos\myengine\engine\src\ecs\systems\PhysicsSystem.cpp,748,13636888136,7429465,2,
Physics::Step,C:\Users\ivanm\source\repos\myengine\engine\src\ecs\systems\PhysicsSystem.cpp,748,13644317651,9772039,2,
Physics::Step,C:\Users\ivanm\source\repos\myengine\engine\src\ecs\systems\PhysicsSystem.cpp,748,13654089760,7609848,2,
Physics::Step,C:\Users\ivanm\source\repos\myengine\engine\src\ecs\systems\PhysicsSystem.cpp,748,13661699799,8718526,2,
Physics::Step,C:\Users\ivanm\source\repos\myengine\engine\src\ecs\systems\PhysicsSystem.cpp,748,13684611179,11772823,2,
Physics::Step,C:\Users\ivanm\source\repos\myengine\engine\src\ecs\systems\PhysicsSystem.cpp,748,13696384433,11318467,2,
Physics::Step,C:\Users\ivanm\source\repos\myengine\engine\src\ecs\systems\PhysicsSystem.cpp,748,13707703081,10599222,2,
Physics::Step,C:\Users\ivanm\source\repos\myengine\engine\src\ecs\systems\PhysicsSystem.cpp,748,13718302573,19806760,2,
Physics::Step,C:\Users\ivanm\source\repos\myengine\engine\src\ecs\systems\PhysicsSystem.cpp,748,13738109373,19584109,2,
Physics::Step,C:\Users\ivanm\source\repos\myengine\engine\src\ecs\systems\PhysicsSystem.cpp,748,13789480402,18806046,2,
Physics::Step,C:\Users\ivanm\source\repos\myengine\engine\src\ecs\systems\PhysicsSystem.cpp,748,13808286618,20832267,2,
Physics::Step,C:\Users\ivanm\source\repos\myengine\engine\src\ecs\systems\PhysicsSystem.cpp,748,13829119206,22735276,2,
Physics::Step,C:\Users\ivanm\source\repos\myengine\engine\src\ecs\systems\PhysicsSystem.cpp,748,13851855574,18007264,2,
Physics::Step,C:\Users\ivanm\source\repos\myengine\engine\src\ecs\systems\PhysicsSystem.cpp,748,13869863018,22164100,2,
Physics::Step,C:\Users\ivanm\source\repos\myengine\engine\src\ecs\systems\PhysicsSystem.cpp,748,13892027268,19045429,2,
Physics::Step,C:\Users\ivanm\source\repos\myengine\engine\src\ecs\systems\PhysicsSystem.cpp,748,13911072837,18206103,2,
Physics::Step,C:\Users\ivanm\source\repos\myengine\engine\src\ecs\systems\PhysicsSystem.cpp,748,13958753724,29789828,2,
Physics::Step,C:\Users\ivanm\source\repos\myengine\engine\src\ecs\systems\PhysicsSystem.cpp,748,13988543723,35207255,2,
Physics::Step,C:\Users\ivanm\source\repos\myengine\engine\src\ecs\systems\PhysicsSystem.cpp,748,14023751018,19489682,2,
Physics::Step,C:\Users\ivanm\source\repos\myengine\engine\src\ecs\systems\PhysicsSystem.cpp,748,14043241452,14885754,2,
Physics::Step,C:\Users\ivanm\source\repos\myengine\engine\src\ecs\systems\PhysicsSystem.cpp,748,14058127347,11041312,2,
Physics::Step,C:\Users\ivanm\source\repos\myengine\engine\src\ecs\systems\PhysicsSystem.cpp,748,14069168689,9503198,2,
Physics::Step,C:\Users\ivanm\source\repos\myengine\engine\src\ecs\systems\PhysicsSystem.cpp,748,14078671907,8031490,2,
Physics::Step,C:\Users\ivanm\source\repos\myengine\engine\src\ecs\systems\PhysicsSystem.cpp,748,14086703417,8272528,2,
Physics::Step,C:\Users\ivanm\source\repos\myengine\engine\src\ecs\systems\PhysicsSystem.cpp,748,14112651949,9759535,2,
Physics::Step,C:\Users\ivanm\source\repos\myengine\engine\src\ecs\systems\PhysicsSystem.cpp,748,14122412085,10115122,2,
Physics::Step,C:\Users\ivanm\source\repos\myengine\engine\src\ecs\systems\PhysicsSystem.cpp,748,14132527407,10132865,2,
Physics::Step,C:\Users\ivanm\source\repos\myengine\engine\src\ecs\systems\PhysicsSystem.cpp,748,14142660403,10416474,2,
Physics::Step,C:\Users\ivanm\source\repos\myengine\engine\src\ecs\systems\PhysicsSystem.cpp,748,14153076997,9805743,2,
Physics::Step,C:\Users\ivanm\source\repos\myengine\engine\src\ecs\systems\PhysicsSystem.cpp,748,14162882891,10245269,2,
Physics::Step,C:\Users\ivanm\source\repos\myengine\engine\src\ecs\systems\PhysicsSystem.cpp,748,14173128681,9478631,2,
Physics::Step,C:\Users\ivanm\source\repos\myengine\engine\src\ecs\systems\PhysicsSystem.cpp,748,14182607372,8741390,2,
Physics::Step,C:\Users\ivanm\source\repos\myengine\engine\src\ecs\systems\PhysicsSystem.cpp,748,14206199937,11531926,2,
Physics::Step,C:\Users\ivanm\source\repos\myengine\engine\src\ecs\systems\PhysicsSystem.cpp,748,14217731983,9468953,2,
Physics::Step,C:\Users\ivanm\source\repos\myengine\engine\src\ecs\systems\PhysicsSystem.cpp,748,14227201116,9009681,2,
Physics::Step,C:\Users\ivanm\source\repos\myengine\engine\src\ecs\systems\PhysicsSystem.cpp,748,14236210867,8575428,2,
Physics::Step,C:\Users\ivanm\source\repos\myengine\engine\src\ecs\systems\PhysicsSystem.cpp,748,14244786445,9577560,2,
Physics::Step,C:\Users\ivanm\source\repos\myengine\engine\src\ecs\systems\PhysicsSystem.cpp,748,14273929985,9541290,2,
Physics::Step,C:\Users\ivanm\source\repos\myengine\engine\src\ecs\systems\PhysicsSystem.cpp,748,14283471435,10508530,2,
Physics::Step,C:\Users\ivanm\source\repos\myengine\engine\src\ecs\systems\PhysicsSystem.cpp,748,14293979975,11807409,2,
Physics::Step,C:\Users\ivanm\source\repos\myengine\engine\src\ecs\systems\PhysicsSystem.cpp,748,14305787564,10130290,2,
Physics::Step,C:\Users\ivanm\source\repos\myengine\engine\src\ecs\systems\PhysicsSystem.cpp,748,14330792124,8399049,2,
Physics::Step,C:\Users\ivanm\source\repos\myengine\engine\src\ecs\systems\PhysicsSystem.cpp,748,14339191213,9284091,2,
Physics::Step,C:\Users\ivanm\source\repos\myengine\engine\src\ecs\systems\PhysicsSystem.cpp,748,14348475585,10951692,2,
Physics::Step,C:\Users\ivanm\source\repos\myengine\engine\src\ecs\systems\PhysicsSystem.cpp,748,14359427437,11576460,2,
Physics::Step,C:\Users\ivanm\source\repos\myengine\engine\src\ecs\systems\PhysicsSystem.cpp,748,14391450952,10814361,2,
Physics::Step,C:\Users\ivanm\source\repos\myengine\engine\src\ecs\systems\PhysicsSystem.cpp,748,14402265603,10199101,2,
Physics::Step,C:\Users\ivanm\source\repos\myengine\engine\src\ecs\systems\PhysicsSystem.cpp,748,14412464825,9718848,2,
Physics::Step,C:\Users\ivanm\source\repos\myengine\engine\src\ecs\systems\PhysicsSystem.cpp,748,14440446996,9775766,2,
Physics::Step,C:\Users\ivanm\source\repos\myengine\engine\src\ecs\systems\PhysicsSystem.cpp,748,14450222912,11035867,2,
Physics::Step,C:\Users\ivanm\source\repos\myengine\engine\src\ecs\systems\PhysicsSystem.cpp,748,14461258889,10864016,2,
Physics::Step,C:\Users\ivanm\source\repos\myengine\engine\src\ecs\systems\PhysicsSystem.cpp,748,14490956703,10282189,2,
Physics::Step,C:\Users\ivanm\source\repos\myengine\engine\src\ecs\systems\PhysicsSystem.cpp,748,14501239002,10404216,2,
Physics::Step,C:\Users\ivanm\source\repos\myengine\engine\src\ecs\systems\PhysicsSystem.cpp,748,14511643338,10040700,2,
Physics::Step,C:\Users\ivanm\source\repos\myengine\engine\src\ecs\systems\PhysicsSystem.cpp,748,14543056642,11223670,2,
Physics::Step,C:\Users\ivanm\source\repos\myengine\engine\src\ecs\systems\PhysicsSystem.cpp,748,14554280682,9925842,2,
Physics::Step,C:\Users\ivanm\source\repos\myengine\engine\src\ecs\systems\PhysicsSystem.cpp,748,14564206564,10307547,2,
Physics::Step,C:\Users\ivanm\source\repos\myengine\engine\src\ecs\systems\PhysicsSystem.cpp,748,14594337871,11453636,2,
Physics::Step,C:\Users\ivanm\source\repos\myengine\engine\src\ecs\systems\PhysicsSystem.cpp,748,14605791678,9261659,2,
Physics::Step,C:\Users\ivanm\source\repos\myengine\engine\src\ecs\systems\PhysicsSystem.cpp,748,14615053407,9800563,2,
Physics::Step,C:\Users\ivanm\source\repos\myengine\engine\src\ecs\systems\PhysicsSystem.cpp,748,14645487800,10407918,2,
Physics::Step,C:\Users\ivanm\source\repos\myengine\engine\src\ecs\systems\PhysicsSystem.cpp,748,14655896269,9944648,2,
Physics::Step,C:\Users\ivanm\source\repos\myengine\engine\src\ecs\systems\PhysicsSystem.cpp,748,14665840937,10077369,2,
Physics::Step,C:\Users\ivanm\source\repos\myengine\engine\src\ecs\systems\PhysicsSystem.cpp,748,14695400838,11144127,2,
Physics::Step,C:\Users\ivanm\source\repos\myengine\engine\src\ecs\systems\PhysicsSystem.cpp,748,14706545076,10061098,2,
Physics::Step,C:\Users\ivanm\source\repos\myengine\engine\src\ecs\systems\PhysicsSystem.cpp,748,14716606254,9926624,2,
Physics::Step,C:\Users\ivanm\source\repos\myengine\engine\src\ecs\systems\PhysicsSystem.cpp,748,14746905962,10600695,2,
Physics::Step,C:\Users\ivanm\source\repos\myengine\engine\src\ecs\systems\PhysicsSystem.cpp,748,14757506877,10040600,2,
Physics::Step,C:\Users\ivanm\source\repos\myengine\engine\src\ecs\systems\PhysicsSystem.cpp,748,14767547567,9823296,2,
Physics::Step,C:\Users\ivanm\source\repos\myengine\engine\src\ecs\systems\PhysicsSystem.cpp,748,14777370914,9714650,2,
Physics::Step,C:\Users\ivanm\source\repos\myengine\engine\src\ecs\systems\PhysicsSystem.cpp,748,14806734872,10392278,2,
Physics::Step,C:\Users\ivanm\source\repos\myengine\engine\src\ecs\systems\PhysicsSystem.cpp,748,14817127261,9935299,2,
Physics::Step,C:\Users\ivanm\source\repos\myengine\engine\src\ecs\systems\PhysicsSystem.cpp,748,14827062680,10445560,2,
Physics::Step,C:\Users\ivanm\source\repos\myengine\engine\src\ecs\systems\PhysicsSystem.cpp,748,14859351149,11038296,2,
Physics::Step,C:\Users\ivanm\source\repos\myengine\engine\src\ecs\systems\PhysicsSystem.cpp,748,14870389476,10439377,2,
Physics::Step,C:\Users\ivanm\source\repos\myengine\engine\src\ecs\systems\PhysicsSystem.cpp,748,14880828944,9420200,2,
Physics::Step,C:\Users\ivanm\source\repos\myengine\engine\src\ecs\systems\PhysicsSystem.cpp,748,14910720305,10482069,2,
Physics::Step,C:\Users\ivanm\source\repos\myengine\engine\src\ecs\systems\PhysicsSystem.cpp,748,14921202664,9708298,2,
Physics::Step,C:\Users\ivanm\source\repos\myengine\engine\src\ecs\systems\PhysicsSystem.cpp,748,14930910982,10391768,2,
Physics::Step,C:\Users\ivanm\source\repos\myengine\engine\src\ecs\systems\PhysicsSystem.cpp,748,14957114492,7726570,2,
Physics::Step,C:\Users\ivanm\source\repos\myengine\engine\src\ecs\systems\PhysicsSystem.cpp,748,14964841383,8159573,2,
Physics::Step,C:\Users\ivanm\source\repos\myengine\engine\src\ecs\systems\PhysicsSystem.cpp,748,14973001187,7056807,2,
Physics::Step,C:\Users\ivanm\source\repos\myengine\engine\src\ecs\systems\PhysicsSystem.cpp,748,14993281254,8516232,2,
Physics::Step,C:\Users\ivanm\source\repos\myengine\engine\src\ecs\systems\PhysicsSystem.cpp,748,15001797676,7421350,2,
Physics::Step,C:\Users\ivanm\source\repos\myengine\engine\src\ecs\systems\PhysicsSystem.cpp,748,15026157601,12594756,2,
Physics::Step,C:\Users\ivanm\source\repos\myengine\engine\src\ecs\systems\PhysicsSystem.cpp,748,15038752397,10457722,2,
Physics::Step,C:\Users\ivanm\source\repos\myengine\engine\src\ecs\systems\PhysicsSystem.cpp,748,15065966287,8070975,2,
Physics::Step,C:\Users\ivanm\source\repos\myengine\engine\src\ecs\systems\PhysicsSystem.cpp,748,15074037372,8066356,2,
Physics::Step,C:\Users\ivanm\source\repos\myengine\engine\src\ecs\systems\PhysicsSystem.cpp,748,15082103869,9063942,2,
Physics::Step,C:\Users\ivanm\source\repos\myengine\engine\src\ecs\systems\PhysicsSystem.cpp,748,15105800262,7198566,2,
Physics::Step,C:\Users\ivanm\source\repos\myengine\engine\src\ecs\systems\PhysicsSystem.cpp,748,15112998968,7125568,2,
Physics::Step,C:\Users\ivanm\source\repos\myengine\engine\src\ecs\systems\PhysicsSystem.cpp,748,15133101077,8093609,2,
Physics::Step,C:\Users\ivanm\source\repos\myengine\engine\src\ecs\systems\PhysicsSystem.cpp,748,15141194726,7066304,2,
Physics::Step,C:\Users\ivanm\source\repos\myengine\engine\src\ecs\systems\PhysicsSystem.cpp,748,15161546840,7839445,2,
Physics::Step,C:\Users\ivanm\source\repos\myengine\engine\src\ecs\systems\PhysicsSystem.cpp,748,15183902344,10143695,2,
Physics::Step,C:\Users\ivanm\source\repos\myengine\engine\src\ecs\systems\PhysicsSystem.cpp,748,15194046079,11124741,2,
Physics::Step,C:\Users\ivanm\source\repos\myengine\engine\src\ecs\systems\PhysicsSystem.cpp,748,15223504668,7389549,2,
Physics::Step,C:\Users\ivanm\source\repos\myengine\engine\src\ecs\systems\PhysicsSystem.cpp,748,15230894257,9360146,2,
Physics::Step,C:\Users\ivanm\source\repos\myengine\engine\src\ecs\systems\PhysicsSystem.cpp,748,15255273589,7002303,2,
Physics::Step,C:\Users\ivanm\source\repos\myengine\engine\src\ecs\systems\PhysicsSystem.cpp,748,15262275912,7802184,2,
Physics::Step,C:\Users\ivanm\source\repos\myengine\engine\src\ecs\systems\PhysicsSystem.cpp,748,15288581065,9545809,2,
Physics::Step,C:\Users\ivanm\source\repos\myengine\engine\src\ecs\systems\PhysicsSystem.cpp,748,15298127034,10073883,2,
Physics::Step,C:\Users\ivanm\source\repos\myengine\engine\src\ecs\systems\PhysicsSystem.cpp,748,15325131115,12317930,2,
Physics::Step,C:\Users\ivanm\source\repos\myengine\engine\src\ecs\systems\PhysicsSystem.cpp,748,15337449085,10808009,2,
Physics::Step,C:\Users\ivanm\source\repos\myengine\engine\src\ecs\systems\PhysicsSystem.cpp,748,15369167430,10561941,2,
Physics::Step,C:\Users\ivanm\source\repos\myengine\engine\src\ecs\systems\PhysicsSystem.cpp,748,15379729541,9461539,2,
Physics::Step,C:\Users\ivanm\source\repos\myengine\engine\src\ecs\systems\PhysicsSystem.cpp,748,15389191230,10020161,2,
Physics::Step,C:\Users\ivanm\source\repos\myengine\engine\src\ecs\systems\PhysicsSystem.cpp,748,15418458214,9359335,2,
Physics::Step,C:\Users\ivanm\source\repos\myengine\engine\src\ecs\systems\PhysicsSystem.cpp,748,15427817669,10504522,2,
Physics::Step,C:\Users\ivanm\source\repos\myengine\engine\src\ecs\systems\PhysicsSystem.cpp,748,15438322301,9720030,2,
Physics::Step,C:\Users\ivanm\source\repos\myengine\engine\src\ecs\systems\PhysicsSystem.cpp,748,15467575208,11204853,2,
Physics::Step,C:\Users\ivanm\source\repos\myengine\engine\src\ecs\systems\PhysicsSystem.cpp,748,15478780222,9922545,2,
Physics::Step,C:\Users\ivanm\source\repos\myengine\engine\src\ecs\systems\PhysicsSystem.cpp,748,15488702877,10007206,2,
Physics::Step,C:\Users\ivanm\source\repos\myengine\engine\src\ecs\systems\PhysicsSystem.cpp,748,15511800216,7301913,2,
Physics::Step,C:\Users\ivanm\source\repos\myengine\engine\src\ecs\systems\PhysicsSystem.cpp,748,15519102159,6920668,2,
Physics::Step,C:\Users\ivanm\source\repos\myengine\engine\src\ecs\systems\PhysicsSystem.cpp,748,15539907736,9437387,2,
Physics::Step,C:\Users\ivanm\source\repos\myengine\engine\src\ecs\systems\PhysicsSystem.cpp,748,15549345324,9306584,2,
Physics::Step,C:\Users\ivanm\source\repos\myengine\engine\src\ecs\systems\PhysicsSystem.cpp,748,15577643666,10410864,2,
Physics::Step,C:\Users\ivanm\source\repos\myengine\engine\src\ecs\systems\PhysicsSystem.cpp,748,15588054650,9833296,2,
Physics::Step,C:\Users\ivanm\source\repos\myengine\engine\src\ecs\systems\PhysicsSystem.cpp,748,15617355488,10216274,2,
Physics::Step,C:\Users\ivanm\source\repos\myengine\engine\src\ecs\systems\PhysicsSystem.cpp,748,15627571882,10498671,2,
Physics::Step,C:\Users\ivanm\source\repos\myengine\engine\src\ecs\systems\PhysicsSystem.cpp,748,15638070643,9814911,2,
Physics::Step,C:\Users\ivanm\source\repos\myengine\engine\src\ecs\systems\PhysicsSystem.cpp,748,15666841704,11923460,2,
Physics::Step,C:\Users\ivanm\source\repos\myengine\engine\src\ecs\systems\PhysicsSystem.cpp,748,15678765264,10032274,2,
Physics::Step,C:\Users\ivanm\source\repos\myengine\engine\src\ecs\systems\PhysicsSystem.cpp,748,15688797648,9229728,2,
Physics::Step,C:\Users\ivanm\source\repos\myengine\engine\src\ecs\systems\PhysicsSystem.cpp,748,15712085474,7695912,2,
Physics::Step,C:\Users\ivanm\source\repos\myengine\engine\src\ecs\systems\PhysicsSystem.cpp,748,15719781486,7494419,2,
Physics::Step,C:\Users\ivanm\source\repos\myengine\engine\src\ecs\systems\PhysicsSystem.cpp,748,15743617034,9293008,2,
Physics::Step,C:\Users\ivanm\source\repos\myengine\engine\src\ecs\systems\PhysicsSystem.cpp,748,15752910233,7707003,2,
Physics::Step,C:\Users\ivanm\source\repos\myengine\engine\src\ecs\systems\PhysicsSystem.cpp,748,15775755578,7811111,2,
Physics::Step,C:\Users\ivanm\source\repos\myengine\engine\src\ecs\systems\PhysicsSystem.cpp,748,15783566829,7010058,2,
Physics::Step,C:\Users\ivanm\source\repos\myengine\engine\src\ecs\systems\PhysicsSystem.cpp,748,15805276795,7530658,2,
Physics::Step,C:\Users\ivanm\source\repos\myengine\engine\src\ecs\systems\PhysicsSystem.cpp,748,15812807823,7311782,2,
Physics::Step,C:\Users\ivanm\source\repos\myengine\engine\src\ecs\systems\PhysicsSystem.cpp,748,15834608502,7557328,2,
Physics::Step,C:\Users\ivanm\source\repos\myengine\engine\src\ecs\systems\PhysicsSystem.cpp,748,15842165860,6972447,2,
Physics::Step,C:\Users\ivanm\source\repos\myengine\engine\src\ecs\systems\PhysicsSystem.cpp,748,15864120903,8724467,2,
Physics::Step,C:\Users\ivanm\source\repos\myengine\engine\src\ecs\systems\PhysicsSystem.cpp,748,15872845400,7572157,2,
Physics::Step,C:\Users\ivanm\source\repos\myengine\engine\src\ecs\systems\PhysicsSystem.cpp,748,15894464363,8619508,2,
Physics::Step,C:\Users\ivanm\source\repos\myengine\engine\src\ecs\systems\PhysicsSystem.cpp,748,15917240987,7427973,2,
Physics::Step,C:\Users\ivanm\source\repos\myengine\engine\src\ecs\systems\PhysicsSystem.cpp,748,15924668990,7719136,2,
Physics::Step,C:\Users\ivanm\source\repos\myengine\engine\src\ecs\systems\PhysicsSystem.cpp,748,15946136434,7735267,2,
Physics::Step,C:\Users\ivanm\source\repos\myengine\engine\src\ecs\systems\PhysicsSystem.cpp,748,15953871811,7261977,2,
Physics::Step,C:\Users\ivanm\source\repos\myengine\engine\src\ecs\systems\PhysicsSystem.cpp,748,15979533195,8786516,2,
Physics::Step,C:\Users\ivanm\source\repos\myengine\engine\src\ecs\systems\PhysicsSystem.cpp,748,15988319811,8491515,2,
Physics::Step,C:\Users\ivanm\source\repos\myengine\engine\src\ecs\systems\PhysicsSystem.cpp,748,16014162229,12166552,2,
Physics::Step,C:\Users\ivanm\source\repos\myengine\engine\src\ecs\systems\PhysicsSystem.cpp,748,16026328811,12023630,2,
Physics::Step,C:\Users\ivanm\source\repos\myengine\engine\src\ecs\systems\PhysicsSystem.cpp,748,16054869752,11839613,2,
Physics::Step,C:\Users\ivanm\source\repos\myengine\engine\src\ecs\systems\PhysicsSystem.cpp,748,16066709485,10943106,2,
Physics::Step,C:\Users\ivanm\source\repos\myengine\engine\src\ecs\systems\PhysicsSystem.cpp,748,16091847789,8885804,2,
Physics::Step,C:\Users\ivanm\source\repos\myengine\engine\src\ecs\systems\PhysicsSystem.cpp,748,16100733693,8782198,2,
Physics::Step,C:\Users\ivanm\source\repos\myengine\engine\src\ecs\systems\PhysicsSystem.cpp,748,16124061225,8046759,2,
Physics::Step,C:\Users\ivanm\source\repos\myengine\engine\src\ecs\systems\PhysicsSystem.cpp,748,16132108305,8087596,2,
Physics::Step,C:\Users\ivanm\source\repos\myengine\engine\src\ecs\systems\PhysicsSystem.cpp,748,16153943949,7731851,2,
Physics::Step,C:\Users\ivanm\source\repos\myengine\engine\src\ecs\systems\PhysicsSystem.cpp,748,16161675920,8399309,2,
Physics::Step,C:\Users\ivanm\source\repos\myengine\engine\src\ecs\systems\PhysicsSystem.cpp,748,16184496307,8085212,2,
Physics::Step,C:\Users\ivanm\source\repos\myengine\engine\src\ecs\systems\PhysicsSystem.cpp,748,16192581670,7859402,2,
Physics::Step,C:\Users\ivanm\source\repos\myengine\engine\src\ecs\systems\PhysicsSystem.cpp,748,16214066057,8694931,2,
Physics::Step,C:\Users\ivanm\source\repos\myengine\engine\src\ecs\systems\PhysicsSystem.cpp,748,16222761038,8026491,2,
Physics::Step,C:\Users\ivanm\source\repos\myengine\engine\src\ecs\systems\PhysicsSystem.cpp,748,16245241475,7531208,2,
Physics::Step,C:\Users\ivanm\source\repos\myengine\engine\src\ecs\systems\PhysicsSystem.cpp,748,16267402030,8455346,2,
Physics::Step,C:\Users\ivanm\source\repos\myengine\engine\src\ecs\systems\PhysicsSystem.cpp,748,16275857496,10473844,2,
Physics::Step,C:\Users\ivanm\source\repos\myengine\engine\src\ecs\systems\PhysicsSystem.cpp,748,16305484016,12046278,2,
Physics::Step,C:\Users\ivanm\source\repos\myengine\engine\src\ecs\systems\PhysicsSystem.cpp,748,16317530424,9745854,2,
Physics::Step,C:\Users\ivanm\source\repos\myengine\engine\src\ecs\systems\PhysicsSystem.cpp,748,16342389062,9889191,2,
Physics::Step,C:\Users\ivanm\source\repos\myengine\engine\src\ecs\systems\PhysicsSystem.cpp,748,16352278414,10342233,2,
Physics::Step,C:\Users\ivanm\source\repos\myengine\engine\src\ecs\systems\PhysicsSystem.cpp,748,16384019872,9036301,2,
Physics::Step,C:\Users\ivanm\source\repos\myengine\engine\src\ecs\systems\PhysicsSystem.cpp,748,16393056393,10202658,2,
Physics::Step,C:\Users\ivanm\source\repos\myengine\engine\src\ecs\systems\PhysicsSystem.cpp,748,16403259241,7582647,2,
Physics::Step,C:\Users\ivanm\source\repos\myengine\engine\src\ecs\systems\PhysicsSystem.cpp,748,16424066992,7614557,2,
Physics::Step,C:\Users\ivanm\source\repos\myengine\engine\src\ecs\systems\PhysicsSystem.cpp,748,16431681569,7983249,2,
Physics::Step,C:\Users\ivanm\source\repos\myengine\engine\src\ecs\systems\PhysicsSystem.cpp,748,16453078500,7418144,2,
Physics::Step,C:\Users\ivanm\source\repos\myengine\engine\src\ecs\systems\PhysicsSystem.cpp,748,16460496764,7509358,2,
Physics::Step,C:\Users\ivanm\source\repos\myengine\engine\src\ecs\systems\PhysicsSystem.cpp,748,16481058257,7452599,2,
Physics::Step,C:\Users\ivanm\source\repos\myengine\engine\src\ecs\systems\PhysicsSystem.cpp,748,16488510886,6856386,2,
Physics::Step,C:\Users\ivanm\source\repos\myengine\engine\src\ecs\systems\PhysicsSystem.cpp,748,16508622664,7606923,2,
Physics::Step,C:\Users\ivanm\source\repos\myengine\engine\src\ecs\systems\PhysicsSystem.cpp,748,16529125906,8445327,2,
Physics::Step,C:\Users\ivanm\source\repos\myengine\engine\src\ecs\systems\PhysicsSystem.cpp,748,16551450330,9122314,2,
Physics::Step,C:\Users\ivanm\source\repos\myengine\engine\src\ecs\systems\PhysicsSystem.cpp,748,16560572895,10964406,2,
Physics::Step,C:\Users\ivanm\source\repos\myengine\engine\src\ecs\systems\PhysicsSystem.cpp,748,16585395223,7041618,2,
Physics::Step,C:\Users\ivanm\source\repos\myengine\engine\src\ecs\systems\PhysicsSystem.cpp,748,16592436971,6788277,2,
Physics::Step,C:\Users\ivanm\source\repos\myengine\engine\src\ecs\systems\PhysicsSystem.cpp,748,16612037627,7192164,2,
Physics::Step,C:\Users\ivanm\source\repos\myengine\engine\src\ecs\systems\PhysicsSystem.cpp,748,16633640480,7703977,2,
Physics::Step,C:\Users\ivanm\source\repos\myengine\engine\src\ecs\systems\PhysicsSystem.cpp,748,16641344567,7863050,2,
Physics::Step,C:\Users\ivanm\source\repos\myengine\engine\src\ecs\systems\PhysicsSystem.cpp,748,16667601642,9063862,2,
Physics::Step,C:\Users\ivanm\source\repos\myengine\engine\src\ecs\systems\PhysicsSystem.cpp,748,16676665534,8262700,2,
Physics::Step,C:\Users\ivanm\source\repos\myengine\engine\src\ecs\systems\PhysicsSystem.cpp,748,16697626156,7679641,2,
Physics::Step,C:\Users\ivanm\source\repos\myengine\engine\src\ecs\systems\PhysicsSystem.cpp,748,16705305917,6921910,2,
Physics::Step,C:\Users\ivanm\source\repos\myengine\engine\src\ecs\systems\PhysicsSystem.cpp,748,16724562759,7317563,2,
Physics::Step,C:\Users\ivanm\source\repos\myengine\engine\src\ecs\systems\PhysicsSystem.cpp,748,16747134794,9847082,2,
Physics::Step,C:\Users\ivanm\source\repos\myengine\engine\src\ecs\systems\PhysicsSystem.cpp,748,16756982056,9645790,2,
Physics::Step,C:\Users\ivanm\source\repos\myengine\engine\src\ecs\systems\PhysicsSystem.cpp,748,16785629803,9961590,2,
Physics::Step,C:\Users\ivanm\source\repos\myengine\engine\src\ecs\systems\PhysicsSystem.cpp,748,16795591503,10301859,2,
Physics::Step,C:\Users\ivanm\source\repos\myengine\engine\src\ecs\systems\PhysicsSystem.cpp,748,16822515444,10082079,2,
Physics::Step,C:\Users\ivanm\source\repos\myengine\engine\src\ecs\systems\PhysicsSystem.cpp,748,16832597824,10075185,2,
Physics::Step,C:\Users\ivanm\source\repos\myengine\engine\src\ecs\systems\PhysicsSystem.cpp,748,16862181960,10759447,2,
Physics::Step,C:\Users\ivanm\source\repos\myengine\engine\src\ecs\systems\PhysicsSystem.cpp,748,16872941527,7964883,2,
Physics::Step,C:\Users\ivanm\source\repos\myengine\engine\src\ecs\systems\PhysicsSystem.cpp,748,16900334949,10037704,2,
Physics::Step,C:\Users\ivanm\source\repos\myengine\engine\src\ecs\systems\PhysicsSystem.cpp,748,16910372814,9241781,2,
Physics::Step,C:\Users\ivanm\source\repos\myengine\engine\src\ecs\systems\PhysicsSystem.cpp,748,16919614725,9812786,2,
Physics::Step,C:\Users\ivanm\source\repos\myengine\engine\src\ecs\systems\PhysicsSystem.cpp,748,16949398101,10214129,2,
Physics::Step,C:\Users\ivanm\source\repos\myengine\engine\src\ecs\systems\PhysicsSystem.cpp,748,16959612611,10318348,2,
Physics::Step,C:\Users\ivanm\source\repos\myengine\engine\src\ecs\systems\PhysicsSystem.cpp,748,16969931360,9896616,2,
Physics::Step,C:\Users\ivanm\source\repos\myengine\engine\src\ecs\systems\PhysicsSystem.cpp,748,16999813764,10095874,2,
Physics::Step,C:\Users\ivanm\source\repos\myengine\engine\src\ecs\systems\PhysicsSystem.cpp,748,17009909769,9930951,2,
Physics::Step,C:\Users\ivanm\source\repos\myengine\engine\src\ecs\systems\PhysicsSystem.cpp,748,17019840830,8072698,2,
Physics::Step,C:\Users\ivanm\source\repos\myengine\engine\src\ecs\systems\PhysicsSystem.cpp,748,17040762758,7455906,2,
Physics::Step,C:\Users\ivanm\source\repos\myengine\engine\src\ecs\systems\PhysicsSystem.cpp,748,17048218784,6827471,2,
Physics::Step,C:\Users\ivanm\source\repos\myengine\engine\src\ecs\systems\PhysicsSystem.cpp,748,17068313729,7519607,2,
Physics::Step,C:\Users\ivanm\source\repos\myengine\engine\src\ecs\systems\PhysicsSystem.cpp,748,17075833476,7109327,2,
Physics::Step,C:\Users\ivanm\source\repos\myengine\engine\src\ecs\systems\PhysicsSystem.cpp,748,17096482305,10379364,2,
Physics::Step,C:\Users\ivanm\source\repos\myengine\engine\src\ecs\systems\PhysicsSystem.cpp,748,17106861849,10479394,2,
Physics::Step,C:\Users\ivanm\source\repos\myengine\engine\src\ecs\systems\PhysicsSystem.cpp,748,17137409688,10547504,2,
Physics::Step,C:\Users\ivanm\source\repos\myengine\engine\src\ecs\systems\PhysicsSystem.cpp,748,17147957913,9670185,2,
Physics::Step,C:\Users\ivanm\source\repos\myengine\engine\src\ecs\systems\PhysicsSystem.cpp,748,17177999339,12506689,2,
Physics::Step,C:\Users\ivanm\source\repos\myengine\engine\src\ecs\systems\PhysicsSystem.cpp,748,17190506479,13901226,2,
Physics::Step,C:\Users\ivanm\source\repos\myengine\engine\src\ecs\systems\PhysicsSystem.cpp,748,17222206478,7980644,2,
Physics::Step,C:\Users\ivanm\source\repos\myengine\engine\src\ecs\systems\PhysicsSystem.cpp,748,17230187362,8421011,2,
Physics::Step,C:\Users\ivanm\source\repos\myengine\engine\src\ecs\systems\PhysicsSystem.cpp,748,17238608493,9523687,2,
Physics::Step,C:\Users\ivanm\source\repos\myengine\engine\src\ecs\systems\PhysicsSystem.cpp,748,17267512823,10341912,2,
Physics::Step,C:\Users\ivanm\source\repos\myengine\engine\src\ecs\systems\PhysicsSystem.cpp,748,17277854866,10224749,2,
Physics::Step,C:\Users\ivanm\source\repos\myengine\engine\src\ecs\systems\PhysicsSystem.cpp,748,17288079806,10789173,2,
Physics::Step,C:\Users\ivanm\source\repos\myengine\engine\src\ecs\systems\PhysicsSystem.cpp,748,17318943025,10298620,2,
Physics::Step,C:\Users\ivanm\source\repos\myengine\engine\src\ecs\systems\PhysicsSystem.cpp,748,17329242276,10228838,2,
Physics::Step,C:\Users\ivanm\source\repos\myengine\engine\src\ecs\systems\PhysicsSystem.cpp,748,17339471234,9620471,2,
Physics::Step,C:\Users\ivanm\source\repos\myengine\engine\src\ecs\systems\PhysicsSystem.cpp,748,17368643848,9883061,2,
Physics::Step,C:\Users\ivanm\source\repos\myengine\engine\src\ecs\systems\PhysicsSystem.cpp,748,17378527039,10214360,2,
Physics::Step,C:\Users\ivanm\source\repos\myengine\engine\src\ecs\systems\PhysicsSystem.cpp,748,17388741529,9896316,2,
Physics::Step,C:\Users\ivanm\source\repos\myengine\engine\src\ecs\systems\PhysicsSystem.cpp,748,17419809197,10359486,2,
Physics::Step,C:\Users\ivanm\source\repos\myengine\engine\src\ecs\systems\PhysicsSystem.cpp,748,17430168863,9744522,2,
Physics::Step,C:\Users\ivanm\source\repos\myengine\engine\src\ecs\systems\PhysicsSystem.cpp,748,17439913575,9541672,2,
Physics::Step,C:\Users\ivanm\source\repos\myengine\engine\src\ecs\systems\PhysicsSystem.cpp,748,17469895609,10691267,2,
Physics::Step,C:\Users\ivanm\source\repos\myengine\engine\src\ecs\systems\PhysicsSystem.cpp,748,17480587437,8794731,2,
Physics::Step,C:\Users\ivanm\source\repos\myengine\engine\src\ecs\systems\PhysicsSystem.cpp,748,17489382288,6813995,2,
Physics::Step,C:\Users\ivanm\source\repos\myengine\engine\src\ecs\systems\PhysicsSystem.cpp,748,17509713252,7151888,2,
Physics::Step,C:\Users\ivanm\source\repos\myengine\engine\src\ecs\systems\PhysicsSystem.cpp,748,17516865501,7219103,2,
Physics::Step,C:\Users\ivanm\source\repos\myengine\engine\src\ecs\systems\PhysicsSystem.cpp,748,17537101152,7345375,2,
Physics::Step,C:\Users\ivanm\source\repos\myengine\engine\src\ecs\systems\PhysicsSystem.cpp,748,17544446637,6776734,2,
Physics::Step,C:\Users\ivanm\source\repos\myengine\engine\src\ecs\systems\PhysicsSystem.cpp,748,17565089872,10653485,2,
Physics::Step,C:\Users\ivanm\source\repos\myengine\engine\src\ecs\systems\PhysicsSystem.cpp,748,17575743478,8045296,2,
Physics::Step,C:\Users\ivanm\source\repos\myengine\engine\src\ecs\systems\PhysicsSystem.cpp,748,17596165946,8118986,2,
Physics::Step,C:\Users\ivanm\source\repos\myengine\engine\src\ecs\systems\PhysicsSystem.cpp,748,17604285193,8131640,2,
Physics::Step,C:\Users\ivanm\source\repos\myengine\engine\src\ecs\systems\PhysicsSystem.cpp,748,17627278098,9163472,2,
Physics::Step,C:\Users\ivanm\source\repos\myengine\engine\src\ecs\systems\PhysicsSystem.cpp,748,17651342530,8487627,2,
Physics::Step,C:\Users\ivanm\source\repos\myengine\engine\src\ecs\systems\PhysicsSystem.cpp,748,17659830899,8354444,2,
Physics::Step,C:\Users\ivanm\source\repos\myengine\engine\src\ecs\systems\PhysicsSystem.cpp,748,17681834553,9833627,2,
Physics::Step,C:\Users\ivanm\source\repos\myengine\engine\src\ecs\systems\PhysicsSystem.cpp,748,17691668200,9043634,2,
Physics::Step,C:\Users\ivanm\source\repos\myengine\engine\src\ecs\systems\PhysicsSystem.cpp,748,17716957606,8859314,2,
Physics::Step,C:\Users\ivanm\source\repos\myengine\engine\src\ecs\systems\PhysicsSystem.cpp,748,17725816970,8004379,2,
Physics::Step,C:\Users\ivanm\source\repos\myengine\engine\src\ecs\systems\PhysicsSystem.cpp,748,17747353136,8313626,2,
Physics::Step,C:\Users\ivanm\source\repos\myengine\engine\src\ecs\systems\PhysicsSystem.cpp,748,17755666862,7591384,2,
Physics::Step,C:\Users\ivanm\source\repos\myengine\engine\src\ecs\systems\PhysicsSystem.cpp,748,17776791606,8025749,2,
Physics::Step,C:\Users\ivanm\source\repos\myengine\engine\src\ecs\systems\PhysicsSystem.cpp,748,17798525578,8690923,2,
Physics::Step,C:\Users\ivanm\source\repos\myengine\engine\src\ecs\systems\PhysicsSystem.cpp,748,17807216642,7194659,2,
Physics::Step,C:\Users\ivanm\source\repos\myengine\engine\src\ecs\systems\PhysicsSystem.cpp,748,17827861994,9344757,2,
Physics::Step,C:\Users\ivanm\source\repos\myengine\engine\src\ecs\systems\PhysicsSystem.cpp,748,17850378333,7921421,2,
Physics::Step,C:\Users\ivanm\source\repos\myengine\engine\src\ecs\systems\PhysicsSystem.cpp,748,17858299834,8651899,2,
Physics::Step,C:\Users\ivanm\source\repos\myengine\engine\src\ecs\systems\PhysicsSystem.cpp,748,17881458424,8251298,2,
Physics::Step,C:\Users\ivanm\source\repos\myengine\engine\src\ecs\systems\PhysicsSystem.cpp,748,17889709923,7277546,2,
Physics::Step,C:\Users\ivanm\source\repos\myengine\engine\src\ecs\systems\PhysicsSystem.cpp,748,17910722914,7579871,2,
Physics::Step,C:\Users\ivanm\source\repos\myengine\engine\src\ecs\systems\PhysicsSystem.cpp,748,17932948570,8495533,2,
Physics::Step,C:\Users\ivanm\source\repos\myengine\engine\src\ecs\systems\PhysicsSystem.cpp,748,17941444624,7477416,2,
Physics::Step,C:\Users\ivanm\source\repos\myengine\engine\src\ecs\systems\PhysicsSystem.cpp,748,17961667212,8515270,2,
Physics::Step,C:\Users\ivanm\source\repos\myengine\engine\src\ecs\systems\PhysicsSystem.cpp,748,17983263131,7454643,2,
Physics::Step,C:\Users\ivanm\source\repos\myengine\engine\src\ecs\systems\PhysicsSystem.cpp,748,17990717845,7506642,2,
Physics::Step,C:\Users\ivanm\source\repos\myengine\engine\src\ecs\systems\PhysicsSystem.cpp,748,18012202723,8308927,2,
Physics::Step,C:\Users\ivanm\source\repos\myengine\engine\src\ecs\systems\PhysicsSystem.cpp,748,18034994195,7833985,2,
Physics::Step,C:\Users\ivanm\source\repos\myengine\engine\src\ecs\systems\PhysicsSystem.cpp,748,18042828210,7245215,2,
Physics::Step,C:\Users\ivanm\source\repos\myengine\engine\src\ecs\systems\PhysicsSystem.cpp,748,18063428676,7889500,2,
Physics::Step,C:\Users\ivanm\source\repos\myengine\engine\src\ecs\systems\PhysicsSystem.cpp,748,18071318286,7214327,2,
Physics::Step,C:\Users\ivanm\source\repos\myengine\engine\src\ecs\systems\PhysicsSystem.cpp,748,18091099726,8391414,2,
Physics::Step,C:\Users\ivanm\source\repos\myengine\engine\src\ecs\systems\PhysicsSystem.cpp,748,18114790889,7487155,2,
Physics::Step,C:\Users\ivanm\source\repos\myengine\engine\src\ecs\systems\PhysicsSystem.cpp,748,18122278184,7130547,2,
Physics::Step,C:\Users\ivanm\source\repos\myengine\engine\src\ecs\systems\PhysicsSystem.cpp,748,18146183905,8097503,2,
Physics::Step,C:\Users\ivanm\source\repos\myengine\engine\src\ecs\systems\PhysicsSystem.cpp,748,18154281609,7636909,2,
Physics::Step,C:\Users\ivanm\source\repos\myengine\engine\src\ecs\systems\PhysicsSystem.cpp,748,18180594296,10616504,2,
Physics::Step,C:\Users\ivanm\source\repos\myengine\engine\src\ecs\systems\PhysicsSystem.cpp,748,18191210921,10802227,2,
Physics::Step,C:\Users\ivanm\source\repos\myengine\engine\src\ecs\systems\PhysicsSystem.cpp,748,18218335684,7339143,2,
Physics::Step,C:\Users\ivanm\source\repos\myengine\engine\src\ecs\systems\PhysicsSystem.cpp,748,18225674937,7199048,2,
Physics::Step,C:\Users\ivanm\source\repos\myengine\engine\src\ecs\systems\PhysicsSystem.cpp,748,18246447111,7176645,2,
Physics::Step,C:\Users\ivanm\source\repos\myengine\engine\src\ecs\systems\PhysicsSystem.cpp,748,18253624006,7093567,2,
Physics::Step,C:\Users\ivanm\source\repos\myengine\engine\src\ecs\systems\PhysicsSystem.cpp,748,18273817700,7753671,2,
Physics::Step,C:\Users\ivanm\source\repos\myengine\engine\src\ecs\systems\PhysicsSystem.cpp,748,18295922757,9519799,2,
Physics::Step,C:\Users\ivanm\source\repos\myengine\engine\src\ecs\systems\PhysicsSystem.cpp,748,18305442616,7370984,2,
Physics::Step,C:\Users\ivanm\source\repos\myengine\engine\src\ecs\systems\PhysicsSystem.cpp,748,18329899335,14939433,2,
Physics::Step,C:\Users\ivanm\source\repos\myengine\engine\src\ecs\systems\PhysicsSystem.cpp,748,18344839029,12836034,2,
Physics::Step,C:\Users\ivanm\source\repos\myengine\engine\src\ecs\systems\PhysicsSystem.cpp,748,18374990334,10406475,2,
Physics::Step,C:\Users\ivanm\source\repos\myengine\engine\src\ecs\systems\PhysicsSystem.cpp,748,18385396839,8829328,2,
Physics::Step,C:\Users\ivanm\source\repos\myengine\engine\src\ecs\systems\PhysicsSystem.cpp,748,18411875332,10516074,2,
Physics::Step,C:\Users\ivanm\source\repos\myengine\engine\src\ecs\systems\PhysicsSystem.cpp,748,18422391436,10243305,2,
Physics::Step,C:\Users\ivanm\source\repos\myengine\engine\src\ecs\systems\PhysicsSystem.cpp,748,18453669673,8553162,2,
Physics::Step,C:\Users\ivanm\source\repos\myengine\engine\src\ecs\systems\PhysicsSystem.cpp,748,18462222865,11043226,2,
Physics::Step,C:\Users\ivanm\source\repos\myengine\engine\src\ecs\systems\PhysicsSystem.cpp,748,18473266222,10490104,2,
Physics::Step,C:\Users\ivanm\source\repos\myengine\engine\src\ecs\systems\PhysicsSystem.cpp,748,18502938506,11017587,2,
Physics::Step,C:\Users\ivanm\source\repos\myengine\engine\src\ecs\systems\PhysicsSystem.cpp,748,18513956584,9933496,2,
Physics::Step,C:\Users\ivanm\source\repos\myengine\engine\src\ecs\systems\PhysicsSystem.cpp,748,18523890191,9674353,2,
Physics::Step,C:\Users\ivanm\source\repos\myengine\engine\src\ecs\systems\PhysicsSystem.cpp,748,18552333609,10200754,2,
Physics::Step,C:\Users\ivanm\source\repos\myengine\engine\src\ecs\systems\PhysicsSystem.cpp,748,18562534523,11184294,2,
Physics::Step,C:\Users\ivanm\source\repos\myengine\engine\src\ecs\systems\PhysicsSystem.cpp,748,18573718838,9899812,2,
Physics::Step,C:\Users\ivanm\source\repos\myengine\engine\src\ecs\systems\PhysicsSystem.cpp,748,18602800429,11345601,2,
Physics::Step,C:\Users\ivanm\source\repos\myengine\engine\src\ecs\systems\PhysicsSystem.cpp,748,18614146150,9715622,2,
Physics::Step,C:\Users\ivanm\source\repos\myengine\engine\src\ecs\systems\PhysicsSystem.cpp,748,18623861792,9680696,2,
Physics::Step,C:\Users\ivanm\source\repos\myengine\engine\src\ecs\systems\PhysicsSystem.cpp,748,18652954104,10435661,2,
Physics::Step,C:\Users\ivanm\source\repos\myengine\engine\src\ecs\systems\PhysicsSystem.cpp,748,18663389825,10862963,2,
Physics::Step,C:\Users\ivanm\source\repos\myengine\engine\src\ecs\systems\PhysicsSystem.cpp,748,18674252878,9506735,2,
Physics::Step,C:\Users\ivanm\source\repos\myengine\engine\src\ecs\systems\PhysicsSystem.cpp,748,18702729520,11275567,2,
Physics::Step,C:\Users\ivanm\source\repos\myengine\engine\src\ecs\systems\PhysicsSystem.cpp,748,18714005188,8368931,2,
Physics::Step,C:\Users\ivanm\source\repos\myengine\engine\src\ecs\systems\PhysicsSystem.cpp,748,18722374620,7275643,2,
Physics::Step,C:\Users\ivanm\source\repos\myengine\engine\src\ecs\systems\PhysicsSystem.cpp,748,18746506040,8244685,2,
Physics::Step,C:\Users\ivanm\source\repos\myengine\engine\src\ecs\systems\PhysicsSystem.cpp,748,18754750765,7183638,2,
Physics::Step,C:\Users\ivanm\source\repos\myengine\engine\src\ecs\systems\PhysicsSystem.cpp,748,18761934443,7366646,2,
Physics::Step,C:\Users\ivanm\source\repos\myengine\engine\src\ecs\systems\PhysicsSystem.cpp,748,18782724541,7853471,2,
Physics::Step,C:\Users\ivanm\source\repos\myengine\engine\src\ecs\systems\PhysicsSystem.cpp,748,18790578052,9020029,2,
Physics::Step,C:\Users\ivanm\source\repos\myengine\engine\src\ecs\systems\PhysicsSystem.cpp,748,18816572685,11467352,2,
Physics::Step,C:\Users\ivanm\source\repos\myengine\engine\src\ecs\systems\PhysicsSystem.cpp,748,18828040207,11429491,2,
Physics::Step,C:\Users\ivanm\source\repos\myengine\engine\src\ecs\systems\PhysicsSystem.cpp,748,18855334300,10755559,2,
Physics::Step,C:\Users\ivanm\source\repos\myengine\engine\src\ecs\systems\PhysicsSystem.cpp,748,18866089899,8113504,2,
Physics::Step,C:\Users\ivanm\source\repos\myengine\engine\src\ecs\systems\PhysicsSystem.cpp,748,18891665440,13897573,2,
Physics::Step,C:\Users\ivanm\source\repos\myengine\engine\src\ecs\systems\PhysicsSystem.cpp,748,18905563123,10258655,2,
Physics::Step,C:\Users\ivanm\source\repos\myengine\engine\src\ecs\systems\PhysicsSystem.cpp,748,18933838505,7921010,2,
Physics::Step,C:\Users\ivanm\source\repos\myengine\engine\src\ecs\systems\PhysicsSystem.cpp,748,18941759715,9943743,2,
Physics::Step,C:\Users\ivanm\source\repos\myengine\engine\src\ecs\systems\PhysicsSystem.cpp,748,18951703568,10302959,2,
Physics::Step,C:\Users\ivanm\source\repos\myengine\engine\src\ecs\systems\PhysicsSystem.cpp,748,18981840626,11017648,2,
Physics::Step,C:\Users\ivanm\source\repos\myengine\engine\src\ecs\systems\PhysicsSystem.cpp,748,18992858424,7968290,2,
Physics::Step,C:\Users\ivanm\source\repos\myengine\engine\src\ecs\systems\PhysicsSystem.cpp,748,19000826934,7726931,2,
Physics::Step,C:\Users\ivanm\source\repos\myengine\engine\src\ecs\systems\PhysicsSystem.cpp,748,19022367789,7824706,2,
Physics::Step,C:\Users\ivanm\source\repos\myengine\engine\src\ecs\systems\PhysicsSystem.cpp,748,19030192886,8804299,2,
Physics::Step,C:\Users\ivanm\source\repos\myengine\engine\src\ecs\systems\PhysicsSystem.cpp,748,19053576625,7271334,2,
Physics::Step,C:\Users\ivanm\source\repos\myengine\engine\src\ecs\systems\PhysicsSystem.cpp,748,19060847999,7054984,2,
Physics::Step,C:\Users\ivanm\source\repos\myengine\engine\src\ecs\systems\PhysicsSystem.cpp,748,19082025784,7345776,2,
Physics::Step,C:\Users\ivanm\source\repos\myengine\engine\src\ecs\systems\PhysicsSystem.cpp,748,19089371590,6653240,2,
Physics::Step,C:\Users\ivanm\source\repos\myengine\engine\src\ecs\systems\PhysicsSystem.cpp,748,19109676595,7690181,2,
Physics::Step,C:\Users\ivanm\source\repos\myengine\engine\src\ecs\systems\PhysicsSystem.cpp,748,19130004914,8917435,2,
Physics::Step,C:\Users\ivanm\source\repos\myengine\engine\src\ecs\systems\PhysicsSystem.cpp,748,19138922439,7124225,2,
Physics::Step,C:\Users\ivanm\source\repos\myengine\engine\src\ecs\systems\PhysicsSystem.cpp,748,19158546539,7704559,2,
Physics::Step,C:\Users\ivanm\source\repos\myengine\engine\src\ecs\systems\PhysicsSystem.cpp,748,19179506519,7365414,2,
Physics::Step,C:\Users\ivanm\source\repos\myengine\engine\src\ecs\systems\PhysicsSystem.cpp,748,19186872043,9449376,2,
Physics::Step,C:\Users\ivanm\source\repos\myengine\engine\src\ecs\systems\PhysicsSystem.cpp,748,19209783534,7301872,2,
Physics::Step,C:\Users\ivanm\source\repos\myengine\engine\src\ecs\systems\PhysicsSystem.cpp,748,19232147523,8127222,2,
Physics::Step,C:\Users\ivanm\source\repos\myengine\engine\src\ecs\systems\PhysicsSystem.cpp,748,19240274876,6841086,2,
Physics::Step,C:\Users\ivanm\source\repos\myengine\engine\src\ecs\systems\PhysicsSystem.cpp,748,19259567726,7638643,2,
Physics::Step,C:\Users\ivanm\source\repos\myengine\engine\src\ecs\systems\PhysicsSystem.cpp,748,19280109020,7864974,2,
Physics::Step,C:\Users\ivanm\source\repos\myengine\engine\src\ecs\systems\PhysicsSystem.cpp,748,19287974104,7120197,2,
Physics::Step,C:\Users\ivanm\source\repos\myengine\engine\src\ecs\systems\PhysicsSystem.cpp,748,19308176008,6935867,2,
Physics::Step,C:\Users\ivanm\source\repos\myengine\engine\src\ecs\systems\PhysicsSystem.cpp,748,19327265742,7622783,2,
Physics::Step,C:\Users\ivanm\source\repos\myengine\engine\src\ecs\systems\PhysicsSystem.cpp,748,19347797008,7096422,2,
Physics::Step,C:\Users\ivanm\source\repos\myengine\engine\src\ecs\systems\PhysicsSystem.cpp,748,19354893550,6598014,2,
Physics::Step,C:\Users\ivanm\source\repos\myengine\engine\src\ecs\systems\PhysicsSystem.cpp,748,19374356845,7096812,2,
Physics::Step,C:\Users\ivanm\source\repos\myengine\engine\src\ecs\systems\PhysicsSystem.cpp,748,19395199432,8570184,2,
Physics::Step,C:\Users\ivanm\source\repos\myengine\engine\src\ecs\systems\PhysicsSystem.cpp,748,19416052779,7005910,2,
Physics::Step,C:\Users\ivanm\source\repos\myengine\engine\src\ecs\systems\PhysicsSystem.cpp,748,19423058809,6558259,2,
Physics::Step,C:\Users\ivanm\source\repos\myengine\engine\src\ecs\systems\PhysicsSystem.cpp,748,19443131453,6971544,2,
Physics::Step,C:\Users\ivanm\source\repos\myengine\engine\src\ecs\systems\PhysicsSystem.cpp,748,19469129481,10079925,2,
Physics::Step,C:\Users\ivanm\source\repos\myengine\engine\src\ecs\systems\PhysicsSystem.cpp,748,19479210157,9675877,2,
Physics::Step,C:\Users\ivanm\source\repos\myengine\engine\src\ecs\systems\PhysicsSystem.cpp,748,19507637164,7062608,2,
Physics::Step,C:\Users\ivanm\source\repos\myengine\engine\src\ecs\systems\PhysicsSystem.cpp,748,19514699872,6806692,2,
Physics::Step,C:\Users\ivanm\source\repos\myengine\engine\src\ecs\systems\PhysicsSystem.cpp,748,19534229844,7181193,2,
Physics::Step,C:\Users\ivanm\source\repos\myengine\engine\src\ecs\systems\PhysicsSystem.cpp,748,19541411147,6827912,2,
Physics::Step,C:\Users\ivanm\source\repos\myengine\engine\src\ecs\systems\PhysicsSystem.cpp,748,19560748202,7189790,2,
Physics::Step,C:\Users\ivanm\source\repos\myengine\engine\src\ecs\systems\PhysicsSystem.cpp,748,19581047626,6965934,2,
Physics::Step,C:\Users\ivanm\source\repos\myengine\engine\src\ecs\systems\PhysicsSystem.cpp,748,19588013600,6758029,2,
Physics::Step,C:\Users\ivanm\source\repos\myengine\engine\src\ecs\systems\PhysicsSystem.cpp,748,19607794519,7143812,2,
Physics::Step,C:\Users\ivanm\source\repos\myengine\engine\src\ecs\systems\PhysicsSystem.cpp,748,19627245009,7955215,2,
Physics::Step,C:\Users\ivanm\source\repos\myengine\engine\src\ecs\systems\PhysicsSystem.cpp,748,19647806031,7180462,2,
Physics::Step,C:\Users\ivanm\source\repos\myengine\engine\src\ecs\systems\PhysicsSystem.cpp,748,19654986583,6656155,2,
Physics::Step,C:\Users\ivanm\source\repos\myengine\engine\src\ecs\systems\PhysicsSystem.cpp,748,19674248896,7199297,2,
Physics::Step,C:\Users\ivanm\source\repos\myengine\engine\src\ecs\systems\PhysicsSystem.cpp,748,19693735324,7854624,2,
Physics::Step,C:\Users\ivanm\source\repos\myengine\engine\src\ecs\systems\PhysicsSystem.cpp,748,19714395595,6864561,2,
Physics::Step,C:\Users\ivanm\source\repos\myengine\engine\src\ecs\systems\PhysicsSystem.cpp,748,19721260577,7230898,2,
Physics::Step,C:\Users\ivanm\source\repos\myengine\engine\src\ecs\systems\PhysicsSystem.cpp,748,19741663558,6831809,2,
Physics::Step,C:\Users\ivanm\source\repos\myengine\engine\src\ecs\systems\PhysicsSystem.cpp,748,19760729898,6938352,2,
Physics::Step,C:\Users\ivanm\source\repos\myengine\engine\src\ecs\systems\PhysicsSystem.cpp,748,19780682112,6998616,2,
Physics::Step,C:\Users\ivanm\source\repos\myengine\engine\src\ecs\systems\PhysicsSystem.cpp,748,19787680829,6626037,2,
Physics::Step,C:\Users\ivanm\source\repos\myengine\engine\src\ecs\systems\PhysicsSystem.cpp,748,19807724356,7273920,2,
Physics::Step,C:\Users\ivanm\source\repos\myengine\engine\src\ecs\systems\PhysicsSystem.cpp,748,19827681520,7748051,2,
Physics::Step,C:\Users\ivanm\source\repos\myengine\engine\src\ecs\systems\PhysicsSystem.cpp,748,19848071887,7810760,2,
Physics::Step,C:\Users\ivanm\source\repos\myengine\engine\src\ecs\systems\PhysicsSystem.cpp,748,19855882768,6588696,2,
Physics::Step,C:\Users\ivanm\source\repos\myengine\engine\src\ecs\systems\PhysicsSystem.cpp,748,19877023802,7212353,2,
Physics::Step,C:\Users\ivanm\source\repos\myengine\engine\src\ecs\systems\PhysicsSystem.cpp,748,19896825119,8043363,2,
Physics::Step,C:\Users\ivanm\source\repos\myengine\engine\src\ecs\systems\PhysicsSystem.cpp,748,19904868612,8518416,2,
Physics::Step,C:\Users\ivanm\source\repos\myengine\engine\src\ecs\systems\PhysicsSystem.cpp,748,19926262127,7058991,2,
Physics::Step,C:\Users\ivanm\source\repos\myengine\engine\src\ecs\systems\PhysicsSystem.cpp,748,19946088081,7086303,2,
Physics::Step,C:\Users\ivanm\source\repos\myengine\engine\src\ecs\systems\PhysicsSystem.cpp,748,19953174404,6762006,2,
Physics::Step,C:\Users\ivanm\source\repos\myengine\engine\src\ecs\systems\PhysicsSystem.cpp,748,19973117942,7070643,2,
Physics::Step,C:\Users\ivanm\source\repos\myengine\engine\src\ecs\systems\PhysicsSystem.cpp,748,19992160927,7172667,2,
Physics::Step,C:\Users\ivanm\source\repos\myengine\engine\src\ecs\systems\PhysicsSystem.cpp,748,20012930475,7396743,2,
Physics::Step,C:\Users\ivanm\source\repos\myengine\engine\src\ecs\systems\PhysicsSystem.cpp,748,20020327329,6903655,2,
Physics::Step,C:\Users\ivanm\source\repos\myengine\engine\src\ecs\systems\PhysicsSystem.cpp,748,20040250347,6983808,2,
Physics::Step,C:\Users\ivanm\source\repos\myengine\engine\src\ecs\systems\PhysicsSystem.cpp,748,20060152351,7237451,2,
Physics::Step,C:\Users\ivanm\source\repos\myengine\engine\src\ecs\systems\PhysicsSystem.cpp,748,20080374459,6952528,2,
Physics::Step,C:\Users\ivanm\source\repos\myengine\engine\src\ecs\systems\PhysicsSystem.cpp,748,20087327027,6860664,2,
Physics::Step,C:\Users\ivanm\source\repos\myengine\engine\src\ecs\systems\PhysicsSystem.cpp,748,20109120883,7244193,2,
Physics::Step,C:\Users\ivanm\source\repos\myengine\engine\src\ecs\systems\PhysicsSystem.cpp,748,20128852167,8123044,2,
Physics::Step,C:\Users\ivanm\source\repos\myengine\engine\src\ecs\systems\PhysicsSystem.cpp,748,20149685236,7144193,2,
Physics::Step,C:\Users\ivanm\source\repos\myengine\engine\src\ecs\systems\PhysicsSystem.cpp,748,20156829569,6939204,2,
Physics::Step,C:\Users\ivanm\source\repos\myengine\engine\src\ecs\systems\PhysicsSystem.cpp,748,20176572115,6901081,2,
Physics::Step,C:\Users\ivanm\source\repos\myengine\engine\src\ecs\systems\PhysicsSystem.cpp,748,20196847884,7659233,2,
Physics::Step,C:\Users\ivanm\source\repos\myengine\engine\src\ecs\systems\PhysicsSystem.cpp,748,20204507287,6779259,2,
Physics::Step,C:\Users\ivanm\source\repos\myengine\engine\src\ecs\systems\PhysicsSystem.cpp,748,20223522930,6869421,2,
Physics::Step,C:\Users\ivanm\source\repos\myengine\engine\src\ecs\systems\PhysicsSystem.cpp,748,20243565777,7009978,2,
Physics::Step,C:\Users\ivanm\source\repos\myengine\engine\src\ecs\systems\PhysicsSystem.cpp,748,20263256083,7595531,2,
Physics::Step,C:\Users\ivanm\source\repos\myengine\engine\src\ecs\systems\PhysicsSystem.cpp,748,20270851745,6792875,2,
Physics::Step,C:\Users\ivanm\source\repos\myengine\engine\src\ecs\systems\PhysicsSystem.cpp,748,20289687406,7190912,2,
Physics::Step,C:\Users\ivanm\source\repos\myengine\engine\src\ecs\systems\PhysicsSystem.cpp,748,20311567901,7021269,2,
Physics::Step,C:\Users\ivanm\source\repos\myengine\engine\src\ecs\systems\PhysicsSystem.cpp,748,20331786682,7413465,2,
Physics::Step,C:\Users\ivanm\source\repos\myengine\engine\src\ecs\systems\PhysicsSystem.cpp,748,20339200268,6800499,2,
Physics::Step,C:\Users\ivanm\source\repos\myengine\engine\src\ecs\systems\PhysicsSystem.cpp,748,20358109940,7219466,2,
Physics::Step,C:\Users\ivanm\source\repos\myengine\engine\src\ecs\systems\PhysicsSystem.cpp,748,20378708483,6937139,2,
Physics::Step,C:\Users\ivanm\source\repos\myengine\engine\src\ecs\systems\PhysicsSystem.cpp,748,20398537463,8017513,2,
Physics::Step,C:\Users\ivanm\source\repos\myengine\engine\src\ecs\systems\PhysicsSystem.cpp,748,20406555006,6725517,2,
Physics::Step,C:\Users\ivanm\source\repos\myengine\engine\src\ecs\systems\PhysicsSystem.cpp,748,20425692852,7205650,2,
Physics::Step,C:\Users\ivanm\source\repos\myengine\engine\src\ecs\systems\PhysicsSystem.cpp,748,20445435738,6865012,2,
Physics::Step,C:\Users\ivanm\source\repos\myengine\engine\src\ecs\systems\PhysicsSystem.cpp,748,20465050160,7427161,2,
Physics::Step,C:\Users\ivanm\source\repos\myengine\engine\src\ecs\systems\PhysicsSystem.cpp,748,20472477361,6696752,2,
Physics::Step,C:\Users\ivanm\source\repos\myengine\engine\src\ecs\systems\PhysicsSystem.cpp,748,20491198064,7165383,2,
Physics::Step,C:\Users\ivanm\source\repos\myengine\engine\src\ecs\systems\PhysicsSystem.cpp,748,20512502990,7162388,2,
Physics::Step,C:\Users\ivanm\source\repos\myengine\engine\src\ecs\systems\PhysicsSystem.cpp,748,20533331040,7189559,2,
Physics::Step,C:\Users\ivanm\source\repos\myengine\engine\src\ecs\systems\PhysicsSystem.cpp,748,20540520799,6698786,2,
Physics::Step,C:\Users\ivanm\source\repos\myengine\engine\src\ecs\systems\PhysicsSystem.cpp,748,20559340530,7023203,2,
Physics::Step,C:\Users\ivanm\source\repos\myengine\engine\src\ecs\systems\PhysicsSystem.cpp,748,20579029314,6992153,2,
Physics::Step,C:\Users\ivanm\source\repos\myengine\engine\src\ecs\systems\PhysicsSystem.cpp,748,20599416833,7376345,2,
Physics::Step,C:\Users\ivanm\source\repos\myengine\engine\src\ecs\systems\PhysicsSystem.cpp,748,20606793278,6679619,2,
Physics::Step,C:\Users\ivanm\source\repos\myengine\engine\src\ecs\systems\PhysicsSystem.cpp,748,20625612117,7153761,2,
Physics::Step,C:\Users\ivanm\source\repos\myengine\engine\src\ecs\systems\PhysicsSystem.cpp,748,20645329886,7337610,2,
Physics::Step,C:\Users\ivanm\source\repos\myengine\engine\src\ecs\systems\PhysicsSystem.cpp,748,20666054458,7335637,2,
Physics::Step,C:\Users\ivanm\source\repos\myengine\engine\src\ecs\systems\PhysicsSystem.cpp,748,20673390205,7261697,2,
Physics::Step,C:\Users\ivanm\source\repos\myengine\engine\src\ecs\systems\PhysicsSystem.cpp,748,20693700661,7281093,2,
Physics::Step,C:\Users\ivanm\source\repos\myengine\engine\src\ecs\systems\PhysicsSystem.cpp,748,20713404483,7128092,2,
Physics::Step,C:\Users\ivanm\source\repos\myengine\engine\src\ecs\systems\PhysicsSystem.cpp,748,20720532605,6943181,2,
Physics::Step,C:\Users\ivanm\source\repos\myengine\engine\src\ecs\systems\PhysicsSystem.cpp,748,20741385985,7555885,2,
Physics::Step,C:\Users\ivanm\source\repos\myengine\engine\src\ecs\systems\PhysicsSystem.cpp,748,20762086562,7611812,2,
Physics::Step,C:\Users\ivanm\source\repos\myengine\engine\src\ecs\systems\PhysicsSystem.cpp,748,20782586367,6907854,2,
Physics::Step,C:\Users\ivanm\source\repos\myengine\engine\src\ecs\systems\PhysicsSystem.cpp,748,20789494261,6719235,2,
Physics::Step,C:\Users\ivanm\source\repos\myengine\engine\src\ecs\systems\PhysicsSystem.cpp,748,20809162736,7033201,2,
Physics::Step,C:\Users\ivanm\source\repos\myengine\engine\src\ecs\systems\PhysicsSystem.cpp,748,20829817686,7664171,2,
Physics::Step,C:\Users\ivanm\source\repos\myengine\engine\src\ecs\systems\PhysicsSystem.cpp,748,20837481968,6911230,2,
Physics::Step,C:\Users\ivanm\source\repos\myengine\engine\src\ecs\systems\PhysicsSystem.cpp,748,20856649480,7206080,2,
Physics::Step,C:\Users\ivanm\source\repos\myengine\engine\src\ecs\systems\PhysicsSystem.cpp,748,20877382839,6990992,2,
Physics::Step,C:\Users\ivanm\source\repos\myengine\engine\src\ecs\systems\PhysicsSystem.cpp,748,20897086200,8957801,2,
Physics::Step,C:\Users\ivanm\source\repos\myengine\engine\src\ecs\systems\PhysicsSystem.cpp,748,20906044232,7478178,2,
Physics::Step,C:\Users\ivanm\source\repos\myengine\engine\src\ecs\systems\PhysicsSystem.cpp,748,20926142905,7151617,2,
Physics::Step,C:\Users\ivanm\source\repos\myengine\engine\src\ecs\systems\PhysicsSystem.cpp,748,20946554452,7142440,2,
Physics::Step,C:\Users\ivanm\source\repos\myengine\engine\src\ecs\systems\PhysicsSystem.cpp,748,20953697012,6647759,2,
Physics::Step,C:\Users\ivanm\source\repos\myengine\engine\src\ecs\systems\PhysicsSystem.cpp,748,20975134039,6964091,2,
Physics::Step,C:\Users\ivanm\source\repos\myengine\engine\src\ecs\systems\PhysicsSystem.cpp,748,20994368449,8000210,2,
Physics::Step,C:\Users\ivanm\source\repos\myengine\engine\src\ecs\systems\PhysicsSystem.cpp,748,21015357068,7085211,2,
Physics::Step,C:\Users\ivanm\source\repos\myengine\engine\src\ecs\systems\PhysicsSystem.cpp,748,21022442430,6706320,2,
Physics::Step,C:\Users\ivanm\source\repos\myengine\engine\src\ecs\systems\PhysicsSystem.cpp,748,21043197660,7128814,2,
Physics::Step,C:\Users\ivanm\source\repos\myengine\engine\src\ecs\systems\PhysicsSystem.cpp,748,21062677186,7608085,2,
Physics::Step,C:\Users\ivanm\source\repos\myengine\engine\src\ecs\systems\PhysicsSystem.cpp,748,21070285431,6840466,2,
Physics::Step,C:\Users\ivanm\source\repos\myengine\engine\src\ecs\systems\PhysicsSystem.cpp,748,21089431493,7071995,2,
Physics::Step,C:\Users\ivanm\source\repos\myengine\engine\src\ecs\systems\PhysicsSystem.cpp,748,21109408654,7011862,2,
Physics::Step,C:\Users\ivanm\source\repos\myengine\engine\src\ecs\systems\PhysicsSystem.cpp,748,21128746951,8376576,2,
Physics::Step,C:\Users\ivanm\source\repos\myengine\engine\src\ecs\systems\PhysicsSystem.cpp,748,21150174731,7165313,2,
Physics::Step,C:\Users\ivanm\source\repos\myengine\engine\src\ecs\systems\PhysicsSystem.cpp,748,21157340435,6982445,2,
Physics::Step,C:\Users\ivanm\source\repos\myengine\engine\src\ecs\systems\PhysicsSystem.cpp,748,21177509602,7212122,2,
Physics::Step,C:\Users\ivanm\source\repos\myengine\engine\src\ecs\systems\PhysicsSystem.cpp,748,21198075413,8132311,2,
Physics::Step,C:\Users\ivanm\source\repos\myengine\engine\src\ecs\systems\PhysicsSystem.cpp,748,21206207744,6868058,2,
Physics::Step,C:\Users\ivanm\source\repos\myengine\engine\src\ecs\systems\PhysicsSystem.cpp,748,21225366991,7221159,2,
Physics::Step,C:\Users\ivanm\source\repos\myengine\engine\src\ecs\systems\PhysicsSystem.cpp,748,21246568951,6923113,2,
Physics::Step,C:\Users\ivanm\source\repos\myengine\engine\src\ecs\systems\PhysicsSystem.cpp,748,21253492104,8085367,2,
Physics::Step,C:\Users\ivanm\source\repos\myengine\engine\src\ecs\systems\PhysicsSystem.cpp,748,21274549264,7125808,2,
Physics::Step,C:\Users\ivanm\source\repos\myengine\engine\src\ecs\systems\PhysicsSystem.cpp,748,21294177272,7562648,2,
Physics::Step,C:\Users\ivanm\source\repos\myengine\engine\src\ecs\systems\PhysicsSystem.cpp,748,21314629016,7168348,2,
Physics::Step,C:\Users\ivanm\source\repos\myengine\engine\src\ecs\systems\PhysicsSystem.cpp,748,21321797395,6668448,2,
Physics::Step,C:\Users\ivanm\source\repos\myengine\engine\src\ecs\systems\PhysicsSystem.cpp,748,21341643828,6960403,2,
Physics::Step,C:\Users\ivanm\source\repos\myengine\engine\src\ecs\systems\PhysicsSystem.cpp,748,21360811600,7591213,2,
Physics::Step,C:\Users\ivanm\source\repos\myengine\engine\src\ecs\systems\PhysicsSystem.cpp,748,21381310674,7016340,2,
Physics::Step,C:\Users\ivanm\source\repos\myengine\engine\src\ecs\systems\PhysicsSystem.cpp,748,21388327124,6870463,2,
Physics::Step,C:\Users\ivanm\source\repos\myengine\engine\src\ecs\systems\PhysicsSystem.cpp,748,21408189358,7128383,2,
Physics::Step,C:\Users\ivanm\source\repos\myengine\engine\src\ecs\systems\PhysicsSystem.cpp,748,21428786498,7799168,2,
Physics::Step,C:\Users\ivanm\source\repos\myengine\engine\src\ecs\systems\PhysicsSystem.cpp,748,21449343011,7748903,2,
Physics::Step,C:\Users\ivanm\source\repos\myengine\engine\src\ecs\systems\PhysicsSystem.cpp,748,21457092064,7393166,2,
Physics::Step,C:\Users\ivanm\source\repos\myengine\engine\src\ecs\systems\PhysicsSystem.cpp,748,21477949179,7158159,2,
Physics::Step,C:\Users\ivanm\source\repos\myengine\engine\src\ecs\systems\PhysicsSystem.cpp,748,21497434355,7925448,2,
Physics::Step,C:\Users\ivanm\source\repos\myengine\engine\src\ecs\systems\PhysicsSystem.cpp,748,21505359934,6807082,2,
Physics::Step,C:\Users\ivanm\source\repos\myengine\engine\src\ecs\systems\PhysicsSystem.cpp,748,21524560584,7369732,2,
Physics::Step,C:\Users\ivanm\source\repos\myengine\engine\src\ecs\systems\PhysicsSystem.cpp,748,21546217680,7059362,2,
Physics::Step,C:\Users\ivanm\source\repos\myengine\engine\src\ecs\systems\PhysicsSystem.cpp,748,21553277172,6798876,2,
Physics::Step,C:\Users\ivanm\source\repos\myengine\engine\src\ecs\systems\PhysicsSystem.cpp,748,21573759424,7541959,2,
Physics::Step,C:\Users\ivanm\source\repos\myengine\engine\src\ecs\systems\PhysicsSystem.cpp,748,21593536445,7429996,2,
Physics::Step,C:\Users\ivanm\source\repos\myengine\engine\src\ecs\systems\PhysicsSystem.cpp,748,21614022113,7001793,2,
Physics::Step,C:\Users\ivanm\source\repos\myengine\engine\src\ecs\systems\PhysicsSystem.cpp,748,21621024046,6592143,2,
Physics::Step,C:\Users\ivanm\source\repos\myengine\engine\src\ecs\systems\PhysicsSystem.cpp,748,21640738628,6900259,2,
Physics::Step,C:\Users\ivanm\source\repos\myengine\engine\src\ecs\systems\PhysicsSystem.cpp,748,21659983979,7118744,2,
Physics::Step,C:\Users\ivanm\source\repos\myengine\engine\src\ecs\systems\PhysicsSystem.cpp,748,21679297539,7346357,2,
Physics::Step,C:\Users\ivanm\source\repos\myengine\engine\src\ecs\systems\PhysicsSystem.cpp,748,21686644066,6800750,2,
Physics::Step,C:\Users\ivanm\source\repos\myengine\engine\src\ecs\systems\PhysicsSystem.cpp,748,21706662386,6948541,2,
Physics::Step,C:\Users\ivanm\source\repos\myengine\engine\src\ecs\systems\PhysicsSystem.cpp,748,21726209941,6990371,2,
Physics::Step,C:\Users\ivanm\source\repos\myengine\engine\src\ecs\systems\PhysicsSystem.cpp,748,21745914334,7196052,2,
Physics::Step,C:\Users\ivanm\source\repos\myengine\engine\src\ecs\systems\PhysicsSystem.cpp,748,21753110496,7005619,2,
Physics::Step,C:\Users\ivanm\source\repos\myengine\engine\src\ecs\systems\PhysicsSystem.cpp,748,21772652660,7455656,2,
Physics::Step,C:\Users\ivanm\source\repos\myengine\engine\src\ecs\systems\PhysicsSystem.cpp,748,21792341324,7231428,2,
Physics::Step,C:\Users\ivanm\source\repos\myengine\engine\src\ecs\systems\PhysicsSystem.cpp,748,21811939916,6995720,2,
Physics::Step,C:\Users\ivanm\source\repos\myengine\engine\src\ecs\systems\PhysicsSystem.cpp,748,21832312549,7736514,2,
Physics::Step,C:\Users\ivanm\source\repos\myengine\engine\src\ecs\systems\PhysicsSystem.cpp,748,21840049373,6595991,2,
Physics::Step,C:\Users\ivanm\source\repos\myengine\engine\src\ecs\systems\PhysicsSystem.cpp,748,21858763604,7217633,2,
Physics::Step,C:\Users\ivanm\source\repos\myengine\engine\src\ecs\systems\PhysicsSystem.cpp,748,21880030368,7140535,2,
Physics::Step,C:\Users\ivanm\source\repos\myengine\engine\src\ecs\systems\PhysicsSystem.cpp,748,21887171004,6916770,2,
Physics::Step,C:\Users\ivanm\source\repos\myengine\engine\src\ecs\systems\PhysicsSystem.cpp,748,21907918109,7362598,2,
Physics::Step,C:\Users\ivanm\source\repos\myengine\engine\src\ecs\systems\PhysicsSystem.cpp,748,21927829315,7609668,2,
Physics::Step,C:\Users\ivanm\source\repos\myengine\engine\src\ecs\systems\PhysicsSystem.cpp,748,21948545622,7189139,2,
Physics::Step,C:\Users\ivanm\source\repos\myengine\engine\src\ecs\systems\PhysicsSystem.cpp,748,21955734881,7196763,2,
Physics::Step,C:\Users\ivanm\source\repos\myengine\engine\src\ecs\systems\PhysicsSystem.cpp,748,21975881114,7028273,2,
Physics::Step,C:\Users\ivanm\source\repos\myengine\engine\src\ecs\systems\PhysicsSystem.cpp,748,21995004473,7848171,2,
Physics::Step,C:\Users\ivanm\source\repos\myengine\engine\src\ecs\systems\PhysicsSystem.cpp,748,22015550816,7217212,2,
Physics::Step,C:\Users\ivanm\source\repos\myengine\engine\src\ecs\systems\PhysicsSystem.cpp,748,22022768138,6753490,2,
Physics::Step,C:\Users\ivanm\source\repos\myengine\engine\src\ecs\systems\PhysicsSystem.cpp,748,22042136893,6877837,2,
Physics::Step,C:\Users\ivanm\source\repos\myengine\engine\src\ecs\systems\PhysicsSystem.cpp,748,22062394428,7870303,2,
Physics::Step,C:\Users\ivanm\source\repos\myengine\engine\src\ecs\systems\PhysicsSystem.cpp,748,22082873594,7102975,2,
Physics::Step,C:\Users\ivanm\source\repos\myengine\engine\src\ecs\systems\PhysicsSystem.cpp,748,22089976669,7221370,2,
Physics::Step,C:\Users\ivanm\source\repos\myengine\engine\src\ecs\systems\PhysicsSystem.cpp,748,22110491673,7132551,2,
Physics::Step,C:\Users\ivanm\source\repos\myengine\engine\src\ecs\systems\PhysicsSystem.cpp,748,22129607036,7891304,2,
Physics::Step,C:\Users\ivanm\source\repos\myengine\engine\src\ecs\systems\PhysicsSystem.cpp,748,22137498530,6820808,2,
Physics::Step,C:\Users\ivanm\source\repos\myengine\engine\src\ecs\systems\PhysicsSystem.cpp,748,22156594667,7192715,2,
Physics::Step,C:\Users\ivanm\source\repos\myengine\engine\src\ecs\systems\PhysicsSystem.cpp,748,22176833867,7156105,2,
Physics::Step,C:\Users\ivanm\source\repos\myengine\engine\src\ecs\systems\PhysicsSystem.cpp,748,22198686163,7728113,2,
Physics::Step,C:\Users\ivanm\source\repos\myengine\engine\src\ecs\systems\PhysicsSystem.cpp,748,22206414577,6734494,2,
Physics::Step,C:\Users\ivanm\source\repos\myengine\engine\src\ecs\systems\PhysicsSystem.cpp,748,22225728656,7308295,2,
Physics::Step,C:\Users\ivanm\source\repos\myengine\engine\src\ecs\systems\PhysicsSystem.cpp,748,22245723191,7012062,2,
Physics::Step,C:\Users\ivanm\source\repos\myengine\engine\src\ecs\systems\PhysicsSystem.cpp,748,22267073984,7111461,2,
Physics::Step,C:\Users\ivanm\source\repos\myengine\engine\src\ecs\systems\PhysicsSystem.cpp,748,22274185705,6978027,2,
Physics::Step,C:\Users\ivanm\source\repos\myengine\engine\src\ecs\systems\PhysicsSystem.cpp,748,22293275740,8074943,2,
Physics::Step,C:\Users\ivanm\source\repos\myengine\engine\src\ecs\systems\PhysicsSystem.cpp,748,22314351723,7023944,2,
Physics::Step,C:\Users\ivanm\source\repos\myengine\engine\src\ecs\systems\PhysicsSystem.cpp,748,22321375798,7469982,2,
Physics::Step,C:\Users\ivanm\source\repos\myengine\engine\src\ecs\systems\PhysicsSystem.cpp,748,22341577727,6858570,2,
Physics::Step,C:\Users\ivanm\source\repos\myengine\engine\src\ecs\systems\PhysicsSystem.cpp,748,22360950760,7420699,2,
Physics::Step,C:\Users\ivanm\source\repos\myengine\engine\src\ecs\systems\PhysicsSystem.cpp,748,22381283347,7020067,2,
Physics::Step,C:\Users\ivanm\source\repos\myengine\engine\src\ecs\systems\PhysicsSystem.cpp,748,22388303535,6721218,2,
Physics::Step,C:\Users\ivanm\source\repos\myengine\engine\src\ecs\systems\PhysicsSystem.cpp,748,22408135680,6980863,2,
Physics::Step,C:\Users\ivanm\source\repos\myengine\engine\src\ecs\systems\PhysicsSystem.cpp,748,22427298053,7882487,2,
Physics::Step,C:\Users\ivanm\source\repos\myengine\engine\src\ecs\systems\PhysicsSystem.cpp,748,22448626955,6969160,2,
Physics::Step,C:\Users\ivanm\source\repos\myengine\engine\src\ecs\systems\PhysicsSystem.cpp,748,22455596255,6941999,2,
Physics::Step,C:\Users\ivanm\source\repos\myengine\engine\src\ecs\systems\PhysicsSystem.cpp,748,22475327028,6942670,2,
Physics::Step,C:\Users\ivanm\source\repos\myengine\engine\src\ecs\systems\PhysicsSystem.cpp,748,22494654735,7394850,2,
Physics::Step,C:\Users\ivanm\source\repos\myengine\engine\src\ecs\systems\PhysicsSystem.cpp,748,22514583886,7066064,2,
Physics::Step,C:\Users\ivanm\source\repos\myengine\engine\src\ecs\systems\PhysicsSystem.cpp,748,22521650251,6745555,2,
Physics::Step,C:\Users\ivanm\source\repos\myengine\engine\src\ecs\systems\PhysicsSystem.cpp,748,22541416792,7044353,2,
Physics::Step,C:\Users\ivanm\source\repos\myengine\engine\src\ecs\systems\PhysicsSystem.cpp,748,22560949448,7399258,2,
Physics::Step,C:\Users\ivanm\source\repos\myengine\engine\src\ecs\systems\PhysicsSystem.cpp,748,22581929346,7042891,2,
Physics::Step,C:\Users\ivanm\source\repos\myengine\engine\src\ecs\systems\PhysicsSystem.cpp,748,22588972277,6767577,2,
Physics::Step,C:\Users\ivanm\source\repos\myengine\engine\src\ecs\systems\PhysicsSystem.cpp,748,22608694945,7079700,2,
Physics::Step,C:\Users\ivanm\source\repos\myengine\engine\src\ecs\systems\PhysicsSystem.cpp,748,22628010749,7636529,2,
Physics::Step,C:\Users\ivanm\source\repos\myengine\engine\src\ecs\systems\PhysicsSystem.cpp,748,22648650180,7073919,2,
Physics::Step,C:\Users\ivanm\source\repos\myengine\engine\src\ecs\systems\PhysicsSystem.cpp,748,22655724209,6837240,2,
Physics::Step,C:\Users\ivanm\source\repos\myengine\engine\src\ecs\systems\PhysicsSystem.cpp,748,22675388246,6970392,2,
Physics::Step,C:\Users\ivanm\source\repos\myengine\engine\src\ecs\systems\PhysicsSystem.cpp,748,22695334118,7731700,2,
Physics::Step,C:\Users\ivanm\source\repos\myengine\engine\src\ecs\systems\PhysicsSystem.cpp,748,22715230776,6944724,2,
Physics::Step,C:\Users\ivanm\source\repos\myengine\engine\src\ecs\systems\PhysicsSystem.cpp,748,22722175650,6872347,2,
Physics::Step,C:\Users\ivanm\source\repos\myengine\engine\src\ecs\systems\PhysicsSystem.cpp,748,22741999561,7679500,2,
Physics::Step,C:\Users\ivanm\source\repos\myengine\engine\src\ecs\systems\PhysicsSystem.cpp,748,22762531427,8729066,2,
Physics::Step,C:\Users\ivanm\source\repos\myengine\engine\src\ecs\systems\PhysicsSystem.cpp,748,22784284696,7444223,2,
Physics::Step,C:\Users\ivanm\source\repos\myengine\engine\src\ecs\systems\PhysicsSystem.cpp,748,22791729029,7216457,2,
Physics::Step,C:\Users\ivanm\source\repos\myengine\engine\src\ecs\systems\PhysicsSystem.cpp,748,22812268697,7504075,2,
Physics::Step,C:\Users\ivanm\source\repos\myengine\engine\src\ecs\systems\PhysicsSystem.cpp,748,22833094210,7247389,2,
Physics::Step,C:\Users\ivanm\source\repos\myengine\engine\src\ecs\systems\PhysicsSystem.cpp,748,22840341719,6692444,2,
Physics::Step,C:\Users\ivanm\source\repos\myengine\engine\src\ecs\systems\PhysicsSystem.cpp,748,22859080596,7397334,2,
Physics::Step,C:\Users\ivanm\source\repos\myengine\engine\src\ecs\systems\PhysicsSystem.cpp,748,22879842199,7151317,2,
Physics::Step,C:\Users\ivanm\source\repos\myengine\engine\src\ecs\systems\PhysicsSystem.cpp,748,22886993536,7067547,2,
Physics::Step,C:\Users\ivanm\source\repos\myengine\engine\src\ecs\systems\PhysicsSystem.cpp,748,22907439133,7111651,2,
Physics::Step,C:\Users\ivanm\source\repos\myengine\engine\src\ecs\systems\PhysicsSystem.cpp,748,22926956601,7129765,2,
Physics::Step,C:\Users\ivanm\source\repos\myengine\engine\src\ecs\systems\PhysicsSystem.cpp,748,22947158921,6995400,2,
Physics::Step,C:\Users\ivanm\source\repos\myengine\engine\src\ecs\systems\PhysicsSystem.cpp,748,22954154461,6611250,2,
Physics::Step,C:\Users\ivanm\source\repos\myengine\engine\src\ecs\systems\PhysicsSystem.cpp,748,22974189212,7043011,2,
Physics::Step,C:\Users\ivanm\source\repos\myengine\engine\src\ecs\systems\PhysicsSystem.cpp,748,22993289006,7466455,2,
Physics::Step,C:\Users\ivanm\source\repos\myengine\engine\src\ecs\systems\PhysicsSystem.cpp,748,23013417806,7031338,2,
Physics::Step,C:\Users\ivanm\source\repos\myengine\engine\src\ecs\systems\PhysicsSystem.cpp,748,23020449254,6561876,2,
Physics::Step,C:\Users\ivanm\source\repos\myengine\engine\src\ecs\systems\PhysicsSystem.cpp,748,23040586781,7042189,2,
Physics::Step,C:\Users\ivanm\source\repos\myengine\engine\src\ecs\systems\PhysicsSystem.cpp,748,23059815008,7274591,2,
Physics::Step,C:\Users\ivanm\source\repos\myengine\engine\src\ecs\systems\PhysicsSystem.cpp,748,23079943368,7048430,2,
Physics::Step,C:\Users\ivanm\source\repos\myengine\engine\src\ecs\systems\PhysicsSystem.cpp,748,23086991919,6800279,2,
Physics::Step,C:\Users\ivanm\source\repos\myengine\engine\src\ecs\systems\PhysicsSystem.cpp,748,23108431451,6936197,2,
Physics::Step,C:\Users\ivanm\source\repos\myengine\engine\src\ecs\systems\PhysicsSystem.cpp,748,23127477662,7854404,2,
Physics::Step,C:\Users\ivanm\source\repos\myengine\engine\src\ecs\systems\PhysicsSystem.cpp,748,23148216893,7175964,2,
Physics::Step,C:\Users\ivanm\source\repos\myengine\engine\src\ecs\systems\PhysicsSystem.cpp,748,23155392967,6762617,2,
Physics::Step,C:\Users\ivanm\source\repos\myengine\engine\src\ecs\systems\PhysicsSystem.cpp,748,23174531574,6978729,2,
Physics::Step,C:\Users\ivanm\source\repos\myengine\engine\src\ecs\systems\PhysicsSystem.cpp,748,23194313553,7522582,2,
Physics::Step,C:\Users\ivanm\source\repos\myengine\engine\src\ecs\systems\PhysicsSystem.cpp,748,23214431141,7684087,2,
Physics::Step,C:\Users\ivanm\source\repos\myengine\engine\src\ecs\systems\PhysicsSystem.cpp,748,23222115348,6658169,2,
Physics::Step,C:\Users\ivanm\source\repos\myengine\engine\src\ecs\systems\PhysicsSystem.cpp,748,23241841603,6846396,2,
Physics::Step,C:\Users\ivanm\source\repos\myengine\engine\src\ecs\systems\PhysicsSystem.cpp,748,23261108564,7377747,2,
Physics::Step,C:\Users\ivanm\source\repos\myengine\engine\src\ecs\systems\PhysicsSystem.cpp,748,23281736433,6838321,2,
Physics::Step,C:\Users\ivanm\source\repos\myengine\engine\src\ecs\systems\PhysicsSystem.cpp,748,23288574794,6656045,2,
Physics::Step,C:\Users\ivanm\source\repos\myengine\engine\src\ecs\systems\PhysicsSystem.cpp,748,23307950472,6855555,2,
Physics::Step,C:\Users\ivanm\source\repos\myengine\engine\src\ecs\systems\PhysicsSystem.cpp,748,23327212825,7414888,2,
Physics::Step,C:\Users\ivanm\source\repos\myengine\engine\src\ecs\systems\PhysicsSystem.cpp,748,23347252125,6898145,2,
Physics::Step,C:\Users\ivanm\source\repos\myengine\engine\src\ecs\systems\PhysicsSystem.cpp,748,23354150360,6625497,2,
Physics::Step,C:\Users\ivanm\source\repos\myengine\engine\src\ecs\systems\PhysicsSystem.cpp,748,23373606912,6940035,2,
Physics::Step,C:\Users\ivanm\source\repos\myengine\engine\src\ecs\systems\PhysicsSystem.cpp,748,23392777550,7342430,2,
Physics::Step,C:\Users\ivanm\source\repos\myengine\engine\src\ecs\systems\PhysicsSystem.cpp,748,23412807512,7171275,2,
Physics::Step,C:\Users\ivanm\source\repos\myengine\engine\src\ecs\systems\PhysicsSystem.cpp,748,23419978917,6744543,2,
Physics::Step,C:\Users\ivanm\source\repos\myengine\engine\src\ecs\systems\PhysicsSystem.cpp,748,23439686286,7033763,2,
Physics::Step,C:\Users\ivanm\source\repos\myengine\engine\src\ecs\systems\PhysicsSystem.cpp,748,23458879948,7367618,2,
Physics::Step,C:\Users\ivanm\source\repos\myengine\engine\src\ecs\systems\PhysicsSystem.cpp,748,23478410611,6993105,2,
Physics::Step,C:\Users\ivanm\source\repos\myengine\engine\src\ecs\systems\PhysicsSystem.cpp,748,23498634752,7332371,2,
Physics::Step,C:\Users\ivanm\source\repos\myengine\engine\src\ecs\systems\PhysicsSystem.cpp,748,23505967163,8596499,2,
Physics::Step,C:\Users\ivanm\source\repos\myengine\engine\src\ecs\systems\PhysicsSystem.cpp,748,23533638885,11418660,2,
Physics::Step,C:\Users\ivanm\source\repos\myengine\engine\src\ecs\systems\PhysicsSystem.cpp,748,23545057665,9255659,2,
Physics::Step,C:\Users\ivanm\source\repos\myengine\engine\src\ecs\systems\PhysicsSystem.cpp,748,23568629440,9634512,2,
Physics::Step,C:\Users\ivanm\source\repos\myengine\engine\src\ecs\systems\PhysicsSystem.cpp,748,23578264012,9937302,2,
Physics::Step,C:\Users\ivanm\source\repos\myengine\engine\src\ecs\systems\PhysicsSystem.cpp,748,23604171096,7025708,2,
Physics::Step,C:\Users\ivanm\source\repos\myengine\engine\src\ecs\systems\PhysicsSystem.cpp,748,23611196874,6704757,2,
Physics::Step,C:\Users\ivanm\source\repos\myengine\engine\src\ecs\systems\PhysicsSystem.cpp,748,23631891259,7960054,2,
Physics::Step,C:\Users\ivanm\source\repos\myengine\engine\src\ecs\systems\PhysicsSystem.cpp,748,23639851353,6784680,2,
Physics::Step,C:\Users\ivanm\source\repos\myengine\engine\src\ecs\systems\PhysicsSystem.cpp,748,23658888137,7289750,2,
Physics::Step,C:\Users\ivanm\source\repos\myengine\engine\src\ecs\systems\PhysicsSystem.cpp,748,23679125363,7341859,2,
Physics::Step,C:\Users\ivanm\source\repos\myengine\engine\src\ecs\systems\PhysicsSystem.cpp,748,23701881889,7795692,2,
Physics::Step,C:\Users\ivanm\source\repos\myengine\engine\src\ecs\systems\PhysicsSystem.cpp,748,23709678432,7714568,2,
Physics::Step,C:\Users\ivanm\source\repos\myengine\engine\src\ecs\systems\PhysicsSystem.cpp,748,23730648983,8026420,2,
Physics::Step,C:\Users\ivanm\source\repos\myengine\engine\src\ecs\systems\PhysicsSystem.cpp,748,23738675593,7205159,2,
Physics::Step,C:\Users\ivanm\source\repos\myengine\engine\src\ecs\systems\PhysicsSystem.cpp,748,23759905216,7219306,2,
Physics::Step,C:\Users\ivanm\source\repos\myengine\engine\src\ecs\systems\PhysicsSystem.cpp,748,23779967871,7025657,2,
Physics::Step,C:\Users\ivanm\source\repos\myengine\engine\src\ecs\systems\PhysicsSystem.cpp,748,23786993638,6697344,2,
Physics::Step,C:\Users\ivanm\source\repos\myengine\engine\src\ecs\systems\PhysicsSystem.cpp,748,23807275309,7165143,2,
Physics::Step,C:\Users\ivanm\source\repos\myengine\engine\src\ecs\systems\PhysicsSystem.cpp,748,23826956668,7538803,2,
Physics::Step,C:\Users\ivanm\source\repos\myengine\engine\src\ecs\systems\PhysicsSystem.cpp,748,23847213762,7041919,2,
Physics::Step,C:\Users\ivanm\source\repos\myengine\engine\src\ecs\systems\PhysicsSystem.cpp,748,23854255811,6570011,2,
Physics::Step,C:\Users\ivanm\source\repos\myengine\engine\src\ecs\systems\PhysicsSystem.cpp,748,23874022262,7304147,2,
Physics::Step,C:\Users\ivanm\source\repos\myengine\engine\src\ecs\systems\PhysicsSystem.cpp,748,23894780489,9289511,2,
Physics::Step,C:\Users\ivanm\source\repos\myengine\engine\src\ecs\systems\PhysicsSystem.cpp,748,23918469960,7019025,2,
Physics::Step,C:\Users\ivanm\source\repos\myengine\engine\src\ecs\systems\PhysicsSystem.cpp,748,23925489106,7360384,2,
Physics::Step,C:\Users\ivanm\source\repos\myengine\engine\src\ecs\systems\PhysicsSystem.cpp,748,23945785584,7364332,2,
Physics::Step,C:\Users\ivanm\source\repos\myengine\engine\src\ecs\systems\PhysicsSystem.cpp,748,23966516118,8125489,2,
Physics::Step,C:\Users\ivanm\source\repos\myengine\engine\src\ecs\systems\PhysicsSystem.cpp,748,23974641647,6699127,2,
Physics::Step,C:\Users\ivanm\source\repos\myengine\engine\src\ecs\systems\PhysicsSystem.cpp,748,23993328325,7374231,2,
Physics::Step,C:\Users\ivanm\source\repos\myengine\engine\src\ecs\systems\PhysicsSystem.cpp,748,24013462075,7011601,2,
Physics::Step,C:\Users\ivanm\source\repos\myengine\engine\src\ecs\systems\PhysicsSystem.cpp,748,24020473836,6701321,2,
Physics::Step,C:\Users\ivanm\source\repos\myengine\engine\src\ecs\systems\PhysicsSystem.cpp,748,24040245096,7109497,2,
Physics::Step,C:\Users\ivanm\source\repos\myengine\engine\src\ecs\systems\PhysicsSystem.cpp,748,24060074687,7389910,2,
Physics::Step,C:\Users\ivanm\source\repos\myengine\engine\src\ecs\systems\PhysicsSystem.cpp,748,24080793409,7881725,2,
Physics::Step,C:\Users\ivanm\source\repos\myengine\engine\src\ecs\systems\PhysicsSystem.cpp,748,24088675164,7048140,2,
Physics::Step,C:\Users\ivanm\source\repos\myengine\engine\src\ecs\systems\PhysicsSystem.cpp,748,24108908643,6907052,2,
Physics::Step,C:\Users\ivanm\source\repos\myengine\engine\src\ecs\systems\PhysicsSystem.cpp,748,24127984701,7350846,2,
Physics::Step,C:\Users\ivanm\source\repos\myengine\engine\src\ecs\systems\PhysicsSystem.cpp,748,24149745925,8040627,2,
Physics::Step,C:\Users\ivanm\source\repos\myengine\engine\src\ecs\systems\PhysicsSystem.cpp,748,24157786672,7007934,2,
Physics::Step,C:\Users\ivanm\source\repos\myengine\engine\src\ecs\systems\PhysicsSystem.cpp,748,24177393730,7059683,2,
Physics::Step,C:\Users\ivanm\source\repos\myengine\engine\src\ecs\systems\PhysicsSystem.cpp,748,24197004105,7543522,2,
Physics::Step,C:\Users\ivanm\source\repos\myengine\engine\src\ecs\systems\PhysicsSystem.cpp,748,24204547857,7169792,2,
Physics::Step,C:\Users\ivanm\source\repos\myengine\engine\src\ecs\systems\PhysicsSystem.cpp,748,24224065205,7524536,2,
Physics::Step,C:\Users\ivanm\source\repos\myengine\engine\src\ecs\systems\PhysicsSystem.cpp,748,24245463739,7018644,2,
Physics::Step,C:\Users\ivanm\source\repos\myengine\engine\src\ecs\systems\PhysicsSystem.cpp,748,24268530050,8190897,2,
Physics::Step,C:\Users\ivanm\source\repos\myengine\engine\src\ecs\systems\PhysicsSystem.cpp,748,24276721077,7081614,2,
Physics::Step,C:\Users\ivanm\source\repos\myengine\engine\src\ecs\systems\PhysicsSystem.cpp,748,24297688321,9168091,2,
Physics::Step,C:\Users\ivanm\source\repos\myengine\engine\src\ecs\systems\PhysicsSystem.cpp,748,24306856432,6999989,2,
Physics::Step,C:\Users\ivanm\source\repos\myengine\engine\src\ecs\systems\PhysicsSystem.cpp,748,24326923184,9231271,2,
Physics::Step,C:\Users\ivanm\source\repos\myengine\engine\src\ecs\systems\PhysicsSystem.cpp,748,24349251796,7422192,2,
Physics::Step,C:\Users\ivanm\source\repos\myengine\engine\src\ecs\systems\PhysicsSystem.cpp,748,24356674098,7263970,2,
Physics::Step,C:\Users\ivanm\source\repos\myengine\engine\src\ecs\systems\PhysicsSystem.cpp,748,24376961579,7210560,2,
Physics::Step,C:\Users\ivanm\source\repos\myengine\engine\src\ecs\systems\PhysicsSystem.cpp,748,24396540915,7628203,2,
Physics::Step,C:\Users\ivanm\source\repos\myengine\engine\src\ecs\systems\PhysicsSystem.cpp,748,24404169228,6825688,2,
Physics::Step,C:\Users\ivanm\source\repos\myengine\engine\src\ecs\systems\PhysicsSystem.cpp,748,24423214117,7208375,2,
Physics::Step,C:\Users\ivanm\source\repos\myengine\engine\src\ecs\systems\PhysicsSystem.cpp,748,24443612830,6981735,2,
Physics::Step,C:\Users\ivanm\source\repos\myengine\engine\src\ecs\systems\PhysicsSystem.cpp,748,24462875323,7562579,2,
Physics::Step,C:\Users\ivanm\source\repos\myengine\engine\src\ecs\systems\PhysicsSystem.cpp,748,24470438102,6931709,2,
Physics::Step,C:\Users\ivanm\source\repos\myengine\engine\src\ecs\systems\PhysicsSystem.cpp,748,24489716415,7132741,2,
Physics::Step,C:\Users\ivanm\source\repos\myengine\engine\src\ecs\systems\PhysicsSystem.cpp,748,24510070353,6909096,2,
Physics::Step,C:\Users\ivanm\source\repos\myengine\engine\src\ecs\systems\PhysicsSystem.cpp,748,24529087640,7776415,2,
Physics::Step,C:\Users\ivanm\source\repos\myengine\engine\src\ecs\systems\PhysicsSystem.cpp,748,24549005990,7202313,2,
Physics::Step,C:\Users\ivanm\source\repos\myengine\engine\src\ecs\systems\PhysicsSystem.cpp,748,24556208784,6773518,2,
Physics::Step,C:\Users\ivanm\source\repos\myengine\engine\src\ecs\systems\PhysicsSystem.cpp,748,24575772249,7032521,2,
Physics::Step,C:\Users\ivanm\source\repos\myengine\engine\src\ecs\systems\PhysicsSystem.cpp,748,24595091981,7934385,2,
Physics::Step,C:\Users\ivanm\source\repos\myengine\engine\src\ecs\systems\PhysicsSystem.cpp,748,24615496866,7147649,2,
Physics::Step,C:\Users\ivanm\source\repos\myengine\engine\src\ecs\systems\PhysicsSystem.cpp,748,24622644636,6834975,2,
Physics::Step,C:\Users\ivanm\source\repos\myengine\engine\src\ecs\systems\PhysicsSystem.cpp,748,24642900717,7000851,2,
Physics::Step,C:\Users\ivanm\source\repos\myengine\engine\src\ecs\systems\PhysicsSystem.cpp,748,24663290293,7545987,2,
Physics::Step,C:\Users\ivanm\source\repos\myengine\engine\src\ecs\systems\PhysicsSystem.cpp,748,24670836330,6805850,2,
Physics::Step,C:\Users\ivanm\source\repos\myengine\engine\src\ecs\systems\PhysicsSystem.cpp,748,24691015110,7327371,2,
Physics::Step,C:\Users\ivanm\source\repos\myengine\engine\src\ecs\systems\PhysicsSystem.cpp,748,24712050183,7142490,2,
Physics::Step,C:\Users\ivanm\source\repos\myengine\engine\src\ecs\systems\PhysicsSystem.cpp,748,24732575527,7654744,2,
Physics::Step,C:\Users\ivanm\source\repos\myengine\engine\src\ecs\systems\PhysicsSystem.cpp,748,24740230541,7208846,2,
Physics::Step,C:\Users\ivanm\source\repos\myengine\engine\src\ecs\systems\PhysicsSystem.cpp,748,24760630627,7748692,2,
Physics::Step,C:\Users\ivanm\source\repos\myengine\engine\src\ecs\systems\PhysicsSystem.cpp,748,24781534921,6907483,2,
Physics::Step,C:\Users\ivanm\source\repos\myengine\engine\src\ecs\systems\PhysicsSystem.cpp,748,24788442504,6810850,2,
Physics::Step,C:\Users\ivanm\source\repos\myengine\engine\src\ecs\systems\PhysicsSystem.cpp,748,24808411050,7172917,2,
Physics::Step,C:\Users\ivanm\source\repos\myengine\engine\src\ecs\systems\PhysicsSystem.cpp,748,24828042384,8010249,2,
Physics::Step,C:\Users\ivanm\source\repos\myengine\engine\src\ecs\systems\PhysicsSystem.cpp,748,24848860995,7063911,2,
Physics::Step,C:\Users\ivanm\source\repos\myengine\engine\src\ecs\systems\PhysicsSystem.cpp,748,24855925006,6733823,2,
Physics::Step,C:\Users\ivanm\source\repos\myengine\engine\src\ecs\systems\PhysicsSystem.cpp,748,24875425421,6821970,2,
Physics::Step,C:\Users\ivanm\source\repos\myengine\engine\src\ecs\systems\PhysicsSystem.cpp,748,24894697132,7357238,2,
Physics::Step,C:\Users\ivanm\source\repos\myengine\engine\src\ecs\systems\PhysicsSystem.cpp,748,24915139062,8212183,2,
Physics::Step,C:\Users\ivanm\source\repos\myengine\engine\src\ecs\systems\PhysicsSystem.cpp,748,24923351476,6789859,2,
Physics::Step,C:\Users\ivanm\source\repos\myengine\engine\src\ecs\systems\PhysicsSystem.cpp,748,24943071258,6937831,2,
Physics::Step,C:\Users\ivanm\source\repos\myengine\engine\src\ecs\systems\PhysicsSystem.cpp,748,24962284718,7573008,2,
Physics::Step,C:\Users\ivanm\source\repos\myengine\engine\src\ecs\systems\PhysicsSystem.cpp,748,24982357802,6933442,2,
Physics::Step,C:\Users\ivanm\source\repos\myengine\engine\src\ecs\systems\PhysicsSystem.cpp,748,24989291374,6746347,2,
Physics::Step,C:\Users\ivanm\source\repos\myengine\engine\src\ecs\systems\PhysicsSystem.cpp,748,25008602530,7273915,2,
Physics::Step,C:\Users\ivanm\source\repos\myengine\engine\src\ecs\systems\PhysicsSystem.cpp,748,25027799273,7749824,2,
Physics::Step,C:\Users\ivanm\source\repos\myengine\engine\src\ecs\systems\PhysicsSystem.cpp,748,25048267819,6986373,2,
Physics::Step,C:\Users\ivanm\source\repos\myengine\engine\src\ecs\systems\PhysicsSystem.cpp,748,25055254362,6634614,2,
Physics::Step,C:\Users\ivanm\source\repos\myengine\engine\src\ecs\systems\PhysicsSystem.cpp,748,25074691998,6921289,2,
Physics::Step,C:\Users\ivanm\source\repos\myengine\engine\src\ecs\systems\PhysicsSystem.cpp,748,25093552557,7218835,2,
Physics::Step,C:\Users\ivanm\source\repos\myengine\engine\src\ecs\systems\PhysicsSystem.cpp,748,25113513487,6905069,2,
Physics::Step,C:\Users\ivanm\source\repos\myengine\engine\src\ecs\systems\PhysicsSystem.cpp,748,25120418666,6742589,2,
Physics::Step,C:\Users\ivanm\source\repos\myengine\engine\src\ecs\systems\PhysicsSystem.cpp,748,25140253908,6816540,2,
Physics::Step,C:\Users\ivanm\source\repos\myengine\engine\src\ecs\systems\PhysicsSystem.cpp,748,25159390446,7185161,2,
Physics::Step,C:\Users\ivanm\source\repos\myengine\engine\src\ecs\systems\PhysicsSystem.cpp,748,25179525258,7121099,2,
Physics::Step,C:\Users\ivanm\source\repos\myengine\engine\src\ecs\systems\PhysicsSystem.cpp,748,25186646397,6749713,2,
Physics::Step,C:\Users\ivanm\source\repos\myengine\engine\src\ecs\systems\PhysicsSystem.cpp,748,25206476018,6968559,2,
Physics::Step,C:\Users\ivanm\source\repos\myengine\engine\src\ecs\systems\PhysicsSystem.cpp,748,25225642218,7293436,2,
Physics::Step,C:\Users\ivanm\source\repos\myengine\engine\src\ecs\systems\PhysicsSystem.cpp,748,25246040340,6994408,2,
Physics::Step,C:\Users\ivanm\source\repos\myengine\engine\src\ecs\systems\PhysicsSystem.cpp,748,25253034778,6778816,2,
Physics::Step,C:\Users\ivanm\source\repos\myengine\engine\src\ecs\systems\PhysicsSystem.cpp,748,25272483172,7890584,2,
Physics::Step,C:\Users\ivanm\source\repos\myengine\engine\src\ecs\systems\PhysicsSystem.cpp,748,25292914780,7427952,2,
Physics::Step,C:\Users\ivanm\source\repos\myengine\engine\src\ecs\systems\PhysicsSystem.cpp,748,25313331983,7357859,2,
Physics::Step,C:\Users\ivanm\source\repos\myengine\engine\src\ecs\systems\PhysicsSystem.cpp,748,25320689973,6805308,2,
Physics::Step,C:\Users\ivanm\source\repos\myengine\engine\src\ecs\systems\PhysicsSystem.cpp,748,25340751996,7344333,2,
Physics::Step,C:\Users\ivanm\source\repos\myengine\engine\src\ecs\systems\PhysicsSystem.cpp,748,25360344957,7661146,2,
Physics::Step,C:\Users\ivanm\source\repos\myengine\engine\src\ecs\systems\PhysicsSystem.cpp,748,25380604455,6936308,2,
Physics::Step,C:\Users\ivanm\source\repos\myengine\engine\src\ecs\systems\PhysicsSystem.cpp,748,25387540813,6659572,2,
Physics::Step,C:\Users\ivanm\source\repos\myengine\engine\src\ecs\systems\PhysicsSystem.cpp,748,25407532162,7215639,2,
Physics::Step,C:\Users\ivanm\source\repos\myengine\engine\src\ecs\systems\PhysicsSystem.cpp,748,25426777192,7265944,2,
Physics::Step,C:\Users\ivanm\source\repos\myengine\engine\src\ecs\systems\PhysicsSystem.cpp,748,25446765074,6931067,2,
Physics::Step,C:\Users\ivanm\source\repos\myengine\engine\src\ecs\systems\PhysicsSystem.cpp,748,25453696382,6785912,2,
Physics::Step,C:\Users\ivanm\source\repos\myengine\engine\src\ecs\systems\PhysicsSystem.cpp,748,25473525622,6965664,2,
Physics::Step,C:\Users\ivanm\source\repos\myengine\engine\src\ecs\systems\PhysicsSystem.cpp,748,25493030035,7107784,2,
Physics::Step,C:\Users\ivanm\source\repos\myengine\engine\src\ecs\systems\PhysicsSystem.cpp,748,25512614645,7082055,2,
Physics::Step,C:\Users\ivanm\source\repos\myengine\engine\src\ecs\systems\PhysicsSystem.cpp,748,25519696840,6968189,2,
Physics::Step,C:\Users\ivanm\source\repos\myengine\engine\src\ecs\systems\PhysicsSystem.cpp,748,25540027624,7116972,2,
Physics::Step,C:\Users\ivanm\source\repos\myengine\engine\src\ecs\systems\PhysicsSystem.cpp,748,25559693785,7465654,2,
Physics::Step,C:\Users\ivanm\source\repos\myengine\engine\src\ecs\systems\PhysicsSystem.cpp,748,25580704812,6985531,2,
Physics::Step,C:\Users\ivanm\source\repos\myengine\engine\src\ecs\systems\PhysicsSystem.cpp,748,25587690494,6945815,2,
Physics::Step,C:\Users\ivanm\source\repos\myengine\engine\src\ecs\systems\PhysicsSystem.cpp,748,25608041807,7556755,2,
Physics::Step,C:\Users\ivanm\source\repos\myengine\engine\src\ecs\systems\PhysicsSystem.cpp,748,25627616942,7385201,2,
Physics::Step,C:\Users\ivanm\source\repos\myengine\engine\src\ecs\systems\PhysicsSystem.cpp,748,25647674747,7018293,2,
Physics::Step,C:\Users\ivanm\source\repos\myengine\engine\src\ecs\systems\PhysicsSystem.cpp,748,25654693161,6719235,2,
Physics::Step,C:\Users\ivanm\source\repos\myengine\engine\src\ecs\systems\PhysicsSystem.cpp,748,25674002580,6941648,2,
Physics::Step,C:\Users\ivanm\source\repos\myengine\engine\src\ecs\systems\PhysicsSystem.cpp,748,25693769823,7170943,2,
Physics::Step,C:\Users\ivanm\source\repos\myengine\engine\src\ecs\systems\PhysicsSystem.cpp,748,25713700666,6945575,2,
Physics::Step,C:\Users\ivanm\source\repos\myengine\engine\src\ecs\systems\PhysicsSystem.cpp,748,25720646281,6669902,2,
Physics::Step,C:\Users\ivanm\source\repos\myengine\engine\src\ecs\systems\PhysicsSystem.cpp,748,25741179863,7263399,2,
