name,src_file,src_line,ns_since_start,exec_time_ns,thread,value
Physics::Step,C:\Users\╨┐╨║\Documents\GitHub\myengine\engine\src\ecs\systems\PhysicsSystem.cpp,825,841387376,4719903,17,
Physics::Step,C:\Users\╨┐╨║\Documents\GitHub\myengine\engine\src\ecs\systems\PhysicsSystem.cpp,825,846107429,3558803,17,
Physics::Step,C:\Users\╨┐╨║\Documents\GitHub\myengine\engine\src\ecs\systems\PhysicsSystem.cpp,825,872063052,3233139,17,
Physics::Step,C:\Users\╨┐╨║\Documents\GitHub\myengine\engine\src\ecs\systems\PhysicsSystem.cpp,825,875296261,2764268,17,
Physics::Step,C:\Users\╨┐╨║\Documents\GitHub\myengine\engine\src\ecs\systems\PhysicsSystem.cpp,825,924229021,4339440,17,
Physics::Step,C:\Users\╨┐╨║\Documents\GitHub\myengine\engine\src\ecs\systems\PhysicsSystem.cpp,825,928568671,3491189,17,
Physics::Step,C:\Users\╨┐╨║\Documents\GitHub\myengine\engine\src\ecs\systems\PhysicsSystem.cpp,825,932059950,2595428,17,
Physics::Step,C:\Users\╨┐╨║\Documents\GitHub\myengine\engine\src\ecs\systems\PhysicsSystem.cpp,825,947841865,3192412,17,
Physics::Step,C:\Users\╨┐╨║\Documents\GitHub\myengine\engine\src\ecs\systems\PhysicsSystem.cpp,825,962863698,3125584,17,
Physics::Step,C:\Users\╨┐╨║\Documents\GitHub\myengine\engine\src\ecs\systems\PhysicsSystem.cpp,825,978013223,2891239,17,
Physics::Step,C:\Users\╨┐╨║\Documents\GitHub\myengine\engine\src\ecs\systems\PhysicsSystem.cpp,825,992807072,2541856,17,
Physics::Step,C:\Users\╨┐╨║\Documents\GitHub\myengine\engine\src\ecs\systems\PhysicsSystem.cpp,825,1006648453,2803633,17,
Physics::Step,C:\Users\╨┐╨║\Documents\GitHub\myengine\engine\src\ecs\systems\PhysicsSystem.cpp,825,1020743896,2961113,17,
Physics::Step,C:\Users\╨┐╨║\Documents\GitHub\myengine\engine\src\ecs\systems\PhysicsSystem.cpp,825,1047443652,2399666,17,
Physics::Step,C:\Users\╨┐╨║\Documents\GitHub\myengine\engine\src\ecs\systems\PhysicsSystem.cpp,825,1061310501,2266534,17,
Physics::Step,C:\Users\╨┐╨║\Documents\GitHub\myengine\engine\src\ecs\systems\PhysicsSystem.cpp,825,1074992500,2344251,17,
Physics::Step,C:\Users\╨┐╨║\Documents\GitHub\myengine\engine\src\ecs\systems\PhysicsSystem.cpp,825,1088595819,2207601,17,
Physics::Step,C:\Users\╨┐╨║\Documents\GitHub\myengine\engine\src\ecs\systems\PhysicsSystem.cpp,825,1112875118,2429730,17,
Physics::Step,C:\Users\╨┐╨║\Documents\GitHub\myengine\engine\src\ecs\systems\PhysicsSystem.cpp,825,1126362874,2565706,17,
Physics::Step,C:\Users\╨┐╨║\Documents\GitHub\myengine\engine\src\ecs\systems\PhysicsSystem.cpp,825,1139886997,4387871,17,
Physics::Step,C:\Users\╨┐╨║\Documents\GitHub\myengine\engine\src\ecs\systems\PhysicsSystem.cpp,825,1155100874,3783383,17,
Physics::Step,C:\Users\╨┐╨║\Documents\GitHub\myengine\engine\src\ecs\systems\PhysicsSystem.cpp,825,1170507056,2565411,17,
Physics::Step,C:\Users\╨┐╨║\Documents\GitHub\myengine\engine\src\ecs\systems\PhysicsSystem.cpp,825,1195921241,2994216,17,
Physics::Step,C:\Users\╨┐╨║\Documents\GitHub\myengine\engine\src\ecs\systems\PhysicsSystem.cpp,825,1210140119,3061994,17,
Physics::Step,C:\Users\╨┐╨║\Documents\GitHub\myengine\engine\src\ecs\systems\PhysicsSystem.cpp,825,1224254208,3836314,17,
Physics::Step,C:\Users\╨┐╨║\Documents\GitHub\myengine\engine\src\ecs\systems\PhysicsSystem.cpp,825,1239209063,3766341,17,
Physics::Step,C:\Users\╨┐╨║\Documents\GitHub\myengine\engine\src\ecs\systems\PhysicsSystem.cpp,825,1254300828,3531155,17,
Physics::Step,C:\Users\╨┐╨║\Documents\GitHub\myengine\engine\src\ecs\systems\PhysicsSystem.cpp,825,1279899563,5011986,17,
Physics::Step,C:\Users\╨┐╨║\Documents\GitHub\myengine\engine\src\ecs\systems\PhysicsSystem.cpp,825,1295995264,5629099,17,
Physics::Step,C:\Users\╨┐╨║\Documents\GitHub\myengine\engine\src\ecs\systems\PhysicsSystem.cpp,825,1312717966,5299322,17,
Physics::Step,C:\Users\╨┐╨║\Documents\GitHub\myengine\engine\src\ecs\systems\PhysicsSystem.cpp,825,1329158823,4812387,17,
Physics::Step,C:\Users\╨┐╨║\Documents\GitHub\myengine\engine\src\ecs\systems\PhysicsSystem.cpp,825,1345047632,5158284,17,
Physics::Step,C:\Users\╨┐╨║\Documents\GitHub\myengine\engine\src\ecs\systems\PhysicsSystem.cpp,825,1361691734,4839218,17,
Physics::Step,C:\Users\╨┐╨║\Documents\GitHub\myengine\engine\src\ecs\systems\PhysicsSystem.cpp,825,1378631508,4243327,17,
Physics::Step,C:\Users\╨┐╨║\Documents\GitHub\myengine\engine\src\ecs\systems\PhysicsSystem.cpp,825,1394302042,3764919,17,
Physics::Step,C:\Users\╨┐╨║\Documents\GitHub\myengine\engine\src\ecs\systems\PhysicsSystem.cpp,825,1409600230,5461710,17,
Physics::Step,C:\Users\╨┐╨║\Documents\GitHub\myengine\engine\src\ecs\systems\PhysicsSystem.cpp,825,1426053560,5226494,17,
Physics::Step,C:\Users\╨┐╨║\Documents\GitHub\myengine\engine\src\ecs\systems\PhysicsSystem.cpp,825,1442287865,4403957,17,
Physics::Step,C:\Users\╨┐╨║\Documents\GitHub\myengine\engine\src\ecs\systems\PhysicsSystem.cpp,825,1457688602,5292304,17,
Physics::Step,C:\Users\╨┐╨║\Documents\GitHub\myengine\engine\src\ecs\systems\PhysicsSystem.cpp,825,1474132990,4544258,17,
Physics::Step,C:\Users\╨┐╨║\Documents\GitHub\myengine\engine\src\ecs\systems\PhysicsSystem.cpp,825,1490154791,5281889,17,
Physics::Step,C:\Users\╨┐╨║\Documents\GitHub\myengine\engine\src\ecs\systems\PhysicsSystem.cpp,825,1507665138,6199932,17,
Physics::Step,C:\Users\╨┐╨║\Documents\GitHub\myengine\engine\src\ecs\systems\PhysicsSystem.cpp,825,1525254155,6235159,17,
Physics::Step,C:\Users\╨┐╨║\Documents\GitHub\myengine\engine\src\ecs\systems\PhysicsSystem.cpp,825,1542430969,6448725,17,
Physics::Step,C:\Users\╨┐╨║\Documents\GitHub\myengine\engine\src\ecs\systems\PhysicsSystem.cpp,825,1560235325,5725291,17,
Physics::Step,C:\Users\╨┐╨║\Documents\GitHub\myengine\engine\src\ecs\systems\PhysicsSystem.cpp,825,1577144060,5595494,17,
Physics::Step,C:\Users\╨┐╨║\Documents\GitHub\myengine\engine\src\ecs\systems\PhysicsSystem.cpp,825,1594581579,4943336,17,
Physics::Step,C:\Users\╨┐╨║\Documents\GitHub\myengine\engine\src\ecs\systems\PhysicsSystem.cpp,825,1610737725,5361330,17,
Physics::Step,C:\Users\╨┐╨║\Documents\GitHub\myengine\engine\src\ecs\systems\PhysicsSystem.cpp,825,1626997979,4979123,17,
Physics::Step,C:\Users\╨┐╨║\Documents\GitHub\myengine\engine\src\ecs\systems\PhysicsSystem.cpp,825,1642812046,5566680,17,
Physics::Step,C:\Users\╨┐╨║\Documents\GitHub\myengine\engine\src\ecs\systems\PhysicsSystem.cpp,825,1659237253,4935501,17,
Physics::Step,C:\Users\╨┐╨║\Documents\GitHub\myengine\engine\src\ecs\systems\PhysicsSystem.cpp,825,1675247241,5816023,17,
Physics::Step,C:\Users\╨┐╨║\Documents\GitHub\myengine\engine\src\ecs\systems\PhysicsSystem.cpp,825,1691966667,5526784,17,
Physics::Step,C:\Users\╨┐╨║\Documents\GitHub\myengine\engine\src\ecs\systems\PhysicsSystem.cpp,825,1709940705,5784523,17,
Physics::Step,C:\Users\╨┐╨║\Documents\GitHub\myengine\engine\src\ecs\systems\PhysicsSystem.cpp,825,1727338629,5004712,17,
Physics::Step,C:\Users\╨┐╨║\Documents\GitHub\myengine\engine\src\ecs\systems\PhysicsSystem.cpp,825,1743918550,5222046,17,
Physics::Step,C:\Users\╨┐╨║\Documents\GitHub\myengine\engine\src\ecs\systems\PhysicsSystem.cpp,825,1760735330,4844148,17,
Physics::Step,C:\Users\╨┐╨║\Documents\GitHub\myengine\engine\src\ecs\systems\PhysicsSystem.cpp,825,1776877099,4803360,17,
Physics::Step,C:\Users\╨┐╨║\Documents\GitHub\myengine\engine\src\ecs\systems\PhysicsSystem.cpp,825,1792637073,5367651,17,
Physics::Step,C:\Users\╨┐╨║\Documents\GitHub\myengine\engine\src\ecs\systems\PhysicsSystem.cpp,825,1809104790,5854697,17,
Physics::Step,C:\Users\╨┐╨║\Documents\GitHub\myengine\engine\src\ecs\systems\PhysicsSystem.cpp,825,1826212133,5073022,17,
Physics::Step,C:\Users\╨┐╨║\Documents\GitHub\myengine\engine\src\ecs\systems\PhysicsSystem.cpp,825,1841919427,5911084,17,
Physics::Step,C:\Users\╨┐╨║\Documents\GitHub\myengine\engine\src\ecs\systems\PhysicsSystem.cpp,825,1858875712,5005424,17,
Physics::Step,C:\Users\╨┐╨║\Documents\GitHub\myengine\engine\src\ecs\systems\PhysicsSystem.cpp,825,1874894237,5177310,17,
Physics::Step,C:\Users\╨┐╨║\Documents\GitHub\myengine\engine\src\ecs\systems\PhysicsSystem.cpp,825,1890857717,5013079,17,
Physics::Step,C:\Users\╨┐╨║\Documents\GitHub\myengine\engine\src\ecs\systems\PhysicsSystem.cpp,825,1906488416,5642403,17,
Physics::Step,C:\Users\╨┐╨║\Documents\GitHub\myengine\engine\src\ecs\systems\PhysicsSystem.cpp,825,1923997821,5094703,17,
Physics::Step,C:\Users\╨┐╨║\Documents\GitHub\myengine\engine\src\ecs\systems\PhysicsSystem.cpp,825,1940056051,4875338,17,
Physics::Step,C:\Users\╨┐╨║\Documents\GitHub\myengine\engine\src\ecs\systems\PhysicsSystem.cpp,825,1955797410,4544138,17,
Physics::Step,C:\Users\╨┐╨║\Documents\GitHub\myengine\engine\src\ecs\systems\PhysicsSystem.cpp,825,1970834462,4578693,17,
Physics::Step,C:\Users\╨┐╨║\Documents\GitHub\myengine\engine\src\ecs\systems\PhysicsSystem.cpp,825,1995967222,5045289,17,
Physics::Step,C:\Users\╨┐╨║\Documents\GitHub\myengine\engine\src\ecs\systems\PhysicsSystem.cpp,825,2011578093,5144858,17,
Physics::Step,C:\Users\╨┐╨║\Documents\GitHub\myengine\engine\src\ecs\systems\PhysicsSystem.cpp,825,2027179054,5393482,17,
Physics::Step,C:\Users\╨┐╨║\Documents\GitHub\myengine\engine\src\ecs\systems\PhysicsSystem.cpp,825,2042975218,4986728,17,
Physics::Step,C:\Users\╨┐╨║\Documents\GitHub\myengine\engine\src\ecs\systems\PhysicsSystem.cpp,825,2058675468,5004552,17,
Physics::Step,C:\Users\╨┐╨║\Documents\GitHub\myengine\engine\src\ecs\systems\PhysicsSystem.cpp,825,2074706126,4928959,17,
Physics::Step,C:\Users\╨┐╨║\Documents\GitHub\myengine\engine\src\ecs\systems\PhysicsSystem.cpp,825,2090283052,4749268,17,
Physics::Step,C:\Users\╨┐╨║\Documents\GitHub\myengine\engine\src\ecs\systems\PhysicsSystem.cpp,825,2105362173,4877271,17,
Physics::Step,C:\Users\╨┐╨║\Documents\GitHub\myengine\engine\src\ecs\systems\PhysicsSystem.cpp,825,2120805797,4631303,17,
Physics::Step,C:\Users\╨┐╨║\Documents\GitHub\myengine\engine\src\ecs\systems\PhysicsSystem.cpp,825,2146395084,4793552,17,
Physics::Step,C:\Users\╨┐╨║\Documents\GitHub\myengine\engine\src\ecs\systems\PhysicsSystem.cpp,825,2162797627,5052174,17,
Physics::Step,C:\Users\╨┐╨║\Documents\GitHub\myengine\engine\src\ecs\systems\PhysicsSystem.cpp,825,2178898930,4746051,17,
Physics::Step,C:\Users\╨┐╨║\Documents\GitHub\myengine\engine\src\ecs\systems\PhysicsSystem.cpp,825,2194224679,4706346,17,
Physics::Step,C:\Users\╨┐╨║\Documents\GitHub\myengine\engine\src\ecs\systems\PhysicsSystem.cpp,825,2210255147,4655980,17,
Physics::Step,C:\Users\╨┐╨║\Documents\GitHub\myengine\engine\src\ecs\systems\PhysicsSystem.cpp,825,2225783661,4564417,17,
Physics::Step,C:\Users\╨┐╨║\Documents\GitHub\myengine\engine\src\ecs\systems\PhysicsSystem.cpp,825,2240862412,4654848,17,
Physics::Step,C:\Users\╨┐╨║\Documents\GitHub\myengine\engine\src\ecs\systems\PhysicsSystem.cpp,825,2256218499,4947624,17,
Physics::Step,C:\Users\╨┐╨║\Documents\GitHub\myengine\engine\src\ecs\systems\PhysicsSystem.cpp,825,2273875184,4921079,17,
Physics::Step,C:\Users\╨┐╨║\Documents\GitHub\myengine\engine\src\ecs\systems\PhysicsSystem.cpp,825,2289323041,4611175,17,
Physics::Step,C:\Users\╨┐╨║\Documents\GitHub\myengine\engine\src\ecs\systems\PhysicsSystem.cpp,825,2304509275,4877185,17,
Physics::Step,C:\Users\╨┐╨║\Documents\GitHub\myengine\engine\src\ecs\systems\PhysicsSystem.cpp,825,2320237253,4766039,17,
Physics::Step,C:\Users\╨┐╨║\Documents\GitHub\myengine\engine\src\ecs\systems\PhysicsSystem.cpp,825,2345964562,4753506,17,
Physics::Step,C:\Users\╨┐╨║\Documents\GitHub\myengine\engine\src\ecs\systems\PhysicsSystem.cpp,825,2361257309,5222106,17,
Physics::Step,C:\Users\╨┐╨║\Documents\GitHub\myengine\engine\src\ecs\systems\PhysicsSystem.cpp,825,2377307584,4746933,17,
Physics::Step,C:\Users\╨┐╨║\Documents\GitHub\myengine\engine\src\ecs\systems\PhysicsSystem.cpp,825,2392895361,4985336,17,
Physics::Step,C:\Users\╨┐╨║\Documents\GitHub\myengine\engine\src\ecs\systems\PhysicsSystem.cpp,825,2408547280,4568574,17,
Physics::Step,C:\Users\╨┐╨║\Documents\GitHub\myengine\engine\src\ecs\systems\PhysicsSystem.cpp,825,2423785042,5122938,17,
Physics::Step,C:\Users\╨┐╨║\Documents\GitHub\myengine\engine\src\ecs\systems\PhysicsSystem.cpp,825,2439557630,4659487,17,
Physics::Step,C:\Users\╨┐╨║\Documents\GitHub\myengine\engine\src\ecs\systems\PhysicsSystem.cpp,825,2454858242,4727787,17,
Physics::Step,C:\Users\╨┐╨║\Documents\GitHub\myengine\engine\src\ecs\systems\PhysicsSystem.cpp,825,2470253774,4683101,17,
Physics::Step,C:\Users\╨┐╨║\Documents\GitHub\myengine\engine\src\ecs\systems\PhysicsSystem.cpp,825,2496673959,4719531,17,
Physics::Step,C:\Users\╨┐╨║\Documents\GitHub\myengine\engine\src\ecs\systems\PhysicsSystem.cpp,825,2511986824,4520222,17,
Physics::Step,C:\Users\╨┐╨║\Documents\GitHub\myengine\engine\src\ecs\systems\PhysicsSystem.cpp,825,2527662447,4809693,17,
Physics::Step,C:\Users\╨┐╨║\Documents\GitHub\myengine\engine\src\ecs\systems\PhysicsSystem.cpp,825,2543076855,4980267,17,
Physics::Step,C:\Users\╨┐╨║\Documents\GitHub\myengine\engine\src\ecs\systems\PhysicsSystem.cpp,825,2558611441,4574716,17,
Physics::Step,C:\Users\╨┐╨║\Documents\GitHub\myengine\engine\src\ecs\systems\PhysicsSystem.cpp,825,2574081865,5593971,17,
Physics::Step,C:\Users\╨┐╨║\Documents\GitHub\myengine\engine\src\ecs\systems\PhysicsSystem.cpp,825,2590840716,5012347,17,
Physics::Step,C:\Users\╨┐╨║\Documents\GitHub\myengine\engine\src\ecs\systems\PhysicsSystem.cpp,825,2606332130,4637175,17,
Physics::Step,C:\Users\╨┐╨║\Documents\GitHub\myengine\engine\src\ecs\systems\PhysicsSystem.cpp,825,2621401262,4833588,17,
Physics::Step,C:\Users\╨┐╨║\Documents\GitHub\myengine\engine\src\ecs\systems\PhysicsSystem.cpp,825,2646944552,4891588,17,
Physics::Step,C:\Users\╨┐╨║\Documents\GitHub\myengine\engine\src\ecs\systems\PhysicsSystem.cpp,825,2661971233,4800836,17,
Physics::Step,C:\Users\╨┐╨║\Documents\GitHub\myengine\engine\src\ecs\systems\PhysicsSystem.cpp,825,2677028142,5049388,17,
Physics::Step,C:\Users\╨┐╨║\Documents\GitHub\myengine\engine\src\ecs\systems\PhysicsSystem.cpp,825,2692540697,4893251,17,
Physics::Step,C:\Users\╨┐╨║\Documents\GitHub\myengine\engine\src\ecs\systems\PhysicsSystem.cpp,825,2708198967,5206261,17,
Physics::Step,C:\Users\╨┐╨║\Documents\GitHub\myengine\engine\src\ecs\systems\PhysicsSystem.cpp,825,2724713259,5227831,17,
Physics::Step,C:\Users\╨┐╨║\Documents\GitHub\myengine\engine\src\ecs\systems\PhysicsSystem.cpp,825,2740232010,4974284,17,
Physics::Step,C:\Users\╨┐╨║\Documents\GitHub\myengine\engine\src\ecs\systems\PhysicsSystem.cpp,825,2756072436,5578983,17,
Physics::Step,C:\Users\╨┐╨║\Documents\GitHub\myengine\engine\src\ecs\systems\PhysicsSystem.cpp,825,2772029044,4620322,17,
Physics::Step,C:\Users\╨┐╨║\Documents\GitHub\myengine\engine\src\ecs\systems\PhysicsSystem.cpp,825,2786874050,5232084,17,
Physics::Step,C:\Users\╨┐╨║\Documents\GitHub\myengine\engine\src\ecs\systems\PhysicsSystem.cpp,825,2812939051,5894472,17,
Physics::Step,C:\Users\╨┐╨║\Documents\GitHub\myengine\engine\src\ecs\systems\PhysicsSystem.cpp,825,2829777803,5110133,17,
Physics::Step,C:\Users\╨┐╨║\Documents\GitHub\myengine\engine\src\ecs\systems\PhysicsSystem.cpp,825,2845911235,6219100,17,
Physics::Step,C:\Users\╨┐╨║\Documents\GitHub\myengine\engine\src\ecs\systems\PhysicsSystem.cpp,825,2863838033,5449348,17,
Physics::Step,C:\Users\╨┐╨║\Documents\GitHub\myengine\engine\src\ecs\systems\PhysicsSystem.cpp,825,2879783640,4751853,17,
Physics::Step,C:\Users\╨┐╨║\Documents\GitHub\myengine\engine\src\ecs\systems\PhysicsSystem.cpp,825,2895158623,4900791,17,
Physics::Step,C:\Users\╨┐╨║\Documents\GitHub\myengine\engine\src\ecs\systems\PhysicsSystem.cpp,825,2910667386,4980496,17,
Physics::Step,C:\Users\╨┐╨║\Documents\GitHub\myengine\engine\src\ecs\systems\PhysicsSystem.cpp,825,2927065061,5295318,17,
Physics::Step,C:\Users\╨┐╨║\Documents\GitHub\myengine\engine\src\ecs\systems\PhysicsSystem.cpp,825,2943473430,5022211,17,
Physics::Step,C:\Users\╨┐╨║\Documents\GitHub\myengine\engine\src\ecs\systems\PhysicsSystem.cpp,825,2960161862,5100900,17,
Physics::Step,C:\Users\╨┐╨║\Documents\GitHub\myengine\engine\src\ecs\systems\PhysicsSystem.cpp,825,2976424325,4797449,17,
Physics::Step,C:\Users\╨┐╨║\Documents\GitHub\myengine\engine\src\ecs\systems\PhysicsSystem.cpp,825,2991656286,4533899,17,
Physics::Step,C:\Users\╨┐╨║\Documents\GitHub\myengine\engine\src\ecs\systems\PhysicsSystem.cpp,825,3006877777,4831846,17,
Physics::Step,C:\Users\╨┐╨║\Documents\GitHub\myengine\engine\src\ecs\systems\PhysicsSystem.cpp,825,3022468139,5200245,17,
Physics::Step,C:\Users\╨┐╨║\Documents\GitHub\myengine\engine\src\ecs\systems\PhysicsSystem.cpp,825,3038576426,4713279,17,
Physics::Step,C:\Users\╨┐╨║\Documents\GitHub\myengine\engine\src\ecs\systems\PhysicsSystem.cpp,825,3054421180,4981308,17,
Physics::Step,C:\Users\╨┐╨║\Documents\GitHub\myengine\engine\src\ecs\systems\PhysicsSystem.cpp,825,3070382706,4690035,17,
Physics::Step,C:\Users\╨┐╨║\Documents\GitHub\myengine\engine\src\ecs\systems\PhysicsSystem.cpp,825,3096717499,5320713,17,
Physics::Step,C:\Users\╨┐╨║\Documents\GitHub\myengine\engine\src\ecs\systems\PhysicsSystem.cpp,825,3112691800,4963835,17,
Physics::Step,C:\Users\╨┐╨║\Documents\GitHub\myengine\engine\src\ecs\systems\PhysicsSystem.cpp,825,3131910050,4727907,17,
Physics::Step,C:\Users\╨┐╨║\Documents\GitHub\myengine\engine\src\ecs\systems\PhysicsSystem.cpp,825,3147373892,4655776,17,
Physics::Step,C:\Users\╨┐╨║\Documents\GitHub\myengine\engine\src\ecs\systems\PhysicsSystem.cpp,825,3162445865,4943892,17,
Physics::Step,C:\Users\╨┐╨║\Documents\GitHub\myengine\engine\src\ecs\systems\PhysicsSystem.cpp,825,3178522885,4773053,17,
Physics::Step,C:\Users\╨┐╨║\Documents\GitHub\myengine\engine\src\ecs\systems\PhysicsSystem.cpp,825,3194058834,4720653,17,
Physics::Step,C:\Users\╨┐╨║\Documents\GitHub\myengine\engine\src\ecs\systems\PhysicsSystem.cpp,825,3209621103,4793030,17,
Physics::Step,C:\Users\╨┐╨║\Documents\GitHub\myengine\engine\src\ecs\systems\PhysicsSystem.cpp,825,3225680755,5607948,17,
Physics::Step,C:\Users\╨┐╨║\Documents\GitHub\myengine\engine\src\ecs\systems\PhysicsSystem.cpp,825,3242146910,4949979,17,
Physics::Step,C:\Users\╨┐╨║\Documents\GitHub\myengine\engine\src\ecs\systems\PhysicsSystem.cpp,825,3257876867,4618009,17,
Physics::Step,C:\Users\╨┐╨║\Documents\GitHub\myengine\engine\src\ecs\systems\PhysicsSystem.cpp,825,3273043985,4901968,17,
Physics::Step,C:\Users\╨┐╨║\Documents\GitHub\myengine\engine\src\ecs\systems\PhysicsSystem.cpp,825,3288548254,4647915,17,
Physics::Step,C:\Users\╨┐╨║\Documents\GitHub\myengine\engine\src\ecs\systems\PhysicsSystem.cpp,825,3303769124,4647815,17,
Physics::Step,C:\Users\╨┐╨║\Documents\GitHub\myengine\engine\src\ecs\systems\PhysicsSystem.cpp,825,3329980823,5256451,17,
Physics::Step,C:\Users\╨┐╨║\Documents\GitHub\myengine\engine\src\ecs\systems\PhysicsSystem.cpp,825,3346128934,4977781,17,
Physics::Step,C:\Users\╨┐╨║\Documents\GitHub\myengine\engine\src\ecs\systems\PhysicsSystem.cpp,825,3361879740,4809142,17,
Physics::Step,C:\Users\╨┐╨║\Documents\GitHub\myengine\engine\src\ecs\systems\PhysicsSystem.cpp,825,3377567457,4721615,17,
Physics::Step,C:\Users\╨┐╨║\Documents\GitHub\myengine\engine\src\ecs\systems\PhysicsSystem.cpp,825,3393329635,4816486,17,
Physics::Step,C:\Users\╨┐╨║\Documents\GitHub\myengine\engine\src\ecs\systems\PhysicsSystem.cpp,825,3408819086,4698351,17,
Physics::Step,C:\Users\╨┐╨║\Documents\GitHub\myengine\engine\src\ecs\systems\PhysicsSystem.cpp,825,3424117333,4735491,17,
Physics::Step,C:\Users\╨┐╨║\Documents\GitHub\myengine\engine\src\ecs\systems\PhysicsSystem.cpp,825,3440270203,4766320,17,
Physics::Step,C:\Users\╨┐╨║\Documents\GitHub\myengine\engine\src\ecs\systems\PhysicsSystem.cpp,825,3455915649,4923649,17,
Physics::Step,C:\Users\╨┐╨║\Documents\GitHub\myengine\engine\src\ecs\systems\PhysicsSystem.cpp,825,3471535357,4562973,17,
Physics::Step,C:\Users\╨┐╨║\Documents\GitHub\myengine\engine\src\ecs\systems\PhysicsSystem.cpp,825,3496722149,5236924,17,
Physics::Step,C:\Users\╨┐╨║\Documents\GitHub\myengine\engine\src\ecs\systems\PhysicsSystem.cpp,825,3512590339,5210984,17,
Physics::Step,C:\Users\╨┐╨║\Documents\GitHub\myengine\engine\src\ecs\systems\PhysicsSystem.cpp,825,3528476112,5092479,17,
Physics::Step,C:\Users\╨┐╨║\Documents\GitHub\myengine\engine\src\ecs\systems\PhysicsSystem.cpp,825,3544351345,4849268,17,
Physics::Step,C:\Users\╨┐╨║\Documents\GitHub\myengine\engine\src\ecs\systems\PhysicsSystem.cpp,825,3559779449,4926644,17,
Physics::Step,C:\Users\╨┐╨║\Documents\GitHub\myengine\engine\src\ecs\systems\PhysicsSystem.cpp,825,3575645063,4864967,17,
Physics::Step,C:\Users\╨┐╨║\Documents\GitHub\myengine\engine\src\ecs\systems\PhysicsSystem.cpp,825,3591517410,4714121,17,
Physics::Step,C:\Users\╨┐╨║\Documents\GitHub\myengine\engine\src\ecs\systems\PhysicsSystem.cpp,825,3607029494,4830267,17,
Physics::Step,C:\Users\╨┐╨║\Documents\GitHub\myengine\engine\src\ecs\systems\PhysicsSystem.cpp,825,3622582681,4774069,17,
Physics::Step,C:\Users\╨┐╨║\Documents\GitHub\myengine\engine\src\ecs\systems\PhysicsSystem.cpp,825,3638342899,4881258,17,
Physics::Step,C:\Users\╨┐╨║\Documents\GitHub\myengine\engine\src\ecs\systems\PhysicsSystem.cpp,825,3654086362,4876840,17,
Physics::Step,C:\Users\╨┐╨║\Documents\GitHub\myengine\engine\src\ecs\systems\PhysicsSystem.cpp,825,3680169256,4652453,17,
Physics::Step,C:\Users\╨┐╨║\Documents\GitHub\myengine\engine\src\ecs\systems\PhysicsSystem.cpp,825,3695612649,4573404,17,
Physics::Step,C:\Users\╨┐╨║\Documents\GitHub\myengine\engine\src\ecs\systems\PhysicsSystem.cpp,825,3710726717,4674425,17,
Physics::Step,C:\Users\╨┐╨║\Documents\GitHub\myengine\engine\src\ecs\systems\PhysicsSystem.cpp,825,3726607440,5252963,17,
Physics::Step,C:\Users\╨┐╨║\Documents\GitHub\myengine\engine\src\ecs\systems\PhysicsSystem.cpp,825,3742809082,4743487,17,
Physics::Step,C:\Users\╨┐╨║\Documents\GitHub\myengine\engine\src\ecs\systems\PhysicsSystem.cpp,825,3758438769,4717567,17,
Physics::Step,C:\Users\╨┐╨║\Documents\GitHub\myengine\engine\src\ecs\systems\PhysicsSystem.cpp,825,3774327317,4960498,17,
Physics::Step,C:\Users\╨┐╨║\Documents\GitHub\myengine\engine\src\ecs\systems\PhysicsSystem.cpp,825,3790320143,5122045,17,
Physics::Step,C:\Users\╨┐╨║\Documents\GitHub\myengine\engine\src\ecs\systems\PhysicsSystem.cpp,825,3805782882,5096328,17,
Physics::Step,C:\Users\╨┐╨║\Documents\GitHub\myengine\engine\src\ecs\systems\PhysicsSystem.cpp,825,3821723499,4972090,17,
Physics::Step,C:\Users\╨┐╨║\Documents\GitHub\myengine\engine\src\ecs\systems\PhysicsSystem.cpp,825,3838269416,4757564,17,
Physics::Step,C:\Users\╨┐╨║\Documents\GitHub\myengine\engine\src\ecs\systems\PhysicsSystem.cpp,825,3864161098,5041542,17,
Physics::Step,C:\Users\╨┐╨║\Documents\GitHub\myengine\engine\src\ecs\systems\PhysicsSystem.cpp,825,3880111262,4715163,17,
Physics::Step,C:\Users\╨┐╨║\Documents\GitHub\myengine\engine\src\ecs\systems\PhysicsSystem.cpp,825,3895542431,4749408,17,
Physics::Step,C:\Users\╨┐╨║\Documents\GitHub\myengine\engine\src\ecs\systems\PhysicsSystem.cpp,825,3910705031,4613541,17,
Physics::Step,C:\Users\╨┐╨║\Documents\GitHub\myengine\engine\src\ecs\systems\PhysicsSystem.cpp,825,3926468001,5406085,17,
Physics::Step,C:\Users\╨┐╨║\Documents\GitHub\myengine\engine\src\ecs\systems\PhysicsSystem.cpp,825,3942710120,5223939,17,
Physics::Step,C:\Users\╨┐╨║\Documents\GitHub\myengine\engine\src\ecs\systems\PhysicsSystem.cpp,825,3958653192,4694974,17,
Physics::Step,C:\Users\╨┐╨║\Documents\GitHub\myengine\engine\src\ecs\systems\PhysicsSystem.cpp,825,3973955977,4661291,17,
Physics::Step,C:\Users\╨┐╨║\Documents\GitHub\myengine\engine\src\ecs\systems\PhysicsSystem.cpp,825,3989145518,4750822,17,
Physics::Step,C:\Users\╨┐╨║\Documents\GitHub\myengine\engine\src\ecs\systems\PhysicsSystem.cpp,825,4004719029,4934138,17,
Physics::Step,C:\Users\╨┐╨║\Documents\GitHub\myengine\engine\src\ecs\systems\PhysicsSystem.cpp,825,4021161203,5436226,17,
Physics::Step,C:\Users\╨┐╨║\Documents\GitHub\myengine\engine\src\ecs\systems\PhysicsSystem.cpp,825,4038384580,6444647,17,
Physics::Step,C:\Users\╨┐╨║\Documents\GitHub\myengine\engine\src\ecs\systems\PhysicsSystem.cpp,825,4056144081,4761150,17,
Physics::Step,C:\Users\╨┐╨║\Documents\GitHub\myengine\engine\src\ecs\systems\PhysicsSystem.cpp,825,4071704446,4735421,17,
Physics::Step,C:\Users\╨┐╨║\Documents\GitHub\myengine\engine\src\ecs\systems\PhysicsSystem.cpp,825,4086930085,4721454,17,
Physics::Step,C:\Users\╨┐╨║\Documents\GitHub\myengine\engine\src\ecs\systems\PhysicsSystem.cpp,825,4113081219,5058004,17,
Physics::Step,C:\Users\╨┐╨║\Documents\GitHub\myengine\engine\src\ecs\systems\PhysicsSystem.cpp,825,4128932977,5192900,17,
Physics::Step,C:\Users\╨┐╨║\Documents\GitHub\myengine\engine\src\ecs\systems\PhysicsSystem.cpp,825,4145446332,5139157,17,
Physics::Step,C:\Users\╨┐╨║\Documents\GitHub\myengine\engine\src\ecs\systems\PhysicsSystem.cpp,825,4161364967,5625201,17,
Physics::Step,C:\Users\╨┐╨║\Documents\GitHub\myengine\engine\src\ecs\systems\PhysicsSystem.cpp,825,4177905032,4701086,17,
Physics::Step,C:\Users\╨┐╨║\Documents\GitHub\myengine\engine\src\ecs\systems\PhysicsSystem.cpp,825,4193267671,5239739,17,
Physics::Step,C:\Users\╨┐╨║\Documents\GitHub\myengine\engine\src\ecs\systems\PhysicsSystem.cpp,825,4209475095,5005494,17,
Physics::Step,C:\Users\╨┐╨║\Documents\GitHub\myengine\engine\src\ecs\systems\PhysicsSystem.cpp,825,4225045619,4890135,17,
Physics::Step,C:\Users\╨┐╨║\Documents\GitHub\myengine\engine\src\ecs\systems\PhysicsSystem.cpp,825,4241038185,4666991,17,
Physics::Step,C:\Users\╨┐╨║\Documents\GitHub\myengine\engine\src\ecs\systems\PhysicsSystem.cpp,825,4256220031,4892488,17,
Physics::Step,C:\Users\╨┐╨║\Documents\GitHub\myengine\engine\src\ecs\systems\PhysicsSystem.cpp,825,4271539979,4700135,17,
Physics::Step,C:\Users\╨┐╨║\Documents\GitHub\myengine\engine\src\ecs\systems\PhysicsSystem.cpp,825,4296845138,4623706,17,
Physics::Step,C:\Users\╨┐╨║\Documents\GitHub\myengine\engine\src\ecs\systems\PhysicsSystem.cpp,825,4311938345,4809933,17,
Physics::Step,C:\Users\╨┐╨║\Documents\GitHub\myengine\engine\src\ecs\systems\PhysicsSystem.cpp,825,4327667891,5047764,17,
Physics::Step,C:\Users\╨┐╨║\Documents\GitHub\myengine\engine\src\ecs\systems\PhysicsSystem.cpp,825,4343635279,4866971,17,
Physics::Step,C:\Users\╨┐╨║\Documents\GitHub\myengine\engine\src\ecs\systems\PhysicsSystem.cpp,825,4358961990,4959216,17,
Physics::Step,C:\Users\╨┐╨║\Documents\GitHub\myengine\engine\src\ecs\systems\PhysicsSystem.cpp,825,4374635079,5166530,17,
Physics::Step,C:\Users\╨┐╨║\Documents\GitHub\myengine\engine\src\ecs\systems\PhysicsSystem.cpp,825,4390453243,4661622,17,
Physics::Step,C:\Users\╨┐╨║\Documents\GitHub\myengine\engine\src\ecs\systems\PhysicsSystem.cpp,825,4405740620,5066811,17,
Physics::Step,C:\Users\╨┐╨║\Documents\GitHub\myengine\engine\src\ecs\systems\PhysicsSystem.cpp,825,4421442784,4955580,17,
Physics::Step,C:\Users\╨┐╨║\Documents\GitHub\myengine\engine\src\ecs\systems\PhysicsSystem.cpp,825,4437233336,5060408,17,
Physics::Step,C:\Users\╨┐╨║\Documents\GitHub\myengine\engine\src\ecs\systems\PhysicsSystem.cpp,825,4463658050,4798631,17,
Physics::Step,C:\Users\╨┐╨║\Documents\GitHub\myengine\engine\src\ecs\systems\PhysicsSystem.cpp,825,4478995501,4879696,17,
Physics::Step,C:\Users\╨┐╨║\Documents\GitHub\myengine\engine\src\ecs\systems\PhysicsSystem.cpp,825,4494762789,4860659,17,
Physics::Step,C:\Users\╨┐╨║\Documents\GitHub\myengine\engine\src\ecs\systems\PhysicsSystem.cpp,825,4510235588,5200956,17,
Physics::Step,C:\Users\╨┐╨║\Documents\GitHub\myengine\engine\src\ecs\systems\PhysicsSystem.cpp,825,4526164372,4987396,17,
Physics::Step,C:\Users\╨┐╨║\Documents\GitHub\myengine\engine\src\ecs\systems\PhysicsSystem.cpp,825,4542184295,4682224,17,
Physics::Step,C:\Users\╨┐╨║\Documents\GitHub\myengine\engine\src\ecs\systems\PhysicsSystem.cpp,825,4557871025,4559617,17,
Physics::Step,C:\Users\╨┐╨║\Documents\GitHub\myengine\engine\src\ecs\systems\PhysicsSystem.cpp,825,4573002024,5008461,17,
Physics::Step,C:\Users\╨┐╨║\Documents\GitHub\myengine\engine\src\ecs\systems\PhysicsSystem.cpp,825,4588888528,4819591,17,
Physics::Step,C:\Users\╨┐╨║\Documents\GitHub\myengine\engine\src\ecs\systems\PhysicsSystem.cpp,825,4604084732,4793361,17,
Physics::Step,C:\Users\╨┐╨║\Documents\GitHub\myengine\engine\src\ecs\systems\PhysicsSystem.cpp,825,4630527299,5120833,17,
Physics::Step,C:\Users\╨┐╨║\Documents\GitHub\myengine\engine\src\ecs\systems\PhysicsSystem.cpp,825,4646738580,4871570,17,
Physics::Step,C:\Users\╨┐╨║\Documents\GitHub\myengine\engine\src\ecs\systems\PhysicsSystem.cpp,825,4662180771,4495254,17,
Physics::Step,C:\Users\╨┐╨║\Documents\GitHub\myengine\engine\src\ecs\systems\PhysicsSystem.cpp,825,4677471474,4688051,17,
Physics::Step,C:\Users\╨┐╨║\Documents\GitHub\myengine\engine\src\ecs\systems\PhysicsSystem.cpp,825,4692697634,5129849,17,
Physics::Step,C:\Users\╨┐╨║\Documents\GitHub\myengine\engine\src\ecs\systems\PhysicsSystem.cpp,825,4708594758,4705385,17,
Physics::Step,C:\Users\╨┐╨║\Documents\GitHub\myengine\engine\src\ecs\systems\PhysicsSystem.cpp,825,4723714466,4910485,17,
Physics::Step,C:\Users\╨┐╨║\Documents\GitHub\myengine\engine\src\ecs\systems\PhysicsSystem.cpp,825,4739466265,5215202,17,
Physics::Step,C:\Users\╨┐╨║\Documents\GitHub\myengine\engine\src\ecs\systems\PhysicsSystem.cpp,825,4755964841,5300685,17,
Physics::Step,C:\Users\╨┐╨║\Documents\GitHub\myengine\engine\src\ecs\systems\PhysicsSystem.cpp,825,4771896231,4870678,17,
Physics::Step,C:\Users\╨┐╨║\Documents\GitHub\myengine\engine\src\ecs\systems\PhysicsSystem.cpp,825,4787528763,4715298,17,
Physics::Step,C:\Users\╨┐╨║\Documents\GitHub\myengine\engine\src\ecs\systems\PhysicsSystem.cpp,825,4813115280,5484033,17,
Physics::Step,C:\Users\╨┐╨║\Documents\GitHub\myengine\engine\src\ecs\systems\PhysicsSystem.cpp,825,4828945968,5323733,17,
Physics::Step,C:\Users\╨┐╨║\Documents\GitHub\myengine\engine\src\ecs\systems\PhysicsSystem.cpp,825,4844733950,5127596,17,
Physics::Step,C:\Users\╨┐╨║\Documents\GitHub\myengine\engine\src\ecs\systems\PhysicsSystem.cpp,825,4860787180,4978733,17,
Physics::Step,C:\Users\╨┐╨║\Documents\GitHub\myengine\engine\src\ecs\systems\PhysicsSystem.cpp,825,4876296068,5178713,17,
Physics::Step,C:\Users\╨┐╨║\Documents\GitHub\myengine\engine\src\ecs\systems\PhysicsSystem.cpp,825,4891891409,4729119,17,
Physics::Step,C:\Users\╨┐╨║\Documents\GitHub\myengine\engine\src\ecs\systems\PhysicsSystem.cpp,825,4906773716,4792751,17,
Physics::Step,C:\Users\╨┐╨║\Documents\GitHub\myengine\engine\src\ecs\systems\PhysicsSystem.cpp,825,4921876442,4944338,17,
Physics::Step,C:\Users\╨┐╨║\Documents\GitHub\myengine\engine\src\ecs\systems\PhysicsSystem.cpp,825,4937125566,5290817,17,
Physics::Step,C:\Users\╨┐╨║\Documents\GitHub\myengine\engine\src\ecs\systems\PhysicsSystem.cpp,825,4963641654,4973814,17,
Physics::Step,C:\Users\╨┐╨║\Documents\GitHub\myengine\engine\src\ecs\systems\PhysicsSystem.cpp,825,4979078754,4675528,17,
Physics::Step,C:\Users\╨┐╨║\Documents\GitHub\myengine\engine\src\ecs\systems\PhysicsSystem.cpp,825,4994274326,4689734,17,
Physics::Step,C:\Users\╨┐╨║\Documents\GitHub\myengine\engine\src\ecs\systems\PhysicsSystem.cpp,825,5009483404,4725763,17,
Physics::Step,C:\Users\╨┐╨║\Documents\GitHub\myengine\engine\src\ecs\systems\PhysicsSystem.cpp,825,5024503634,4907438,17,
Physics::Step,C:\Users\╨┐╨║\Documents\GitHub\myengine\engine\src\ecs\systems\PhysicsSystem.cpp,825,5039709776,4966510,17,
Physics::Step,C:\Users\╨┐╨║\Documents\GitHub\myengine\engine\src\ecs\systems\PhysicsSystem.cpp,825,5055540645,4692530,17,
Physics::Step,C:\Users\╨┐╨║\Documents\GitHub\myengine\engine\src\ecs\systems\PhysicsSystem.cpp,825,5070831358,4960057,17,
Physics::Step,C:\Users\╨┐╨║\Documents\GitHub\myengine\engine\src\ecs\systems\PhysicsSystem.cpp,825,5096798001,4736353,17,
Physics::Step,C:\Users\╨┐╨║\Documents\GitHub\myengine\engine\src\ecs\systems\PhysicsSystem.cpp,825,5111838970,4521445,17,
Physics::Step,C:\Users\╨┐╨║\Documents\GitHub\myengine\engine\src\ecs\systems\PhysicsSystem.cpp,825,5127087653,5903018,17,
Physics::Step,C:\Users\╨┐╨║\Documents\GitHub\myengine\engine\src\ecs\systems\PhysicsSystem.cpp,825,5143634210,4885647,17,
Physics::Step,C:\Users\╨┐╨║\Documents\GitHub\myengine\engine\src\ecs\systems\PhysicsSystem.cpp,825,5159057555,4945659,17,
Physics::Step,C:\Users\╨┐╨║\Documents\GitHub\myengine\engine\src\ecs\systems\PhysicsSystem.cpp,825,5174678795,5050500,17,
Physics::Step,C:\Users\╨┐╨║\Documents\GitHub\myengine\engine\src\ecs\systems\PhysicsSystem.cpp,825,5190447015,5626834,17,
Physics::Step,C:\Users\╨┐╨║\Documents\GitHub\myengine\engine\src\ecs\systems\PhysicsSystem.cpp,825,5206626405,4683453,17,
Physics::Step,C:\Users\╨┐╨║\Documents\GitHub\myengine\engine\src\ecs\systems\PhysicsSystem.cpp,825,5221995096,4784415,17,
Physics::Step,C:\Users\╨┐╨║\Documents\GitHub\myengine\engine\src\ecs\systems\PhysicsSystem.cpp,825,5237143389,4797029,17,
Physics::Step,C:\Users\╨┐╨║\Documents\GitHub\myengine\engine\src\ecs\systems\PhysicsSystem.cpp,825,5264213678,4777992,17,
Physics::Step,C:\Users\╨┐╨║\Documents\GitHub\myengine\engine\src\ecs\systems\PhysicsSystem.cpp,825,5279408720,4586704,17,
Physics::Step,C:\Users\╨┐╨║\Documents\GitHub\myengine\engine\src\ecs\systems\PhysicsSystem.cpp,825,5294972657,5273272,17,
Physics::Step,C:\Users\╨┐╨║\Documents\GitHub\myengine\engine\src\ecs\systems\PhysicsSystem.cpp,825,5310764912,4717663,17,
Physics::Step,C:\Users\╨┐╨║\Documents\GitHub\myengine\engine\src\ecs\systems\PhysicsSystem.cpp,825,5325890085,5436704,17,
Physics::Step,C:\Users\╨┐╨║\Documents\GitHub\myengine\engine\src\ecs\systems\PhysicsSystem.cpp,825,5342116825,5111505,17,
Physics::Step,C:\Users\╨┐╨║\Documents\GitHub\myengine\engine\src\ecs\systems\PhysicsSystem.cpp,825,5357961610,4653165,17,
Physics::Step,C:\Users\╨┐╨║\Documents\GitHub\myengine\engine\src\ecs\systems\PhysicsSystem.cpp,825,5373196417,4899603,17,
Physics::Step,C:\Users\╨┐╨║\Documents\GitHub\myengine\engine\src\ecs\systems\PhysicsSystem.cpp,825,5388675077,4633108,17,
Physics::Step,C:\Users\╨┐╨║\Documents\GitHub\myengine\engine\src\ecs\systems\PhysicsSystem.cpp,825,5404073895,4750471,17,
Physics::Step,C:\Users\╨┐╨║\Documents\GitHub\myengine\engine\src\ecs\systems\PhysicsSystem.cpp,825,5429653123,4725238,17,
Physics::Step,C:\Users\╨┐╨║\Documents\GitHub\myengine\engine\src\ecs\systems\PhysicsSystem.cpp,825,5444564872,5161785,17,
Physics::Step,C:\Users\╨┐╨║\Documents\GitHub\myengine\engine\src\ecs\systems\PhysicsSystem.cpp,825,5460011024,4759287,17,
Physics::Step,C:\Users\╨┐╨║\Documents\GitHub\myengine\engine\src\ecs\systems\PhysicsSystem.cpp,825,5475014672,5269421,17,
Physics::Step,C:\Users\╨┐╨║\Documents\GitHub\myengine\engine\src\ecs\systems\PhysicsSystem.cpp,825,5490824036,4820192,17,
Physics::Step,C:\Users\╨┐╨║\Documents\GitHub\myengine\engine\src\ecs\systems\PhysicsSystem.cpp,825,5505978520,4919826,17,
Physics::Step,C:\Users\╨┐╨║\Documents\GitHub\myengine\engine\src\ecs\systems\PhysicsSystem.cpp,825,5521245031,5238527,17,
Physics::Step,C:\Users\╨┐╨║\Documents\GitHub\myengine\engine\src\ecs\systems\PhysicsSystem.cpp,825,5536859960,5077942,17,
Physics::Step,C:\Users\╨┐╨║\Documents\GitHub\myengine\engine\src\ecs\systems\PhysicsSystem.cpp,825,5563238065,5148966,17,
Physics::Step,C:\Users\╨┐╨║\Documents\GitHub\myengine\engine\src\ecs\systems\PhysicsSystem.cpp,825,5578782469,4547755,17,
Physics::Step,C:\Users\╨┐╨║\Documents\GitHub\myengine\engine\src\ecs\systems\PhysicsSystem.cpp,825,5594177661,4772272,17,
Physics::Step,C:\Users\╨┐╨║\Documents\GitHub\myengine\engine\src\ecs\systems\PhysicsSystem.cpp,825,5609556090,4714452,17,
Physics::Step,C:\Users\╨┐╨║\Documents\GitHub\myengine\engine\src\ecs\systems\PhysicsSystem.cpp,825,5624728078,4992519,17,
Physics::Step,C:\Users\╨┐╨║\Documents\GitHub\myengine\engine\src\ecs\systems\PhysicsSystem.cpp,825,5640638377,4912799,17,
Physics::Step,C:\Users\╨┐╨║\Documents\GitHub\myengine\engine\src\ecs\systems\PhysicsSystem.cpp,825,5656341243,4978943,17,
Physics::Step,C:\Users\╨┐╨║\Documents\GitHub\myengine\engine\src\ecs\systems\PhysicsSystem.cpp,825,5671767433,4693482,17,
Physics::Step,C:\Users\╨┐╨║\Documents\GitHub\myengine\engine\src\ecs\systems\PhysicsSystem.cpp,825,5697003400,4606316,17,
Physics::Step,C:\Users\╨┐╨║\Documents\GitHub\myengine\engine\src\ecs\systems\PhysicsSystem.cpp,825,5711955279,4470378,17,
Physics::Step,C:\Users\╨┐╨║\Documents\GitHub\myengine\engine\src\ecs\systems\PhysicsSystem.cpp,825,5727307278,4788321,17,
Physics::Step,C:\Users\╨┐╨║\Documents\GitHub\myengine\engine\src\ecs\systems\PhysicsSystem.cpp,825,5742401784,4519331,17,
Physics::Step,C:\Users\╨┐╨║\Documents\GitHub\myengine\engine\src\ecs\systems\PhysicsSystem.cpp,825,5757899760,4614797,17,
Physics::Step,C:\Users\╨┐╨║\Documents\GitHub\myengine\engine\src\ecs\systems\PhysicsSystem.cpp,825,5773471397,5258133,17,
Physics::Step,C:\Users\╨┐╨║\Documents\GitHub\myengine\engine\src\ecs\systems\PhysicsSystem.cpp,825,5789270595,4640671,17,
Physics::Step,C:\Users\╨┐╨║\Documents\GitHub\myengine\engine\src\ecs\systems\PhysicsSystem.cpp,825,5804276297,5040023,17,
Physics::Step,C:\Users\╨┐╨║\Documents\GitHub\myengine\engine\src\ecs\systems\PhysicsSystem.cpp,825,5830407633,4791989,17,
Physics::Step,C:\Users\╨┐╨║\Documents\GitHub\myengine\engine\src\ecs\systems\PhysicsSystem.cpp,825,5845626830,5235737,17,
Physics::Step,C:\Users\╨┐╨║\Documents\GitHub\myengine\engine\src\ecs\systems\PhysicsSystem.cpp,825,5861148963,5171954,17,
Physics::Step,C:\Users\╨┐╨║\Documents\GitHub\myengine\engine\src\ecs\systems\PhysicsSystem.cpp,825,5877482085,4999477,17,
Physics::Step,C:\Users\╨┐╨║\Documents\GitHub\myengine\engine\src\ecs\systems\PhysicsSystem.cpp,825,5892761386,5033882,17,
Physics::Step,C:\Users\╨┐╨║\Documents\GitHub\myengine\engine\src\ecs\systems\PhysicsSystem.cpp,825,5908269827,4783052,17,
Physics::Step,C:\Users\╨┐╨║\Documents\GitHub\myengine\engine\src\ecs\systems\PhysicsSystem.cpp,825,5923317588,4884554,17,
Physics::Step,C:\Users\╨┐╨║\Documents\GitHub\myengine\engine\src\ecs\systems\PhysicsSystem.cpp,825,5938696785,4821308,17,
Physics::Step,C:\Users\╨┐╨║\Documents\GitHub\myengine\engine\src\ecs\systems\PhysicsSystem.cpp,825,5954088650,4868468,17,
Physics::Step,C:\Users\╨┐╨║\Documents\GitHub\myengine\engine\src\ecs\systems\PhysicsSystem.cpp,825,5979604969,4519876,17,
Physics::Step,C:\Users\╨┐╨║\Documents\GitHub\myengine\engine\src\ecs\systems\PhysicsSystem.cpp,825,5994813305,4670588,17,
Physics::Step,C:\Users\╨┐╨║\Documents\GitHub\myengine\engine\src\ecs\systems\PhysicsSystem.cpp,825,6009890683,4503351,17,
Physics::Step,C:\Users\╨┐╨║\Documents\GitHub\myengine\engine\src\ecs\systems\PhysicsSystem.cpp,825,6024996324,4642279,17,
Physics::Step,C:\Users\╨┐╨║\Documents\GitHub\myengine\engine\src\ecs\systems\PhysicsSystem.cpp,825,6040092052,4459226,17,
Physics::Step,C:\Users\╨┐╨║\Documents\GitHub\myengine\engine\src\ecs\systems\PhysicsSystem.cpp,825,6055404175,4804563,17,
Physics::Step,C:\Users\╨┐╨║\Documents\GitHub\myengine\engine\src\ecs\systems\PhysicsSystem.cpp,825,6070600168,4607499,17,
Physics::Step,C:\Users\╨┐╨║\Documents\GitHub\myengine\engine\src\ecs\systems\PhysicsSystem.cpp,825,6095941364,4632917,17,
Physics::Step,C:\Users\╨┐╨║\Documents\GitHub\myengine\engine\src\ecs\systems\PhysicsSystem.cpp,825,6110951494,4714558,17,
Physics::Step,C:\Users\╨┐╨║\Documents\GitHub\myengine\engine\src\ecs\systems\PhysicsSystem.cpp,825,6126369655,4543211,17,
Physics::Step,C:\Users\╨┐╨║\Documents\GitHub\myengine\engine\src\ecs\systems\PhysicsSystem.cpp,825,6141705073,4721389,17,
Physics::Step,C:\Users\╨┐╨║\Documents\GitHub\myengine\engine\src\ecs\systems\PhysicsSystem.cpp,825,6157715827,4629470,17,
Physics::Step,C:\Users\╨┐╨║\Documents\GitHub\myengine\engine\src\ecs\systems\PhysicsSystem.cpp,825,6172734063,5133898,17,
Physics::Step,C:\Users\╨┐╨║\Documents\GitHub\myengine\engine\src\ecs\systems\PhysicsSystem.cpp,825,6188523659,4709903,17,
Physics::Step,C:\Users\╨┐╨║\Documents\GitHub\myengine\engine\src\ecs\systems\PhysicsSystem.cpp,825,6203760169,4831488,17,
Physics::Step,C:\Users\╨┐╨║\Documents\GitHub\myengine\engine\src\ecs\systems\PhysicsSystem.cpp,825,6229205637,4733207,17,
Physics::Step,C:\Users\╨┐╨║\Documents\GitHub\myengine\engine\src\ecs\systems\PhysicsSystem.cpp,825,6244448118,4727496,17,
Physics::Step,C:\Users\╨┐╨║\Documents\GitHub\myengine\engine\src\ecs\systems\PhysicsSystem.cpp,825,6259925932,4846386,17,
Physics::Step,C:\Users\╨┐╨║\Documents\GitHub\myengine\engine\src\ecs\systems\PhysicsSystem.cpp,825,6275892669,4648626,17,
Physics::Step,C:\Users\╨┐╨║\Documents\GitHub\myengine\engine\src\ecs\systems\PhysicsSystem.cpp,825,6290839509,4599122,17,
Physics::Step,C:\Users\╨┐╨║\Documents\GitHub\myengine\engine\src\ecs\systems\PhysicsSystem.cpp,825,6305733328,4730898,17,
Physics::Step,C:\Users\╨┐╨║\Documents\GitHub\myengine\engine\src\ecs\systems\PhysicsSystem.cpp,825,6320779226,4489019,17,
Physics::Step,C:\Users\╨┐╨║\Documents\GitHub\myengine\engine\src\ecs\systems\PhysicsSystem.cpp,825,6346587013,4752254,17,
Physics::Step,C:\Users\╨┐╨║\Documents\GitHub\myengine\engine\src\ecs\systems\PhysicsSystem.cpp,825,6361958219,4557103,17,
Physics::Step,C:\Users\╨┐╨║\Documents\GitHub\myengine\engine\src\ecs\systems\PhysicsSystem.cpp,825,6377099829,4566500,17,
Physics::Step,C:\Users\╨┐╨║\Documents\GitHub\myengine\engine\src\ecs\systems\PhysicsSystem.cpp,825,6392276696,4622236,17,
Physics::Step,C:\Users\╨┐╨║\Documents\GitHub\myengine\engine\src\ecs\systems\PhysicsSystem.cpp,825,6407413426,4821019,17,
Physics::Step,C:\Users\╨┐╨║\Documents\GitHub\myengine\engine\src\ecs\systems\PhysicsSystem.cpp,825,6422810947,4544709,17,
Physics::Step,C:\Users\╨┐╨║\Documents\GitHub\myengine\engine\src\ecs\systems\PhysicsSystem.cpp,825,6437915406,4676269,17,
Physics::Step,C:\Users\╨┐╨║\Documents\GitHub\myengine\engine\src\ecs\systems\PhysicsSystem.cpp,825,6463666120,4683336,17,
Physics::Step,C:\Users\╨┐╨║\Documents\GitHub\myengine\engine\src\ecs\systems\PhysicsSystem.cpp,825,6479005756,5229880,17,
Physics::Step,C:\Users\╨┐╨║\Documents\GitHub\myengine\engine\src\ecs\systems\PhysicsSystem.cpp,825,6494716707,4778382,17,
Physics::Step,C:\Users\╨┐╨║\Documents\GitHub\myengine\engine\src\ecs\systems\PhysicsSystem.cpp,825,6510019042,4564480,17,
Physics::Step,C:\Users\╨┐╨║\Documents\GitHub\myengine\engine\src\ecs\systems\PhysicsSystem.cpp,825,6525049931,4891132,17,
Physics::Step,C:\Users\╨┐╨║\Documents\GitHub\myengine\engine\src\ecs\systems\PhysicsSystem.cpp,825,6540407020,4563238,17,
Physics::Step,C:\Users\╨┐╨║\Documents\GitHub\myengine\engine\src\ecs\systems\PhysicsSystem.cpp,825,6555769910,4659391,17,
Physics::Step,C:\Users\╨┐╨║\Documents\GitHub\myengine\engine\src\ecs\systems\PhysicsSystem.cpp,825,6571321689,4797583,17,
Physics::Step,C:\Users\╨┐╨║\Documents\GitHub\myengine\engine\src\ecs\systems\PhysicsSystem.cpp,825,6597074406,4926374,17,
Physics::Step,C:\Users\╨┐╨║\Documents\GitHub\myengine\engine\src\ecs\systems\PhysicsSystem.cpp,825,6612161162,5091898,17,
Physics::Step,C:\Users\╨┐╨║\Documents\GitHub\myengine\engine\src\ecs\systems\PhysicsSystem.cpp,825,6627689035,4962683,17,
Physics::Step,C:\Users\╨┐╨║\Documents\GitHub\myengine\engine\src\ecs\systems\PhysicsSystem.cpp,825,6642800407,5099844,17,
Physics::Step,C:\Users\╨┐╨║\Documents\GitHub\myengine\engine\src\ecs\systems\PhysicsSystem.cpp,825,6659107771,4862638,17,
Physics::Step,C:\Users\╨┐╨║\Documents\GitHub\myengine\engine\src\ecs\systems\PhysicsSystem.cpp,825,6674343650,4892800,17,
Physics::Step,C:\Users\╨┐╨║\Documents\GitHub\myengine\engine\src\ecs\systems\PhysicsSystem.cpp,825,6689565041,4962853,17,
Physics::Step,C:\Users\╨┐╨║\Documents\GitHub\myengine\engine\src\ecs\systems\PhysicsSystem.cpp,825,6704857217,4922746,17,
Physics::Step,C:\Users\╨┐╨║\Documents\GitHub\myengine\engine\src\ecs\systems\PhysicsSystem.cpp,825,6730304835,4755344,17,
Physics::Step,C:\Users\╨┐╨║\Documents\GitHub\myengine\engine\src\ecs\systems\PhysicsSystem.cpp,825,6745860220,5326584,17,
Physics::Step,C:\Users\╨┐╨║\Documents\GitHub\myengine\engine\src\ecs\systems\PhysicsSystem.cpp,825,6761960250,4704613,17,
Physics::Step,C:\Users\╨┐╨║\Documents\GitHub\myengine\engine\src\ecs\systems\PhysicsSystem.cpp,825,6778071982,4553229,17,
Physics::Step,C:\Users\╨┐╨║\Documents\GitHub\myengine\engine\src\ecs\systems\PhysicsSystem.cpp,825,6793398352,4880347,17,
Physics::Step,C:\Users\╨┐╨║\Documents\GitHub\myengine\engine\src\ecs\systems\PhysicsSystem.cpp,825,6808853838,4625563,17,
Physics::Step,C:\Users\╨┐╨║\Documents\GitHub\myengine\engine\src\ecs\systems\PhysicsSystem.cpp,825,6823917600,4753941,17,
Physics::Step,C:\Users\╨┐╨║\Documents\GitHub\myengine\engine\src\ecs\systems\PhysicsSystem.cpp,825,6839352797,4750425,17,
Physics::Step,C:\Users\╨┐╨║\Documents\GitHub\myengine\engine\src\ecs\systems\PhysicsSystem.cpp,825,6854744251,5475036,17,
Physics::Step,C:\Users\╨┐╨║\Documents\GitHub\myengine\engine\src\ecs\systems\PhysicsSystem.cpp,825,6870621568,4843642,17,
Physics::Step,C:\Users\╨┐╨║\Documents\GitHub\myengine\engine\src\ecs\systems\PhysicsSystem.cpp,825,6896996888,4896231,17,
Physics::Step,C:\Users\╨┐╨║\Documents\GitHub\myengine\engine\src\ecs\systems\PhysicsSystem.cpp,825,6912673934,4988156,17,
Physics::Step,C:\Users\╨┐╨║\Documents\GitHub\myengine\engine\src\ecs\systems\PhysicsSystem.cpp,825,6928626774,4709903,17,
Physics::Step,C:\Users\╨┐╨║\Documents\GitHub\myengine\engine\src\ecs\systems\PhysicsSystem.cpp,825,6943789254,4740265,17,
Physics::Step,C:\Users\╨┐╨║\Documents\GitHub\myengine\engine\src\ecs\systems\PhysicsSystem.cpp,825,6959158626,4991781,17,
Physics::Step,C:\Users\╨┐╨║\Documents\GitHub\myengine\engine\src\ecs\systems\PhysicsSystem.cpp,825,6974607109,4975517,17,
Physics::Step,C:\Users\╨┐╨║\Documents\GitHub\myengine\engine\src\ecs\systems\PhysicsSystem.cpp,825,6990079136,4680993,17,
Physics::Step,C:\Users\╨┐╨║\Documents\GitHub\myengine\engine\src\ecs\systems\PhysicsSystem.cpp,825,7005584466,4724371,17,
Physics::Step,C:\Users\╨┐╨║\Documents\GitHub\myengine\engine\src\ecs\systems\PhysicsSystem.cpp,825,7020826326,4684078,17,
Physics::Step,C:\Users\╨┐╨║\Documents\GitHub\myengine\engine\src\ecs\systems\PhysicsSystem.cpp,825,7046808870,4814517,17,
Physics::Step,C:\Users\╨┐╨║\Documents\GitHub\myengine\engine\src\ecs\systems\PhysicsSystem.cpp,825,7062567141,4715537,17,
Physics::Step,C:\Users\╨┐╨║\Documents\GitHub\myengine\engine\src\ecs\systems\PhysicsSystem.cpp,825,7078193842,4538357,17,
Physics::Step,C:\Users\╨┐╨║\Documents\GitHub\myengine\engine\src\ecs\systems\PhysicsSystem.cpp,825,7093186814,5396756,17,
Physics::Step,C:\Users\╨┐╨║\Documents\GitHub\myengine\engine\src\ecs\systems\PhysicsSystem.cpp,825,7109602854,4690625,17,
Physics::Step,C:\Users\╨┐╨║\Documents\GitHub\myengine\engine\src\ecs\systems\PhysicsSystem.cpp,825,7124952459,4881227,17,
Physics::Step,C:\Users\╨┐╨║\Documents\GitHub\myengine\engine\src\ecs\systems\PhysicsSystem.cpp,825,7140624711,4697249,17,
Physics::Step,C:\Users\╨┐╨║\Documents\GitHub\myengine\engine\src\ecs\systems\PhysicsSystem.cpp,825,7155820935,5018302,17,
Physics::Step,C:\Users\╨┐╨║\Documents\GitHub\myengine\engine\src\ecs\systems\PhysicsSystem.cpp,825,7171686253,4770108,17,
Physics::Step,C:\Users\╨┐╨║\Documents\GitHub\myengine\engine\src\ecs\systems\PhysicsSystem.cpp,825,7187242676,4842930,17,
Physics::Step,C:\Users\╨┐╨║\Documents\GitHub\myengine\engine\src\ecs\systems\PhysicsSystem.cpp,825,7212814846,5740409,17,
Physics::Step,C:\Users\╨┐╨║\Documents\GitHub\myengine\engine\src\ecs\systems\PhysicsSystem.cpp,825,7229168276,4644329,17,
Physics::Step,C:\Users\╨┐╨║\Documents\GitHub\myengine\engine\src\ecs\systems\PhysicsSystem.cpp,825,7243983206,4690246,17,
Physics::Step,C:\Users\╨┐╨║\Documents\GitHub\myengine\engine\src\ecs\systems\PhysicsSystem.cpp,825,7258976103,4570318,17,
Physics::Step,C:\Users\╨┐╨║\Documents\GitHub\myengine\engine\src\ecs\systems\PhysicsSystem.cpp,825,7273736419,4682802,17,
Physics::Step,C:\Users\╨┐╨║\Documents\GitHub\myengine\engine\src\ecs\systems\PhysicsSystem.cpp,825,7289299700,4573433,17,
Physics::Step,C:\Users\╨┐╨║\Documents\GitHub\myengine\engine\src\ecs\systems\PhysicsSystem.cpp,825,7304045668,4966556,17,
Physics::Step,C:\Users\╨┐╨║\Documents\GitHub\myengine\engine\src\ecs\systems\PhysicsSystem.cpp,825,7329834169,4653020,17,
Physics::Step,C:\Users\╨┐╨║\Documents\GitHub\myengine\engine\src\ecs\systems\PhysicsSystem.cpp,825,7345170719,4737575,17,
Physics::Step,C:\Users\╨┐╨║\Documents\GitHub\myengine\engine\src\ecs\systems\PhysicsSystem.cpp,825,7360281981,4617071,17,
Physics::Step,C:\Users\╨┐╨║\Documents\GitHub\myengine\engine\src\ecs\systems\PhysicsSystem.cpp,825,7375867454,5254727,17,
Physics::Step,C:\Users\╨┐╨║\Documents\GitHub\myengine\engine\src\ecs\systems\PhysicsSystem.cpp,825,7391472072,4715634,17,
Physics::Step,C:\Users\╨┐╨║\Documents\GitHub\myengine\engine\src\ecs\systems\PhysicsSystem.cpp,825,7406748238,4594283,17,
Physics::Step,C:\Users\╨┐╨║\Documents\GitHub\myengine\engine\src\ecs\systems\PhysicsSystem.cpp,825,7422013903,4573739,17,
Physics::Step,C:\Users\╨┐╨║\Documents\GitHub\myengine\engine\src\ecs\systems\PhysicsSystem.cpp,825,7437437999,4596057,17,
Physics::Step,C:\Users\╨┐╨║\Documents\GitHub\myengine\engine\src\ecs\systems\PhysicsSystem.cpp,825,7462688112,4900630,17,
Physics::Step,C:\Users\╨┐╨║\Documents\GitHub\myengine\engine\src\ecs\systems\PhysicsSystem.cpp,825,7478234506,4779675,17,
Physics::Step,C:\Users\╨┐╨║\Documents\GitHub\myengine\engine\src\ecs\systems\PhysicsSystem.cpp,825,7493328305,4800715,17,
Physics::Step,C:\Users\╨┐╨║\Documents\GitHub\myengine\engine\src\ecs\systems\PhysicsSystem.cpp,825,7508481577,4859045,17,
Physics::Step,C:\Users\╨┐╨║\Documents\GitHub\myengine\engine\src\ecs\systems\PhysicsSystem.cpp,825,7523619659,5004793,17,
Physics::Step,C:\Users\╨┐╨║\Documents\GitHub\myengine\engine\src\ecs\systems\PhysicsSystem.cpp,825,7539015738,5046566,17,
Physics::Step,C:\Users\╨┐╨║\Documents\GitHub\myengine\engine\src\ecs\systems\PhysicsSystem.cpp,825,7555443159,4854808,17,
Physics::Step,C:\Users\╨┐╨║\Documents\GitHub\myengine\engine\src\ecs\systems\PhysicsSystem.cpp,825,7570704927,4574075,17,
Physics::Step,C:\Users\╨┐╨║\Documents\GitHub\myengine\engine\src\ecs\systems\PhysicsSystem.cpp,825,7596288724,4593795,17,
Physics::Step,C:\Users\╨┐╨║\Documents\GitHub\myengine\engine\src\ecs\systems\PhysicsSystem.cpp,825,7611121918,4947980,17,
Physics::Step,C:\Users\╨┐╨║\Documents\GitHub\myengine\engine\src\ecs\systems\PhysicsSystem.cpp,825,7626743650,5422050,17,
Physics::Step,C:\Users\╨┐╨║\Documents\GitHub\myengine\engine\src\ecs\systems\PhysicsSystem.cpp,825,7642486937,4879324,17,
Physics::Step,C:\Users\╨┐╨║\Documents\GitHub\myengine\engine\src\ecs\systems\PhysicsSystem.cpp,825,7657985835,4698069,17,
Physics::Step,C:\Users\╨┐╨║\Documents\GitHub\myengine\engine\src\ecs\systems\PhysicsSystem.cpp,825,7673289662,4858205,17,
Physics::Step,C:\Users\╨┐╨║\Documents\GitHub\myengine\engine\src\ecs\systems\PhysicsSystem.cpp,825,7688440275,4655043,17,
Physics::Step,C:\Users\╨┐╨║\Documents\GitHub\myengine\engine\src\ecs\systems\PhysicsSystem.cpp,825,7713709915,4799964,17,
Physics::Step,C:\Users\╨┐╨║\Documents\GitHub\myengine\engine\src\ecs\systems\PhysicsSystem.cpp,825,7728900398,4549458,17,
Physics::Step,C:\Users\╨┐╨║\Documents\GitHub\myengine\engine\src\ecs\systems\PhysicsSystem.cpp,825,7743866484,4889208,17,
Physics::Step,C:\Users\╨┐╨║\Documents\GitHub\myengine\engine\src\ecs\systems\PhysicsSystem.cpp,825,7759687203,4683834,17,
Physics::Step,C:\Users\╨┐╨║\Documents\GitHub\myengine\engine\src\ecs\systems\PhysicsSystem.cpp,825,7775262076,5129404,17,
Physics::Step,C:\Users\╨┐╨║\Documents\GitHub\myengine\engine\src\ecs\systems\PhysicsSystem.cpp,825,7791990268,4566145,17,
Physics::Step,C:\Users\╨┐╨║\Documents\GitHub\myengine\engine\src\ecs\systems\PhysicsSystem.cpp,825,7807050188,4617838,17,
Physics::Step,C:\Users\╨┐╨║\Documents\GitHub\myengine\engine\src\ecs\systems\PhysicsSystem.cpp,825,7822005965,4402269,17,
Physics::Step,C:\Users\╨┐╨║\Documents\GitHub\myengine\engine\src\ecs\systems\PhysicsSystem.cpp,825,7836837266,4621119,17,
Physics::Step,C:\Users\╨┐╨║\Documents\GitHub\myengine\engine\src\ecs\systems\PhysicsSystem.cpp,825,7862965621,4852288,17,
Physics::Step,C:\Users\╨┐╨║\Documents\GitHub\myengine\engine\src\ecs\systems\PhysicsSystem.cpp,825,7878949130,4619621,17,
Physics::Step,C:\Users\╨┐╨║\Documents\GitHub\myengine\engine\src\ecs\systems\PhysicsSystem.cpp,825,7894266303,4576339,17,
Physics::Step,C:\Users\╨┐╨║\Documents\GitHub\myengine\engine\src\ecs\systems\PhysicsSystem.cpp,825,7909315046,4612734,17,
Physics::Step,C:\Users\╨┐╨║\Documents\GitHub\myengine\engine\src\ecs\systems\PhysicsSystem.cpp,825,7924591257,4577932,17,
Physics::Step,C:\Users\╨┐╨║\Documents\GitHub\myengine\engine\src\ecs\systems\PhysicsSystem.cpp,825,7939803065,4619892,17,
Physics::Step,C:\Users\╨┐╨║\Documents\GitHub\myengine\engine\src\ecs\systems\PhysicsSystem.cpp,825,7954766276,5639132,17,
Physics::Step,C:\Users\╨┐╨║\Documents\GitHub\myengine\engine\src\ecs\systems\PhysicsSystem.cpp,825,7971815758,4753780,17,
Physics::Step,C:\Users\╨┐╨║\Documents\GitHub\myengine\engine\src\ecs\systems\PhysicsSystem.cpp,825,7988014405,4639028,17,
Physics::Step,C:\Users\╨┐╨║\Documents\GitHub\myengine\engine\src\ecs\systems\PhysicsSystem.cpp,825,8013488443,5107343,17,
Physics::Step,C:\Users\╨┐╨║\Documents\GitHub\myengine\engine\src\ecs\systems\PhysicsSystem.cpp,825,8028916672,5007118,17,
Physics::Step,C:\Users\╨┐╨║\Documents\GitHub\myengine\engine\src\ecs\systems\PhysicsSystem.cpp,825,8044307030,5013593,17,
Physics::Step,C:\Users\╨┐╨║\Documents\GitHub\myengine\engine\src\ecs\systems\PhysicsSystem.cpp,825,8060025344,5190010,17,
Physics::Step,C:\Users\╨┐╨║\Documents\GitHub\myengine\engine\src\ecs\systems\PhysicsSystem.cpp,825,8075714389,5259996,17,
Physics::Step,C:\Users\╨┐╨║\Documents\GitHub\myengine\engine\src\ecs\systems\PhysicsSystem.cpp,825,8091475134,4812126,17,
Physics::Step,C:\Users\╨┐╨║\Documents\GitHub\myengine\engine\src\ecs\systems\PhysicsSystem.cpp,825,8106680114,4711566,17,
Physics::Step,C:\Users\╨┐╨║\Documents\GitHub\myengine\engine\src\ecs\systems\PhysicsSystem.cpp,825,8121688291,4641032,17,
Physics::Step,C:\Users\╨┐╨║\Documents\GitHub\myengine\engine\src\ecs\systems\PhysicsSystem.cpp,825,8146760596,5038106,17,
Physics::Step,C:\Users\╨┐╨║\Documents\GitHub\myengine\engine\src\ecs\systems\PhysicsSystem.cpp,825,8162346535,4634714,17,
Physics::Step,C:\Users\╨┐╨║\Documents\GitHub\myengine\engine\src\ecs\systems\PhysicsSystem.cpp,825,8178177604,5681612,17,
Physics::Step,C:\Users\╨┐╨║\Documents\GitHub\myengine\engine\src\ecs\systems\PhysicsSystem.cpp,825,8194881911,4587023,17,
Physics::Step,C:\Users\╨┐╨║\Documents\GitHub\myengine\engine\src\ecs\systems\PhysicsSystem.cpp,825,8210094990,4796507,17,
Physics::Step,C:\Users\╨┐╨║\Documents\GitHub\myengine\engine\src\ecs\systems\PhysicsSystem.cpp,825,8225633273,4641082,17,
Physics::Step,C:\Users\╨┐╨║\Documents\GitHub\myengine\engine\src\ecs\systems\PhysicsSystem.cpp,825,8240705491,4604192,17,
Physics::Step,C:\Users\╨┐╨║\Documents\GitHub\myengine\engine\src\ecs\systems\PhysicsSystem.cpp,825,8255779258,5325787,17,
Physics::Step,C:\Users\╨┐╨║\Documents\GitHub\myengine\engine\src\ecs\systems\PhysicsSystem.cpp,825,8272227880,4550730,17,
Physics::Step,C:\Users\╨┐╨║\Documents\GitHub\myengine\engine\src\ecs\systems\PhysicsSystem.cpp,825,8287347708,4483924,17,
Physics::Step,C:\Users\╨┐╨║\Documents\GitHub\myengine\engine\src\ecs\systems\PhysicsSystem.cpp,825,8313594494,4758148,17,
Physics::Step,C:\Users\╨┐╨║\Documents\GitHub\myengine\engine\src\ecs\systems\PhysicsSystem.cpp,825,8328931278,4633448,17,
Physics::Step,C:\Users\╨┐╨║\Documents\GitHub\myengine\engine\src\ecs\systems\PhysicsSystem.cpp,825,8344204388,4612298,17,
Physics::Step,C:\Users\╨┐╨║\Documents\GitHub\myengine\engine\src\ecs\systems\PhysicsSystem.cpp,825,8359321201,4818790,17,
Physics::Step,C:\Users\╨┐╨║\Documents\GitHub\myengine\engine\src\ecs\systems\PhysicsSystem.cpp,825,8374805842,4598201,17,
Physics::Step,C:\Users\╨┐╨║\Documents\GitHub\myengine\engine\src\ecs\systems\PhysicsSystem.cpp,825,8389933796,4588842,17,
Physics::Step,C:\Users\╨┐╨║\Documents\GitHub\myengine\engine\src\ecs\systems\PhysicsSystem.cpp,825,8405515883,4691417,17,
Physics::Step,C:\Users\╨┐╨║\Documents\GitHub\myengine\engine\src\ecs\systems\PhysicsSystem.cpp,825,8420848209,4589840,17,
Physics::Step,C:\Users\╨┐╨║\Documents\GitHub\myengine\engine\src\ecs\systems\PhysicsSystem.cpp,825,8446047276,4799132,17,
Physics::Step,C:\Users\╨┐╨║\Documents\GitHub\myengine\engine\src\ecs\systems\PhysicsSystem.cpp,825,8461211589,4650830,17,
Physics::Step,C:\Users\╨┐╨║\Documents\GitHub\myengine\engine\src\ecs\systems\PhysicsSystem.cpp,825,8476108133,5211385,17,
Physics::Step,C:\Users\╨┐╨║\Documents\GitHub\myengine\engine\src\ecs\systems\PhysicsSystem.cpp,825,8491610839,4632680,17,
Physics::Step,C:\Users\╨┐╨║\Documents\GitHub\myengine\engine\src\ecs\systems\PhysicsSystem.cpp,825,8506523458,4950445,17,
Physics::Step,C:\Users\╨┐╨║\Documents\GitHub\myengine\engine\src\ecs\systems\PhysicsSystem.cpp,825,8522228323,4770072,17,
Physics::Step,C:\Users\╨┐╨║\Documents\GitHub\myengine\engine\src\ecs\systems\PhysicsSystem.cpp,825,8537678353,5221433,17,
Physics::Step,C:\Users\╨┐╨║\Documents\GitHub\myengine\engine\src\ecs\systems\PhysicsSystem.cpp,825,8563606704,4776880,17,
Physics::Step,C:\Users\╨┐╨║\Documents\GitHub\myengine\engine\src\ecs\systems\PhysicsSystem.cpp,825,8578884152,4590104,17,
Physics::Step,C:\Users\╨┐╨║\Documents\GitHub\myengine\engine\src\ecs\systems\PhysicsSystem.cpp,825,8594125777,4773196,17,
Physics::Step,C:\Users\╨┐╨║\Documents\GitHub\myengine\engine\src\ecs\systems\PhysicsSystem.cpp,825,8609428743,4941683,17,
Physics::Step,C:\Users\╨┐╨║\Documents\GitHub\myengine\engine\src\ecs\systems\PhysicsSystem.cpp,825,8624694649,4900689,17,
Physics::Step,C:\Users\╨┐╨║\Documents\GitHub\myengine\engine\src\ecs\systems\PhysicsSystem.cpp,825,8640540700,4768083,17,
Physics::Step,C:\Users\╨┐╨║\Documents\GitHub\myengine\engine\src\ecs\systems\PhysicsSystem.cpp,825,8655848131,4697790,17,
Physics::Step,C:\Users\╨┐╨║\Documents\GitHub\myengine\engine\src\ecs\systems\PhysicsSystem.cpp,825,8670942481,4584475,17,
Physics::Step,C:\Users\╨┐╨║\Documents\GitHub\myengine\engine\src\ecs\systems\PhysicsSystem.cpp,825,8697486691,4803615,17,
Physics::Step,C:\Users\╨┐╨║\Documents\GitHub\myengine\engine\src\ecs\systems\PhysicsSystem.cpp,825,8713139906,4915134,17,
Physics::Step,C:\Users\╨┐╨║\Documents\GitHub\myengine\engine\src\ecs\systems\PhysicsSystem.cpp,825,8728770646,5181789,17,
Physics::Step,C:\Users\╨┐╨║\Documents\GitHub\myengine\engine\src\ecs\systems\PhysicsSystem.cpp,825,8744555126,4906091,17,
Physics::Step,C:\Users\╨┐╨║\Documents\GitHub\myengine\engine\src\ecs\systems\PhysicsSystem.cpp,825,8760006129,4822121,17,
Physics::Step,C:\Users\╨┐╨║\Documents\GitHub\myengine\engine\src\ecs\systems\PhysicsSystem.cpp,825,8775404055,4876564,17,
Physics::Step,C:\Users\╨┐╨║\Documents\GitHub\myengine\engine\src\ecs\systems\PhysicsSystem.cpp,825,8790773748,4654984,17,
Physics::Step,C:\Users\╨┐╨║\Documents\GitHub\myengine\engine\src\ecs\systems\PhysicsSystem.cpp,825,8806340520,4869276,17,
Physics::Step,C:\Users\╨┐╨║\Documents\GitHub\myengine\engine\src\ecs\systems\PhysicsSystem.cpp,825,8821798155,4750811,17,
Physics::Step,C:\Users\╨┐╨║\Documents\GitHub\myengine\engine\src\ecs\systems\PhysicsSystem.cpp,825,8837080302,5406238,17,
Physics::Step,C:\Users\╨┐╨║\Documents\GitHub\myengine\engine\src\ecs\systems\PhysicsSystem.cpp,825,8863315525,4816710,17,
Physics::Step,C:\Users\╨┐╨║\Documents\GitHub\myengine\engine\src\ecs\systems\PhysicsSystem.cpp,825,8878553592,4752244,17,
Physics::Step,C:\Users\╨┐╨║\Documents\GitHub\myengine\engine\src\ecs\systems\PhysicsSystem.cpp,825,8893525516,4799027,17,
Physics::Step,C:\Users\╨┐╨║\Documents\GitHub\myengine\engine\src\ecs\systems\PhysicsSystem.cpp,825,8909115146,4620858,17,
Physics::Step,C:\Users\╨┐╨║\Documents\GitHub\myengine\engine\src\ecs\systems\PhysicsSystem.cpp,825,8924032390,5102574,17,
Physics::Step,C:\Users\╨┐╨║\Documents\GitHub\myengine\engine\src\ecs\systems\PhysicsSystem.cpp,825,8939621054,4830871,17,
Physics::Step,C:\Users\╨┐╨║\Documents\GitHub\myengine\engine\src\ecs\systems\PhysicsSystem.cpp,825,8955105544,5245439,17,
Physics::Step,C:\Users\╨┐╨║\Documents\GitHub\myengine\engine\src\ecs\systems\PhysicsSystem.cpp,825,8970930828,4911330,17,
Physics::Step,C:\Users\╨┐╨║\Documents\GitHub\myengine\engine\src\ecs\systems\PhysicsSystem.cpp,825,8997327693,4710173,17,
Physics::Step,C:\Users\╨┐╨║\Documents\GitHub\myengine\engine\src\ecs\systems\PhysicsSystem.cpp,825,9012592186,4925432,17,
Physics::Step,C:\Users\╨┐╨║\Documents\GitHub\myengine\engine\src\ecs\systems\PhysicsSystem.cpp,825,9028538038,4682966,17,
Physics::Step,C:\Users\╨┐╨║\Documents\GitHub\myengine\engine\src\ecs\systems\PhysicsSystem.cpp,825,9044423791,5038351,17,
Physics::Step,C:\Users\╨┐╨║\Documents\GitHub\myengine\engine\src\ecs\systems\PhysicsSystem.cpp,825,9061133132,4656642,17,
Physics::Step,C:\Users\╨┐╨║\Documents\GitHub\myengine\engine\src\ecs\systems\PhysicsSystem.cpp,825,9076277387,4710775,17,
Physics::Step,C:\Users\╨┐╨║\Documents\GitHub\myengine\engine\src\ecs\systems\PhysicsSystem.cpp,825,9091401183,4749488,17,
Physics::Step,C:\Users\╨┐╨║\Documents\GitHub\myengine\engine\src\ecs\systems\PhysicsSystem.cpp,825,9107275329,5326063,17,
Physics::Step,C:\Users\╨┐╨║\Documents\GitHub\myengine\engine\src\ecs\systems\PhysicsSystem.cpp,825,9123875037,4981693,17,
Physics::Step,C:\Users\╨┐╨║\Documents\GitHub\myengine\engine\src\ecs\systems\PhysicsSystem.cpp,825,9139683012,4975843,17,
Physics::Step,C:\Users\╨┐╨║\Documents\GitHub\myengine\engine\src\ecs\systems\PhysicsSystem.cpp,825,9155691849,5096020,17,
Physics::Step,C:\Users\╨┐╨║\Documents\GitHub\myengine\engine\src\ecs\systems\PhysicsSystem.cpp,825,9171273634,5058119,17,
Physics::Step,C:\Users\╨┐╨║\Documents\GitHub\myengine\engine\src\ecs\systems\PhysicsSystem.cpp,825,9186948016,5613593,17,
Physics::Step,C:\Users\╨┐╨║\Documents\GitHub\myengine\engine\src\ecs\systems\PhysicsSystem.cpp,825,9213819482,4602534,17,
Physics::Step,C:\Users\╨┐╨║\Documents\GitHub\myengine\engine\src\ecs\systems\PhysicsSystem.cpp,825,9229269753,4762298,17,
Physics::Step,C:\Users\╨┐╨║\Documents\GitHub\myengine\engine\src\ecs\systems\PhysicsSystem.cpp,825,9244620340,4793797,17,
Physics::Step,C:\Users\╨┐╨║\Documents\GitHub\myengine\engine\src\ecs\systems\PhysicsSystem.cpp,825,9260132093,4871624,17,
Physics::Step,C:\Users\╨┐╨║\Documents\GitHub\myengine\engine\src\ecs\systems\PhysicsSystem.cpp,825,9275773542,5352877,17,
Physics::Step,C:\Users\╨┐╨║\Documents\GitHub\myengine\engine\src\ecs\systems\PhysicsSystem.cpp,825,9291798509,4863880,17,
Physics::Step,C:\Users\╨┐╨║\Documents\GitHub\myengine\engine\src\ecs\systems\PhysicsSystem.cpp,825,9307815115,4663885,17,
Physics::Step,C:\Users\╨┐╨║\Documents\GitHub\myengine\engine\src\ecs\systems\PhysicsSystem.cpp,825,9323085358,4909271,17,
Physics::Step,C:\Users\╨┐╨║\Documents\GitHub\myengine\engine\src\ecs\systems\PhysicsSystem.cpp,825,9338520611,4821916,17,
Physics::Step,C:\Users\╨┐╨║\Documents\GitHub\myengine\engine\src\ecs\systems\PhysicsSystem.cpp,825,9353908529,4790225,17,
Physics::Step,C:\Users\╨┐╨║\Documents\GitHub\myengine\engine\src\ecs\systems\PhysicsSystem.cpp,825,9380150175,4882941,17,
Physics::Step,C:\Users\╨┐╨║\Documents\GitHub\myengine\engine\src\ecs\systems\PhysicsSystem.cpp,825,9395789209,4897383,17,
Physics::Step,C:\Users\╨┐╨║\Documents\GitHub\myengine\engine\src\ecs\systems\PhysicsSystem.cpp,825,9411121986,4833157,17,
Physics::Step,C:\Users\╨┐╨║\Documents\GitHub\myengine\engine\src\ecs\systems\PhysicsSystem.cpp,825,9426378033,4546944,17,
Physics::Step,C:\Users\╨┐╨║\Documents\GitHub\myengine\engine\src\ecs\systems\PhysicsSystem.cpp,825,9441171963,4692711,17,
Physics::Step,C:\Users\╨┐╨║\Documents\GitHub\myengine\engine\src\ecs\systems\PhysicsSystem.cpp,825,9456316328,5229134,17,
Physics::Step,C:\Users\╨┐╨║\Documents\GitHub\myengine\engine\src\ecs\systems\PhysicsSystem.cpp,825,9472103419,5037860,17,
Physics::Step,C:\Users\╨┐╨║\Documents\GitHub\myengine\engine\src\ecs\systems\PhysicsSystem.cpp,825,9488020992,5125557,17,
Physics::Step,C:\Users\╨┐╨║\Documents\GitHub\myengine\engine\src\ecs\systems\PhysicsSystem.cpp,825,9503980024,4983337,17,
Physics::Step,C:\Users\╨┐╨║\Documents\GitHub\myengine\engine\src\ecs\systems\PhysicsSystem.cpp,825,9529476931,4749337,17,
Physics::Step,C:\Users\╨┐╨║\Documents\GitHub\myengine\engine\src\ecs\systems\PhysicsSystem.cpp,825,9544776225,5438105,17,
Physics::Step,C:\Users\╨┐╨║\Documents\GitHub\myengine\engine\src\ecs\systems\PhysicsSystem.cpp,825,9560905159,5452067,17,
Physics::Step,C:\Users\╨┐╨║\Documents\GitHub\myengine\engine\src\ecs\systems\PhysicsSystem.cpp,825,9577005242,5014092,17,
Physics::Step,C:\Users\╨┐╨║\Documents\GitHub\myengine\engine\src\ecs\systems\PhysicsSystem.cpp,825,9592556181,5597448,17,
Physics::Step,C:\Users\╨┐╨║\Documents\GitHub\myengine\engine\src\ecs\systems\PhysicsSystem.cpp,825,9609169836,4918108,17,
Physics::Step,C:\Users\╨┐╨║\Documents\GitHub\myengine\engine\src\ecs\systems\PhysicsSystem.cpp,825,9624754101,5072221,17,
Physics::Step,C:\Users\╨┐╨║\Documents\GitHub\myengine\engine\src\ecs\systems\PhysicsSystem.cpp,825,9640498626,4632806,17,
Physics::Step,C:\Users\╨┐╨║\Documents\GitHub\myengine\engine\src\ecs\systems\PhysicsSystem.cpp,825,9656025227,4872982,17,
Physics::Step,C:\Users\╨┐╨║\Documents\GitHub\myengine\engine\src\ecs\systems\PhysicsSystem.cpp,825,9671407233,4523563,17,
Physics::Step,C:\Users\╨┐╨║\Documents\GitHub\myengine\engine\src\ecs\systems\PhysicsSystem.cpp,825,9696727173,4932515,17,
Physics::Step,C:\Users\╨┐╨║\Documents\GitHub\myengine\engine\src\ecs\systems\PhysicsSystem.cpp,825,9712435088,5558670,17,
Physics::Step,C:\Users\╨┐╨║\Documents\GitHub\myengine\engine\src\ecs\systems\PhysicsSystem.cpp,825,9728675600,4805820,17,
Physics::Step,C:\Users\╨┐╨║\Documents\GitHub\myengine\engine\src\ecs\systems\PhysicsSystem.cpp,825,9744157867,5039102,17,
Physics::Step,C:\Users\╨┐╨║\Documents\GitHub\myengine\engine\src\ecs\systems\PhysicsSystem.cpp,825,9759671533,5001071,17,
Physics::Step,C:\Users\╨┐╨║\Documents\GitHub\myengine\engine\src\ecs\systems\PhysicsSystem.cpp,825,9775431973,4839759,17,
Physics::Step,C:\Users\╨┐╨║\Documents\GitHub\myengine\engine\src\ecs\systems\PhysicsSystem.cpp,825,9790549456,5149027,17,
Physics::Step,C:\Users\╨┐╨║\Documents\GitHub\myengine\engine\src\ecs\systems\PhysicsSystem.cpp,825,9806303960,4926884,17,
Physics::Step,C:\Users\╨┐╨║\Documents\GitHub\myengine\engine\src\ecs\systems\PhysicsSystem.cpp,825,9822638881,5338301,17,
Physics::Step,C:\Users\╨┐╨║\Documents\GitHub\myengine\engine\src\ecs\systems\PhysicsSystem.cpp,825,9838670120,5072085,17,
Physics::Step,C:\Users\╨┐╨║\Documents\GitHub\myengine\engine\src\ecs\systems\PhysicsSystem.cpp,825,9854223225,5010053,17,
Physics::Step,C:\Users\╨┐╨║\Documents\GitHub\myengine\engine\src\ecs\systems\PhysicsSystem.cpp,825,9880499312,4725337,17,
Physics::Step,C:\Users\╨┐╨║\Documents\GitHub\myengine\engine\src\ecs\systems\PhysicsSystem.cpp,825,9896315924,4914130,17,
Physics::Step,C:\Users\╨┐╨║\Documents\GitHub\myengine\engine\src\ecs\systems\PhysicsSystem.cpp,825,9912071820,4650844,17,
Physics::Step,C:\Users\╨┐╨║\Documents\GitHub\myengine\engine\src\ecs\systems\PhysicsSystem.cpp,825,9927676118,4852508,17,
Physics::Step,C:\Users\╨┐╨║\Documents\GitHub\myengine\engine\src\ecs\systems\PhysicsSystem.cpp,825,9944617145,5051645,17,
Physics::Step,C:\Users\╨┐╨║\Documents\GitHub\myengine\engine\src\ecs\systems\PhysicsSystem.cpp,825,9960347272,4770708,17,
Physics::Step,C:\Users\╨┐╨║\Documents\GitHub\myengine\engine\src\ecs\systems\PhysicsSystem.cpp,825,9975886006,4725316,17,
Physics::Step,C:\Users\╨┐╨║\Documents\GitHub\myengine\engine\src\ecs\systems\PhysicsSystem.cpp,825,9991152898,4592710,17,
Physics::Step,C:\Users\╨┐╨║\Documents\GitHub\myengine\engine\src\ecs\systems\PhysicsSystem.cpp,825,10005979339,5196557,17,
Physics::Step,C:\Users\╨┐╨║\Documents\GitHub\myengine\engine\src\ecs\systems\PhysicsSystem.cpp,825,10021943000,4775323,17,
Physics::Step,C:\Users\╨┐╨║\Documents\GitHub\myengine\engine\src\ecs\systems\PhysicsSystem.cpp,825,10037525993,4741072,17,
Physics::Step,C:\Users\╨┐╨║\Documents\GitHub\myengine\engine\src\ecs\systems\PhysicsSystem.cpp,825,10063477959,5337750,17,
Physics::Step,C:\Users\╨┐╨║\Documents\GitHub\myengine\engine\src\ecs\systems\PhysicsSystem.cpp,825,10079452796,4859667,17,
Physics::Step,C:\Users\╨┐╨║\Documents\GitHub\myengine\engine\src\ecs\systems\PhysicsSystem.cpp,825,10094869784,4958004,17,
Physics::Step,C:\Users\╨┐╨║\Documents\GitHub\myengine\engine\src\ecs\systems\PhysicsSystem.cpp,825,10110280625,4694824,17,
Physics::Step,C:\Users\╨┐╨║\Documents\GitHub\myengine\engine\src\ecs\systems\PhysicsSystem.cpp,825,10125446110,4921859,17,
Physics::Step,C:\Users\╨┐╨║\Documents\GitHub\myengine\engine\src\ecs\systems\PhysicsSystem.cpp,825,10141027745,5071033,17,
Physics::Step,C:\Users\╨┐╨║\Documents\GitHub\myengine\engine\src\ecs\systems\PhysicsSystem.cpp,825,10156610037,4849608,17,
Physics::Step,C:\Users\╨┐╨║\Documents\GitHub\myengine\engine\src\ecs\systems\PhysicsSystem.cpp,825,10172305654,4861014,17,
Physics::Step,C:\Users\╨┐╨║\Documents\GitHub\myengine\engine\src\ecs\systems\PhysicsSystem.cpp,825,10187776799,5158244,17,
Physics::Step,C:\Users\╨┐╨║\Documents\GitHub\myengine\engine\src\ecs\systems\PhysicsSystem.cpp,825,10204230310,5388476,17,
Physics::Step,C:\Users\╨┐╨║\Documents\GitHub\myengine\engine\src\ecs\systems\PhysicsSystem.cpp,825,10220691791,4862853,17,
Physics::Step,C:\Users\╨┐╨║\Documents\GitHub\myengine\engine\src\ecs\systems\PhysicsSystem.cpp,825,10246908414,5374074,17,
Physics::Step,C:\Users\╨┐╨║\Documents\GitHub\myengine\engine\src\ecs\systems\PhysicsSystem.cpp,825,10263119815,5071814,17,
Physics::Step,C:\Users\╨┐╨║\Documents\GitHub\myengine\engine\src\ecs\systems\PhysicsSystem.cpp,825,10279188856,4772576,17,
Physics::Step,C:\Users\╨┐╨║\Documents\GitHub\myengine\engine\src\ecs\systems\PhysicsSystem.cpp,825,10294685891,4731193,17,
Physics::Step,C:\Users\╨┐╨║\Documents\GitHub\myengine\engine\src\ecs\systems\PhysicsSystem.cpp,825,10309999978,4688753,17,
Physics::Step,C:\Users\╨┐╨║\Documents\GitHub\myengine\engine\src\ecs\systems\PhysicsSystem.cpp,825,10325997743,4874250,17,
Physics::Step,C:\Users\╨┐╨║\Documents\GitHub\myengine\engine\src\ecs\systems\PhysicsSystem.cpp,825,10341697603,4674225,17,
Physics::Step,C:\Users\╨┐╨║\Documents\GitHub\myengine\engine\src\ecs\systems\PhysicsSystem.cpp,825,10357169610,4758911,17,
Physics::Step,C:\Users\╨┐╨║\Documents\GitHub\myengine\engine\src\ecs\systems\PhysicsSystem.cpp,825,10372957752,5035752,17,
Physics::Step,C:\Users\╨┐╨║\Documents\GitHub\myengine\engine\src\ecs\systems\PhysicsSystem.cpp,825,10388765156,4821045,17,
Physics::Step,C:\Users\╨┐╨║\Documents\GitHub\myengine\engine\src\ecs\systems\PhysicsSystem.cpp,825,10404229990,4855799,17,
Physics::Step,C:\Users\╨┐╨║\Documents\GitHub\myengine\engine\src\ecs\systems\PhysicsSystem.cpp,825,10430113766,4989103,17,
Physics::Step,C:\Users\╨┐╨║\Documents\GitHub\myengine\engine\src\ecs\systems\PhysicsSystem.cpp,825,10445919587,4857148,17,
Physics::Step,C:\Users\╨┐╨║\Documents\GitHub\myengine\engine\src\ecs\systems\PhysicsSystem.cpp,825,10461445312,4756581,17,
Physics::Step,C:\Users\╨┐╨║\Documents\GitHub\myengine\engine\src\ecs\systems\PhysicsSystem.cpp,825,10477277994,4936537,17,
Physics::Step,C:\Users\╨┐╨║\Documents\GitHub\myengine\engine\src\ecs\systems\PhysicsSystem.cpp,825,10492755535,5246001,17,
Physics::Step,C:\Users\╨┐╨║\Documents\GitHub\myengine\engine\src\ecs\systems\PhysicsSystem.cpp,825,10508916727,4618028,17,
Physics::Step,C:\Users\╨┐╨║\Documents\GitHub\myengine\engine\src\ecs\systems\PhysicsSystem.cpp,825,10524382883,5150093,17,
Physics::Step,C:\Users\╨┐╨║\Documents\GitHub\myengine\engine\src\ecs\systems\PhysicsSystem.cpp,825,10540178299,4556472,17,
Physics::Step,C:\Users\╨┐╨║\Documents\GitHub\myengine\engine\src\ecs\systems\PhysicsSystem.cpp,825,10555486360,5208374,17,
Physics::Step,C:\Users\╨┐╨║\Documents\GitHub\myengine\engine\src\ecs\systems\PhysicsSystem.cpp,825,10571299806,4718182,17,
Physics::Step,C:\Users\╨┐╨║\Documents\GitHub\myengine\engine\src\ecs\systems\PhysicsSystem.cpp,825,10586988745,5080300,17,
Physics::Step,C:\Users\╨┐╨║\Documents\GitHub\myengine\engine\src\ecs\systems\PhysicsSystem.cpp,825,10613163889,5413127,17,
Physics::Step,C:\Users\╨┐╨║\Documents\GitHub\myengine\engine\src\ecs\systems\PhysicsSystem.cpp,825,10629008759,4704252,17,
Physics::Step,C:\Users\╨┐╨║\Documents\GitHub\myengine\engine\src\ecs\systems\PhysicsSystem.cpp,825,10644390705,5671990,17,
Physics::Step,C:\Users\╨┐╨║\Documents\GitHub\myengine\engine\src\ecs\systems\PhysicsSystem.cpp,825,10660652592,4955483,17,
Physics::Step,C:\Users\╨┐╨║\Documents\GitHub\myengine\engine\src\ecs\systems\PhysicsSystem.cpp,825,10677123110,5384203,17,
Physics::Step,C:\Users\╨┐╨║\Documents\GitHub\myengine\engine\src\ecs\systems\PhysicsSystem.cpp,825,10693999850,4995469,17,
Physics::Step,C:\Users\╨┐╨║\Documents\GitHub\myengine\engine\src\ecs\systems\PhysicsSystem.cpp,825,10709679401,5022617,17,
Physics::Step,C:\Users\╨┐╨║\Documents\GitHub\myengine\engine\src\ecs\systems\PhysicsSystem.cpp,825,10725270304,5565633,17,
Physics::Step,C:\Users\╨┐╨║\Documents\GitHub\myengine\engine\src\ecs\systems\PhysicsSystem.cpp,825,10741666115,4901286,17,
Physics::Step,C:\Users\╨┐╨║\Documents\GitHub\myengine\engine\src\ecs\systems\PhysicsSystem.cpp,825,10757116461,4735075,17,
Physics::Step,C:\Users\╨┐╨║\Documents\GitHub\myengine\engine\src\ecs\systems\PhysicsSystem.cpp,825,10772729947,5685515,17,
Physics::Step,C:\Users\╨┐╨║\Documents\GitHub\myengine\engine\src\ecs\systems\PhysicsSystem.cpp,825,10789199488,4711646,17,
Physics::Step,C:\Users\╨┐╨║\Documents\GitHub\myengine\engine\src\ecs\systems\PhysicsSystem.cpp,825,10804655635,4807833,17,
Physics::Step,C:\Users\╨┐╨║\Documents\GitHub\myengine\engine\src\ecs\systems\PhysicsSystem.cpp,825,10830607936,4690706,17,
Physics::Step,C:\Users\╨┐╨║\Documents\GitHub\myengine\engine\src\ecs\systems\PhysicsSystem.cpp,825,10845502677,5195545,17,
Physics::Step,C:\Users\╨┐╨║\Documents\GitHub\myengine\engine\src\ecs\systems\PhysicsSystem.cpp,825,10860969023,4860044,17,
Physics::Step,C:\Users\╨┐╨║\Documents\GitHub\myengine\engine\src\ecs\systems\PhysicsSystem.cpp,825,10876263169,5222411,17,
Physics::Step,C:\Users\╨┐╨║\Documents\GitHub\myengine\engine\src\ecs\systems\PhysicsSystem.cpp,825,10895595490,5607322,17,
Physics::Step,C:\Users\╨┐╨║\Documents\GitHub\myengine\engine\src\ecs\systems\PhysicsSystem.cpp,825,10911882520,5063478,17,
Physics::Step,C:\Users\╨┐╨║\Documents\GitHub\myengine\engine\src\ecs\systems\PhysicsSystem.cpp,825,10928196556,4777926,17,
Physics::Step,C:\Users\╨┐╨║\Documents\GitHub\myengine\engine\src\ecs\systems\PhysicsSystem.cpp,825,10943622887,5026188,17,
Physics::Step,C:\Users\╨┐╨║\Documents\GitHub\myengine\engine\src\ecs\systems\PhysicsSystem.cpp,825,10959165393,4626344,17,
Physics::Step,C:\Users\╨┐╨║\Documents\GitHub\myengine\engine\src\ecs\systems\PhysicsSystem.cpp,825,10974337620,4710635,17,
Physics::Step,C:\Users\╨┐╨║\Documents\GitHub\myengine\engine\src\ecs\systems\PhysicsSystem.cpp,825,10989457629,4753856,17,
Physics::Step,C:\Users\╨┐╨║\Documents\GitHub\myengine\engine\src\ecs\systems\PhysicsSystem.cpp,825,11004998778,4917777,17,
Physics::Step,C:\Users\╨┐╨║\Documents\GitHub\myengine\engine\src\ecs\systems\PhysicsSystem.cpp,825,11020384561,4776759,17,
Physics::Step,C:\Users\╨┐╨║\Documents\GitHub\myengine\engine\src\ecs\systems\PhysicsSystem.cpp,825,11046287028,5366334,17,
Physics::Step,C:\Users\╨┐╨║\Documents\GitHub\myengine\engine\src\ecs\systems\PhysicsSystem.cpp,825,11062471308,5297428,17,
Physics::Step,C:\Users\╨┐╨║\Documents\GitHub\myengine\engine\src\ecs\systems\PhysicsSystem.cpp,825,11078290063,5125602,17,
Physics::Step,C:\Users\╨┐╨║\Documents\GitHub\myengine\engine\src\ecs\systems\PhysicsSystem.cpp,825,11093870436,5204796,17,
Physics::Step,C:\Users\╨┐╨║\Documents\GitHub\myengine\engine\src\ecs\systems\PhysicsSystem.cpp,825,11110050958,4666014,17,
Physics::Step,C:\Users\╨┐╨║\Documents\GitHub\myengine\engine\src\ecs\systems\PhysicsSystem.cpp,825,11125295618,5079435,17,
Physics::Step,C:\Users\╨┐╨║\Documents\GitHub\myengine\engine\src\ecs\systems\PhysicsSystem.cpp,825,11140664800,4895395,17,
Physics::Step,C:\Users\╨┐╨║\Documents\GitHub\myengine\engine\src\ecs\systems\PhysicsSystem.cpp,825,11155948650,4972812,17,
Physics::Step,C:\Users\╨┐╨║\Documents\GitHub\myengine\engine\src\ecs\systems\PhysicsSystem.cpp,825,11171074490,4670167,17,
Physics::Step,C:\Users\╨┐╨║\Documents\GitHub\myengine\engine\src\ecs\systems\PhysicsSystem.cpp,825,11196377483,4710465,17,
Physics::Step,C:\Users\╨┐╨║\Documents\GitHub\myengine\engine\src\ecs\systems\PhysicsSystem.cpp,825,11211948599,4638737,17,
Physics::Step,C:\Users\╨┐╨║\Documents\GitHub\myengine\engine\src\ecs\systems\PhysicsSystem.cpp,825,11227632108,4722516,17,
Physics::Step,C:\Users\╨┐╨║\Documents\GitHub\myengine\engine\src\ecs\systems\PhysicsSystem.cpp,825,11243263126,4883733,17,
Physics::Step,C:\Users\╨┐╨║\Documents\GitHub\myengine\engine\src\ecs\systems\PhysicsSystem.cpp,825,11258709325,4808299,17,
Physics::Step,C:\Users\╨┐╨║\Documents\GitHub\myengine\engine\src\ecs\systems\PhysicsSystem.cpp,825,11274089638,4832707,17,
Physics::Step,C:\Users\╨┐╨║\Documents\GitHub\myengine\engine\src\ecs\systems\PhysicsSystem.cpp,825,11289337609,4677842,17,
Physics::Step,C:\Users\╨┐╨║\Documents\GitHub\myengine\engine\src\ecs\systems\PhysicsSystem.cpp,825,11304592314,4805896,17,
Physics::Step,C:\Users\╨┐╨║\Documents\GitHub\myengine\engine\src\ecs\systems\PhysicsSystem.cpp,825,11320316099,4779441,17,
Physics::Step,C:\Users\╨┐╨║\Documents\GitHub\myengine\engine\src\ecs\systems\PhysicsSystem.cpp,825,11338399110,4921979,17,
Physics::Step,C:\Users\╨┐╨║\Documents\GitHub\myengine\engine\src\ecs\systems\PhysicsSystem.cpp,825,11353796870,4872261,17,
Physics::Step,C:\Users\╨┐╨║\Documents\GitHub\myengine\engine\src\ecs\systems\PhysicsSystem.cpp,825,11379436142,4823068,17,
Physics::Step,C:\Users\╨┐╨║\Documents\GitHub\myengine\engine\src\ecs\systems\PhysicsSystem.cpp,825,11394865258,4822767,17,
Physics::Step,C:\Users\╨┐╨║\Documents\GitHub\myengine\engine\src\ecs\systems\PhysicsSystem.cpp,825,11410102539,4791909,17,
Physics::Step,C:\Users\╨┐╨║\Documents\GitHub\myengine\engine\src\ecs\systems\PhysicsSystem.cpp,825,11425359548,4853295,17,
Physics::Step,C:\Users\╨┐╨║\Documents\GitHub\myengine\engine\src\ecs\systems\PhysicsSystem.cpp,825,11440485588,4831885,17,
Physics::Step,C:\Users\╨┐╨║\Documents\GitHub\myengine\engine\src\ecs\systems\PhysicsSystem.cpp,825,11456415926,5218127,17,
Physics::Step,C:\Users\╨┐╨║\Documents\GitHub\myengine\engine\src\ecs\systems\PhysicsSystem.cpp,825,11472649709,4787160,17,
Physics::Step,C:\Users\╨┐╨║\Documents\GitHub\myengine\engine\src\ecs\systems\PhysicsSystem.cpp,825,11488085538,4793662,17,
Physics::Step,C:\Users\╨┐╨║\Documents\GitHub\myengine\engine\src\ecs\systems\PhysicsSystem.cpp,825,11514195502,5052335,17,
Physics::Step,C:\Users\╨┐╨║\Documents\GitHub\myengine\engine\src\ecs\systems\PhysicsSystem.cpp,825,11529832344,4782921,17,
Physics::Step,C:\Users\╨┐╨║\Documents\GitHub\myengine\engine\src\ecs\systems\PhysicsSystem.cpp,825,11545257973,5038577,17,
Physics::Step,C:\Users\╨┐╨║\Documents\GitHub\myengine\engine\src\ecs\systems\PhysicsSystem.cpp,825,11561433957,5576308,17,
Physics::Step,C:\Users\╨┐╨║\Documents\GitHub\myengine\engine\src\ecs\systems\PhysicsSystem.cpp,825,11578332282,4741363,17,
Physics::Step,C:\Users\╨┐╨║\Documents\GitHub\myengine\engine\src\ecs\systems\PhysicsSystem.cpp,825,11593511884,4827386,17,
Physics::Step,C:\Users\╨┐╨║\Documents\GitHub\myengine\engine\src\ecs\systems\PhysicsSystem.cpp,825,11609148735,4947483,17,
Physics::Step,C:\Users\╨┐╨║\Documents\GitHub\myengine\engine\src\ecs\systems\PhysicsSystem.cpp,825,11624564775,5075217,17,
Physics::Step,C:\Users\╨┐╨║\Documents\GitHub\myengine\engine\src\ecs\systems\PhysicsSystem.cpp,825,11640407476,4724000,17,
Physics::Step,C:\Users\╨┐╨║\Documents\GitHub\myengine\engine\src\ecs\systems\PhysicsSystem.cpp,825,11655460247,4869125,17,
Physics::Step,C:\Users\╨┐╨║\Documents\GitHub\myengine\engine\src\ecs\systems\PhysicsSystem.cpp,825,11670728257,4970377,17,
Physics::Step,C:\Users\╨┐╨║\Documents\GitHub\myengine\engine\src\ecs\systems\PhysicsSystem.cpp,825,11696350246,5095585,17,
Physics::Step,C:\Users\╨┐╨║\Documents\GitHub\myengine\engine\src\ecs\systems\PhysicsSystem.cpp,825,11711752601,4837456,17,
Physics::Step,C:\Users\╨┐╨║\Documents\GitHub\myengine\engine\src\ecs\systems\PhysicsSystem.cpp,825,11726942663,4734129,17,
Physics::Step,C:\Users\╨┐╨║\Documents\GitHub\myengine\engine\src\ecs\systems\PhysicsSystem.cpp,825,11741824259,5089423,17,
Physics::Step,C:\Users\╨┐╨║\Documents\GitHub\myengine\engine\src\ecs\systems\PhysicsSystem.cpp,825,11758192057,5420963,17,
Physics::Step,C:\Users\╨┐╨║\Documents\GitHub\myengine\engine\src\ecs\systems\PhysicsSystem.cpp,825,11774195664,5339237,17,
Physics::Step,C:\Users\╨┐╨║\Documents\GitHub\myengine\engine\src\ecs\systems\PhysicsSystem.cpp,825,11790001344,4926635,17,
Physics::Step,C:\Users\╨┐╨║\Documents\GitHub\myengine\engine\src\ecs\systems\PhysicsSystem.cpp,825,11805215843,5024630,17,
Physics::Step,C:\Users\╨┐╨║\Documents\GitHub\myengine\engine\src\ecs\systems\PhysicsSystem.cpp,825,11820554837,4713029,17,
Physics::Step,C:\Users\╨┐╨║\Documents\GitHub\myengine\engine\src\ecs\systems\PhysicsSystem.cpp,825,11846340287,4859356,17,
Physics::Step,C:\Users\╨┐╨║\Documents\GitHub\myengine\engine\src\ecs\systems\PhysicsSystem.cpp,825,11861779211,4980558,17,
Physics::Step,C:\Users\╨┐╨║\Documents\GitHub\myengine\engine\src\ecs\systems\PhysicsSystem.cpp,825,11877691785,5060268,17,
Physics::Step,C:\Users\╨┐╨║\Documents\GitHub\myengine\engine\src\ecs\systems\PhysicsSystem.cpp,825,11893190553,4973663,17,
Physics::Step,C:\Users\╨┐╨║\Documents\GitHub\myengine\engine\src\ecs\systems\PhysicsSystem.cpp,825,11908825419,5092891,17,
Physics::Step,C:\Users\╨┐╨║\Documents\GitHub\myengine\engine\src\ecs\systems\PhysicsSystem.cpp,825,11924381426,5079095,17,
Physics::Step,C:\Users\╨┐╨║\Documents\GitHub\myengine\engine\src\ecs\systems\PhysicsSystem.cpp,825,11939873681,4970739,17,
Physics::Step,C:\Users\╨┐╨║\Documents\GitHub\myengine\engine\src\ecs\systems\PhysicsSystem.cpp,825,11955133135,5222897,17,
Physics::Step,C:\Users\╨┐╨║\Documents\GitHub\myengine\engine\src\ecs\systems\PhysicsSystem.cpp,825,11970967531,5269415,17,
Physics::Step,C:\Users\╨┐╨║\Documents\GitHub\myengine\engine\src\ecs\systems\PhysicsSystem.cpp,825,11987312786,4937836,17,
Physics::Step,C:\Users\╨┐╨║\Documents\GitHub\myengine\engine\src\ecs\systems\PhysicsSystem.cpp,825,12012915999,4939479,17,
Physics::Step,C:\Users\╨┐╨║\Documents\GitHub\myengine\engine\src\ecs\systems\PhysicsSystem.cpp,825,12028536388,5336523,17,
Physics::Step,C:\Users\╨┐╨║\Documents\GitHub\myengine\engine\src\ecs\systems\PhysicsSystem.cpp,825,12044321940,4804633,17,
Physics::Step,C:\Users\╨┐╨║\Documents\GitHub\myengine\engine\src\ecs\systems\PhysicsSystem.cpp,825,12059530678,4846091,17,
Physics::Step,C:\Users\╨┐╨║\Documents\GitHub\myengine\engine\src\ecs\systems\PhysicsSystem.cpp,825,12074992265,5052193,17,
Physics::Step,C:\Users\╨┐╨║\Documents\GitHub\myengine\engine\src\ecs\systems\PhysicsSystem.cpp,825,12090937972,4784594,17,
Physics::Step,C:\Users\╨┐╨║\Documents\GitHub\myengine\engine\src\ecs\systems\PhysicsSystem.cpp,825,12106112093,5134529,17,
Physics::Step,C:\Users\╨┐╨║\Documents\GitHub\myengine\engine\src\ecs\systems\PhysicsSystem.cpp,825,12121629156,4620042,17,
Physics::Step,C:\Users\╨┐╨║\Documents\GitHub\myengine\engine\src\ecs\systems\PhysicsSystem.cpp,825,12147036287,4801146,17,
Physics::Step,C:\Users\╨┐╨║\Documents\GitHub\myengine\engine\src\ecs\systems\PhysicsSystem.cpp,825,12162178498,4653676,17,
Physics::Step,C:\Users\╨┐╨║\Documents\GitHub\myengine\engine\src\ecs\systems\PhysicsSystem.cpp,825,12177460004,4992600,17,
Physics::Step,C:\Users\╨┐╨║\Documents\GitHub\myengine\engine\src\ecs\systems\PhysicsSystem.cpp,825,12192980854,5130301,17,
Physics::Step,C:\Users\╨┐╨║\Documents\GitHub\myengine\engine\src\ecs\systems\PhysicsSystem.cpp,825,12210108825,4963725,17,
Physics::Step,C:\Users\╨┐╨║\Documents\GitHub\myengine\engine\src\ecs\systems\PhysicsSystem.cpp,825,12225412563,4959116,17,
Physics::Step,C:\Users\╨┐╨║\Documents\GitHub\myengine\engine\src\ecs\systems\PhysicsSystem.cpp,825,12241034024,4747955,17,
Physics::Step,C:\Users\╨┐╨║\Documents\GitHub\myengine\engine\src\ecs\systems\PhysicsSystem.cpp,825,12256316421,4868353,17,
Physics::Step,C:\Users\╨┐╨║\Documents\GitHub\myengine\engine\src\ecs\systems\PhysicsSystem.cpp,825,12271782456,4911706,17,
Physics::Step,C:\Users\╨┐╨║\Documents\GitHub\myengine\engine\src\ecs\systems\PhysicsSystem.cpp,825,12287526630,4989205,17,
Physics::Step,C:\Users\╨┐╨║\Documents\GitHub\myengine\engine\src\ecs\systems\PhysicsSystem.cpp,825,12313440243,5066210,17,
Physics::Step,C:\Users\╨┐╨║\Documents\GitHub\myengine\engine\src\ecs\systems\PhysicsSystem.cpp,825,12328954010,4850900,17,
Physics::Step,C:\Users\╨┐╨║\Documents\GitHub\myengine\engine\src\ecs\systems\PhysicsSystem.cpp,825,12344691281,4928758,17,
Physics::Step,C:\Users\╨┐╨║\Documents\GitHub\myengine\engine\src\ecs\systems\PhysicsSystem.cpp,825,12360120898,5806394,17,
Physics::Step,C:\Users\╨┐╨║\Documents\GitHub\myengine\engine\src\ecs\systems\PhysicsSystem.cpp,825,12376391861,5078864,17,
Physics::Step,C:\Users\╨┐╨║\Documents\GitHub\myengine\engine\src\ecs\systems\PhysicsSystem.cpp,825,12392311008,5594633,17,
Physics::Step,C:\Users\╨┐╨║\Documents\GitHub\myengine\engine\src\ecs\systems\PhysicsSystem.cpp,825,12409100356,5006796,17,
Physics::Step,C:\Users\╨┐╨║\Documents\GitHub\myengine\engine\src\ecs\systems\PhysicsSystem.cpp,825,12425302780,4806256,17,
Physics::Step,C:\Users\╨┐╨║\Documents\GitHub\myengine\engine\src\ecs\systems\PhysicsSystem.cpp,825,12440604875,4717477,17,
Physics::Step,C:\Users\╨┐╨║\Documents\GitHub\myengine\engine\src\ecs\systems\PhysicsSystem.cpp,825,12455928701,4984113,17,
Physics::Step,C:\Users\╨┐╨║\Documents\GitHub\myengine\engine\src\ecs\systems\PhysicsSystem.cpp,825,12471399776,4635642,17,
Physics::Step,C:\Users\╨┐╨║\Documents\GitHub\myengine\engine\src\ecs\systems\PhysicsSystem.cpp,825,12496866811,4874826,17,
Physics::Step,C:\Users\╨┐╨║\Documents\GitHub\myengine\engine\src\ecs\systems\PhysicsSystem.cpp,825,12512210334,4842815,17,
Physics::Step,C:\Users\╨┐╨║\Documents\GitHub\myengine\engine\src\ecs\systems\PhysicsSystem.cpp,825,12527633709,4751612,17,
Physics::Step,C:\Users\╨┐╨║\Documents\GitHub\myengine\engine\src\ecs\systems\PhysicsSystem.cpp,825,12542929131,4886599,17,
Physics::Step,C:\Users\╨┐╨║\Documents\GitHub\myengine\engine\src\ecs\systems\PhysicsSystem.cpp,825,12558425004,4841803,17,
Physics::Step,C:\Users\╨┐╨║\Documents\GitHub\myengine\engine\src\ecs\systems\PhysicsSystem.cpp,825,12573809756,4748285,17,
Physics::Step,C:\Users\╨┐╨║\Documents\GitHub\myengine\engine\src\ecs\systems\PhysicsSystem.cpp,825,12589635765,4653135,17,
Physics::Step,C:\Users\╨┐╨║\Documents\GitHub\myengine\engine\src\ecs\systems\PhysicsSystem.cpp,825,12605102782,4801186,17,
Physics::Step,C:\Users\╨┐╨║\Documents\GitHub\myengine\engine\src\ecs\systems\PhysicsSystem.cpp,825,12620426778,4757072,17,
Physics::Step,C:\Users\╨┐╨║\Documents\GitHub\myengine\engine\src\ecs\systems\PhysicsSystem.cpp,825,12646157143,5348565,17,
Physics::Step,C:\Users\╨┐╨║\Documents\GitHub\myengine\engine\src\ecs\systems\PhysicsSystem.cpp,825,12661927907,4754087,17,
Physics::Step,C:\Users\╨┐╨║\Documents\GitHub\myengine\engine\src\ecs\systems\PhysicsSystem.cpp,825,12677024913,4963794,17,
Physics::Step,C:\Users\╨┐╨║\Documents\GitHub\myengine\engine\src\ecs\systems\PhysicsSystem.cpp,825,12692645351,5078182,17,
Physics::Step,C:\Users\╨┐╨║\Documents\GitHub\myengine\engine\src\ecs\systems\PhysicsSystem.cpp,825,12708224171,5240011,17,
Physics::Step,C:\Users\╨┐╨║\Documents\GitHub\myengine\engine\src\ecs\systems\PhysicsSystem.cpp,825,12724438178,4794774,17,
Physics::Step,C:\Users\╨┐╨║\Documents\GitHub\myengine\engine\src\ecs\systems\PhysicsSystem.cpp,825,12740001268,4972261,17,
Physics::Step,C:\Users\╨┐╨║\Documents\GitHub\myengine\engine\src\ecs\systems\PhysicsSystem.cpp,825,12755575279,4666250,17,
Physics::Step,C:\Users\╨┐╨║\Documents\GitHub\myengine\engine\src\ecs\systems\PhysicsSystem.cpp,825,12770626186,5064175,17,
Physics::Step,C:\Users\╨┐╨║\Documents\GitHub\myengine\engine\src\ecs\systems\PhysicsSystem.cpp,825,12798191395,4739118,17,
Physics::Step,C:\Users\╨┐╨║\Documents\GitHub\myengine\engine\src\ecs\systems\PhysicsSystem.cpp,825,12813673572,5005433,17,
Physics::Step,C:\Users\╨┐╨║\Documents\GitHub\myengine\engine\src\ecs\systems\PhysicsSystem.cpp,825,12829282538,4735934,17,
Physics::Step,C:\Users\╨┐╨║\Documents\GitHub\myengine\engine\src\ecs\systems\PhysicsSystem.cpp,825,12845285113,4787610,17,
Physics::Step,C:\Users\╨┐╨║\Documents\GitHub\myengine\engine\src\ecs\systems\PhysicsSystem.cpp,825,12860865115,4767252,17,
Physics::Step,C:\Users\╨┐╨║\Documents\GitHub\myengine\engine\src\ecs\systems\PhysicsSystem.cpp,825,12876197698,4663264,17,
Physics::Step,C:\Users\╨┐╨║\Documents\GitHub\myengine\engine\src\ecs\systems\PhysicsSystem.cpp,825,12891734418,4740841,17,
Physics::Step,C:\Users\╨┐╨║\Documents\GitHub\myengine\engine\src\ecs\systems\PhysicsSystem.cpp,825,12907084844,5030972,17,
Physics::Step,C:\Users\╨┐╨║\Documents\GitHub\myengine\engine\src\ecs\systems\PhysicsSystem.cpp,825,12922479314,4771780,17,
Physics::Step,C:\Users\╨┐╨║\Documents\GitHub\myengine\engine\src\ecs\systems\PhysicsSystem.cpp,825,12937989173,4673313,17,
Physics::Step,C:\Users\╨┐╨║\Documents\GitHub\myengine\engine\src\ecs\systems\PhysicsSystem.cpp,825,12964019217,4733829,17,
Physics::Step,C:\Users\╨┐╨║\Documents\GitHub\myengine\engine\src\ecs\systems\PhysicsSystem.cpp,825,12979304119,4987680,17,
Physics::Step,C:\Users\╨┐╨║\Documents\GitHub\myengine\engine\src\ecs\systems\PhysicsSystem.cpp,825,12995125399,4587501,17,
Physics::Step,C:\Users\╨┐╨║\Documents\GitHub\myengine\engine\src\ecs\systems\PhysicsSystem.cpp,825,13010231842,5084765,17,
Physics::Step,C:\Users\╨┐╨║\Documents\GitHub\myengine\engine\src\ecs\systems\PhysicsSystem.cpp,825,13025940739,4819482,17,
Physics::Step,C:\Users\╨┐╨║\Documents\GitHub\myengine\engine\src\ecs\systems\PhysicsSystem.cpp,825,13041438044,4843969,17,
Physics::Step,C:\Users\╨┐╨║\Documents\GitHub\myengine\engine\src\ecs\systems\PhysicsSystem.cpp,825,13057058774,4925632,17,
Physics::Step,C:\Users\╨┐╨║\Documents\GitHub\myengine\engine\src\ecs\systems\PhysicsSystem.cpp,825,13072448214,5291658,17,
Physics::Step,C:\Users\╨┐╨║\Documents\GitHub\myengine\engine\src\ecs\systems\PhysicsSystem.cpp,825,13088553855,4628538,17,
Physics::Step,C:\Users\╨┐╨║\Documents\GitHub\myengine\engine\src\ecs\systems\PhysicsSystem.cpp,825,13103661540,5152083,17,
Physics::Step,C:\Users\╨┐╨║\Documents\GitHub\myengine\engine\src\ecs\systems\PhysicsSystem.cpp,825,13129592796,4788724,17,
Physics::Step,C:\Users\╨┐╨║\Documents\GitHub\myengine\engine\src\ecs\systems\PhysicsSystem.cpp,825,13145094451,5154046,17,
Physics::Step,C:\Users\╨┐╨║\Documents\GitHub\myengine\engine\src\ecs\systems\PhysicsSystem.cpp,825,13160610492,4766780,17,
Physics::Step,C:\Users\╨┐╨║\Documents\GitHub\myengine\engine\src\ecs\systems\PhysicsSystem.cpp,825,13176035549,4999763,17,
Physics::Step,C:\Users\╨┐╨║\Documents\GitHub\myengine\engine\src\ecs\systems\PhysicsSystem.cpp,825,13191677208,4846944,17,
Physics::Step,C:\Users\╨┐╨║\Documents\GitHub\myengine\engine\src\ecs\systems\PhysicsSystem.cpp,825,13207005082,5148405,17,
Physics::Step,C:\Users\╨┐╨║\Documents\GitHub\myengine\engine\src\ecs\systems\PhysicsSystem.cpp,825,13222784863,5235451,17,
Physics::Step,C:\Users\╨┐╨║\Documents\GitHub\myengine\engine\src\ecs\systems\PhysicsSystem.cpp,825,13238714549,4691298,17,
Physics::Step,C:\Users\╨┐╨║\Documents\GitHub\myengine\engine\src\ecs\systems\PhysicsSystem.cpp,825,13254057772,4931423,17,
Physics::Step,C:\Users\╨┐╨║\Documents\GitHub\myengine\engine\src\ecs\systems\PhysicsSystem.cpp,825,13280060223,5388803,17,
Physics::Step,C:\Users\╨┐╨║\Documents\GitHub\myengine\engine\src\ecs\systems\PhysicsSystem.cpp,825,13297009115,4980517,17,
Physics::Step,C:\Users\╨┐╨║\Documents\GitHub\myengine\engine\src\ecs\systems\PhysicsSystem.cpp,825,13312489027,5392018,17,
Physics::Step,C:\Users\╨┐╨║\Documents\GitHub\myengine\engine\src\ecs\systems\PhysicsSystem.cpp,825,13328496862,5035922,17,
Physics::Step,C:\Users\╨┐╨║\Documents\GitHub\myengine\engine\src\ecs\systems\PhysicsSystem.cpp,825,13343941637,4914262,17,
Physics::Step,C:\Users\╨┐╨║\Documents\GitHub\myengine\engine\src\ecs\systems\PhysicsSystem.cpp,825,13359733722,4842985,17,
Physics::Step,C:\Users\╨┐╨║\Documents\GitHub\myengine\engine\src\ecs\systems\PhysicsSystem.cpp,825,13375076804,5041603,17,
Physics::Step,C:\Users\╨┐╨║\Documents\GitHub\myengine\engine\src\ecs\systems\PhysicsSystem.cpp,825,13391086482,4747104,17,
Physics::Step,C:\Users\╨┐╨║\Documents\GitHub\myengine\engine\src\ecs\systems\PhysicsSystem.cpp,825,13406228182,5050075,17,
Physics::Step,C:\Users\╨┐╨║\Documents\GitHub\myengine\engine\src\ecs\systems\PhysicsSystem.cpp,825,13422063295,4763234,17,
Physics::Step,C:\Users\╨┐╨║\Documents\GitHub\myengine\engine\src\ecs\systems\PhysicsSystem.cpp,825,13438877440,5132089,17,
Physics::Step,C:\Users\╨┐╨║\Documents\GitHub\myengine\engine\src\ecs\systems\PhysicsSystem.cpp,825,13455833089,4883553,17,
Physics::Step,C:\Users\╨┐╨║\Documents\GitHub\myengine\engine\src\ecs\systems\PhysicsSystem.cpp,825,13471399104,4795776,17,
Physics::Step,C:\Users\╨┐╨║\Documents\GitHub\myengine\engine\src\ecs\systems\PhysicsSystem.cpp,825,13487094626,5185817,17,
Physics::Step,C:\Users\╨┐╨║\Documents\GitHub\myengine\engine\src\ecs\systems\PhysicsSystem.cpp,825,13513279854,5298126,17,
Physics::Step,C:\Users\╨┐╨║\Documents\GitHub\myengine\engine\src\ecs\systems\PhysicsSystem.cpp,825,13529141517,4658230,17,
Physics::Step,C:\Users\╨┐╨║\Documents\GitHub\myengine\engine\src\ecs\systems\PhysicsSystem.cpp,825,13544111475,4871741,17,
Physics::Step,C:\Users\╨┐╨║\Documents\GitHub\myengine\engine\src\ecs\systems\PhysicsSystem.cpp,825,13559835210,4829060,17,
Physics::Step,C:\Users\╨┐╨║\Documents\GitHub\myengine\engine\src\ecs\systems\PhysicsSystem.cpp,825,13575100575,4893782,17,
Physics::Step,C:\Users\╨┐╨║\Documents\GitHub\myengine\engine\src\ecs\systems\PhysicsSystem.cpp,825,13590972361,4912659,17,
Physics::Step,C:\Users\╨┐╨║\Documents\GitHub\myengine\engine\src\ecs\systems\PhysicsSystem.cpp,825,13606501728,5004984,17,
Physics::Step,C:\Users\╨┐╨║\Documents\GitHub\myengine\engine\src\ecs\systems\PhysicsSystem.cpp,825,13622005476,4964185,17,
Physics::Step,C:\Users\╨┐╨║\Documents\GitHub\myengine\engine\src\ecs\systems\PhysicsSystem.cpp,825,13637553657,4749899,17,
Physics::Step,C:\Users\╨┐╨║\Documents\GitHub\myengine\engine\src\ecs\systems\PhysicsSystem.cpp,825,13663180756,4949598,17,
Physics::Step,C:\Users\╨┐╨║\Documents\GitHub\myengine\engine\src\ecs\systems\PhysicsSystem.cpp,825,13678699922,4777723,17,
Physics::Step,C:\Users\╨┐╨║\Documents\GitHub\myengine\engine\src\ecs\systems\PhysicsSystem.cpp,825,13694352482,5009061,17,
Physics::Step,C:\Users\╨┐╨║\Documents\GitHub\myengine\engine\src\ecs\systems\PhysicsSystem.cpp,825,13710168954,4853827,17,
Physics::Step,C:\Users\╨┐╨║\Documents\GitHub\myengine\engine\src\ecs\systems\PhysicsSystem.cpp,825,13725398280,5183281,17,
Physics::Step,C:\Users\╨┐╨║\Documents\GitHub\myengine\engine\src\ecs\systems\PhysicsSystem.cpp,825,13740948977,4831583,17,
Physics::Step,C:\Users\╨┐╨║\Documents\GitHub\myengine\engine\src\ecs\systems\PhysicsSystem.cpp,825,13756027947,5238097,17,
Physics::Step,C:\Users\╨┐╨║\Documents\GitHub\myengine\engine\src\ecs\systems\PhysicsSystem.cpp,825,13772030302,4904872,17,
Physics::Step,C:\Users\╨┐╨║\Documents\GitHub\myengine\engine\src\ecs\systems\PhysicsSystem.cpp,825,13787377462,5134965,17,
Physics::Step,C:\Users\╨┐╨║\Documents\GitHub\myengine\engine\src\ecs\systems\PhysicsSystem.cpp,825,13814143469,4990977,17,
Physics::Step,C:\Users\╨┐╨║\Documents\GitHub\myengine\engine\src\ecs\systems\PhysicsSystem.cpp,825,13829860511,4789649,17,
Physics::Step,C:\Users\╨┐╨║\Documents\GitHub\myengine\engine\src\ecs\systems\PhysicsSystem.cpp,825,13845130890,4916795,17,
Physics::Step,C:\Users\╨┐╨║\Documents\GitHub\myengine\engine\src\ecs\systems\PhysicsSystem.cpp,825,13861334917,5008820,17,
Physics::Step,C:\Users\╨┐╨║\Documents\GitHub\myengine\engine\src\ecs\systems\PhysicsSystem.cpp,825,13877524006,4647033,17,
Physics::Step,C:\Users\╨┐╨║\Documents\GitHub\myengine\engine\src\ecs\systems\PhysicsSystem.cpp,825,13893264563,5052714,17,
Physics::Step,C:\Users\╨┐╨║\Documents\GitHub\myengine\engine\src\ecs\systems\PhysicsSystem.cpp,825,13909121621,4901687,17,
Physics::Step,C:\Users\╨┐╨║\Documents\GitHub\myengine\engine\src\ecs\systems\PhysicsSystem.cpp,825,13925013375,4756642,17,
Physics::Step,C:\Users\╨┐╨║\Documents\GitHub\myengine\engine\src\ecs\systems\PhysicsSystem.cpp,825,13940362379,4847675,17,
Physics::Step,C:\Users\╨┐╨║\Documents\GitHub\myengine\engine\src\ecs\systems\PhysicsSystem.cpp,825,13955825439,4703130,17,
Physics::Step,C:\Users\╨┐╨║\Documents\GitHub\myengine\engine\src\ecs\systems\PhysicsSystem.cpp,825,13971180654,4550901,17,
Physics::Step,C:\Users\╨┐╨║\Documents\GitHub\myengine\engine\src\ecs\systems\PhysicsSystem.cpp,825,13996759762,4979676,17,
Physics::Step,C:\Users\╨┐╨║\Documents\GitHub\myengine\engine\src\ecs\systems\PhysicsSystem.cpp,825,14013875691,5113368,17,
Physics::Step,C:\Users\╨┐╨║\Documents\GitHub\myengine\engine\src\ecs\systems\PhysicsSystem.cpp,825,14031525423,5512927,17,
Physics::Step,C:\Users\╨┐╨║\Documents\GitHub\myengine\engine\src\ecs\systems\PhysicsSystem.cpp,825,14049264725,5185606,17,
Physics::Step,C:\Users\╨┐╨║\Documents\GitHub\myengine\engine\src\ecs\systems\PhysicsSystem.cpp,825,14065605381,4934660,17,
Physics::Step,C:\Users\╨┐╨║\Documents\GitHub\myengine\engine\src\ecs\systems\PhysicsSystem.cpp,825,14081048343,4670629,17,
Physics::Step,C:\Users\╨┐╨║\Documents\GitHub\myengine\engine\src\ecs\systems\PhysicsSystem.cpp,825,14096433405,4918720,17,
Physics::Step,C:\Users\╨┐╨║\Documents\GitHub\myengine\engine\src\ecs\systems\PhysicsSystem.cpp,825,14111748444,5414763,17,
Physics::Step,C:\Users\╨┐╨║\Documents\GitHub\myengine\engine\src\ecs\systems\PhysicsSystem.cpp,825,14128150277,4938909,17,
Physics::Step,C:\Users\╨┐╨║\Documents\GitHub\myengine\engine\src\ecs\systems\PhysicsSystem.cpp,825,14143635209,5083834,17,
Physics::Step,C:\Users\╨┐╨║\Documents\GitHub\myengine\engine\src\ecs\systems\PhysicsSystem.cpp,825,14159628656,4832867,17,
Physics::Step,C:\Users\╨┐╨║\Documents\GitHub\myengine\engine\src\ecs\systems\PhysicsSystem.cpp,825,14175567340,5142784,17,
Physics::Step,C:\Users\╨┐╨║\Documents\GitHub\myengine\engine\src\ecs\systems\PhysicsSystem.cpp,825,14191494931,5337436,17,
Physics::Step,C:\Users\╨┐╨║\Documents\GitHub\myengine\engine\src\ecs\systems\PhysicsSystem.cpp,825,14207274483,5008720,17,
Physics::Step,C:\Users\╨┐╨║\Documents\GitHub\myengine\engine\src\ecs\systems\PhysicsSystem.cpp,825,14222925189,4765869,17,
Physics::Step,C:\Users\╨┐╨║\Documents\GitHub\myengine\engine\src\ecs\systems\PhysicsSystem.cpp,825,14238404129,5495294,17,
Physics::Step,C:\Users\╨┐╨║\Documents\GitHub\myengine\engine\src\ecs\systems\PhysicsSystem.cpp,825,14254876867,4798820,17,
Physics::Step,C:\Users\╨┐╨║\Documents\GitHub\myengine\engine\src\ecs\systems\PhysicsSystem.cpp,825,14280374480,4745781,17,
Physics::Step,C:\Users\╨┐╨║\Documents\GitHub\myengine\engine\src\ecs\systems\PhysicsSystem.cpp,825,14295895540,4808340,17,
Physics::Step,C:\Users\╨┐╨║\Documents\GitHub\myengine\engine\src\ecs\systems\PhysicsSystem.cpp,825,14311558149,5060418,17,
Physics::Step,C:\Users\╨┐╨║\Documents\GitHub\myengine\engine\src\ecs\systems\PhysicsSystem.cpp,825,14327194118,5911064,17,
Physics::Step,C:\Users\╨┐╨║\Documents\GitHub\myengine\engine\src\ecs\systems\PhysicsSystem.cpp,825,14344612250,5771258,17,
Physics::Step,C:\Users\╨┐╨║\Documents\GitHub\myengine\engine\src\ecs\systems\PhysicsSystem.cpp,825,14362575918,5134128,17,
Physics::Step,C:\Users\╨┐╨║\Documents\GitHub\myengine\engine\src\ecs\systems\PhysicsSystem.cpp,825,14378270548,4876104,17,
Physics::Step,C:\Users\╨┐╨║\Documents\GitHub\myengine\engine\src\ecs\systems\PhysicsSystem.cpp,825,14393930578,5227761,17,
Physics::Step,C:\Users\╨┐╨║\Documents\GitHub\myengine\engine\src\ecs\systems\PhysicsSystem.cpp,825,14409833888,4748306,17,
Physics::Step,C:\Users\╨┐╨║\Documents\GitHub\myengine\engine\src\ecs\systems\PhysicsSystem.cpp,825,14425408038,5148497,17,
Physics::Step,C:\Users\╨┐╨║\Documents\GitHub\myengine\engine\src\ecs\systems\PhysicsSystem.cpp,825,14441557903,5034455,17,
Physics::Step,C:\Users\╨┐╨║\Documents\GitHub\myengine\engine\src\ecs\systems\PhysicsSystem.cpp,825,14457643602,4902723,17,
Physics::Step,C:\Users\╨┐╨║\Documents\GitHub\myengine\engine\src\ecs\systems\PhysicsSystem.cpp,825,14473500294,5113198,17,
Physics::Step,C:\Users\╨┐╨║\Documents\GitHub\myengine\engine\src\ecs\systems\PhysicsSystem.cpp,825,14489371268,4672732,17,
Physics::Step,C:\Users\╨┐╨║\Documents\GitHub\myengine\engine\src\ecs\systems\PhysicsSystem.cpp,825,14504907297,4887009,17,
Physics::Step,C:\Users\╨┐╨║\Documents\GitHub\myengine\engine\src\ecs\systems\PhysicsSystem.cpp,825,14520486938,5138507,17,
Physics::Step,C:\Users\╨┐╨║\Documents\GitHub\myengine\engine\src\ecs\systems\PhysicsSystem.cpp,825,14546548793,5098160,17,
Physics::Step,C:\Users\╨┐╨║\Documents\GitHub\myengine\engine\src\ecs\systems\PhysicsSystem.cpp,825,14562293809,5271920,17,
Physics::Step,C:\Users\╨┐╨║\Documents\GitHub\myengine\engine\src\ecs\systems\PhysicsSystem.cpp,825,14578614387,4937164,17,
Physics::Step,C:\Users\╨┐╨║\Documents\GitHub\myengine\engine\src\ecs\systems\PhysicsSystem.cpp,825,14594200881,5256471,17,
Physics::Step,C:\Users\╨┐╨║\Documents\GitHub\myengine\engine\src\ecs\systems\PhysicsSystem.cpp,825,14609942310,4912488,17,
Physics::Step,C:\Users\╨┐╨║\Documents\GitHub\myengine\engine\src\ecs\systems\PhysicsSystem.cpp,825,14625358982,5342304,17,
Physics::Step,C:\Users\╨┐╨║\Documents\GitHub\myengine\engine\src\ecs\systems\PhysicsSystem.cpp,825,14641156357,4977260,17,
Physics::Step,C:\Users\╨┐╨║\Documents\GitHub\myengine\engine\src\ecs\systems\PhysicsSystem.cpp,825,14656490582,5281519,17,
Physics::Step,C:\Users\╨┐╨║\Documents\GitHub\myengine\engine\src\ecs\systems\PhysicsSystem.cpp,825,14672351147,4856241,17,
Physics::Step,C:\Users\╨┐╨║\Documents\GitHub\myengine\engine\src\ecs\systems\PhysicsSystem.cpp,825,14687823585,4899744,17,
Physics::Step,C:\Users\╨┐╨║\Documents\GitHub\myengine\engine\src\ecs\systems\PhysicsSystem.cpp,825,14703766406,4937445,17,
Physics::Step,C:\Users\╨┐╨║\Documents\GitHub\myengine\engine\src\ecs\systems\PhysicsSystem.cpp,825,14729607522,4630662,17,
Physics::Step,C:\Users\╨┐╨║\Documents\GitHub\myengine\engine\src\ecs\systems\PhysicsSystem.cpp,825,14744648541,4746592,17,
Physics::Step,C:\Users\╨┐╨║\Documents\GitHub\myengine\engine\src\ecs\systems\PhysicsSystem.cpp,825,14760086453,4700506,17,
Physics::Step,C:\Users\╨┐╨║\Documents\GitHub\myengine\engine\src\ecs\systems\PhysicsSystem.cpp,825,14775550505,5107869,17,
Physics::Step,C:\Users\╨┐╨║\Documents\GitHub\myengine\engine\src\ecs\systems\PhysicsSystem.cpp,825,14791228203,4840031,17,
Physics::Step,C:\Users\╨┐╨║\Documents\GitHub\myengine\engine\src\ecs\systems\PhysicsSystem.cpp,825,14806878428,4872072,17,
Physics::Step,C:\Users\╨┐╨║\Documents\GitHub\myengine\engine\src\ecs\systems\PhysicsSystem.cpp,825,14822781664,5091728,17,
Physics::Step,C:\Users\╨┐╨║\Documents\GitHub\myengine\engine\src\ecs\systems\PhysicsSystem.cpp,825,14838889148,4532145,17,
Physics::Step,C:\Users\╨┐╨║\Documents\GitHub\myengine\engine\src\ecs\systems\PhysicsSystem.cpp,825,14854111301,5064245,17,
Physics::Step,C:\Users\╨┐╨║\Documents\GitHub\myengine\engine\src\ecs\systems\PhysicsSystem.cpp,825,14871653619,4986949,17,
Physics::Step,C:\Users\╨┐╨║\Documents\GitHub\myengine\engine\src\ecs\systems\PhysicsSystem.cpp,825,14887865260,6034920,17,
Physics::Step,C:\Users\╨┐╨║\Documents\GitHub\myengine\engine\src\ecs\systems\PhysicsSystem.cpp,825,14905046543,4965558,17,
Physics::Step,C:\Users\╨┐╨║\Documents\GitHub\myengine\engine\src\ecs\systems\PhysicsSystem.cpp,825,14920432537,4726995,17,
Physics::Step,C:\Users\╨┐╨║\Documents\GitHub\myengine\engine\src\ecs\systems\PhysicsSystem.cpp,825,14946108609,4703170,17,
Physics::Step,C:\Users\╨┐╨║\Documents\GitHub\myengine\engine\src\ecs\systems\PhysicsSystem.cpp,825,14961388361,4737335,17,
Physics::Step,C:\Users\╨┐╨║\Documents\GitHub\myengine\engine\src\ecs\systems\PhysicsSystem.cpp,825,14976851782,4777040,17,
Physics::Step,C:\Users\╨┐╨║\Documents\GitHub\myengine\engine\src\ecs\systems\PhysicsSystem.cpp,825,14992375227,4769527,17,
Physics::Step,C:\Users\╨┐╨║\Documents\GitHub\myengine\engine\src\ecs\systems\PhysicsSystem.cpp,825,15008473854,4730952,17,
Physics::Step,C:\Users\╨┐╨║\Documents\GitHub\myengine\engine\src\ecs\systems\PhysicsSystem.cpp,825,15024092138,4800882,17,
Physics::Step,C:\Users\╨┐╨║\Documents\GitHub\myengine\engine\src\ecs\systems\PhysicsSystem.cpp,825,15039791373,4707763,17,
Physics::Step,C:\Users\╨┐╨║\Documents\GitHub\myengine\engine\src\ecs\systems\PhysicsSystem.cpp,825,15055317998,5165929,17,
Physics::Step,C:\Users\╨┐╨║\Documents\GitHub\myengine\engine\src\ecs\systems\PhysicsSystem.cpp,825,15070928268,4573624,17,
Physics::Step,C:\Users\╨┐╨║\Documents\GitHub\myengine\engine\src\ecs\systems\PhysicsSystem.cpp,825,15096499541,4876779,17,
Physics::Step,C:\Users\╨┐╨║\Documents\GitHub\myengine\engine\src\ecs\systems\PhysicsSystem.cpp,825,15111836301,4943987,17,
Physics::Step,C:\Users\╨┐╨║\Documents\GitHub\myengine\engine\src\ecs\systems\PhysicsSystem.cpp,825,15127445228,4899794,17,
Physics::Step,C:\Users\╨┐╨║\Documents\GitHub\myengine\engine\src\ecs\systems\PhysicsSystem.cpp,825,15142806335,4730983,17,
Physics::Step,C:\Users\╨┐╨║\Documents\GitHub\myengine\engine\src\ecs\systems\PhysicsSystem.cpp,825,15158093872,4800234,17,
Physics::Step,C:\Users\╨┐╨║\Documents\GitHub\myengine\engine\src\ecs\systems\PhysicsSystem.cpp,825,15174776117,5361686,17,
Physics::Step,C:\Users\╨┐╨║\Documents\GitHub\myengine\engine\src\ecs\systems\PhysicsSystem.cpp,825,15190658699,5166785,17,
Physics::Step,C:\Users\╨┐╨║\Documents\GitHub\myengine\engine\src\ecs\systems\PhysicsSystem.cpp,825,15208408345,5091628,17,
Physics::Step,C:\Users\╨┐╨║\Documents\GitHub\myengine\engine\src\ecs\systems\PhysicsSystem.cpp,825,15224503636,5344468,17,
Physics::Step,C:\Users\╨┐╨║\Documents\GitHub\myengine\engine\src\ecs\systems\PhysicsSystem.cpp,825,15240789699,5298661,17,
Physics::Step,C:\Users\╨┐╨║\Documents\GitHub\myengine\engine\src\ecs\systems\PhysicsSystem.cpp,825,15256832981,4914501,17,
Physics::Step,C:\Users\╨┐╨║\Documents\GitHub\myengine\engine\src\ecs\systems\PhysicsSystem.cpp,825,15272545304,4863125,17,
Physics::Step,C:\Users\╨┐╨║\Documents\GitHub\myengine\engine\src\ecs\systems\PhysicsSystem.cpp,825,15289026919,4785415,17,
Physics::Step,C:\Users\╨┐╨║\Documents\GitHub\myengine\engine\src\ecs\systems\PhysicsSystem.cpp,825,15305656383,5085936,17,
Physics::Step,C:\Users\╨┐╨║\Documents\GitHub\myengine\engine\src\ecs\systems\PhysicsSystem.cpp,825,15321849479,5013165,17,
Physics::Step,C:\Users\╨┐╨║\Documents\GitHub\myengine\engine\src\ecs\systems\PhysicsSystem.cpp,825,15337844726,4667075,17,
Physics::Step,C:\Users\╨┐╨║\Documents\GitHub\myengine\engine\src\ecs\systems\PhysicsSystem.cpp,825,15363605953,5074346,17,
Physics::Step,C:\Users\╨┐╨║\Documents\GitHub\myengine\engine\src\ecs\systems\PhysicsSystem.cpp,825,15379738786,4609541,17,
Physics::Step,C:\Users\╨┐╨║\Documents\GitHub\myengine\engine\src\ecs\systems\PhysicsSystem.cpp,825,15394843986,4760128,17,
Physics::Step,C:\Users\╨┐╨║\Documents\GitHub\myengine\engine\src\ecs\systems\PhysicsSystem.cpp,825,15410198841,5280827,17,
Physics::Step,C:\Users\╨┐╨║\Documents\GitHub\myengine\engine\src\ecs\systems\PhysicsSystem.cpp,825,15425972220,5262603,17,
Physics::Step,C:\Users\╨┐╨║\Documents\GitHub\myengine\engine\src\ecs\systems\PhysicsSystem.cpp,825,15443039997,5530753,17,
Physics::Step,C:\Users\╨┐╨║\Documents\GitHub\myengine\engine\src\ecs\systems\PhysicsSystem.cpp,825,15461045676,4679435,17,
Physics::Step,C:\Users\╨┐╨║\Documents\GitHub\myengine\engine\src\ecs\systems\PhysicsSystem.cpp,825,15476491534,4780375,17,
Physics::Step,C:\Users\╨┐╨║\Documents\GitHub\myengine\engine\src\ecs\systems\PhysicsSystem.cpp,825,15491877326,4901557,17,
Physics::Step,C:\Users\╨┐╨║\Documents\GitHub\myengine\engine\src\ecs\systems\PhysicsSystem.cpp,825,15508223403,4741362,17,
Physics::Step,C:\Users\╨┐╨║\Documents\GitHub\myengine\engine\src\ecs\systems\PhysicsSystem.cpp,825,15523302734,4998501,17,
Physics::Step,C:\Users\╨┐╨║\Documents\GitHub\myengine\engine\src\ecs\systems\PhysicsSystem.cpp,825,15539110188,4922377,17,
Physics::Step,C:\Users\╨┐╨║\Documents\GitHub\myengine\engine\src\ecs\systems\PhysicsSystem.cpp,825,15554630748,4905886,17,
Physics::Step,C:\Users\╨┐╨║\Documents\GitHub\myengine\engine\src\ecs\systems\PhysicsSystem.cpp,825,15580166915,4971570,17,
Physics::Step,C:\Users\╨┐╨║\Documents\GitHub\myengine\engine\src\ecs\systems\PhysicsSystem.cpp,825,15595682143,5005194,17,
Physics::Step,C:\Users\╨┐╨║\Documents\GitHub\myengine\engine\src\ecs\systems\PhysicsSystem.cpp,825,15611127460,4762322,17,
Physics::Step,C:\Users\╨┐╨║\Documents\GitHub\myengine\engine\src\ecs\systems\PhysicsSystem.cpp,825,15626176033,5117478,17,
Physics::Step,C:\Users\╨┐╨║\Documents\GitHub\myengine\engine\src\ecs\systems\PhysicsSystem.cpp,825,15641940526,4775968,17,
Physics::Step,C:\Users\╨┐╨║\Documents\GitHub\myengine\engine\src\ecs\systems\PhysicsSystem.cpp,825,15657701321,4895787,17,
Physics::Step,C:\Users\╨┐╨║\Documents\GitHub\myengine\engine\src\ecs\systems\PhysicsSystem.cpp,825,15672995901,5129089,17,
Physics::Step,C:\Users\╨┐╨║\Documents\GitHub\myengine\engine\src\ecs\systems\PhysicsSystem.cpp,825,15688654784,4752503,17,
Physics::Step,C:\Users\╨┐╨║\Documents\GitHub\myengine\engine\src\ecs\systems\PhysicsSystem.cpp,825,15703731801,5103531,17,
Physics::Step,C:\Users\╨┐╨║\Documents\GitHub\myengine\engine\src\ecs\systems\PhysicsSystem.cpp,825,15729727309,4727236,17,
Physics::Step,C:\Users\╨┐╨║\Documents\GitHub\myengine\engine\src\ecs\systems\PhysicsSystem.cpp,825,15745326568,4835862,17,
Physics::Step,C:\Users\╨┐╨║\Documents\GitHub\myengine\engine\src\ecs\systems\PhysicsSystem.cpp,825,15760815307,4852082,17,
Physics::Step,C:\Users\╨┐╨║\Documents\GitHub\myengine\engine\src\ecs\systems\PhysicsSystem.cpp,825,15776164521,5030292,17,
Physics::Step,C:\Users\╨┐╨║\Documents\GitHub\myengine\engine\src\ecs\systems\PhysicsSystem.cpp,825,15791575832,4523198,17,
Physics::Step,C:\Users\╨┐╨║\Documents\GitHub\myengine\engine\src\ecs\systems\PhysicsSystem.cpp,825,15806641168,5194212,17,
Physics::Step,C:\Users\╨┐╨║\Documents\GitHub\myengine\engine\src\ecs\systems\PhysicsSystem.cpp,825,15822504969,4857733,17,
Physics::Step,C:\Users\╨┐╨║\Documents\GitHub\myengine\engine\src\ecs\systems\PhysicsSystem.cpp,825,15838391172,4821485,17,
Physics::Step,C:\Users\╨┐╨║\Documents\GitHub\myengine\engine\src\ecs\systems\PhysicsSystem.cpp,825,15853757188,4959256,17,
Physics::Step,C:\Users\╨┐╨║\Documents\GitHub\myengine\engine\src\ecs\systems\PhysicsSystem.cpp,825,15880759488,4868284,17,
Physics::Step,C:\Users\╨┐╨║\Documents\GitHub\myengine\engine\src\ecs\systems\PhysicsSystem.cpp,825,15896126105,4948452,17,
Physics::Step,C:\Users\╨┐╨║\Documents\GitHub\myengine\engine\src\ecs\systems\PhysicsSystem.cpp,825,15912059925,4817938,17,
Physics::Step,C:\Users\╨┐╨║\Documents\GitHub\myengine\engine\src\ecs\systems\PhysicsSystem.cpp,825,15927518898,5193385,17,
Physics::Step,C:\Users\╨┐╨║\Documents\GitHub\myengine\engine\src\ecs\systems\PhysicsSystem.cpp,825,15943022549,4681348,17,
Physics::Step,C:\Users\╨┐╨║\Documents\GitHub\myengine\engine\src\ecs\systems\PhysicsSystem.cpp,825,15958509484,4818179,17,
Physics::Step,C:\Users\╨┐╨║\Documents\GitHub\myengine\engine\src\ecs\systems\PhysicsSystem.cpp,825,15973776943,4866530,17,
Physics::Step,C:\Users\╨┐╨║\Documents\GitHub\myengine\engine\src\ecs\systems\PhysicsSystem.cpp,825,15989289908,4962673,17,
Physics::Step,C:\Users\╨┐╨║\Documents\GitHub\myengine\engine\src\ecs\systems\PhysicsSystem.cpp,825,16004717461,4896296,17,
Physics::Step,C:\Users\╨┐╨║\Documents\GitHub\myengine\engine\src\ecs\systems\PhysicsSystem.cpp,825,16020412261,4899733,17,
Physics::Step,C:\Users\╨┐╨║\Documents\GitHub\myengine\engine\src\ecs\systems\PhysicsSystem.cpp,825,16046197761,5138828,17,
Physics::Step,C:\Users\╨┐╨║\Documents\GitHub\myengine\engine\src\ecs\systems\PhysicsSystem.cpp,825,16062082803,4839578,17,
Physics::Step,C:\Users\╨┐╨║\Documents\GitHub\myengine\engine\src\ecs\systems\PhysicsSystem.cpp,825,16077586560,5353524,17,
Physics::Step,C:\Users\╨┐╨║\Documents\GitHub\myengine\engine\src\ecs\systems\PhysicsSystem.cpp,825,16093507159,4869025,17,
Physics::Step,C:\Users\╨┐╨║\Documents\GitHub\myengine\engine\src\ecs\systems\PhysicsSystem.cpp,825,16109142987,4964316,17,
Physics::Step,C:\Users\╨┐╨║\Documents\GitHub\myengine\engine\src\ecs\systems\PhysicsSystem.cpp,825,16124496058,4858706,17,
Physics::Step,C:\Users\╨┐╨║\Documents\GitHub\myengine\engine\src\ecs\systems\PhysicsSystem.cpp,825,16139887693,4686003,17,
Physics::Step,C:\Users\╨┐╨║\Documents\GitHub\myengine\engine\src\ecs\systems\PhysicsSystem.cpp,825,16154967040,4734464,17,
Physics::Step,C:\Users\╨┐╨║\Documents\GitHub\myengine\engine\src\ecs\systems\PhysicsSystem.cpp,825,16180518921,4756541,17,
Physics::Step,C:\Users\╨┐╨║\Documents\GitHub\myengine\engine\src\ecs\systems\PhysicsSystem.cpp,825,16195933659,4807207,17,
Physics::Step,C:\Users\╨┐╨║\Documents\GitHub\myengine\engine\src\ecs\systems\PhysicsSystem.cpp,825,16211179777,5058145,17,
Physics::Step,C:\Users\╨┐╨║\Documents\GitHub\myengine\engine\src\ecs\systems\PhysicsSystem.cpp,825,16228204292,4866270,17,
Physics::Step,C:\Users\╨┐╨║\Documents\GitHub\myengine\engine\src\ecs\systems\PhysicsSystem.cpp,825,16243676470,5009211,17,
Physics::Step,C:\Users\╨┐╨║\Documents\GitHub\myengine\engine\src\ecs\systems\PhysicsSystem.cpp,825,16259305966,4661500,17,
Physics::Step,C:\Users\╨┐╨║\Documents\GitHub\myengine\engine\src\ecs\systems\PhysicsSystem.cpp,825,16274553056,4868674,17,
Physics::Step,C:\Users\╨┐╨║\Documents\GitHub\myengine\engine\src\ecs\systems\PhysicsSystem.cpp,825,16290100115,4987130,17,
Physics::Step,C:\Users\╨┐╨║\Documents\GitHub\myengine\engine\src\ecs\systems\PhysicsSystem.cpp,825,16305618751,4891928,17,
Physics::Step,C:\Users\╨┐╨║\Documents\GitHub\myengine\engine\src\ecs\systems\PhysicsSystem.cpp,825,16321252686,4676739,17,
Physics::Step,C:\Users\╨┐╨║\Documents\GitHub\myengine\engine\src\ecs\systems\PhysicsSystem.cpp,825,16346972491,4949257,17,
Physics::Step,C:\Users\╨┐╨║\Documents\GitHub\myengine\engine\src\ecs\systems\PhysicsSystem.cpp,825,16362259126,4727858,17,
Physics::Step,C:\Users\╨┐╨║\Documents\GitHub\myengine\engine\src\ecs\systems\PhysicsSystem.cpp,825,16377511045,4962110,17,
Physics::Step,C:\Users\╨┐╨║\Documents\GitHub\myengine\engine\src\ecs\systems\PhysicsSystem.cpp,825,16393977461,4840952,17,
Physics::Step,C:\Users\╨┐╨║\Documents\GitHub\myengine\engine\src\ecs\systems\PhysicsSystem.cpp,825,16410155228,4988382,17,
Physics::Step,C:\Users\╨┐╨║\Documents\GitHub\myengine\engine\src\ecs\systems\PhysicsSystem.cpp,825,16425608189,4957192,17,
Physics::Step,C:\Users\╨┐╨║\Documents\GitHub\myengine\engine\src\ecs\systems\PhysicsSystem.cpp,825,16440833127,4693381,17,
Physics::Step,C:\Users\╨┐╨║\Documents\GitHub\myengine\engine\src\ecs\systems\PhysicsSystem.cpp,825,16455906707,4899433,17,
Physics::Step,C:\Users\╨┐╨║\Documents\GitHub\myengine\engine\src\ecs\systems\PhysicsSystem.cpp,825,16471092781,4917558,17,
Physics::Step,C:\Users\╨┐╨║\Documents\GitHub\myengine\engine\src\ecs\systems\PhysicsSystem.cpp,825,16497308007,4891068,17,
Physics::Step,C:\Users\╨┐╨║\Documents\GitHub\myengine\engine\src\ecs\systems\PhysicsSystem.cpp,825,16512912366,5378722,17,
Physics::Step,C:\Users\╨┐╨║\Documents\GitHub\myengine\engine\src\ecs\systems\PhysicsSystem.cpp,825,16529148163,4841773,17,
Physics::Step,C:\Users\╨┐╨║\Documents\GitHub\myengine\engine\src\ecs\systems\PhysicsSystem.cpp,825,16544279534,4887565,17,
Physics::Step,C:\Users\╨┐╨║\Documents\GitHub\myengine\engine\src\ecs\systems\PhysicsSystem.cpp,825,16559574180,5067906,17,
Physics::Step,C:\Users\╨┐╨║\Documents\GitHub\myengine\engine\src\ecs\systems\PhysicsSystem.cpp,825,16575469085,4812397,17,
Physics::Step,C:\Users\╨┐╨║\Documents\GitHub\myengine\engine\src\ecs\systems\PhysicsSystem.cpp,825,16590743046,5446902,17,
Physics::Step,C:\Users\╨┐╨║\Documents\GitHub\myengine\engine\src\ecs\systems\PhysicsSystem.cpp,825,16606515684,5208518,17,
Physics::Step,C:\Users\╨┐╨║\Documents\GitHub\myengine\engine\src\ecs\systems\PhysicsSystem.cpp,825,16622347875,4916013,17,
Physics::Step,C:\Users\╨┐╨║\Documents\GitHub\myengine\engine\src\ecs\systems\PhysicsSystem.cpp,825,16637878432,4695646,17,
Physics::Step,C:\Users\╨┐╨║\Documents\GitHub\myengine\engine\src\ecs\systems\PhysicsSystem.cpp,825,16663320630,5152224,17,
Physics::Step,C:\Users\╨┐╨║\Documents\GitHub\myengine\engine\src\ecs\systems\PhysicsSystem.cpp,825,16679151349,4864346,17,
Physics::Step,C:\Users\╨┐╨║\Documents\GitHub\myengine\engine\src\ecs\systems\PhysicsSystem.cpp,825,16694445228,4857053,17,
Physics::Step,C:\Users\╨┐╨║\Documents\GitHub\myengine\engine\src\ecs\systems\PhysicsSystem.cpp,825,16710252101,4889554,17,
Physics::Step,C:\Users\╨┐╨║\Documents\GitHub\myengine\engine\src\ecs\systems\PhysicsSystem.cpp,825,16726015902,4869045,17,
Physics::Step,C:\Users\╨┐╨║\Documents\GitHub\myengine\engine\src\ecs\systems\PhysicsSystem.cpp,825,16741444046,4841012,17,
Physics::Step,C:\Users\╨┐╨║\Documents\GitHub\myengine\engine\src\ecs\systems\PhysicsSystem.cpp,825,16756884153,4913920,17,
Physics::Step,C:\Users\╨┐╨║\Documents\GitHub\myengine\engine\src\ecs\systems\PhysicsSystem.cpp,825,16772234599,4651292,17,
Physics::Step,C:\Users\╨┐╨║\Documents\GitHub\myengine\engine\src\ecs\systems\PhysicsSystem.cpp,825,16787699463,4954833,17,
Physics::Step,C:\Users\╨┐╨║\Documents\GitHub\myengine\engine\src\ecs\systems\PhysicsSystem.cpp,825,16803934935,4995018,17,
Physics::Step,C:\Users\╨┐╨║\Documents\GitHub\myengine\engine\src\ecs\systems\PhysicsSystem.cpp,825,16820849962,4708574,17,
Physics::Step,C:\Users\╨┐╨║\Documents\GitHub\myengine\engine\src\ecs\systems\PhysicsSystem.cpp,825,16847150645,4911906,17,
Physics::Step,C:\Users\╨┐╨║\Documents\GitHub\myengine\engine\src\ecs\systems\PhysicsSystem.cpp,825,16862730056,4720231,17,
Physics::Step,C:\Users\╨┐╨║\Documents\GitHub\myengine\engine\src\ecs\systems\PhysicsSystem.cpp,825,16878286012,4791958,17,
Physics::Step,C:\Users\╨┐╨║\Documents\GitHub\myengine\engine\src\ecs\systems\PhysicsSystem.cpp,825,16894627771,4582511,17,
Physics::Step,C:\Users\╨┐╨║\Documents\GitHub\myengine\engine\src\ecs\systems\PhysicsSystem.cpp,825,16909877917,4962602,17,
Physics::Step,C:\Users\╨┐╨║\Documents\GitHub\myengine\engine\src\ecs\systems\PhysicsSystem.cpp,825,16926076353,5316986,17,
Physics::Step,C:\Users\╨┐╨║\Documents\GitHub\myengine\engine\src\ecs\systems\PhysicsSystem.cpp,825,16942012912,4940661,17,
Physics::Step,C:\Users\╨┐╨║\Documents\GitHub\myengine\engine\src\ecs\systems\PhysicsSystem.cpp,825,16957808314,4660388,17,
Physics::Step,C:\Users\╨┐╨║\Documents\GitHub\myengine\engine\src\ecs\systems\PhysicsSystem.cpp,825,16972892554,4815995,17,
Physics::Step,C:\Users\╨┐╨║\Documents\GitHub\myengine\engine\src\ecs\systems\PhysicsSystem.cpp,825,16988330337,4660758,17,
Physics::Step,C:\Users\╨┐╨║\Documents\GitHub\myengine\engine\src\ecs\systems\PhysicsSystem.cpp,825,17003591624,4812863,17,
Physics::Step,C:\Users\╨┐╨║\Documents\GitHub\myengine\engine\src\ecs\systems\PhysicsSystem.cpp,825,17029654144,4880472,17,
Physics::Step,C:\Users\╨┐╨║\Documents\GitHub\myengine\engine\src\ecs\systems\PhysicsSystem.cpp,825,17045304220,5284348,17,
Physics::Step,C:\Users\╨┐╨║\Documents\GitHub\myengine\engine\src\ecs\systems\PhysicsSystem.cpp,825,17061237407,4886809,17,
Physics::Step,C:\Users\╨┐╨║\Documents\GitHub\myengine\engine\src\ecs\systems\PhysicsSystem.cpp,825,17076748860,5091216,17,
Physics::Step,C:\Users\╨┐╨║\Documents\GitHub\myengine\engine\src\ecs\systems\PhysicsSystem.cpp,825,17092230004,4860849,17,
Physics::Step,C:\Users\╨┐╨║\Documents\GitHub\myengine\engine\src\ecs\systems\PhysicsSystem.cpp,825,17107560613,4733818,17,
Physics::Step,C:\Users\╨┐╨║\Documents\GitHub\myengine\engine\src\ecs\systems\PhysicsSystem.cpp,825,17123230866,4933417,17,
Physics::Step,C:\Users\╨┐╨║\Documents\GitHub\myengine\engine\src\ecs\systems\PhysicsSystem.cpp,825,17139073056,5155578,17,
Physics::Step,C:\Users\╨┐╨║\Documents\GitHub\myengine\engine\src\ecs\systems\PhysicsSystem.cpp,825,17155059956,5112702,17,
Physics::Step,C:\Users\╨┐╨║\Documents\GitHub\myengine\engine\src\ecs\systems\PhysicsSystem.cpp,825,17171431060,4773198,17,
Physics::Step,C:\Users\╨┐╨║\Documents\GitHub\myengine\engine\src\ecs\systems\PhysicsSystem.cpp,825,17188038198,5100640,17,
Physics::Step,C:\Users\╨┐╨║\Documents\GitHub\myengine\engine\src\ecs\systems\PhysicsSystem.cpp,825,17203683940,4925697,17,
Physics::Step,C:\Users\╨┐╨║\Documents\GitHub\myengine\engine\src\ecs\systems\PhysicsSystem.cpp,825,17230516212,4593250,17,
Physics::Step,C:\Users\╨┐╨║\Documents\GitHub\myengine\engine\src\ecs\systems\PhysicsSystem.cpp,825,17246123035,5150750,17,
Physics::Step,C:\Users\╨┐╨║\Documents\GitHub\myengine\engine\src\ecs\systems\PhysicsSystem.cpp,825,17265430655,5200324,17,
Physics::Step,C:\Users\╨┐╨║\Documents\GitHub\myengine\engine\src\ecs\systems\PhysicsSystem.cpp,825,17281103633,4721526,17,
Physics::Step,C:\Users\╨┐╨║\Documents\GitHub\myengine\engine\src\ecs\systems\PhysicsSystem.cpp,825,17296367716,4741298,17,
Physics::Step,C:\Users\╨┐╨║\Documents\GitHub\myengine\engine\src\ecs\systems\PhysicsSystem.cpp,825,17311530251,4812127,17,
Physics::Step,C:\Users\╨┐╨║\Documents\GitHub\myengine\engine\src\ecs\systems\PhysicsSystem.cpp,825,17326926013,4846372,17,
Physics::Step,C:\Users\╨┐╨║\Documents\GitHub\myengine\engine\src\ecs\systems\PhysicsSystem.cpp,825,17342209222,4619596,17,
Physics::Step,C:\Users\╨┐╨║\Documents\GitHub\myengine\engine\src\ecs\systems\PhysicsSystem.cpp,825,17357908876,4864677,17,
Physics::Step,C:\Users\╨┐╨║\Documents\GitHub\myengine\engine\src\ecs\systems\PhysicsSystem.cpp,825,17373588458,5115742,17,
Physics::Step,C:\Users\╨┐╨║\Documents\GitHub\myengine\engine\src\ecs\systems\PhysicsSystem.cpp,825,17389470674,4687570,17,
Physics::Step,C:\Users\╨┐╨║\Documents\GitHub\myengine\engine\src\ecs\systems\PhysicsSystem.cpp,825,17405307033,4929830,17,
Physics::Step,C:\Users\╨┐╨║\Documents\GitHub\myengine\engine\src\ecs\systems\PhysicsSystem.cpp,825,17420657890,4804773,17,
Physics::Step,C:\Users\╨┐╨║\Documents\GitHub\myengine\engine\src\ecs\systems\PhysicsSystem.cpp,825,17446038461,4820241,17,
Physics::Step,C:\Users\╨┐╨║\Documents\GitHub\myengine\engine\src\ecs\systems\PhysicsSystem.cpp,825,17461393986,5770988,17,
Physics::Step,C:\Users\╨┐╨║\Documents\GitHub\myengine\engine\src\ecs\systems\PhysicsSystem.cpp,825,17478064765,4831093,17,
Physics::Step,C:\Users\╨┐╨║\Documents\GitHub\myengine\engine\src\ecs\systems\PhysicsSystem.cpp,825,17493859755,4664521,17,
Physics::Step,C:\Users\╨┐╨║\Documents\GitHub\myengine\engine\src\ecs\systems\PhysicsSystem.cpp,825,17509253077,4766000,17,
Physics::Step,C:\Users\╨┐╨║\Documents\GitHub\myengine\engine\src\ecs\systems\PhysicsSystem.cpp,825,17524821307,4875689,17,
Physics::Step,C:\Users\╨┐╨║\Documents\GitHub\myengine\engine\src\ecs\systems\PhysicsSystem.cpp,825,17540103054,4604493,17,
Physics::Step,C:\Users\╨┐╨║\Documents\GitHub\myengine\engine\src\ecs\systems\PhysicsSystem.cpp,825,17555248852,4732275,17,
Physics::Step,C:\Users\╨┐╨║\Documents\GitHub\myengine\engine\src\ecs\systems\PhysicsSystem.cpp,825,17570477557,4724649,17,
Physics::Step,C:\Users\╨┐╨║\Documents\GitHub\myengine\engine\src\ecs\systems\PhysicsSystem.cpp,825,17598001547,4773374,17,
Physics::Step,C:\Users\╨┐╨║\Documents\GitHub\myengine\engine\src\ecs\systems\PhysicsSystem.cpp,825,17613512318,4916756,17,
Physics::Step,C:\Users\╨┐╨║\Documents\GitHub\myengine\engine\src\ecs\systems\PhysicsSystem.cpp,825,17629234490,4850258,17,
Physics::Step,C:\Users\╨┐╨║\Documents\GitHub\myengine\engine\src\ecs\systems\PhysicsSystem.cpp,825,17644748587,4768645,17,
Physics::Step,C:\Users\╨┐╨║\Documents\GitHub\myengine\engine\src\ecs\systems\PhysicsSystem.cpp,825,17660268596,4927224,17,
Physics::Step,C:\Users\╨┐╨║\Documents\GitHub\myengine\engine\src\ecs\systems\PhysicsSystem.cpp,825,17676308230,4963655,17,
Physics::Step,C:\Users\╨┐╨║\Documents\GitHub\myengine\engine\src\ecs\systems\PhysicsSystem.cpp,825,17692204754,5989292,17,
Physics::Step,C:\Users\╨┐╨║\Documents\GitHub\myengine\engine\src\ecs\systems\PhysicsSystem.cpp,825,17709165177,5046392,17,
Physics::Step,C:\Users\╨┐╨║\Documents\GitHub\myengine\engine\src\ecs\systems\PhysicsSystem.cpp,825,17724818178,4959998,17,
Physics::Step,C:\Users\╨┐╨║\Documents\GitHub\myengine\engine\src\ecs\systems\PhysicsSystem.cpp,825,17740232125,4715092,17,
Physics::Step,C:\Users\╨┐╨║\Documents\GitHub\myengine\engine\src\ecs\systems\PhysicsSystem.cpp,825,17755484144,4912969,17,
Physics::Step,C:\Users\╨┐╨║\Documents\GitHub\myengine\engine\src\ecs\systems\PhysicsSystem.cpp,825,17770775889,5165012,17,
Physics::Step,C:\Users\╨┐╨║\Documents\GitHub\myengine\engine\src\ecs\systems\PhysicsSystem.cpp,825,17797601128,4895260,17,
Physics::Step,C:\Users\╨┐╨║\Documents\GitHub\myengine\engine\src\ecs\systems\PhysicsSystem.cpp,825,17813356809,5052022,17,
Physics::Step,C:\Users\╨┐╨║\Documents\GitHub\myengine\engine\src\ecs\systems\PhysicsSystem.cpp,825,17829747260,4771478,17,
Physics::Step,C:\Users\╨┐╨║\Documents\GitHub\myengine\engine\src\ecs\systems\PhysicsSystem.cpp,825,17845140177,4927336,17,
Physics::Step,C:\Users\╨┐╨║\Documents\GitHub\myengine\engine\src\ecs\systems\PhysicsSystem.cpp,825,17860719468,6077169,17,
Physics::Step,C:\Users\╨┐╨║\Documents\GitHub\myengine\engine\src\ecs\systems\PhysicsSystem.cpp,825,17877726119,4729219,17,
Physics::Step,C:\Users\╨┐╨║\Documents\GitHub\myengine\engine\src\ecs\systems\PhysicsSystem.cpp,825,17892907524,4907588,17,
Physics::Step,C:\Users\╨┐╨║\Documents\GitHub\myengine\engine\src\ecs\systems\PhysicsSystem.cpp,825,17909260714,4937285,17,
Physics::Step,C:\Users\╨┐╨║\Documents\GitHub\myengine\engine\src\ecs\systems\PhysicsSystem.cpp,825,17925117753,5035590,17,
Physics::Step,C:\Users\╨┐╨║\Documents\GitHub\myengine\engine\src\ecs\systems\PhysicsSystem.cpp,825,17941073678,4797390,17,
Physics::Step,C:\Users\╨┐╨║\Documents\GitHub\myengine\engine\src\ecs\systems\PhysicsSystem.cpp,825,17956287706,4887911,17,
Physics::Step,C:\Users\╨┐╨║\Documents\GitHub\myengine\engine\src\ecs\systems\PhysicsSystem.cpp,825,17972501321,5340399,17,
Physics::Step,C:\Users\╨┐╨║\Documents\GitHub\myengine\engine\src\ecs\systems\PhysicsSystem.cpp,825,17988676223,4584405,17,
Physics::Step,C:\Users\╨┐╨║\Documents\GitHub\myengine\engine\src\ecs\systems\PhysicsSystem.cpp,825,18003997865,4953774,17,
Physics::Step,C:\Users\╨┐╨║\Documents\GitHub\myengine\engine\src\ecs\systems\PhysicsSystem.cpp,825,18020944046,5032400,17,
Physics::Step,C:\Users\╨┐╨║\Documents\GitHub\myengine\engine\src\ecs\systems\PhysicsSystem.cpp,825,18036945478,5190781,17,
Physics::Step,C:\Users\╨┐╨║\Documents\GitHub\myengine\engine\src\ecs\systems\PhysicsSystem.cpp,825,18063115523,4810519,17,
Physics::Step,C:\Users\╨┐╨║\Documents\GitHub\myengine\engine\src\ecs\systems\PhysicsSystem.cpp,825,18078844774,4675602,17,
Physics::Step,C:\Users\╨┐╨║\Documents\GitHub\myengine\engine\src\ecs\systems\PhysicsSystem.cpp,825,18094251843,4639408,17,
Physics::Step,C:\Users\╨┐╨║\Documents\GitHub\myengine\engine\src\ecs\systems\PhysicsSystem.cpp,825,18109611115,4929279,17,
Physics::Step,C:\Users\╨┐╨║\Documents\GitHub\myengine\engine\src\ecs\systems\PhysicsSystem.cpp,825,18125183523,5153876,17,
Physics::Step,C:\Users\╨┐╨║\Documents\GitHub\myengine\engine\src\ecs\systems\PhysicsSystem.cpp,825,18141164377,4655890,17,
Physics::Step,C:\Users\╨┐╨║\Documents\GitHub\myengine\engine\src\ecs\systems\PhysicsSystem.cpp,825,18156544269,4905574,17,
Physics::Step,C:\Users\╨┐╨║\Documents\GitHub\myengine\engine\src\ecs\systems\PhysicsSystem.cpp,825,18171918491,4717457,17,
Physics::Step,C:\Users\╨┐╨║\Documents\GitHub\myengine\engine\src\ecs\systems\PhysicsSystem.cpp,825,18187212289,5538556,17,
Physics::Step,C:\Users\╨┐╨║\Documents\GitHub\myengine\engine\src\ecs\systems\PhysicsSystem.cpp,825,18214836399,5122967,17,
Physics::Step,C:\Users\╨┐╨║\Documents\GitHub\myengine\engine\src\ecs\systems\PhysicsSystem.cpp,825,18231520203,4892369,17,
Physics::Step,C:\Users\╨┐╨║\Documents\GitHub\myengine\engine\src\ecs\systems\PhysicsSystem.cpp,825,18247412268,5337129,17,
Physics::Step,C:\Users\╨┐╨║\Documents\GitHub\myengine\engine\src\ecs\systems\PhysicsSystem.cpp,825,18263564441,4768914,17,
Physics::Step,C:\Users\╨┐╨║\Documents\GitHub\myengine\engine\src\ecs\systems\PhysicsSystem.cpp,825,18278835166,4701396,17,
Physics::Step,C:\Users\╨┐╨║\Documents\GitHub\myengine\engine\src\ecs\systems\PhysicsSystem.cpp,825,18293969412,4775667,17,
Physics::Step,C:\Users\╨┐╨║\Documents\GitHub\myengine\engine\src\ecs\systems\PhysicsSystem.cpp,825,18309313476,4557413,17,
Physics::Step,C:\Users\╨┐╨║\Documents\GitHub\myengine\engine\src\ecs\systems\PhysicsSystem.cpp,825,18324905281,4910954,17,
Physics::Step,C:\Users\╨┐╨║\Documents\GitHub\myengine\engine\src\ecs\systems\PhysicsSystem.cpp,825,18341337451,4842981,17,
Physics::Step,C:\Users\╨┐╨║\Documents\GitHub\myengine\engine\src\ecs\systems\PhysicsSystem.cpp,825,18357053186,4831103,17,
Physics::Step,C:\Users\╨┐╨║\Documents\GitHub\myengine\engine\src\ecs\systems\PhysicsSystem.cpp,825,18373020564,5201541,17,
Physics::Step,C:\Users\╨┐╨║\Documents\GitHub\myengine\engine\src\ecs\systems\PhysicsSystem.cpp,825,18389024716,4859256,17,
Physics::Step,C:\Users\╨┐╨║\Documents\GitHub\myengine\engine\src\ecs\systems\PhysicsSystem.cpp,825,18404447680,4956430,17,
Physics::Step,C:\Users\╨┐╨║\Documents\GitHub\myengine\engine\src\ecs\systems\PhysicsSystem.cpp,825,18420601472,4696066,17,
Physics::Step,C:\Users\╨┐╨║\Documents\GitHub\myengine\engine\src\ecs\systems\PhysicsSystem.cpp,825,18447037507,4870042,17,
Physics::Step,C:\Users\╨┐╨║\Documents\GitHub\myengine\engine\src\ecs\systems\PhysicsSystem.cpp,825,18462623846,5111055,17,
Physics::Step,C:\Users\╨┐╨║\Documents\GitHub\myengine\engine\src\ecs\systems\PhysicsSystem.cpp,825,18478635709,4918814,17,
Physics::Step,C:\Users\╨┐╨║\Documents\GitHub\myengine\engine\src\ecs\systems\PhysicsSystem.cpp,825,18494185518,4773344,17,
Physics::Step,C:\Users\╨┐╨║\Documents\GitHub\myengine\engine\src\ecs\systems\PhysicsSystem.cpp,825,18509798573,4884324,17,
Physics::Step,C:\Users\╨┐╨║\Documents\GitHub\myengine\engine\src\ecs\systems\PhysicsSystem.cpp,825,18525237247,4889404,17,
Physics::Step,C:\Users\╨┐╨║\Documents\GitHub\myengine\engine\src\ecs\systems\PhysicsSystem.cpp,825,18540972454,4700706,17,
Physics::Step,C:\Users\╨┐╨║\Documents\GitHub\myengine\engine\src\ecs\systems\PhysicsSystem.cpp,825,18556291421,5666339,17,
Physics::Step,C:\Users\╨┐╨║\Documents\GitHub\myengine\engine\src\ecs\systems\PhysicsSystem.cpp,825,18572509985,4841313,17,
Physics::Step,C:\Users\╨┐╨║\Documents\GitHub\myengine\engine\src\ecs\systems\PhysicsSystem.cpp,825,18588430945,4627587,17,
Physics::Step,C:\Users\╨┐╨║\Documents\GitHub\myengine\engine\src\ecs\systems\PhysicsSystem.cpp,825,18603810236,4961927,17,
Physics::Step,C:\Users\╨┐╨║\Documents\GitHub\myengine\engine\src\ecs\systems\PhysicsSystem.cpp,825,18629956436,5031698,17,
Physics::Step,C:\Users\╨┐╨║\Documents\GitHub\myengine\engine\src\ecs\systems\PhysicsSystem.cpp,825,18645655388,5247850,17,
Physics::Step,C:\Users\╨┐╨║\Documents\GitHub\myengine\engine\src\ecs\systems\PhysicsSystem.cpp,825,18662136647,4656291,17,
Physics::Step,C:\Users\╨┐╨║\Documents\GitHub\myengine\engine\src\ecs\systems\PhysicsSystem.cpp,825,18677731868,4725226,17,
Physics::Step,C:\Users\╨┐╨║\Documents\GitHub\myengine\engine\src\ecs\systems\PhysicsSystem.cpp,825,18693113980,4724596,17,
Physics::Step,C:\Users\╨┐╨║\Documents\GitHub\myengine\engine\src\ecs\systems\PhysicsSystem.cpp,825,18708569651,5006590,17,
Physics::Step,C:\Users\╨┐╨║\Documents\GitHub\myengine\engine\src\ecs\systems\PhysicsSystem.cpp,825,18724157512,4952304,17,
Physics::Step,C:\Users\╨┐╨║\Documents\GitHub\myengine\engine\src\ecs\systems\PhysicsSystem.cpp,825,18739884815,4752513,17,
Physics::Step,C:\Users\╨┐╨║\Documents\GitHub\myengine\engine\src\ecs\systems\PhysicsSystem.cpp,825,18755738587,4836163,17,
Physics::Step,C:\Users\╨┐╨║\Documents\GitHub\myengine\engine\src\ecs\systems\PhysicsSystem.cpp,825,18771139579,4827135,17,
Physics::Step,C:\Users\╨┐╨║\Documents\GitHub\myengine\engine\src\ecs\systems\PhysicsSystem.cpp,825,18796868021,4924570,17,
Physics::Step,C:\Users\╨┐╨║\Documents\GitHub\myengine\engine\src\ecs\systems\PhysicsSystem.cpp,825,18812316302,4950390,17,
Physics::Step,C:\Users\╨┐╨║\Documents\GitHub\myengine\engine\src\ecs\systems\PhysicsSystem.cpp,825,18828035118,4852895,17,
Physics::Step,C:\Users\╨┐╨║\Documents\GitHub\myengine\engine\src\ecs\systems\PhysicsSystem.cpp,825,18843738435,4770318,17,
Physics::Step,C:\Users\╨┐╨║\Documents\GitHub\myengine\engine\src\ecs\systems\PhysicsSystem.cpp,825,18859308168,5040430,17,
Physics::Step,C:\Users\╨┐╨║\Documents\GitHub\myengine\engine\src\ecs\systems\PhysicsSystem.cpp,825,18875179723,4990035,17,
Physics::Step,C:\Users\╨┐╨║\Documents\GitHub\myengine\engine\src\ecs\systems\PhysicsSystem.cpp,825,18891017746,4691087,17,
Physics::Step,C:\Users\╨┐╨║\Documents\GitHub\myengine\engine\src\ecs\systems\PhysicsSystem.cpp,825,18906337564,4807577,17,
Physics::Step,C:\Users\╨┐╨║\Documents\GitHub\myengine\engine\src\ecs\systems\PhysicsSystem.cpp,825,18922242141,4697220,17,
Physics::Step,C:\Users\╨┐╨║\Documents\GitHub\myengine\engine\src\ecs\systems\PhysicsSystem.cpp,825,18937648044,4877321,17,
Physics::Step,C:\Users\╨┐╨║\Documents\GitHub\myengine\engine\src\ecs\systems\PhysicsSystem.cpp,825,18963273269,4714481,17,
Physics::Step,C:\Users\╨┐╨║\Documents\GitHub\myengine\engine\src\ecs\systems\PhysicsSystem.cpp,825,18978696188,4820307,17,
Physics::Step,C:\Users\╨┐╨║\Documents\GitHub\myengine\engine\src\ecs\systems\PhysicsSystem.cpp,825,18994287863,5007052,17,
Physics::Step,C:\Users\╨┐╨║\Documents\GitHub\myengine\engine\src\ecs\systems\PhysicsSystem.cpp,825,19009731421,5038537,17,
Physics::Step,C:\Users\╨┐╨║\Documents\GitHub\myengine\engine\src\ecs\systems\PhysicsSystem.cpp,825,19025162791,4813979,17,
Physics::Step,C:\Users\╨┐╨║\Documents\GitHub\myengine\engine\src\ecs\systems\PhysicsSystem.cpp,825,19040450678,5017227,17,
Physics::Step,C:\Users\╨┐╨║\Documents\GitHub\myengine\engine\src\ecs\systems\PhysicsSystem.cpp,825,19056377930,5136512,17,
Physics::Step,C:\Users\╨┐╨║\Documents\GitHub\myengine\engine\src\ecs\systems\PhysicsSystem.cpp,825,19072064915,5080417,17,
Physics::Step,C:\Users\╨┐╨║\Documents\GitHub\myengine\engine\src\ecs\systems\PhysicsSystem.cpp,825,19087747768,4814425,17,
Physics::Step,C:\Users\╨┐╨║\Documents\GitHub\myengine\engine\src\ecs\systems\PhysicsSystem.cpp,825,19114144638,4966595,17,
Physics::Step,C:\Users\╨┐╨║\Documents\GitHub\myengine\engine\src\ecs\systems\PhysicsSystem.cpp,825,19129582054,4897174,17,
Physics::Step,C:\Users\╨┐╨║\Documents\GitHub\myengine\engine\src\ecs\systems\PhysicsSystem.cpp,825,19145234189,4781970,17,
Physics::Step,C:\Users\╨┐╨║\Documents\GitHub\myengine\engine\src\ecs\systems\PhysicsSystem.cpp,825,19160544970,4753125,17,
Physics::Step,C:\Users\╨┐╨║\Documents\GitHub\myengine\engine\src\ecs\systems\PhysicsSystem.cpp,825,19175915454,5245821,17,
Physics::Step,C:\Users\╨┐╨║\Documents\GitHub\myengine\engine\src\ecs\systems\PhysicsSystem.cpp,825,19191697270,5035441,17,
Physics::Step,C:\Users\╨┐╨║\Documents\GitHub\myengine\engine\src\ecs\systems\PhysicsSystem.cpp,825,19207533749,5051301,17,
Physics::Step,C:\Users\╨┐╨║\Documents\GitHub\myengine\engine\src\ecs\systems\PhysicsSystem.cpp,825,19223631494,5327050,17,
Physics::Step,C:\Users\╨┐╨║\Documents\GitHub\myengine\engine\src\ecs\systems\PhysicsSystem.cpp,825,19239966445,4947504,17,
Physics::Step,C:\Users\╨┐╨║\Documents\GitHub\myengine\engine\src\ecs\systems\PhysicsSystem.cpp,825,19255632370,5226293,17,
Physics::Step,C:\Users\╨┐╨║\Documents\GitHub\myengine\engine\src\ecs\systems\PhysicsSystem.cpp,825,19271984237,5103481,17,
Physics::Step,C:\Users\╨┐╨║\Documents\GitHub\myengine\engine\src\ecs\systems\PhysicsSystem.cpp,825,19288004491,5024400,17,
Physics::Step,C:\Users\╨┐╨║\Documents\GitHub\myengine\engine\src\ecs\systems\PhysicsSystem.cpp,825,19303590014,5125146,17,
Physics::Step,C:\Users\╨┐╨║\Documents\GitHub\myengine\engine\src\ecs\systems\PhysicsSystem.cpp,825,19329745802,4900223,17,
Physics::Step,C:\Users\╨┐╨║\Documents\GitHub\myengine\engine\src\ecs\systems\PhysicsSystem.cpp,825,19345421806,5201175,17,
Physics::Step,C:\Users\╨┐╨║\Documents\GitHub\myengine\engine\src\ecs\systems\PhysicsSystem.cpp,825,19360923408,4774006,17,
Physics::Step,C:\Users\╨┐╨║\Documents\GitHub\myengine\engine\src\ecs\systems\PhysicsSystem.cpp,825,19376441945,5056952,17,
Physics::Step,C:\Users\╨┐╨║\Documents\GitHub\myengine\engine\src\ecs\systems\PhysicsSystem.cpp,825,19392703256,5051525,17,
Physics::Step,C:\Users\╨┐╨║\Documents\GitHub\myengine\engine\src\ecs\systems\PhysicsSystem.cpp,825,19408873444,5387097,17,
Physics::Step,C:\Users\╨┐╨║\Documents\GitHub\myengine\engine\src\ecs\systems\PhysicsSystem.cpp,825,19425432765,4941603,17,
Physics::Step,C:\Users\╨┐╨║\Documents\GitHub\myengine\engine\src\ecs\systems\PhysicsSystem.cpp,825,19441461419,4801958,17,
Physics::Step,C:\Users\╨┐╨║\Documents\GitHub\myengine\engine\src\ecs\systems\PhysicsSystem.cpp,825,19456880812,5252557,17,
Physics::Step,C:\Users\╨┐╨║\Documents\GitHub\myengine\engine\src\ecs\systems\PhysicsSystem.cpp,825,19472544727,4890477,17,
Physics::Step,C:\Users\╨┐╨║\Documents\GitHub\myengine\engine\src\ecs\systems\PhysicsSystem.cpp,825,19488036693,4717427,17,
Physics::Step,C:\Users\╨┐╨║\Documents\GitHub\myengine\engine\src\ecs\systems\PhysicsSystem.cpp,825,19513589271,4892718,17,
Physics::Step,C:\Users\╨┐╨║\Documents\GitHub\myengine\engine\src\ecs\systems\PhysicsSystem.cpp,825,19529093058,4890135,17,
Physics::Step,C:\Users\╨┐╨║\Documents\GitHub\myengine\engine\src\ecs\systems\PhysicsSystem.cpp,825,19544587658,4945890,17,
Physics::Step,C:\Users\╨┐╨║\Documents\GitHub\myengine\engine\src\ecs\systems\PhysicsSystem.cpp,825,19559868011,4639550,17,
Physics::Step,C:\Users\╨┐╨║\Documents\GitHub\myengine\engine\src\ecs\systems\PhysicsSystem.cpp,825,19574747974,4789464,17,
Physics::Step,C:\Users\╨┐╨║\Documents\GitHub\myengine\engine\src\ecs\systems\PhysicsSystem.cpp,825,19589956281,5451741,17,
Physics::Step,C:\Users\╨┐╨║\Documents\GitHub\myengine\engine\src\ecs\systems\PhysicsSystem.cpp,825,19606305303,5333552,17,
Physics::Step,C:\Users\╨┐╨║\Documents\GitHub\myengine\engine\src\ecs\systems\PhysicsSystem.cpp,825,19622298776,5055764,17,
Physics::Step,C:\Users\╨┐╨║\Documents\GitHub\myengine\engine\src\ecs\systems\PhysicsSystem.cpp,825,19638475992,5270848,17,
Physics::Step,C:\Users\╨┐╨║\Documents\GitHub\myengine\engine\src\ecs\systems\PhysicsSystem.cpp,825,19654836239,4783765,17,
Physics::Step,C:\Users\╨┐╨║\Documents\GitHub\myengine\engine\src\ecs\systems\PhysicsSystem.cpp,825,19670300844,4687459,17,
Physics::Step,C:\Users\╨┐╨║\Documents\GitHub\myengine\engine\src\ecs\systems\PhysicsSystem.cpp,825,19695687976,5040707,17,
Physics::Step,C:\Users\╨┐╨║\Documents\GitHub\myengine\engine\src\ecs\systems\PhysicsSystem.cpp,825,19710969648,4643927,17,
Physics::Step,C:\Users\╨┐╨║\Documents\GitHub\myengine\engine\src\ecs\systems\PhysicsSystem.cpp,825,19726055882,4772647,17,
Physics::Step,C:\Users\╨┐╨║\Documents\GitHub\myengine\engine\src\ecs\systems\PhysicsSystem.cpp,825,19741522253,5194273,17,
Physics::Step,C:\Users\╨┐╨║\Documents\GitHub\myengine\engine\src\ecs\systems\PhysicsSystem.cpp,825,19757110502,5016865,17,
Physics::Step,C:\Users\╨┐╨║\Documents\GitHub\myengine\engine\src\ecs\systems\PhysicsSystem.cpp,825,19772459385,4933783,17,
Physics::Step,C:\Users\╨┐╨║\Documents\GitHub\myengine\engine\src\ecs\systems\PhysicsSystem.cpp,825,19787715938,4728458,17,
Physics::Step,C:\Users\╨┐╨║\Documents\GitHub\myengine\engine\src\ecs\systems\PhysicsSystem.cpp,825,19812902150,4759591,17,
Physics::Step,C:\Users\╨┐╨║\Documents\GitHub\myengine\engine\src\ecs\systems\PhysicsSystem.cpp,825,19828494200,4580526,17,
Physics::Step,C:\Users\╨┐╨║\Documents\GitHub\myengine\engine\src\ecs\systems\PhysicsSystem.cpp,825,19843892958,5050930,17,
Physics::Step,C:\Users\╨┐╨║\Documents\GitHub\myengine\engine\src\ecs\systems\PhysicsSystem.cpp,825,19859655186,4919731,17,
Physics::Step,C:\Users\╨┐╨║\Documents\GitHub\myengine\engine\src\ecs\systems\PhysicsSystem.cpp,825,19875143584,4997930,17,
Physics::Step,C:\Users\╨┐╨║\Documents\GitHub\myengine\engine\src\ecs\systems\PhysicsSystem.cpp,825,19890608588,4877902,17,
Physics::Step,C:\Users\╨┐╨║\Documents\GitHub\myengine\engine\src\ecs\systems\PhysicsSystem.cpp,825,19905870627,5038356,17,
Physics::Step,C:\Users\╨┐╨║\Documents\GitHub\myengine\engine\src\ecs\systems\PhysicsSystem.cpp,825,19921473843,4873514,17,
Physics::Step,C:\Users\╨┐╨║\Documents\GitHub\myengine\engine\src\ecs\systems\PhysicsSystem.cpp,825,19937819169,4719549,17,
Physics::Step,C:\Users\╨┐╨║\Documents\GitHub\myengine\engine\src\ecs\systems\PhysicsSystem.cpp,825,19953890904,4888061,17,
Physics::Step,C:\Users\╨┐╨║\Documents\GitHub\myengine\engine\src\ecs\systems\PhysicsSystem.cpp,825,19979951216,4846001,17,
Physics::Step,C:\Users\╨┐╨║\Documents\GitHub\myengine\engine\src\ecs\systems\PhysicsSystem.cpp,825,19995794578,4911215,17,
Physics::Step,C:\Users\╨┐╨║\Documents\GitHub\myengine\engine\src\ecs\systems\PhysicsSystem.cpp,825,20011148802,4859226,17,
Physics::Step,C:\Users\╨┐╨║\Documents\GitHub\myengine\engine\src\ecs\systems\PhysicsSystem.cpp,825,20026276605,4780577,17,
Physics::Step,C:\Users\╨┐╨║\Documents\GitHub\myengine\engine\src\ecs\systems\PhysicsSystem.cpp,825,20041682447,4960838,17,
Physics::Step,C:\Users\╨┐╨║\Documents\GitHub\myengine\engine\src\ecs\systems\PhysicsSystem.cpp,825,20057234396,4969936,17,
Physics::Step,C:\Users\╨┐╨║\Documents\GitHub\myengine\engine\src\ecs\systems\PhysicsSystem.cpp,825,20072882497,5209431,17,
Physics::Step,C:\Users\╨┐╨║\Documents\GitHub\myengine\engine\src\ecs\systems\PhysicsSystem.cpp,825,20088645977,4633347,17,
Physics::Step,C:\Users\╨┐╨║\Documents\GitHub\myengine\engine\src\ecs\systems\PhysicsSystem.cpp,825,20103956779,4828557,17,
Physics::Step,C:\Users\╨┐╨║\Documents\GitHub\myengine\engine\src\ecs\systems\PhysicsSystem.cpp,825,20129411220,4822336,17,
Physics::Step,C:\Users\╨┐╨║\Documents\GitHub\myengine\engine\src\ecs\systems\PhysicsSystem.cpp,825,20144703827,5161645,17,
Physics::Step,C:\Users\╨┐╨║\Documents\GitHub\myengine\engine\src\ecs\systems\PhysicsSystem.cpp,825,20160460239,5033081,17,
Physics::Step,C:\Users\╨┐╨║\Documents\GitHub\myengine\engine\src\ecs\systems\PhysicsSystem.cpp,825,20176207202,4949087,17,
Physics::Step,C:\Users\╨┐╨║\Documents\GitHub\myengine\engine\src\ecs\systems\PhysicsSystem.cpp,825,20191657037,4786178,17,
Physics::Step,C:\Users\╨┐╨║\Documents\GitHub\myengine\engine\src\ecs\systems\PhysicsSystem.cpp,825,20206737752,5038747,17,
Physics::Step,C:\Users\╨┐╨║\Documents\GitHub\myengine\engine\src\ecs\systems\PhysicsSystem.cpp,825,20222991088,4960823,17,
Physics::Step,C:\Users\╨┐╨║\Documents\GitHub\myengine\engine\src\ecs\systems\PhysicsSystem.cpp,825,20238516501,4830712,17,
Physics::Step,C:\Users\╨┐╨║\Documents\GitHub\myengine\engine\src\ecs\systems\PhysicsSystem.cpp,825,20254346999,5051251,17,
Physics::Step,C:\Users\╨┐╨║\Documents\GitHub\myengine\engine\src\ecs\systems\PhysicsSystem.cpp,825,20280462165,4997609,17,
Physics::Step,C:\Users\╨┐╨║\Documents\GitHub\myengine\engine\src\ecs\systems\PhysicsSystem.cpp,825,20296204014,5257493,17,
Physics::Step,C:\Users\╨┐╨║\Documents\GitHub\myengine\engine\src\ecs\systems\PhysicsSystem.cpp,825,20311959590,4797028,17,
Physics::Step,C:\Users\╨┐╨║\Documents\GitHub\myengine\engine\src\ecs\systems\PhysicsSystem.cpp,825,20326955573,4987490,17,
Physics::Step,C:\Users\╨┐╨║\Documents\GitHub\myengine\engine\src\ecs\systems\PhysicsSystem.cpp,825,20342310819,4784690,17,
Physics::Step,C:\Users\╨┐╨║\Documents\GitHub\myengine\engine\src\ecs\systems\PhysicsSystem.cpp,825,20358072952,5246957,17,
Physics::Step,C:\Users\╨┐╨║\Documents\GitHub\myengine\engine\src\ecs\systems\PhysicsSystem.cpp,825,20373882084,4869045,17,
Physics::Step,C:\Users\╨┐╨║\Documents\GitHub\myengine\engine\src\ecs\systems\PhysicsSystem.cpp,825,20389323754,4969611,17,
Physics::Step,C:\Users\╨┐╨║\Documents\GitHub\myengine\engine\src\ecs\systems\PhysicsSystem.cpp,825,20404970658,5130346,17,
Physics::Step,C:\Users\╨┐╨║\Documents\GitHub\myengine\engine\src\ecs\systems\PhysicsSystem.cpp,825,20420905669,5153855,17,
Physics::Step,C:\Users\╨┐╨║\Documents\GitHub\myengine\engine\src\ecs\systems\PhysicsSystem.cpp,825,20447587780,4933077,17,
Physics::Step,C:\Users\╨┐╨║\Documents\GitHub\myengine\engine\src\ecs\systems\PhysicsSystem.cpp,825,20463089684,4767873,17,
Physics::Step,C:\Users\╨┐╨║\Documents\GitHub\myengine\engine\src\ecs\systems\PhysicsSystem.cpp,825,20478728939,5521204,17,
Physics::Step,C:\Users\╨┐╨║\Documents\GitHub\myengine\engine\src\ecs\systems\PhysicsSystem.cpp,825,20495384905,4755339,17,
Physics::Step,C:\Users\╨┐╨║\Documents\GitHub\myengine\engine\src\ecs\systems\PhysicsSystem.cpp,825,20510700545,4737746,17,
Physics::Step,C:\Users\╨┐╨║\Documents\GitHub\myengine\engine\src\ecs\systems\PhysicsSystem.cpp,825,20526060329,5185896,17,
Physics::Step,C:\Users\╨┐╨║\Documents\GitHub\myengine\engine\src\ecs\systems\PhysicsSystem.cpp,825,20542065454,4953104,17,
Physics::Step,C:\Users\╨┐╨║\Documents\GitHub\myengine\engine\src\ecs\systems\PhysicsSystem.cpp,825,20558706841,4818740,17,
Physics::Step,C:\Users\╨┐╨║\Documents\GitHub\myengine\engine\src\ecs\systems\PhysicsSystem.cpp,825,20574641858,4946732,17,
Physics::Step,C:\Users\╨┐╨║\Documents\GitHub\myengine\engine\src\ecs\systems\PhysicsSystem.cpp,825,20590450364,4784919,17,
Physics::Step,C:\Users\╨┐╨║\Documents\GitHub\myengine\engine\src\ecs\systems\PhysicsSystem.cpp,825,20606132334,5159015,17,
Physics::Step,C:\Users\╨┐╨║\Documents\GitHub\myengine\engine\src\ecs\systems\PhysicsSystem.cpp,825,20621719409,4608751,17,
Physics::Step,C:\Users\╨┐╨║\Documents\GitHub\myengine\engine\src\ecs\systems\PhysicsSystem.cpp,825,20637048665,5100145,17,
Physics::Step,C:\Users\╨┐╨║\Documents\GitHub\myengine\engine\src\ecs\systems\PhysicsSystem.cpp,825,20663637050,4935329,17,
Physics::Step,C:\Users\╨┐╨║\Documents\GitHub\myengine\engine\src\ecs\systems\PhysicsSystem.cpp,825,20679164157,4898191,17,
Physics::Step,C:\Users\╨┐╨║\Documents\GitHub\myengine\engine\src\ecs\systems\PhysicsSystem.cpp,825,20694888814,5290330,17,
Physics::Step,C:\Users\╨┐╨║\Documents\GitHub\myengine\engine\src\ecs\systems\PhysicsSystem.cpp,825,20711072713,4831738,17,
Physics::Step,C:\Users\╨┐╨║\Documents\GitHub\myengine\engine\src\ecs\systems\PhysicsSystem.cpp,825,20726362759,5040411,17,
Physics::Step,C:\Users\╨┐╨║\Documents\GitHub\myengine\engine\src\ecs\systems\PhysicsSystem.cpp,825,20742052791,4615143,17,
Physics::Step,C:\Users\╨┐╨║\Documents\GitHub\myengine\engine\src\ecs\systems\PhysicsSystem.cpp,825,20757401023,5237084,17,
Physics::Step,C:\Users\╨┐╨║\Documents\GitHub\myengine\engine\src\ecs\systems\PhysicsSystem.cpp,825,20772922213,4791106,17,
Physics::Step,C:\Users\╨┐╨║\Documents\GitHub\myengine\engine\src\ecs\systems\PhysicsSystem.cpp,825,20788285775,4774996,17,
Physics::Step,C:\Users\╨┐╨║\Documents\GitHub\myengine\engine\src\ecs\systems\PhysicsSystem.cpp,825,20803661419,4916193,17,
Physics::Step,C:\Users\╨┐╨║\Documents\GitHub\myengine\engine\src\ecs\systems\PhysicsSystem.cpp,825,20830040175,5091457,17,
Physics::Step,C:\Users\╨┐╨║\Documents\GitHub\myengine\engine\src\ecs\systems\PhysicsSystem.cpp,825,20845705890,4866008,17,
Physics::Step,C:\Users\╨┐╨║\Documents\GitHub\myengine\engine\src\ecs\systems\PhysicsSystem.cpp,825,20861301662,4823918,17,
Physics::Step,C:\Users\╨┐╨║\Documents\GitHub\myengine\engine\src\ecs\systems\PhysicsSystem.cpp,825,20876719056,4829039,17,
Physics::Step,C:\Users\╨┐╨║\Documents\GitHub\myengine\engine\src\ecs\systems\PhysicsSystem.cpp,825,20892016862,4697780,17,
Physics::Step,C:\Users\╨┐╨║\Documents\GitHub\myengine\engine\src\ecs\systems\PhysicsSystem.cpp,825,20907340016,4856371,17,
Physics::Step,C:\Users\╨┐╨║\Documents\GitHub\myengine\engine\src\ecs\systems\PhysicsSystem.cpp,825,20922985814,5525291,17,
Physics::Step,C:\Users\╨┐╨║\Documents\GitHub\myengine\engine\src\ecs\systems\PhysicsSystem.cpp,825,20939264392,4876099,17,
Physics::Step,C:\Users\╨┐╨║\Documents\GitHub\myengine\engine\src\ecs\systems\PhysicsSystem.cpp,825,20956030306,5046312,17,
Physics::Step,C:\Users\╨┐╨║\Documents\GitHub\myengine\engine\src\ecs\systems\PhysicsSystem.cpp,825,20971996482,4934778,17,
Physics::Step,C:\Users\╨┐╨║\Documents\GitHub\myengine\engine\src\ecs\systems\PhysicsSystem.cpp,825,20987923142,4663755,17,
Physics::Step,C:\Users\╨┐╨║\Documents\GitHub\myengine\engine\src\ecs\systems\PhysicsSystem.cpp,825,21013319773,5475597,17,
Physics::Step,C:\Users\╨┐╨║\Documents\GitHub\myengine\engine\src\ecs\systems\PhysicsSystem.cpp,825,21029340282,4833798,17,
Physics::Step,C:\Users\╨┐╨║\Documents\GitHub\myengine\engine\src\ecs\systems\PhysicsSystem.cpp,825,21044768897,4953935,17,
Physics::Step,C:\Users\╨┐╨║\Documents\GitHub\myengine\engine\src\ecs\systems\PhysicsSystem.cpp,825,21060450251,4791994,17,
Physics::Step,C:\Users\╨┐╨║\Documents\GitHub\myengine\engine\src\ecs\systems\PhysicsSystem.cpp,825,21075756809,4905244,17,
Physics::Step,C:\Users\╨┐╨║\Documents\GitHub\myengine\engine\src\ecs\systems\PhysicsSystem.cpp,825,21091144707,4584469,17,
Physics::Step,C:\Users\╨┐╨║\Documents\GitHub\myengine\engine\src\ecs\systems\PhysicsSystem.cpp,825,21105965693,4818579,17,
Physics::Step,C:\Users\╨┐╨║\Documents\GitHub\myengine\engine\src\ecs\systems\PhysicsSystem.cpp,825,21121801571,6853522,17,
Physics::Step,C:\Users\╨┐╨║\Documents\GitHub\myengine\engine\src\ecs\systems\PhysicsSystem.cpp,825,21140671114,5890765,17,
Physics::Step,C:\Users\╨┐╨║\Documents\GitHub\myengine\engine\src\ecs\systems\PhysicsSystem.cpp,825,21157802863,4834603,17,
Physics::Step,C:\Users\╨┐╨║\Documents\GitHub\myengine\engine\src\ecs\systems\PhysicsSystem.cpp,825,21173068423,5640800,17,
Physics::Step,C:\Users\╨┐╨║\Documents\GitHub\myengine\engine\src\ecs\systems\PhysicsSystem.cpp,825,21189577780,4561169,17,
Physics::Step,C:\Users\╨┐╨║\Documents\GitHub\myengine\engine\src\ecs\systems\PhysicsSystem.cpp,825,21204908678,5076499,17,
Physics::Step,C:\Users\╨┐╨║\Documents\GitHub\myengine\engine\src\ecs\systems\PhysicsSystem.cpp,825,21220786085,4666451,17,
Physics::Step,C:\Users\╨┐╨║\Documents\GitHub\myengine\engine\src\ecs\systems\PhysicsSystem.cpp,825,21247057277,4954277,17,
Physics::Step,C:\Users\╨┐╨║\Documents\GitHub\myengine\engine\src\ecs\systems\PhysicsSystem.cpp,825,21263338150,5278242,17,
Physics::Step,C:\Users\╨┐╨║\Documents\GitHub\myengine\engine\src\ecs\systems\PhysicsSystem.cpp,825,21279241837,4702238,17,
Physics::Step,C:\Users\╨┐╨║\Documents\GitHub\myengine\engine\src\ecs\systems\PhysicsSystem.cpp,825,21294659771,4930271,17,
Physics::Step,C:\Users\╨┐╨║\Documents\GitHub\myengine\engine\src\ecs\systems\PhysicsSystem.cpp,825,21310086392,4718479,17,
Physics::Step,C:\Users\╨┐╨║\Documents\GitHub\myengine\engine\src\ecs\systems\PhysicsSystem.cpp,825,21325289599,4871309,17,
Physics::Step,C:\Users\╨┐╨║\Documents\GitHub\myengine\engine\src\ecs\systems\PhysicsSystem.cpp,825,21340522873,5087338,17,
Physics::Step,C:\Users\╨┐╨║\Documents\GitHub\myengine\engine\src\ecs\systems\PhysicsSystem.cpp,825,21356116472,5358945,17,
Physics::Step,C:\Users\╨┐╨║\Documents\GitHub\myengine\engine\src\ecs\systems\PhysicsSystem.cpp,825,21372046689,4702769,17,
Physics::Step,C:\Users\╨┐╨║\Documents\GitHub\myengine\engine\src\ecs\systems\PhysicsSystem.cpp,825,21387285082,4740580,17,
Physics::Step,C:\Users\╨┐╨║\Documents\GitHub\myengine\engine\src\ecs\systems\PhysicsSystem.cpp,825,21412973768,5201456,17,
Physics::Step,C:\Users\╨┐╨║\Documents\GitHub\myengine\engine\src\ecs\systems\PhysicsSystem.cpp,825,21428520317,4940340,17,
Physics::Step,C:\Users\╨┐╨║\Documents\GitHub\myengine\engine\src\ecs\systems\PhysicsSystem.cpp,825,21444752262,5046827,17,
Physics::Step,C:\Users\╨┐╨║\Documents\GitHub\myengine\engine\src\ecs\systems\PhysicsSystem.cpp,825,21460905868,4842694,17,
Physics::Step,C:\Users\╨┐╨║\Documents\GitHub\myengine\engine\src\ecs\systems\PhysicsSystem.cpp,825,21476229954,5411405,17,
Physics::Step,C:\Users\╨┐╨║\Documents\GitHub\myengine\engine\src\ecs\systems\PhysicsSystem.cpp,825,21491947979,4572121,17,
Physics::Step,C:\Users\╨┐╨║\Documents\GitHub\myengine\engine\src\ecs\systems\PhysicsSystem.cpp,825,21506851837,4858314,17,
Physics::Step,C:\Users\╨┐╨║\Documents\GitHub\myengine\engine\src\ecs\systems\PhysicsSystem.cpp,825,21521926751,4677351,17,
Physics::Step,C:\Users\╨┐╨║\Documents\GitHub\myengine\engine\src\ecs\systems\PhysicsSystem.cpp,825,21547131217,4654617,17,
Physics::Step,C:\Users\╨┐╨║\Documents\GitHub\myengine\engine\src\ecs\systems\PhysicsSystem.cpp,825,21562362416,4875318,17,
Physics::Step,C:\Users\╨┐╨║\Documents\GitHub\myengine\engine\src\ecs\systems\PhysicsSystem.cpp,825,21578181613,4880885,17,
Physics::Step,C:\Users\╨┐╨║\Documents\GitHub\myengine\engine\src\ecs\systems\PhysicsSystem.cpp,825,21593892955,4797419,17,
Physics::Step,C:\Users\╨┐╨║\Documents\GitHub\myengine\engine\src\ecs\systems\PhysicsSystem.cpp,825,21609685871,4728719,17,
Physics::Step,C:\Users\╨┐╨║\Documents\GitHub\myengine\engine\src\ecs\systems\PhysicsSystem.cpp,825,21624974661,4957347,17,
Physics::Step,C:\Users\╨┐╨║\Documents\GitHub\myengine\engine\src\ecs\systems\PhysicsSystem.cpp,825,21640772552,4765378,17,
Physics::Step,C:\Users\╨┐╨║\Documents\GitHub\myengine\engine\src\ecs\systems\PhysicsSystem.cpp,825,21656148216,4996176,17,
Physics::Step,C:\Users\╨┐╨║\Documents\GitHub\myengine\engine\src\ecs\systems\PhysicsSystem.cpp,825,21672105064,4841422,17,
Physics::Step,C:\Users\╨┐╨║\Documents\GitHub\myengine\engine\src\ecs\systems\PhysicsSystem.cpp,825,21687681699,4922767,17,
Physics::Step,C:\Users\╨┐╨║\Documents\GitHub\myengine\engine\src\ecs\systems\PhysicsSystem.cpp,825,21713803818,4869326,17,
Physics::Step,C:\Users\╨┐╨║\Documents\GitHub\myengine\engine\src\ecs\systems\PhysicsSystem.cpp,825,21729232593,4907382,17,
Physics::Step,C:\Users\╨┐╨║\Documents\GitHub\myengine\engine\src\ecs\systems\PhysicsSystem.cpp,825,21744843599,4842294,17,
Physics::Step,C:\Users\╨┐╨║\Documents\GitHub\myengine\engine\src\ecs\systems\PhysicsSystem.cpp,825,21760159670,5149527,17,
Physics::Step,C:\Users\╨┐╨║\Documents\GitHub\myengine\engine\src\ecs\systems\PhysicsSystem.cpp,825,21776101960,5559255,17,
Physics::Step,C:\Users\╨┐╨║\Documents\GitHub\myengine\engine\src\ecs\systems\PhysicsSystem.cpp,825,21792416312,5395535,17,
Physics::Step,C:\Users\╨┐╨║\Documents\GitHub\myengine\engine\src\ecs\systems\PhysicsSystem.cpp,825,21808753762,4787290,17,
Physics::Step,C:\Users\╨┐╨║\Documents\GitHub\myengine\engine\src\ecs\systems\PhysicsSystem.cpp,825,21824032513,4815307,17,
Physics::Step,C:\Users\╨┐╨║\Documents\GitHub\myengine\engine\src\ecs\systems\PhysicsSystem.cpp,825,21839235844,4773855,17,
Physics::Step,C:\Users\╨┐╨║\Documents\GitHub\myengine\engine\src\ecs\systems\PhysicsSystem.cpp,825,21854505758,5043025,17,
Physics::Step,C:\Users\╨┐╨║\Documents\GitHub\myengine\engine\src\ecs\systems\PhysicsSystem.cpp,825,21872579084,4881829,17,
Physics::Step,C:\Users\╨┐╨║\Documents\GitHub\myengine\engine\src\ecs\systems\PhysicsSystem.cpp,825,21889813658,4973533,17,
Physics::Step,C:\Users\╨┐╨║\Documents\GitHub\myengine\engine\src\ecs\systems\PhysicsSystem.cpp,825,21905260157,4948867,17,
Physics::Step,C:\Users\╨┐╨║\Documents\GitHub\myengine\engine\src\ecs\systems\PhysicsSystem.cpp,825,21920992608,4967102,17,
Physics::Step,C:\Users\╨┐╨║\Documents\GitHub\myengine\engine\src\ecs\systems\PhysicsSystem.cpp,825,21946924505,4991839,17,
Physics::Step,C:\Users\╨┐╨║\Documents\GitHub\myengine\engine\src\ecs\systems\PhysicsSystem.cpp,825,21963166224,5029220,17,
Physics::Step,C:\Users\╨┐╨║\Documents\GitHub\myengine\engine\src\ecs\systems\PhysicsSystem.cpp,825,21978836168,5062943,17,
Physics::Step,C:\Users\╨┐╨║\Documents\GitHub\myengine\engine\src\ecs\systems\PhysicsSystem.cpp,825,21994693166,4669196,17,
Physics::Step,C:\Users\╨┐╨║\Documents\GitHub\myengine\engine\src\ecs\systems\PhysicsSystem.cpp,825,22009983517,4840912,17,
Physics::Step,C:\Users\╨┐╨║\Documents\GitHub\myengine\engine\src\ecs\systems\PhysicsSystem.cpp,825,22025517382,5100565,17,
Physics::Step,C:\Users\╨┐╨║\Documents\GitHub\myengine\engine\src\ecs\systems\PhysicsSystem.cpp,825,22041418905,4889074,17,
Physics::Step,C:\Users\╨┐╨║\Documents\GitHub\myengine\engine\src\ecs\systems\PhysicsSystem.cpp,825,22057104067,4731173,17,
Physics::Step,C:\Users\╨┐╨║\Documents\GitHub\myengine\engine\src\ecs\systems\PhysicsSystem.cpp,825,22072595962,4747485,17,
Physics::Step,C:\Users\╨┐╨║\Documents\GitHub\myengine\engine\src\ecs\systems\PhysicsSystem.cpp,825,22087959723,4673184,17,
Physics::Step,C:\Users\╨┐╨║\Documents\GitHub\myengine\engine\src\ecs\systems\PhysicsSystem.cpp,825,22113919875,4842955,17,
Physics::Step,C:\Users\╨┐╨║\Documents\GitHub\myengine\engine\src\ecs\systems\PhysicsSystem.cpp,825,22129561785,4947193,17,
Physics::Step,C:\Users\╨┐╨║\Documents\GitHub\myengine\engine\src\ecs\systems\PhysicsSystem.cpp,825,22145189608,4737795,17,
Physics::Step,C:\Users\╨┐╨║\Documents\GitHub\myengine\engine\src\ecs\systems\PhysicsSystem.cpp,825,22160392965,4649618,17,
Physics::Step,C:\Users\╨┐╨║\Documents\GitHub\myengine\engine\src\ecs\systems\PhysicsSystem.cpp,825,22175848450,4715925,17,
Physics::Step,C:\Users\╨┐╨║\Documents\GitHub\myengine\engine\src\ecs\systems\PhysicsSystem.cpp,825,22191099308,4759046,17,
Physics::Step,C:\Users\╨┐╨║\Documents\GitHub\myengine\engine\src\ecs\systems\PhysicsSystem.cpp,825,22206475363,4699712,17,
Physics::Step,C:\Users\╨┐╨║\Documents\GitHub\myengine\engine\src\ecs\systems\PhysicsSystem.cpp,825,22221957118,4665118,17,
Physics::Step,C:\Users\╨┐╨║\Documents\GitHub\myengine\engine\src\ecs\systems\PhysicsSystem.cpp,825,22237692776,4830808,17,
Physics::Step,C:\Users\╨┐╨║\Documents\GitHub\myengine\engine\src\ecs\systems\PhysicsSystem.cpp,825,22263557993,5163528,17,
Physics::Step,C:\Users\╨┐╨║\Documents\GitHub\myengine\engine\src\ecs\systems\PhysicsSystem.cpp,825,22279300408,5147053,17,
Physics::Step,C:\Users\╨┐╨║\Documents\GitHub\myengine\engine\src\ecs\systems\PhysicsSystem.cpp,825,22295166603,5219742,17,
Physics::Step,C:\Users\╨┐╨║\Documents\GitHub\myengine\engine\src\ecs\systems\PhysicsSystem.cpp,825,22311380759,5067913,17,
Physics::Step,C:\Users\╨┐╨║\Documents\GitHub\myengine\engine\src\ecs\systems\PhysicsSystem.cpp,825,22327284577,4862753,17,
Physics::Step,C:\Users\╨┐╨║\Documents\GitHub\myengine\engine\src\ecs\systems\PhysicsSystem.cpp,825,22342903302,4789554,17,
Physics::Step,C:\Users\╨┐╨║\Documents\GitHub\myengine\engine\src\ecs\systems\PhysicsSystem.cpp,825,22358404305,4645310,17,
Physics::Step,C:\Users\╨┐╨║\Documents\GitHub\myengine\engine\src\ecs\systems\PhysicsSystem.cpp,825,22373920175,4851342,17,
Physics::Step,C:\Users\╨┐╨║\Documents\GitHub\myengine\engine\src\ecs\systems\PhysicsSystem.cpp,825,22389530144,4688853,17,
Physics::Step,C:\Users\╨┐╨║\Documents\GitHub\myengine\engine\src\ecs\systems\PhysicsSystem.cpp,825,22404998424,4870909,17,
Physics::Step,C:\Users\╨┐╨║\Documents\GitHub\myengine\engine\src\ecs\systems\PhysicsSystem.cpp,825,22420414245,4678763,17,
Physics::Step,C:\Users\╨┐╨║\Documents\GitHub\myengine\engine\src\ecs\systems\PhysicsSystem.cpp,825,22446727717,5180707,17,
Physics::Step,C:\Users\╨┐╨║\Documents\GitHub\myengine\engine\src\ecs\systems\PhysicsSystem.cpp,825,22463643515,5168985,17,
Physics::Step,C:\Users\╨┐╨║\Documents\GitHub\myengine\engine\src\ecs\systems\PhysicsSystem.cpp,825,22479761870,5250168,17,
Physics::Step,C:\Users\╨┐╨║\Documents\GitHub\myengine\engine\src\ecs\systems\PhysicsSystem.cpp,825,22495655898,5157643,17,
Physics::Step,C:\Users\╨┐╨║\Documents\GitHub\myengine\engine\src\ecs\systems\PhysicsSystem.cpp,825,22511534938,4781769,17,
Physics::Step,C:\Users\╨┐╨║\Documents\GitHub\myengine\engine\src\ecs\systems\PhysicsSystem.cpp,825,22526815973,4881628,17,
Physics::Step,C:\Users\╨┐╨║\Documents\GitHub\myengine\engine\src\ecs\systems\PhysicsSystem.cpp,825,22542312316,4869927,17,
Physics::Step,C:\Users\╨┐╨║\Documents\GitHub\myengine\engine\src\ecs\systems\PhysicsSystem.cpp,825,22558186467,5012307,17,
Physics::Step,C:\Users\╨┐╨║\Documents\GitHub\myengine\engine\src\ecs\systems\PhysicsSystem.cpp,825,22573972039,5186608,17,
Physics::Step,C:\Users\╨┐╨║\Documents\GitHub\myengine\engine\src\ecs\systems\PhysicsSystem.cpp,825,22589794272,4802940,17,
Physics::Step,C:\Users\╨┐╨║\Documents\GitHub\myengine\engine\src\ecs\systems\PhysicsSystem.cpp,825,22605249637,4902889,17,
Physics::Step,C:\Users\╨┐╨║\Documents\GitHub\myengine\engine\src\ecs\systems\PhysicsSystem.cpp,825,22620659266,4737024,17,
Physics::Step,C:\Users\╨┐╨║\Documents\GitHub\myengine\engine\src\ecs\systems\PhysicsSystem.cpp,825,22646032282,4806306,17,
Physics::Step,C:\Users\╨┐╨║\Documents\GitHub\myengine\engine\src\ecs\systems\PhysicsSystem.cpp,825,22661565525,4827436,17,
Physics::Step,C:\Users\╨┐╨║\Documents\GitHub\myengine\engine\src\ecs\systems\PhysicsSystem.cpp,825,22677514879,4774716,17,
Physics::Step,C:\Users\╨┐╨║\Documents\GitHub\myengine\engine\src\ecs\systems\PhysicsSystem.cpp,825,22692728145,5184264,17,
Physics::Step,C:\Users\╨┐╨║\Documents\GitHub\myengine\engine\src\ecs\systems\PhysicsSystem.cpp,825,22708565376,5102318,17,
Physics::Step,C:\Users\╨┐╨║\Documents\GitHub\myengine\engine\src\ecs\systems\PhysicsSystem.cpp,825,22724136141,4884423,17,
Physics::Step,C:\Users\╨┐╨║\Documents\GitHub\myengine\engine\src\ecs\systems\PhysicsSystem.cpp,825,22739555828,4775558,17,
Physics::Step,C:\Users\╨┐╨║\Documents\GitHub\myengine\engine\src\ecs\systems\PhysicsSystem.cpp,825,22755137303,4914551,17,
Physics::Step,C:\Users\╨┐╨║\Documents\GitHub\myengine\engine\src\ecs\systems\PhysicsSystem.cpp,825,22770804541,5198611,17,
Physics::Step,C:\Users\╨┐╨║\Documents\GitHub\myengine\engine\src\ecs\systems\PhysicsSystem.cpp,825,22796924857,4914771,17,
Physics::Step,C:\Users\╨┐╨║\Documents\GitHub\myengine\engine\src\ecs\systems\PhysicsSystem.cpp,825,22812268470,5046162,17,
Physics::Step,C:\Users\╨┐╨║\Documents\GitHub\myengine\engine\src\ecs\systems\PhysicsSystem.cpp,825,22827952279,4906195,17,
Physics::Step,C:\Users\╨┐╨║\Documents\GitHub\myengine\engine\src\ecs\systems\PhysicsSystem.cpp,825,22843297936,5952061,17,
Physics::Step,C:\Users\╨┐╨║\Documents\GitHub\myengine\engine\src\ecs\systems\PhysicsSystem.cpp,825,22861271934,5922205,17,
Physics::Step,C:\Users\╨┐╨║\Documents\GitHub\myengine\engine\src\ecs\systems\PhysicsSystem.cpp,825,22878578234,4916937,17,
Physics::Step,C:\Users\╨┐╨║\Documents\GitHub\myengine\engine\src\ecs\systems\PhysicsSystem.cpp,825,22894289085,4819542,17,
Physics::Step,C:\Users\╨┐╨║\Documents\GitHub\myengine\engine\src\ecs\systems\PhysicsSystem.cpp,825,22909803683,4855299,17,
Physics::Step,C:\Users\╨┐╨║\Documents\GitHub\myengine\engine\src\ecs\systems\PhysicsSystem.cpp,825,22926007019,4858384,17,
Physics::Step,C:\Users\╨┐╨║\Documents\GitHub\myengine\engine\src\ecs\systems\PhysicsSystem.cpp,825,22941911086,5113409,17,
Physics::Step,C:\Users\╨┐╨║\Documents\GitHub\myengine\engine\src\ecs\systems\PhysicsSystem.cpp,825,22958011627,4809281,17,
Physics::Step,C:\Users\╨┐╨║\Documents\GitHub\myengine\engine\src\ecs\systems\PhysicsSystem.cpp,825,22974629259,5248063,17,
Physics::Step,C:\Users\╨┐╨║\Documents\GitHub\myengine\engine\src\ecs\systems\PhysicsSystem.cpp,825,22990785135,4883663,17,
Physics::Step,C:\Users\╨┐╨║\Documents\GitHub\myengine\engine\src\ecs\systems\PhysicsSystem.cpp,825,23006171209,5520512,17,
Physics::Step,C:\Users\╨┐╨║\Documents\GitHub\myengine\engine\src\ecs\systems\PhysicsSystem.cpp,825,23021998120,4588161,17,
Physics::Step,C:\Users\╨┐╨║\Documents\GitHub\myengine\engine\src\ecs\systems\PhysicsSystem.cpp,825,23036836584,5663053,17,
Physics::Step,C:\Users\╨┐╨║\Documents\GitHub\myengine\engine\src\ecs\systems\PhysicsSystem.cpp,825,23063483249,5021133,17,
Physics::Step,C:\Users\╨┐╨║\Documents\GitHub\myengine\engine\src\ecs\systems\PhysicsSystem.cpp,825,23079212214,4711495,17,
Physics::Step,C:\Users\╨┐╨║\Documents\GitHub\myengine\engine\src\ecs\systems\PhysicsSystem.cpp,825,23094589922,4951822,17,
Physics::Step,C:\Users\╨┐╨║\Documents\GitHub\myengine\engine\src\ecs\systems\PhysicsSystem.cpp,825,23110057821,4690076,17,
Physics::Step,C:\Users\╨┐╨║\Documents\GitHub\myengine\engine\src\ecs\systems\PhysicsSystem.cpp,825,23125168092,4792008,17,
Physics::Step,C:\Users\╨┐╨║\Documents\GitHub\myengine\engine\src\ecs\systems\PhysicsSystem.cpp,825,23140417536,4724260,17,
Physics::Step,C:\Users\╨┐╨║\Documents\GitHub\myengine\engine\src\ecs\systems\PhysicsSystem.cpp,825,23155902779,4836132,17,
Physics::Step,C:\Users\╨┐╨║\Documents\GitHub\myengine\engine\src\ecs\systems\PhysicsSystem.cpp,825,23171212563,4882791,17,
Physics::Step,C:\Users\╨┐╨║\Documents\GitHub\myengine\engine\src\ecs\systems\PhysicsSystem.cpp,825,23197161764,4565641,17,
Physics::Step,C:\Users\╨┐╨║\Documents\GitHub\myengine\engine\src\ecs\systems\PhysicsSystem.cpp,825,23212470325,4982630,17,
Physics::Step,C:\Users\╨┐╨║\Documents\GitHub\myengine\engine\src\ecs\systems\PhysicsSystem.cpp,825,23228219108,4742564,17,
Physics::Step,C:\Users\╨┐╨║\Documents\GitHub\myengine\engine\src\ecs\systems\PhysicsSystem.cpp,825,23243415732,5081278,17,
Physics::Step,C:\Users\╨┐╨║\Documents\GitHub\myengine\engine\src\ecs\systems\PhysicsSystem.cpp,825,23259327043,4688834,17,
Physics::Step,C:\Users\╨┐╨║\Documents\GitHub\myengine\engine\src\ecs\systems\PhysicsSystem.cpp,825,23274702257,5009547,17,
Physics::Step,C:\Users\╨┐╨║\Documents\GitHub\myengine\engine\src\ecs\systems\PhysicsSystem.cpp,825,23290547769,4995034,17,
Physics::Step,C:\Users\╨┐╨║\Documents\GitHub\myengine\engine\src\ecs\systems\PhysicsSystem.cpp,825,23306215067,5270030,17,
Physics::Step,C:\Users\╨┐╨║\Documents\GitHub\myengine\engine\src\ecs\systems\PhysicsSystem.cpp,825,23322039357,4683062,17,
Physics::Step,C:\Users\╨┐╨║\Documents\GitHub\myengine\engine\src\ecs\systems\PhysicsSystem.cpp,825,23337209881,4821706,17,
Physics::Step,C:\Users\╨┐╨║\Documents\GitHub\myengine\engine\src\ecs\systems\PhysicsSystem.cpp,825,23362647721,5143576,17,
Physics::Step,C:\Users\╨┐╨║\Documents\GitHub\myengine\engine\src\ecs\systems\PhysicsSystem.cpp,825,23378627753,5139769,17,
Physics::Step,C:\Users\╨┐╨║\Documents\GitHub\myengine\engine\src\ecs\systems\PhysicsSystem.cpp,825,23394517273,5152693,17,
Physics::Step,C:\Users\╨┐╨║\Documents\GitHub\myengine\engine\src\ecs\systems\PhysicsSystem.cpp,825,23410074983,4903961,17,
Physics::Step,C:\Users\╨┐╨║\Documents\GitHub\myengine\engine\src\ecs\systems\PhysicsSystem.cpp,825,23425751097,4947214,17,
Physics::Step,C:\Users\╨┐╨║\Documents\GitHub\myengine\engine\src\ecs\systems\PhysicsSystem.cpp,825,23441044215,4884454,17,
Physics::Step,C:\Users\╨┐╨║\Documents\GitHub\myengine\engine\src\ecs\systems\PhysicsSystem.cpp,825,23456363372,4900264,17,
Physics::Step,C:\Users\╨┐╨║\Documents\GitHub\myengine\engine\src\ecs\systems\PhysicsSystem.cpp,825,23471620922,4631173,17,
Physics::Step,C:\Users\╨┐╨║\Documents\GitHub\myengine\engine\src\ecs\systems\PhysicsSystem.cpp,825,23487994561,5060720,17,
Physics::Step,C:\Users\╨┐╨║\Documents\GitHub\myengine\engine\src\ecs\systems\PhysicsSystem.cpp,825,23504509669,5477220,17,
Physics::Step,C:\Users\╨┐╨║\Documents\GitHub\myengine\engine\src\ecs\systems\PhysicsSystem.cpp,825,23520527192,4721565,17,
Physics::Step,C:\Users\╨┐╨║\Documents\GitHub\myengine\engine\src\ecs\systems\PhysicsSystem.cpp,825,23546548770,5087269,17,
Physics::Step,C:\Users\╨┐╨║\Documents\GitHub\myengine\engine\src\ecs\systems\PhysicsSystem.cpp,825,23561974719,4703761,17,
Physics::Step,C:\Users\╨┐╨║\Documents\GitHub\myengine\engine\src\ecs\systems\PhysicsSystem.cpp,825,23577140876,5739728,17,
Physics::Step,C:\Users\╨┐╨║\Documents\GitHub\myengine\engine\src\ecs\systems\PhysicsSystem.cpp,825,23593302693,5134379,17,
Physics::Step,C:\Users\╨┐╨║\Documents\GitHub\myengine\engine\src\ecs\systems\PhysicsSystem.cpp,825,23608938250,6145209,17,
Physics::Step,C:\Users\╨┐╨║\Documents\GitHub\myengine\engine\src\ecs\systems\PhysicsSystem.cpp,825,23626127238,4958794,17,
Physics::Step,C:\Users\╨┐╨║\Documents\GitHub\myengine\engine\src\ecs\systems\PhysicsSystem.cpp,825,23641985067,4770429,17,
Physics::Step,C:\Users\╨┐╨║\Documents\GitHub\myengine\engine\src\ecs\systems\PhysicsSystem.cpp,825,23657396600,5288711,17,
Physics::Step,C:\Users\╨┐╨║\Documents\GitHub\myengine\engine\src\ecs\systems\PhysicsSystem.cpp,825,23673635884,4999582,17,
Physics::Step,C:\Users\╨┐╨║\Documents\GitHub\myengine\engine\src\ecs\systems\PhysicsSystem.cpp,825,23689681460,4831012,17,
Physics::Step,C:\Users\╨┐╨║\Documents\GitHub\myengine\engine\src\ecs\systems\PhysicsSystem.cpp,825,23705703952,4777833,17,
Physics::Step,C:\Users\╨┐╨║\Documents\GitHub\myengine\engine\src\ecs\systems\PhysicsSystem.cpp,825,23721010736,4819431,17,
Physics::Step,C:\Users\╨┐╨║\Documents\GitHub\myengine\engine\src\ecs\systems\PhysicsSystem.cpp,825,23746670987,5317503,17,
Physics::Step,C:\Users\╨┐╨║\Documents\GitHub\myengine\engine\src\ecs\systems\PhysicsSystem.cpp,825,23762550695,4772386,17,
Physics::Step,C:\Users\╨┐╨║\Documents\GitHub\myengine\engine\src\ecs\systems\PhysicsSystem.cpp,825,23778407577,4964897,17,
Physics::Step,C:\Users\╨┐╨║\Documents\GitHub\myengine\engine\src\ecs\systems\PhysicsSystem.cpp,825,23793881979,4879384,17,
Physics::Step,C:\Users\╨┐╨║\Documents\GitHub\myengine\engine\src\ecs\systems\PhysicsSystem.cpp,825,23809284824,4835512,17,
Physics::Step,C:\Users\╨┐╨║\Documents\GitHub\myengine\engine\src\ecs\systems\PhysicsSystem.cpp,825,23824645390,5014271,17,
Physics::Step,C:\Users\╨┐╨║\Documents\GitHub\myengine\engine\src\ecs\systems\PhysicsSystem.cpp,825,23840056171,4801653,17,
Physics::Step,C:\Users\╨┐╨║\Documents\GitHub\myengine\engine\src\ecs\systems\PhysicsSystem.cpp,825,23855602294,4904538,17,
Physics::Step,C:\Users\╨┐╨║\Documents\GitHub\myengine\engine\src\ecs\systems\PhysicsSystem.cpp,825,23870940633,4958053,17,
Physics::Step,C:\Users\╨┐╨║\Documents\GitHub\myengine\engine\src\ecs\systems\PhysicsSystem.cpp,825,23896990975,4918318,17,
Physics::Step,C:\Users\╨┐╨║\Documents\GitHub\myengine\engine\src\ecs\systems\PhysicsSystem.cpp,825,23912483892,4771349,17,
Physics::Step,C:\Users\╨┐╨║\Documents\GitHub\myengine\engine\src\ecs\systems\PhysicsSystem.cpp,825,23928015442,4648787,17,
Physics::Step,C:\Users\╨┐╨║\Documents\GitHub\myengine\engine\src\ecs\systems\PhysicsSystem.cpp,825,23943408760,4821805,17,
Physics::Step,C:\Users\╨┐╨║\Documents\GitHub\myengine\engine\src\ecs\systems\PhysicsSystem.cpp,825,23960468822,5071429,17,
Physics::Step,C:\Users\╨┐╨║\Documents\GitHub\myengine\engine\src\ecs\systems\PhysicsSystem.cpp,825,23976281055,4714351,17,
Physics::Step,C:\Users\╨┐╨║\Documents\GitHub\myengine\engine\src\ecs\systems\PhysicsSystem.cpp,825,23992460576,4902629,17,
Physics::Step,C:\Users\╨┐╨║\Documents\GitHub\myengine\engine\src\ecs\systems\PhysicsSystem.cpp,825,24008826590,4926855,17,
Physics::Step,C:\Users\╨┐╨║\Documents\GitHub\myengine\engine\src\ecs\systems\PhysicsSystem.cpp,825,24024296984,4903070,17,
Physics::Step,C:\Users\╨┐╨║\Documents\GitHub\myengine\engine\src\ecs\systems\PhysicsSystem.cpp,825,24039643664,4871008,17,
Physics::Step,C:\Users\╨┐╨║\Documents\GitHub\myengine\engine\src\ecs\systems\PhysicsSystem.cpp,825,24055812875,5137063,17,
Physics::Step,C:\Users\╨┐╨║\Documents\GitHub\myengine\engine\src\ecs\systems\PhysicsSystem.cpp,825,24072782595,4927637,17,
Physics::Step,C:\Users\╨┐╨║\Documents\GitHub\myengine\engine\src\ecs\systems\PhysicsSystem.cpp,825,24088629605,4738767,17,
Physics::Step,C:\Users\╨┐╨║\Documents\GitHub\myengine\engine\src\ecs\systems\PhysicsSystem.cpp,825,24103886333,5195775,17,
Physics::Step,C:\Users\╨┐╨║\Documents\GitHub\myengine\engine\src\ecs\systems\PhysicsSystem.cpp,825,24129925785,4922887,17,
Physics::Step,C:\Users\╨┐╨║\Documents\GitHub\myengine\engine\src\ecs\systems\PhysicsSystem.cpp,825,24145697812,5208950,17,
Physics::Step,C:\Users\╨┐╨║\Documents\GitHub\myengine\engine\src\ecs\systems\PhysicsSystem.cpp,825,24161294025,4839559,17,
Physics::Step,C:\Users\╨┐╨║\Documents\GitHub\myengine\engine\src\ecs\systems\PhysicsSystem.cpp,825,24177581120,4813599,17,
Physics::Step,C:\Users\╨┐╨║\Documents\GitHub\myengine\engine\src\ecs\systems\PhysicsSystem.cpp,825,24193009043,4958284,17,
Physics::Step,C:\Users\╨┐╨║\Documents\GitHub\myengine\engine\src\ecs\systems\PhysicsSystem.cpp,825,24208579667,4864237,17,
Physics::Step,C:\Users\╨┐╨║\Documents\GitHub\myengine\engine\src\ecs\systems\PhysicsSystem.cpp,825,24224045674,5545578,17,
Physics::Step,C:\Users\╨┐╨║\Documents\GitHub\myengine\engine\src\ecs\systems\PhysicsSystem.cpp,825,24239920896,4851211,17,
Physics::Step,C:\Users\╨┐╨║\Documents\GitHub\myengine\engine\src\ecs\systems\PhysicsSystem.cpp,825,24255159821,5237514,17,
Physics::Step,C:\Users\╨┐╨║\Documents\GitHub\myengine\engine\src\ecs\systems\PhysicsSystem.cpp,825,24270946655,5569064,17,
Physics::Step,C:\Users\╨┐╨║\Documents\GitHub\myengine\engine\src\ecs\systems\PhysicsSystem.cpp,825,24287389896,5470037,17,
Physics::Step,C:\Users\╨┐╨║\Documents\GitHub\myengine\engine\src\ecs\systems\PhysicsSystem.cpp,825,24304126445,5230782,17,
Physics::Step,C:\Users\╨┐╨║\Documents\GitHub\myengine\engine\src\ecs\systems\PhysicsSystem.cpp,825,24331200802,5040822,17,
Physics::Step,C:\Users\╨┐╨║\Documents\GitHub\myengine\engine\src\ecs\systems\PhysicsSystem.cpp,825,24347833112,5139820,17,
Physics::Step,C:\Users\╨┐╨║\Documents\GitHub\myengine\engine\src\ecs\systems\PhysicsSystem.cpp,825,24364180982,5324259,17,
Physics::Step,C:\Users\╨┐╨║\Documents\GitHub\myengine\engine\src\ecs\systems\PhysicsSystem.cpp,825,24381098624,5480357,17,
Physics::Step,C:\Users\╨┐╨║\Documents\GitHub\myengine\engine\src\ecs\systems\PhysicsSystem.cpp,825,24398052605,5200023,17,
Physics::Step,C:\Users\╨┐╨║\Documents\GitHub\myengine\engine\src\ecs\systems\PhysicsSystem.cpp,825,24414671460,5444919,17,
Physics::Step,C:\Users\╨┐╨║\Documents\GitHub\myengine\engine\src\ecs\systems\PhysicsSystem.cpp,825,24431078724,4888541,17,
Physics::Step,C:\Users\╨┐╨║\Documents\GitHub\myengine\engine\src\ecs\systems\PhysicsSystem.cpp,825,24446567622,4908280,17,
Physics::Step,C:\Users\╨┐╨║\Documents\GitHub\myengine\engine\src\ecs\systems\PhysicsSystem.cpp,825,24462093752,4506847,17,
Physics::Step,C:\Users\╨┐╨║\Documents\GitHub\myengine\engine\src\ecs\systems\PhysicsSystem.cpp,825,24477481469,4747816,17,
Physics::Step,C:\Users\╨┐╨║\Documents\GitHub\myengine\engine\src\ecs\systems\PhysicsSystem.cpp,825,24493852263,5044518,17,
Physics::Step,C:\Users\╨┐╨║\Documents\GitHub\myengine\engine\src\ecs\systems\PhysicsSystem.cpp,825,24509989563,4810194,17,
Physics::Step,C:\Users\╨┐╨║\Documents\GitHub\myengine\engine\src\ecs\systems\PhysicsSystem.cpp,825,24525524710,4800124,17,
Physics::Step,C:\Users\╨┐╨║\Documents\GitHub\myengine\engine\src\ecs\systems\PhysicsSystem.cpp,825,24541072912,5033458,17,
Physics::Step,C:\Users\╨┐╨║\Documents\GitHub\myengine\engine\src\ecs\systems\PhysicsSystem.cpp,825,24557852808,4767878,17,
Physics::Step,C:\Users\╨┐╨║\Documents\GitHub\myengine\engine\src\ecs\systems\PhysicsSystem.cpp,825,24573822865,4575548,17,
Physics::Step,C:\Users\╨┐╨║\Documents\GitHub\myengine\engine\src\ecs\systems\PhysicsSystem.cpp,825,24589545619,4845826,17,
Physics::Step,C:\Users\╨┐╨║\Documents\GitHub\myengine\engine\src\ecs\systems\PhysicsSystem.cpp,825,24605361064,4780517,17,
Physics::Step,C:\Users\╨┐╨║\Documents\GitHub\myengine\engine\src\ecs\systems\PhysicsSystem.cpp,825,24620899286,4727517,17,
Physics::Step,C:\Users\╨┐╨║\Documents\GitHub\myengine\engine\src\ecs\systems\PhysicsSystem.cpp,825,24647646983,5742287,17,
Physics::Step,C:\Users\╨┐╨║\Documents\GitHub\myengine\engine\src\ecs\systems\PhysicsSystem.cpp,825,24664843529,5445760,17,
Physics::Step,C:\Users\╨┐╨║\Documents\GitHub\myengine\engine\src\ecs\systems\PhysicsSystem.cpp,825,24684470495,6192979,17,
Physics::Step,C:\Users\╨┐╨║\Documents\GitHub\myengine\engine\src\ecs\systems\PhysicsSystem.cpp,825,24702255965,5061100,17,
Physics::Step,C:\Users\╨┐╨║\Documents\GitHub\myengine\engine\src\ecs\systems\PhysicsSystem.cpp,825,24718135075,4927035,17,
Physics::Step,C:\Users\╨┐╨║\Documents\GitHub\myengine\engine\src\ecs\systems\PhysicsSystem.cpp,825,24733841488,5155789,17,
Physics::Step,C:\Users\╨┐╨║\Documents\GitHub\myengine\engine\src\ecs\systems\PhysicsSystem.cpp,825,24749752248,4941202,17,
Physics::Step,C:\Users\╨┐╨║\Documents\GitHub\myengine\engine\src\ecs\systems\PhysicsSystem.cpp,825,24765930235,5795825,17,
Physics::Step,C:\Users\╨┐╨║\Documents\GitHub\myengine\engine\src\ecs\systems\PhysicsSystem.cpp,825,24782515506,5444589,17,
Physics::Step,C:\Users\╨┐╨║\Documents\GitHub\myengine\engine\src\ecs\systems\PhysicsSystem.cpp,825,24799880187,4953435,17,
Physics::Step,C:\Users\╨┐╨║\Documents\GitHub\myengine\engine\src\ecs\systems\PhysicsSystem.cpp,825,24816238467,4804212,17,
Physics::Step,C:\Users\╨┐╨║\Documents\GitHub\myengine\engine\src\ecs\systems\PhysicsSystem.cpp,825,24831776720,4699873,17,
Physics::Step,C:\Users\╨┐╨║\Documents\GitHub\myengine\engine\src\ecs\systems\PhysicsSystem.cpp,825,24847214081,5125973,17,
Physics::Step,C:\Users\╨┐╨║\Documents\GitHub\myengine\engine\src\ecs\systems\PhysicsSystem.cpp,825,24863014031,4927076,17,
Physics::Step,C:\Users\╨┐╨║\Documents\GitHub\myengine\engine\src\ecs\systems\PhysicsSystem.cpp,825,24878627437,4720313,17,
Physics::Step,C:\Users\╨┐╨║\Documents\GitHub\myengine\engine\src\ecs\systems\PhysicsSystem.cpp,825,24894173585,4698130,17,
Physics::Step,C:\Users\╨┐╨║\Documents\GitHub\myengine\engine\src\ecs\systems\PhysicsSystem.cpp,825,24909572213,5431834,17,
Physics::Step,C:\Users\╨┐╨║\Documents\GitHub\myengine\engine\src\ecs\systems\PhysicsSystem.cpp,825,24925701758,4947104,17,
Physics::Step,C:\Users\╨┐╨║\Documents\GitHub\myengine\engine\src\ecs\systems\PhysicsSystem.cpp,825,24941388493,4843222,17,
Physics::Step,C:\Users\╨┐╨║\Documents\GitHub\myengine\engine\src\ecs\systems\PhysicsSystem.cpp,825,24957270054,4811125,17,
Physics::Step,C:\Users\╨┐╨║\Documents\GitHub\myengine\engine\src\ecs\systems\PhysicsSystem.cpp,825,24972695532,5431879,17,
Physics::Step,C:\Users\╨┐╨║\Documents\GitHub\myengine\engine\src\ecs\systems\PhysicsSystem.cpp,825,24989028358,4928929,17,
Physics::Step,C:\Users\╨┐╨║\Documents\GitHub\myengine\engine\src\ecs\systems\PhysicsSystem.cpp,825,25005448826,5527035,17,
Physics::Step,C:\Users\╨┐╨║\Documents\GitHub\myengine\engine\src\ecs\systems\PhysicsSystem.cpp,825,25023862289,5306836,17,
Physics::Step,C:\Users\╨┐╨║\Documents\GitHub\myengine\engine\src\ecs\systems\PhysicsSystem.cpp,825,25041850574,5697298,17,
Physics::Step,C:\Users\╨┐╨║\Documents\GitHub\myengine\engine\src\ecs\systems\PhysicsSystem.cpp,825,25058556554,4734519,17,
Physics::Step,C:\Users\╨┐╨║\Documents\GitHub\myengine\engine\src\ecs\systems\PhysicsSystem.cpp,825,25074093414,4887900,17,
Physics::Step,C:\Users\╨┐╨║\Documents\GitHub\myengine\engine\src\ecs\systems\PhysicsSystem.cpp,825,25089592432,4842244,17,
Physics::Step,C:\Users\╨┐╨║\Documents\GitHub\myengine\engine\src\ecs\systems\PhysicsSystem.cpp,825,25105008603,4964637,17,
Physics::Step,C:\Users\╨┐╨║\Documents\GitHub\myengine\engine\src\ecs\systems\PhysicsSystem.cpp,825,25120365342,4880927,17,
Physics::Step,C:\Users\╨┐╨║\Documents\GitHub\myengine\engine\src\ecs\systems\PhysicsSystem.cpp,825,25146490396,5353255,17,
Physics::Step,C:\Users\╨┐╨║\Documents\GitHub\myengine\engine\src\ecs\systems\PhysicsSystem.cpp,825,25162530953,5233076,17,
Physics::Step,C:\Users\╨┐╨║\Documents\GitHub\myengine\engine\src\ecs\systems\PhysicsSystem.cpp,825,25178606446,4584881,17,
Physics::Step,C:\Users\╨┐╨║\Documents\GitHub\myengine\engine\src\ecs\systems\PhysicsSystem.cpp,825,25194153221,4766355,17,
Physics::Step,C:\Users\╨┐╨║\Documents\GitHub\myengine\engine\src\ecs\systems\PhysicsSystem.cpp,825,25209639610,4894222,17,
Physics::Step,C:\Users\╨┐╨║\Documents\GitHub\myengine\engine\src\ecs\systems\PhysicsSystem.cpp,825,25225488933,5103951,17,
Physics::Step,C:\Users\╨┐╨║\Documents\GitHub\myengine\engine\src\ecs\systems\PhysicsSystem.cpp,825,25241331253,4791628,17,
Physics::Step,C:\Users\╨┐╨║\Documents\GitHub\myengine\engine\src\ecs\systems\PhysicsSystem.cpp,825,25256884845,5245020,17,
Physics::Step,C:\Users\╨┐╨║\Documents\GitHub\myengine\engine\src\ecs\systems\PhysicsSystem.cpp,825,25273142214,5033447,17,
Physics::Step,C:\Users\╨┐╨║\Documents\GitHub\myengine\engine\src\ecs\systems\PhysicsSystem.cpp,825,25290311073,5555519,17,
Physics::Step,C:\Users\╨┐╨║\Documents\GitHub\myengine\engine\src\ecs\systems\PhysicsSystem.cpp,825,25308052248,5041102,17,
Physics::Step,C:\Users\╨┐╨║\Documents\GitHub\myengine\engine\src\ecs\systems\PhysicsSystem.cpp,825,25324046978,4900815,17,
Physics::Step,C:\Users\╨┐╨║\Documents\GitHub\myengine\engine\src\ecs\systems\PhysicsSystem.cpp,825,25339767567,5022247,17,
Physics::Step,C:\Users\╨┐╨║\Documents\GitHub\myengine\engine\src\ecs\systems\PhysicsSystem.cpp,825,25355660534,4710585,17,
Physics::Step,C:\Users\╨┐╨║\Documents\GitHub\myengine\engine\src\ecs\systems\PhysicsSystem.cpp,825,25370896844,4727086,17,
Physics::Step,C:\Users\╨┐╨║\Documents\GitHub\myengine\engine\src\ecs\systems\PhysicsSystem.cpp,825,25396589287,5048084,17,
Physics::Step,C:\Users\╨┐╨║\Documents\GitHub\myengine\engine\src\ecs\systems\PhysicsSystem.cpp,825,25412225545,5060439,17,
