name,src_file,src_line,ns_since_start,exec_time_ns,thread,value
Physics::Step,C:\Users\╨┐╨║\Documents\GitHub\myengine\engine\src\ecs\systems\PhysicsSystem.cpp,825,943912101,4696042,17,
Physics::Step,C:\Users\╨┐╨║\Documents\GitHub\myengine\engine\src\ecs\systems\PhysicsSystem.cpp,825,948608213,3843271,17,
Physics::Step,C:\Users\╨┐╨║\Documents\GitHub\myengine\engine\src\ecs\systems\PhysicsSystem.cpp,825,978613911,4102553,17,
Physics::Step,C:\Users\╨┐╨║\Documents\GitHub\myengine\engine\src\ecs\systems\PhysicsSystem.cpp,825,982716624,3889398,17,
Physics::Step,C:\Users\╨┐╨║\Documents\GitHub\myengine\engine\src\ecs\systems\PhysicsSystem.cpp,825,1034685760,3485612,17,
Physics::Step,C:\Users\╨┐╨║\Documents\GitHub\myengine\engine\src\ecs\systems\PhysicsSystem.cpp,825,1038171552,2732160,17,
Physics::Step,C:\Users\╨┐╨║\Documents\GitHub\myengine\engine\src\ecs\systems\PhysicsSystem.cpp,825,1040903893,2600880,17,
Physics::Step,C:\Users\╨┐╨║\Documents\GitHub\myengine\engine\src\ecs\systems\PhysicsSystem.cpp,825,1043504883,3371995,17,
Physics::Step,C:\Users\╨┐╨║\Documents\GitHub\myengine\engine\src\ecs\systems\PhysicsSystem.cpp,825,1058894727,2955764,17,
Physics::Step,C:\Users\╨┐╨║\Documents\GitHub\myengine\engine\src\ecs\systems\PhysicsSystem.cpp,825,1074198737,3024435,17,
Physics::Step,C:\Users\╨┐╨║\Documents\GitHub\myengine\engine\src\ecs\systems\PhysicsSystem.cpp,825,1089124439,3126048,17,
Physics::Step,C:\Users\╨┐╨║\Documents\GitHub\myengine\engine\src\ecs\systems\PhysicsSystem.cpp,825,1104008592,2747900,17,
Physics::Step,C:\Users\╨┐╨║\Documents\GitHub\myengine\engine\src\ecs\systems\PhysicsSystem.cpp,825,1118263220,2629354,17,
Physics::Step,C:\Users\╨┐╨║\Documents\GitHub\myengine\engine\src\ecs\systems\PhysicsSystem.cpp,825,1132386297,2873047,17,
Physics::Step,C:\Users\╨┐╨║\Documents\GitHub\myengine\engine\src\ecs\systems\PhysicsSystem.cpp,825,1158615690,2246397,17,
Physics::Step,C:\Users\╨┐╨║\Documents\GitHub\myengine\engine\src\ecs\systems\PhysicsSystem.cpp,825,1172014231,2298346,17,
Physics::Step,C:\Users\╨┐╨║\Documents\GitHub\myengine\engine\src\ecs\systems\PhysicsSystem.cpp,825,1186323051,2239544,17,
Physics::Step,C:\Users\╨┐╨║\Documents\GitHub\myengine\engine\src\ecs\systems\PhysicsSystem.cpp,825,1199968661,2340617,17,
Physics::Step,C:\Users\╨┐╨║\Documents\GitHub\myengine\engine\src\ecs\systems\PhysicsSystem.cpp,825,1225795019,2232751,17,
Physics::Step,C:\Users\╨┐╨║\Documents\GitHub\myengine\engine\src\ecs\systems\PhysicsSystem.cpp,825,1241414729,4730015,17,
Physics::Step,C:\Users\╨┐╨║\Documents\GitHub\myengine\engine\src\ecs\systems\PhysicsSystem.cpp,825,1257977431,3722972,17,
Physics::Step,C:\Users\╨┐╨║\Documents\GitHub\myengine\engine\src\ecs\systems\PhysicsSystem.cpp,825,1273320616,2725337,17,
Physics::Step,C:\Users\╨┐╨║\Documents\GitHub\myengine\engine\src\ecs\systems\PhysicsSystem.cpp,825,1287549033,2831028,17,
Physics::Step,C:\Users\╨┐╨║\Documents\GitHub\myengine\engine\src\ecs\systems\PhysicsSystem.cpp,825,1302542945,3057087,17,
Physics::Step,C:\Users\╨┐╨║\Documents\GitHub\myengine\engine\src\ecs\systems\PhysicsSystem.cpp,825,1317189076,3192544,17,
Physics::Step,C:\Users\╨┐╨║\Documents\GitHub\myengine\engine\src\ecs\systems\PhysicsSystem.cpp,825,1331748141,3798987,17,
Physics::Step,C:\Users\╨┐╨║\Documents\GitHub\myengine\engine\src\ecs\systems\PhysicsSystem.cpp,825,1358800318,3384108,17,
Physics::Step,C:\Users\╨┐╨║\Documents\GitHub\myengine\engine\src\ecs\systems\PhysicsSystem.cpp,825,1373516742,5162266,17,
Physics::Step,C:\Users\╨┐╨║\Documents\GitHub\myengine\engine\src\ecs\systems\PhysicsSystem.cpp,825,1389826513,6278717,17,
Physics::Step,C:\Users\╨┐╨║\Documents\GitHub\myengine\engine\src\ecs\systems\PhysicsSystem.cpp,825,1407803431,5183396,17,
Physics::Step,C:\Users\╨┐╨║\Documents\GitHub\myengine\engine\src\ecs\systems\PhysicsSystem.cpp,825,1425605937,5257727,17,
Physics::Step,C:\Users\╨┐╨║\Documents\GitHub\myengine\engine\src\ecs\systems\PhysicsSystem.cpp,825,1442512472,4627931,17,
Physics::Step,C:\Users\╨┐╨║\Documents\GitHub\myengine\engine\src\ecs\systems\PhysicsSystem.cpp,825,1459071316,4907582,17,
Physics::Step,C:\Users\╨┐╨║\Documents\GitHub\myengine\engine\src\ecs\systems\PhysicsSystem.cpp,825,1476808659,4298614,17,
Physics::Step,C:\Users\╨┐╨║\Documents\GitHub\myengine\engine\src\ecs\systems\PhysicsSystem.cpp,825,1493164387,4333601,17,
Physics::Step,C:\Users\╨┐╨║\Documents\GitHub\myengine\engine\src\ecs\systems\PhysicsSystem.cpp,825,1509649110,5263107,17,
Physics::Step,C:\Users\╨┐╨║\Documents\GitHub\myengine\engine\src\ecs\systems\PhysicsSystem.cpp,825,1526373468,5436828,17,
Physics::Step,C:\Users\╨┐╨║\Documents\GitHub\myengine\engine\src\ecs\systems\PhysicsSystem.cpp,825,1543585213,4689448,17,
Physics::Step,C:\Users\╨┐╨║\Documents\GitHub\myengine\engine\src\ecs\systems\PhysicsSystem.cpp,825,1559588822,4815488,17,
Physics::Step,C:\Users\╨┐╨║\Documents\GitHub\myengine\engine\src\ecs\systems\PhysicsSystem.cpp,825,1576714183,4583076,17,
Physics::Step,C:\Users\╨┐╨║\Documents\GitHub\myengine\engine\src\ecs\systems\PhysicsSystem.cpp,825,1593452527,5183527,17,
Physics::Step,C:\Users\╨┐╨║\Documents\GitHub\myengine\engine\src\ecs\systems\PhysicsSystem.cpp,825,1610403467,6457416,17,
Physics::Step,C:\Users\╨┐╨║\Documents\GitHub\myengine\engine\src\ecs\systems\PhysicsSystem.cpp,825,1628222234,6178226,17,
Physics::Step,C:\Users\╨┐╨║\Documents\GitHub\myengine\engine\src\ecs\systems\PhysicsSystem.cpp,825,1646035140,6125736,17,
Physics::Step,C:\Users\╨┐╨║\Documents\GitHub\myengine\engine\src\ecs\systems\PhysicsSystem.cpp,825,1663632186,6190078,17,
Physics::Step,C:\Users\╨┐╨║\Documents\GitHub\myengine\engine\src\ecs\systems\PhysicsSystem.cpp,825,1681375310,5858489,17,
Physics::Step,C:\Users\╨┐╨║\Documents\GitHub\myengine\engine\src\ecs\systems\PhysicsSystem.cpp,825,1687234019,5243860,17,
Physics::Step,C:\Users\╨┐╨║\Documents\GitHub\myengine\engine\src\ecs\systems\PhysicsSystem.cpp,825,1704507290,5408303,17,
Physics::Step,C:\Users\╨┐╨║\Documents\GitHub\myengine\engine\src\ecs\systems\PhysicsSystem.cpp,825,1721354081,5676624,17,
Physics::Step,C:\Users\╨┐╨║\Documents\GitHub\myengine\engine\src\ecs\systems\PhysicsSystem.cpp,825,1738326982,5012802,17,
Physics::Step,C:\Users\╨┐╨║\Documents\GitHub\myengine\engine\src\ecs\systems\PhysicsSystem.cpp,825,1756094171,5821298,17,
Physics::Step,C:\Users\╨┐╨║\Documents\GitHub\myengine\engine\src\ecs\systems\PhysicsSystem.cpp,825,1773953065,5734422,17,
Physics::Step,C:\Users\╨┐╨║\Documents\GitHub\myengine\engine\src\ecs\systems\PhysicsSystem.cpp,825,1791625905,5847597,17,
Physics::Step,C:\Users\╨┐╨║\Documents\GitHub\myengine\engine\src\ecs\systems\PhysicsSystem.cpp,825,1809679768,5432780,17,
Physics::Step,C:\Users\╨┐╨║\Documents\GitHub\myengine\engine\src\ecs\systems\PhysicsSystem.cpp,825,1826871345,5197142,17,
Physics::Step,C:\Users\╨┐╨║\Documents\GitHub\myengine\engine\src\ecs\systems\PhysicsSystem.cpp,825,1843951219,5547185,17,
Physics::Step,C:\Users\╨┐╨║\Documents\GitHub\myengine\engine\src\ecs\systems\PhysicsSystem.cpp,825,1861571369,5761234,17,
Physics::Step,C:\Users\╨┐╨║\Documents\GitHub\myengine\engine\src\ecs\systems\PhysicsSystem.cpp,825,1878905826,5350975,17,
Physics::Step,C:\Users\╨┐╨║\Documents\GitHub\myengine\engine\src\ecs\systems\PhysicsSystem.cpp,825,1895565922,5413844,17,
Physics::Step,C:\Users\╨┐╨║\Documents\GitHub\myengine\engine\src\ecs\systems\PhysicsSystem.cpp,825,1912591583,5281833,17,
Physics::Step,C:\Users\╨┐╨║\Documents\GitHub\myengine\engine\src\ecs\systems\PhysicsSystem.cpp,825,1929602997,5436086,17,
Physics::Step,C:\Users\╨┐╨║\Documents\GitHub\myengine\engine\src\ecs\systems\PhysicsSystem.cpp,825,1946612958,5689708,17,
Physics::Step,C:\Users\╨┐╨║\Documents\GitHub\myengine\engine\src\ecs\systems\PhysicsSystem.cpp,825,1963881089,5761806,17,
Physics::Step,C:\Users\╨┐╨║\Documents\GitHub\myengine\engine\src\ecs\systems\PhysicsSystem.cpp,825,1981310477,5057637,17,
Physics::Step,C:\Users\╨┐╨║\Documents\GitHub\myengine\engine\src\ecs\systems\PhysicsSystem.cpp,825,1986368315,4671874,17,
Physics::Step,C:\Users\╨┐╨║\Documents\GitHub\myengine\engine\src\ecs\systems\PhysicsSystem.cpp,825,2003054521,5232459,17,
Physics::Step,C:\Users\╨┐╨║\Documents\GitHub\myengine\engine\src\ecs\systems\PhysicsSystem.cpp,825,2019832862,5803592,17,
Physics::Step,C:\Users\╨┐╨║\Documents\GitHub\myengine\engine\src\ecs\systems\PhysicsSystem.cpp,825,2037466608,4837028,17,
Physics::Step,C:\Users\╨┐╨║\Documents\GitHub\myengine\engine\src\ecs\systems\PhysicsSystem.cpp,825,2054017356,5604967,17,
Physics::Step,C:\Users\╨┐╨║\Documents\GitHub\myengine\engine\src\ecs\systems\PhysicsSystem.cpp,825,2070480859,5072356,17,
Physics::Step,C:\Users\╨┐╨║\Documents\GitHub\myengine\engine\src\ecs\systems\PhysicsSystem.cpp,825,2086713935,4711740,17,
Physics::Step,C:\Users\╨┐╨║\Documents\GitHub\myengine\engine\src\ecs\systems\PhysicsSystem.cpp,825,2102473070,5182274,17,
Physics::Step,C:\Users\╨┐╨║\Documents\GitHub\myengine\engine\src\ecs\systems\PhysicsSystem.cpp,825,2119174464,5106521,17,
Physics::Step,C:\Users\╨┐╨║\Documents\GitHub\myengine\engine\src\ecs\systems\PhysicsSystem.cpp,825,2135366441,4967367,17,
Physics::Step,C:\Users\╨┐╨║\Documents\GitHub\myengine\engine\src\ecs\systems\PhysicsSystem.cpp,825,2151445053,5296482,17,
Physics::Step,C:\Users\╨┐╨║\Documents\GitHub\myengine\engine\src\ecs\systems\PhysicsSystem.cpp,825,2167844515,4698495,17,
Physics::Step,C:\Users\╨┐╨║\Documents\GitHub\myengine\engine\src\ecs\systems\PhysicsSystem.cpp,825,2183573162,5896891,17,
Physics::Step,C:\Users\╨┐╨║\Documents\GitHub\myengine\engine\src\ecs\systems\PhysicsSystem.cpp,825,2200187401,5050734,17,
Physics::Step,C:\Users\╨┐╨║\Documents\GitHub\myengine\engine\src\ecs\systems\PhysicsSystem.cpp,825,2216543070,5351766,17,
Physics::Step,C:\Users\╨┐╨║\Documents\GitHub\myengine\engine\src\ecs\systems\PhysicsSystem.cpp,825,2233208085,5273318,17,
Physics::Step,C:\Users\╨┐╨║\Documents\GitHub\myengine\engine\src\ecs\systems\PhysicsSystem.cpp,825,2249892688,5273719,17,
Physics::Step,C:\Users\╨┐╨║\Documents\GitHub\myengine\engine\src\ecs\systems\PhysicsSystem.cpp,825,2267489765,4941516,17,
Physics::Step,C:\Users\╨┐╨║\Documents\GitHub\myengine\engine\src\ecs\systems\PhysicsSystem.cpp,825,2283688745,4828928,17,
Physics::Step,C:\Users\╨┐╨║\Documents\GitHub\myengine\engine\src\ecs\systems\PhysicsSystem.cpp,825,2299687270,4954196,17,
Physics::Step,C:\Users\╨┐╨║\Documents\GitHub\myengine\engine\src\ecs\systems\PhysicsSystem.cpp,825,2316320600,5306009,17,
Physics::Step,C:\Users\╨┐╨║\Documents\GitHub\myengine\engine\src\ecs\systems\PhysicsSystem.cpp,825,2332571018,5004166,17,
Physics::Step,C:\Users\╨┐╨║\Documents\GitHub\myengine\engine\src\ecs\systems\PhysicsSystem.cpp,825,2348626487,5584828,17,
Physics::Step,C:\Users\╨┐╨║\Documents\GitHub\myengine\engine\src\ecs\systems\PhysicsSystem.cpp,825,2365680060,5150174,17,
Physics::Step,C:\Users\╨┐╨║\Documents\GitHub\myengine\engine\src\ecs\systems\PhysicsSystem.cpp,825,2381483970,5008484,17,
Physics::Step,C:\Users\╨┐╨║\Documents\GitHub\myengine\engine\src\ecs\systems\PhysicsSystem.cpp,825,2408199898,5591271,17,
Physics::Step,C:\Users\╨┐╨║\Documents\GitHub\myengine\engine\src\ecs\systems\PhysicsSystem.cpp,825,2425197406,4528562,17,
Physics::Step,C:\Users\╨┐╨║\Documents\GitHub\myengine\engine\src\ecs\systems\PhysicsSystem.cpp,825,2440897208,4954772,17,
Physics::Step,C:\Users\╨┐╨║\Documents\GitHub\myengine\engine\src\ecs\systems\PhysicsSystem.cpp,825,2456711398,5200343,17,
Physics::Step,C:\Users\╨┐╨║\Documents\GitHub\myengine\engine\src\ecs\systems\PhysicsSystem.cpp,825,2472826274,5115732,17,
Physics::Step,C:\Users\╨┐╨║\Documents\GitHub\myengine\engine\src\ecs\systems\PhysicsSystem.cpp,825,2489402736,4901702,17,
Physics::Step,C:\Users\╨┐╨║\Documents\GitHub\myengine\engine\src\ecs\systems\PhysicsSystem.cpp,825,2505365418,4757627,17,
Physics::Step,C:\Users\╨┐╨║\Documents\GitHub\myengine\engine\src\ecs\systems\PhysicsSystem.cpp,825,2521419313,5675219,17,
Physics::Step,C:\Users\╨┐╨║\Documents\GitHub\myengine\engine\src\ecs\systems\PhysicsSystem.cpp,825,2538613473,5139262,17,
Physics::Step,C:\Users\╨┐╨║\Documents\GitHub\myengine\engine\src\ecs\systems\PhysicsSystem.cpp,825,2554884621,4760803,17,
Physics::Step,C:\Users\╨┐╨║\Documents\GitHub\myengine\engine\src\ecs\systems\PhysicsSystem.cpp,825,2571259786,5203285,17,
Physics::Step,C:\Users\╨┐╨║\Documents\GitHub\myengine\engine\src\ecs\systems\PhysicsSystem.cpp,825,2587972823,4863965,17,
Physics::Step,C:\Users\╨┐╨║\Documents\GitHub\myengine\engine\src\ecs\systems\PhysicsSystem.cpp,825,2604256130,4690762,17,
Physics::Step,C:\Users\╨┐╨║\Documents\GitHub\myengine\engine\src\ecs\systems\PhysicsSystem.cpp,825,2620020709,5032327,17,
Physics::Step,C:\Users\╨┐╨║\Documents\GitHub\myengine\engine\src\ecs\systems\PhysicsSystem.cpp,825,2636205603,4577104,17,
Physics::Step,C:\Users\╨┐╨║\Documents\GitHub\myengine\engine\src\ecs\systems\PhysicsSystem.cpp,825,2651574577,5474890,17,
Physics::Step,C:\Users\╨┐╨║\Documents\GitHub\myengine\engine\src\ecs\systems\PhysicsSystem.cpp,825,2668526047,5089086,17,
Physics::Step,C:\Users\╨┐╨║\Documents\GitHub\myengine\engine\src\ecs\systems\PhysicsSystem.cpp,825,2685658360,5200639,17,
Physics::Step,C:\Users\╨┐╨║\Documents\GitHub\myengine\engine\src\ecs\systems\PhysicsSystem.cpp,825,2701664644,4796382,17,
Physics::Step,C:\Users\╨┐╨║\Documents\GitHub\myengine\engine\src\ecs\systems\PhysicsSystem.cpp,825,2718024511,4719365,17,
Physics::Step,C:\Users\╨┐╨║\Documents\GitHub\myengine\engine\src\ecs\systems\PhysicsSystem.cpp,825,2734340083,5094277,17,
Physics::Step,C:\Users\╨┐╨║\Documents\GitHub\myengine\engine\src\ecs\systems\PhysicsSystem.cpp,825,2751432060,5816970,17,
Physics::Step,C:\Users\╨┐╨║\Documents\GitHub\myengine\engine\src\ecs\systems\PhysicsSystem.cpp,825,2769422583,4964129,17,
Physics::Step,C:\Users\╨┐╨║\Documents\GitHub\myengine\engine\src\ecs\systems\PhysicsSystem.cpp,825,2785614931,4994368,17,
Physics::Step,C:\Users\╨┐╨║\Documents\GitHub\myengine\engine\src\ecs\systems\PhysicsSystem.cpp,825,2801936295,5061553,17,
Physics::Step,C:\Users\╨┐╨║\Documents\GitHub\myengine\engine\src\ecs\systems\PhysicsSystem.cpp,825,2818104897,5308603,17,
Physics::Step,C:\Users\╨┐╨║\Documents\GitHub\myengine\engine\src\ecs\systems\PhysicsSystem.cpp,825,2834855595,4851786,17,
Physics::Step,C:\Users\╨┐╨║\Documents\GitHub\myengine\engine\src\ecs\systems\PhysicsSystem.cpp,825,2850757501,4680501,17,
Physics::Step,C:\Users\╨┐╨║\Documents\GitHub\myengine\engine\src\ecs\systems\PhysicsSystem.cpp,825,2866271351,4841767,17,
Physics::Step,C:\Users\╨┐╨║\Documents\GitHub\myengine\engine\src\ecs\systems\PhysicsSystem.cpp,825,2882127721,4910919,17,
Physics::Step,C:\Users\╨┐╨║\Documents\GitHub\myengine\engine\src\ecs\systems\PhysicsSystem.cpp,825,2898350897,5021259,17,
Physics::Step,C:\Users\╨┐╨║\Documents\GitHub\myengine\engine\src\ecs\systems\PhysicsSystem.cpp,825,2925308113,4764821,17,
Physics::Step,C:\Users\╨┐╨║\Documents\GitHub\myengine\engine\src\ecs\systems\PhysicsSystem.cpp,825,2940955205,4939573,17,
Physics::Step,C:\Users\╨┐╨║\Documents\GitHub\myengine\engine\src\ecs\systems\PhysicsSystem.cpp,825,2956819470,4839443,17,
Physics::Step,C:\Users\╨┐╨║\Documents\GitHub\myengine\engine\src\ecs\systems\PhysicsSystem.cpp,825,2972742336,5594166,17,
Physics::Step,C:\Users\╨┐╨║\Documents\GitHub\myengine\engine\src\ecs\systems\PhysicsSystem.cpp,825,2989709085,6107942,17,
Physics::Step,C:\Users\╨┐╨║\Documents\GitHub\myengine\engine\src\ecs\systems\PhysicsSystem.cpp,825,3007570574,5068527,17,
Physics::Step,C:\Users\╨┐╨║\Documents\GitHub\myengine\engine\src\ecs\systems\PhysicsSystem.cpp,825,3023806454,5061374,17,
Physics::Step,C:\Users\╨┐╨║\Documents\GitHub\myengine\engine\src\ecs\systems\PhysicsSystem.cpp,825,3039806587,5020577,17,
Physics::Step,C:\Users\╨┐╨║\Documents\GitHub\myengine\engine\src\ecs\systems\PhysicsSystem.cpp,825,3055757436,4962708,17,
Physics::Step,C:\Users\╨┐╨║\Documents\GitHub\myengine\engine\src\ecs\systems\PhysicsSystem.cpp,825,3072258400,5288897,17,
Physics::Step,C:\Users\╨┐╨║\Documents\GitHub\myengine\engine\src\ecs\systems\PhysicsSystem.cpp,825,3088693529,4971714,17,
Physics::Step,C:\Users\╨┐╨║\Documents\GitHub\myengine\engine\src\ecs\systems\PhysicsSystem.cpp,825,3105261381,5093726,17,
Physics::Step,C:\Users\╨┐╨║\Documents\GitHub\myengine\engine\src\ecs\systems\PhysicsSystem.cpp,825,3121410076,4941947,17,
Physics::Step,C:\Users\╨┐╨║\Documents\GitHub\myengine\engine\src\ecs\systems\PhysicsSystem.cpp,825,3137492514,5084970,17,
Physics::Step,C:\Users\╨┐╨║\Documents\GitHub\myengine\engine\src\ecs\systems\PhysicsSystem.cpp,825,3153945658,4750513,17,
Physics::Step,C:\Users\╨┐╨║\Documents\GitHub\myengine\engine\src\ecs\systems\PhysicsSystem.cpp,825,3170293491,4625626,17,
Physics::Step,C:\Users\╨┐╨║\Documents\GitHub\myengine\engine\src\ecs\systems\PhysicsSystem.cpp,825,3186069769,4552828,17,
Physics::Step,C:\Users\╨┐╨║\Documents\GitHub\myengine\engine\src\ecs\systems\PhysicsSystem.cpp,825,3202706551,5451435,17,
Physics::Step,C:\Users\╨┐╨║\Documents\GitHub\myengine\engine\src\ecs\systems\PhysicsSystem.cpp,825,3219361167,4943700,17,
Physics::Step,C:\Users\╨┐╨║\Documents\GitHub\myengine\engine\src\ecs\systems\PhysicsSystem.cpp,825,3235432645,4963650,17,
Physics::Step,C:\Users\╨┐╨║\Documents\GitHub\myengine\engine\src\ecs\systems\PhysicsSystem.cpp,825,3251233740,5233282,17,
Physics::Step,C:\Users\╨┐╨║\Documents\GitHub\myengine\engine\src\ecs\systems\PhysicsSystem.cpp,825,3267556436,4755544,17,
Physics::Step,C:\Users\╨┐╨║\Documents\GitHub\myengine\engine\src\ecs\systems\PhysicsSystem.cpp,825,3284150657,4667185,17,
Physics::Step,C:\Users\╨┐╨║\Documents\GitHub\myengine\engine\src\ecs\systems\PhysicsSystem.cpp,825,3299995074,4896270,17,
Physics::Step,C:\Users\╨┐╨║\Documents\GitHub\myengine\engine\src\ecs\systems\PhysicsSystem.cpp,825,3316102010,4741506,17,
Physics::Step,C:\Users\╨┐╨║\Documents\GitHub\myengine\engine\src\ecs\systems\PhysicsSystem.cpp,825,3332117532,5062015,17,
Physics::Step,C:\Users\╨┐╨║\Documents\GitHub\myengine\engine\src\ecs\systems\PhysicsSystem.cpp,825,3348245026,5113224,17,
Physics::Step,C:\Users\╨┐╨║\Documents\GitHub\myengine\engine\src\ecs\systems\PhysicsSystem.cpp,825,3375163599,4919655,17,
Physics::Step,C:\Users\╨┐╨║\Documents\GitHub\myengine\engine\src\ecs\systems\PhysicsSystem.cpp,825,3390914679,4801812,17,
Physics::Step,C:\Users\╨┐╨║\Documents\GitHub\myengine\engine\src\ecs\systems\PhysicsSystem.cpp,825,3406527176,4502972,17,
Physics::Step,C:\Users\╨┐╨║\Documents\GitHub\myengine\engine\src\ecs\systems\PhysicsSystem.cpp,825,3422677093,4790750,17,
Physics::Step,C:\Users\╨┐╨║\Documents\GitHub\myengine\engine\src\ecs\systems\PhysicsSystem.cpp,825,3439056205,5061586,17,
Physics::Step,C:\Users\╨┐╨║\Documents\GitHub\myengine\engine\src\ecs\systems\PhysicsSystem.cpp,825,3455276707,5022740,17,
Physics::Step,C:\Users\╨┐╨║\Documents\GitHub\myengine\engine\src\ecs\systems\PhysicsSystem.cpp,825,3471583903,5059661,17,
Physics::Step,C:\Users\╨┐╨║\Documents\GitHub\myengine\engine\src\ecs\systems\PhysicsSystem.cpp,825,3487711117,4983286,17,
Physics::Step,C:\Users\╨┐╨║\Documents\GitHub\myengine\engine\src\ecs\systems\PhysicsSystem.cpp,825,3503666986,4747528,17,
Physics::Step,C:\Users\╨┐╨║\Documents\GitHub\myengine\engine\src\ecs\systems\PhysicsSystem.cpp,825,3519131201,5101972,17,
Physics::Step,C:\Users\╨┐╨║\Documents\GitHub\myengine\engine\src\ecs\systems\PhysicsSystem.cpp,825,3535115192,5109155,17,
Physics::Step,C:\Users\╨┐╨║\Documents\GitHub\myengine\engine\src\ecs\systems\PhysicsSystem.cpp,825,3551113632,5195370,17,
Physics::Step,C:\Users\╨┐╨║\Documents\GitHub\myengine\engine\src\ecs\systems\PhysicsSystem.cpp,825,3567243401,5221719,17,
Physics::Step,C:\Users\╨┐╨║\Documents\GitHub\myengine\engine\src\ecs\systems\PhysicsSystem.cpp,825,3583196084,4791071,17,
Physics::Step,C:\Users\╨┐╨║\Documents\GitHub\myengine\engine\src\ecs\systems\PhysicsSystem.cpp,825,3599045266,5113648,17,
Physics::Step,C:\Users\╨┐╨║\Documents\GitHub\myengine\engine\src\ecs\systems\PhysicsSystem.cpp,825,3615268877,5037028,17,
Physics::Step,C:\Users\╨┐╨║\Documents\GitHub\myengine\engine\src\ecs\systems\PhysicsSystem.cpp,825,3631640295,5376533,17,
Physics::Step,C:\Users\╨┐╨║\Documents\GitHub\myengine\engine\src\ecs\systems\PhysicsSystem.cpp,825,3647960246,5416439,17,
Physics::Step,C:\Users\╨┐╨║\Documents\GitHub\myengine\engine\src\ecs\systems\PhysicsSystem.cpp,825,3665068724,5171594,17,
Physics::Step,C:\Users\╨┐╨║\Documents\GitHub\myengine\engine\src\ecs\systems\PhysicsSystem.cpp,825,3681186851,4928872,17,
Physics::Step,C:\Users\╨┐╨║\Documents\GitHub\myengine\engine\src\ecs\systems\PhysicsSystem.cpp,825,3707390555,4605558,17,
Physics::Step,C:\Users\╨┐╨║\Documents\GitHub\myengine\engine\src\ecs\systems\PhysicsSystem.cpp,825,3722919002,4781213,17,
Physics::Step,C:\Users\╨┐╨║\Documents\GitHub\myengine\engine\src\ecs\systems\PhysicsSystem.cpp,825,3738431028,5617250,17,
Physics::Step,C:\Users\╨┐╨║\Documents\GitHub\myengine\engine\src\ecs\systems\PhysicsSystem.cpp,825,3755211443,5212060,17,
Physics::Step,C:\Users\╨┐╨║\Documents\GitHub\myengine\engine\src\ecs\systems\PhysicsSystem.cpp,825,3771310354,5661314,17,
Physics::Step,C:\Users\╨┐╨║\Documents\GitHub\myengine\engine\src\ecs\systems\PhysicsSystem.cpp,825,3788337166,4755704,17,
Physics::Step,C:\Users\╨┐╨║\Documents\GitHub\myengine\engine\src\ecs\systems\PhysicsSystem.cpp,825,3804323002,4791632,17,
Physics::Step,C:\Users\╨┐╨║\Documents\GitHub\myengine\engine\src\ecs\systems\PhysicsSystem.cpp,825,3820194641,4762516,17,
Physics::Step,C:\Users\╨┐╨║\Documents\GitHub\myengine\engine\src\ecs\systems\PhysicsSystem.cpp,825,3835936283,4997793,17,
Physics::Step,C:\Users\╨┐╨║\Documents\GitHub\myengine\engine\src\ecs\systems\PhysicsSystem.cpp,825,3852412049,5145034,17,
Physics::Step,C:\Users\╨┐╨║\Documents\GitHub\myengine\engine\src\ecs\systems\PhysicsSystem.cpp,825,3868605840,5174438,17,
Physics::Step,C:\Users\╨┐╨║\Documents\GitHub\myengine\engine\src\ecs\systems\PhysicsSystem.cpp,825,3884843604,4815146,17,
Physics::Step,C:\Users\╨┐╨║\Documents\GitHub\myengine\engine\src\ecs\systems\PhysicsSystem.cpp,825,3901311946,4862446,17,
Physics::Step,C:\Users\╨┐╨║\Documents\GitHub\myengine\engine\src\ecs\systems\PhysicsSystem.cpp,825,3917259820,4937008,17,
Physics::Step,C:\Users\╨┐╨║\Documents\GitHub\myengine\engine\src\ecs\systems\PhysicsSystem.cpp,825,3933383377,4728261,17,
Physics::Step,C:\Users\╨┐╨║\Documents\GitHub\myengine\engine\src\ecs\systems\PhysicsSystem.cpp,825,3948910411,5648690,17,
Physics::Step,C:\Users\╨┐╨║\Documents\GitHub\myengine\engine\src\ecs\systems\PhysicsSystem.cpp,825,3965611976,4740034,17,
Physics::Step,C:\Users\╨┐╨║\Documents\GitHub\myengine\engine\src\ecs\systems\PhysicsSystem.cpp,825,3981907390,5150403,17,
Physics::Step,C:\Users\╨┐╨║\Documents\GitHub\myengine\engine\src\ecs\systems\PhysicsSystem.cpp,825,3997967266,5104886,17,
Physics::Step,C:\Users\╨┐╨║\Documents\GitHub\myengine\engine\src\ecs\systems\PhysicsSystem.cpp,825,4025321877,4992434,17,
Physics::Step,C:\Users\╨┐╨║\Documents\GitHub\myengine\engine\src\ecs\systems\PhysicsSystem.cpp,825,4041152287,4957367,17,
Physics::Step,C:\Users\╨┐╨║\Documents\GitHub\myengine\engine\src\ecs\systems\PhysicsSystem.cpp,825,4057181496,5257276,17,
Physics::Step,C:\Users\╨┐╨║\Documents\GitHub\myengine\engine\src\ecs\systems\PhysicsSystem.cpp,825,4073614711,5015858,17,
Physics::Step,C:\Users\╨┐╨║\Documents\GitHub\myengine\engine\src\ecs\systems\PhysicsSystem.cpp,825,4089527748,4859086,17,
Physics::Step,C:\Users\╨┐╨║\Documents\GitHub\myengine\engine\src\ecs\systems\PhysicsSystem.cpp,825,4105466270,4991637,17,
Physics::Step,C:\Users\╨┐╨║\Documents\GitHub\myengine\engine\src\ecs\systems\PhysicsSystem.cpp,825,4121398137,5421329,17,
Physics::Step,C:\Users\╨┐╨║\Documents\GitHub\myengine\engine\src\ecs\systems\PhysicsSystem.cpp,825,4137754707,5483566,17,
Physics::Step,C:\Users\╨┐╨║\Documents\GitHub\myengine\engine\src\ecs\systems\PhysicsSystem.cpp,825,4154826015,5038049,17,
Physics::Step,C:\Users\╨┐╨║\Documents\GitHub\myengine\engine\src\ecs\systems\PhysicsSystem.cpp,825,4171453439,5363529,17,
Physics::Step,C:\Users\╨┐╨║\Documents\GitHub\myengine\engine\src\ecs\systems\PhysicsSystem.cpp,825,4187516241,5288434,17,
Physics::Step,C:\Users\╨┐╨║\Documents\GitHub\myengine\engine\src\ecs\systems\PhysicsSystem.cpp,825,4204384332,4718864,17,
Physics::Step,C:\Users\╨┐╨║\Documents\GitHub\myengine\engine\src\ecs\systems\PhysicsSystem.cpp,825,4219894024,5535716,17,
Physics::Step,C:\Users\╨┐╨║\Documents\GitHub\myengine\engine\src\ecs\systems\PhysicsSystem.cpp,825,4236533591,5080050,17,
Physics::Step,C:\Users\╨┐╨║\Documents\GitHub\myengine\engine\src\ecs\systems\PhysicsSystem.cpp,825,4252503286,5520867,17,
Physics::Step,C:\Users\╨┐╨║\Documents\GitHub\myengine\engine\src\ecs\systems\PhysicsSystem.cpp,825,4268995794,5168879,17,
Physics::Step,C:\Users\╨┐╨║\Documents\GitHub\myengine\engine\src\ecs\systems\PhysicsSystem.cpp,825,4285060880,5138731,17,
Physics::Step,C:\Users\╨┐╨║\Documents\GitHub\myengine\engine\src\ecs\systems\PhysicsSystem.cpp,825,4301585760,5281212,17,
Physics::Step,C:\Users\╨┐╨║\Documents\GitHub\myengine\engine\src\ecs\systems\PhysicsSystem.cpp,825,4317918905,5023082,17,
Physics::Step,C:\Users\╨┐╨║\Documents\GitHub\myengine\engine\src\ecs\systems\PhysicsSystem.cpp,825,4333762280,5043109,17,
Physics::Step,C:\Users\╨┐╨║\Documents\GitHub\myengine\engine\src\ecs\systems\PhysicsSystem.cpp,825,4349465840,5468146,17,
Physics::Step,C:\Users\╨┐╨║\Documents\GitHub\myengine\engine\src\ecs\systems\PhysicsSystem.cpp,825,4366200257,4708585,17,
Physics::Step,C:\Users\╨┐╨║\Documents\GitHub\myengine\engine\src\ecs\systems\PhysicsSystem.cpp,825,4382390892,5199406,17,
Physics::Step,C:\Users\╨┐╨║\Documents\GitHub\myengine\engine\src\ecs\systems\PhysicsSystem.cpp,825,4398742412,4922701,17,
Physics::Step,C:\Users\╨┐╨║\Documents\GitHub\myengine\engine\src\ecs\systems\PhysicsSystem.cpp,825,4415063815,5353930,17,
Physics::Step,C:\Users\╨┐╨║\Documents\GitHub\myengine\engine\src\ecs\systems\PhysicsSystem.cpp,825,4431722880,5258349,17,
Physics::Step,C:\Users\╨┐╨║\Documents\GitHub\myengine\engine\src\ecs\systems\PhysicsSystem.cpp,825,4447950104,4770992,17,
Physics::Step,C:\Users\╨┐╨║\Documents\GitHub\myengine\engine\src\ecs\systems\PhysicsSystem.cpp,825,4475383384,4754852,17,
Physics::Step,C:\Users\╨┐╨║\Documents\GitHub\myengine\engine\src\ecs\systems\PhysicsSystem.cpp,825,4491501141,4821348,17,
Physics::Step,C:\Users\╨┐╨║\Documents\GitHub\myengine\engine\src\ecs\systems\PhysicsSystem.cpp,825,4507360857,4730336,17,
Physics::Step,C:\Users\╨┐╨║\Documents\GitHub\myengine\engine\src\ecs\systems\PhysicsSystem.cpp,825,4523223208,4952929,17,
Physics::Step,C:\Users\╨┐╨║\Documents\GitHub\myengine\engine\src\ecs\systems\PhysicsSystem.cpp,825,4538927429,5112482,17,
Physics::Step,C:\Users\╨┐╨║\Documents\GitHub\myengine\engine\src\ecs\systems\PhysicsSystem.cpp,825,4555009267,4660342,17,
Physics::Step,C:\Users\╨┐╨║\Documents\GitHub\myengine\engine\src\ecs\systems\PhysicsSystem.cpp,825,4570811273,5595840,17,
Physics::Step,C:\Users\╨┐╨║\Documents\GitHub\myengine\engine\src\ecs\systems\PhysicsSystem.cpp,825,4587895635,4726434,17,
Physics::Step,C:\Users\╨┐╨║\Documents\GitHub\myengine\engine\src\ecs\systems\PhysicsSystem.cpp,825,4604077453,5378877,17,
Physics::Step,C:\Users\╨┐╨║\Documents\GitHub\myengine\engine\src\ecs\systems\PhysicsSystem.cpp,825,4622018924,5660491,17,
Physics::Step,C:\Users\╨┐╨║\Documents\GitHub\myengine\engine\src\ecs\systems\PhysicsSystem.cpp,825,4639464402,5054451,17,
Physics::Step,C:\Users\╨┐╨║\Documents\GitHub\myengine\engine\src\ecs\systems\PhysicsSystem.cpp,825,4655555097,4918402,17,
Physics::Step,C:\Users\╨┐╨║\Documents\GitHub\myengine\engine\src\ecs\systems\PhysicsSystem.cpp,825,4671849388,5247779,17,
Physics::Step,C:\Users\╨┐╨║\Documents\GitHub\myengine\engine\src\ecs\systems\PhysicsSystem.cpp,825,4688110256,4941958,17,
Physics::Step,C:\Users\╨┐╨║\Documents\GitHub\myengine\engine\src\ecs\systems\PhysicsSystem.cpp,825,4703915339,4957176,17,
Physics::Step,C:\Users\╨┐╨║\Documents\GitHub\myengine\engine\src\ecs\systems\PhysicsSystem.cpp,825,4719993209,5082315,17,
Physics::Step,C:\Users\╨┐╨║\Documents\GitHub\myengine\engine\src\ecs\systems\PhysicsSystem.cpp,825,4736622427,5269009,17,
Physics::Step,C:\Users\╨┐╨║\Documents\GitHub\myengine\engine\src\ecs\systems\PhysicsSystem.cpp,825,4753187844,5198404,17,
Physics::Step,C:\Users\╨┐╨║\Documents\GitHub\myengine\engine\src\ecs\systems\PhysicsSystem.cpp,825,4769446086,5419204,17,
Physics::Step,C:\Users\╨┐╨║\Documents\GitHub\myengine\engine\src\ecs\systems\PhysicsSystem.cpp,825,4786839787,5023312,17,
Physics::Step,C:\Users\╨┐╨║\Documents\GitHub\myengine\engine\src\ecs\systems\PhysicsSystem.cpp,825,4805089553,4868868,17,
Physics::Step,C:\Users\╨┐╨║\Documents\GitHub\myengine\engine\src\ecs\systems\PhysicsSystem.cpp,825,4821614883,5634282,17,
Physics::Step,C:\Users\╨┐╨║\Documents\GitHub\myengine\engine\src\ecs\systems\PhysicsSystem.cpp,825,4838657426,5970741,17,
Physics::Step,C:\Users\╨┐╨║\Documents\GitHub\myengine\engine\src\ecs\systems\PhysicsSystem.cpp,825,4856068118,5025576,17,
Physics::Step,C:\Users\╨┐╨║\Documents\GitHub\myengine\engine\src\ecs\systems\PhysicsSystem.cpp,825,4873148323,6807271,17,
Physics::Step,C:\Users\╨┐╨║\Documents\GitHub\myengine\engine\src\ecs\systems\PhysicsSystem.cpp,825,4891340058,5544102,17,
Physics::Step,C:\Users\╨┐╨║\Documents\GitHub\myengine\engine\src\ecs\systems\PhysicsSystem.cpp,825,4908950270,5138470,17,
Physics::Step,C:\Users\╨┐╨║\Documents\GitHub\myengine\engine\src\ecs\systems\PhysicsSystem.cpp,825,4925466312,5326158,17,
Physics::Step,C:\Users\╨┐╨║\Documents\GitHub\myengine\engine\src\ecs\systems\PhysicsSystem.cpp,825,4942151937,6060643,17,
Physics::Step,C:\Users\╨┐╨║\Documents\GitHub\myengine\engine\src\ecs\systems\PhysicsSystem.cpp,825,4960604378,5079029,17,
Physics::Step,C:\Users\╨┐╨║\Documents\GitHub\myengine\engine\src\ecs\systems\PhysicsSystem.cpp,825,4978162711,5446676,17,
Physics::Step,C:\Users\╨┐╨║\Documents\GitHub\myengine\engine\src\ecs\systems\PhysicsSystem.cpp,825,4995919530,5272345,17,
Physics::Step,C:\Users\╨┐╨║\Documents\GitHub\myengine\engine\src\ecs\systems\PhysicsSystem.cpp,825,5012924082,5024223,17,
Physics::Step,C:\Users\╨┐╨║\Documents\GitHub\myengine\engine\src\ecs\systems\PhysicsSystem.cpp,825,5029309125,5573057,17,
Physics::Step,C:\Users\╨┐╨║\Documents\GitHub\myengine\engine\src\ecs\systems\PhysicsSystem.cpp,825,5045888739,4592574,17,
Physics::Step,C:\Users\╨┐╨║\Documents\GitHub\myengine\engine\src\ecs\systems\PhysicsSystem.cpp,825,5062157422,5395008,17,
Physics::Step,C:\Users\╨┐╨║\Documents\GitHub\myengine\engine\src\ecs\systems\PhysicsSystem.cpp,825,5078651162,5284103,17,
Physics::Step,C:\Users\╨┐╨║\Documents\GitHub\myengine\engine\src\ecs\systems\PhysicsSystem.cpp,825,5095628587,4747869,17,
Physics::Step,C:\Users\╨┐╨║\Documents\GitHub\myengine\engine\src\ecs\systems\PhysicsSystem.cpp,825,5111446444,5307021,17,
Physics::Step,C:\Users\╨┐╨║\Documents\GitHub\myengine\engine\src\ecs\systems\PhysicsSystem.cpp,825,5127865502,4798936,17,
Physics::Step,C:\Users\╨┐╨║\Documents\GitHub\myengine\engine\src\ecs\systems\PhysicsSystem.cpp,825,5143765455,4735429,17,
Physics::Step,C:\Users\╨┐╨║\Documents\GitHub\myengine\engine\src\ecs\systems\PhysicsSystem.cpp,825,5160341827,5046546,17,
Physics::Step,C:\Users\╨┐╨║\Documents\GitHub\myengine\engine\src\ecs\systems\PhysicsSystem.cpp,825,5176950466,4688625,17,
Physics::Step,C:\Users\╨┐╨║\Documents\GitHub\myengine\engine\src\ecs\systems\PhysicsSystem.cpp,825,5192582118,5969990,17,
Physics::Step,C:\Users\╨┐╨║\Documents\GitHub\myengine\engine\src\ecs\systems\PhysicsSystem.cpp,825,5209550861,5045404,17,
Physics::Step,C:\Users\╨┐╨║\Documents\GitHub\myengine\engine\src\ecs\systems\PhysicsSystem.cpp,825,5225602772,4775411,17,
Physics::Step,C:\Users\╨┐╨║\Documents\GitHub\myengine\engine\src\ecs\systems\PhysicsSystem.cpp,825,5241339424,4914456,17,
Physics::Step,C:\Users\╨┐╨║\Documents\GitHub\myengine\engine\src\ecs\systems\PhysicsSystem.cpp,825,5257130410,4637659,17,
Physics::Step,C:\Users\╨┐╨║\Documents\GitHub\myengine\engine\src\ecs\systems\PhysicsSystem.cpp,825,5272688222,4839784,17,
Physics::Step,C:\Users\╨┐╨║\Documents\GitHub\myengine\engine\src\ecs\systems\PhysicsSystem.cpp,825,5288584909,4818463,17,
Physics::Step,C:\Users\╨┐╨║\Documents\GitHub\myengine\engine\src\ecs\systems\PhysicsSystem.cpp,825,5305582887,5199918,17,
Physics::Step,C:\Users\╨┐╨║\Documents\GitHub\myengine\engine\src\ecs\systems\PhysicsSystem.cpp,825,5321771718,5218042,17,
Physics::Step,C:\Users\╨┐╨║\Documents\GitHub\myengine\engine\src\ecs\systems\PhysicsSystem.cpp,825,5338315233,4791102,17,
Physics::Step,C:\Users\╨┐╨║\Documents\GitHub\myengine\engine\src\ecs\systems\PhysicsSystem.cpp,825,5354215637,4704527,17,
Physics::Step,C:\Users\╨┐╨║\Documents\GitHub\myengine\engine\src\ecs\systems\PhysicsSystem.cpp,825,5370052680,4913494,17,
Physics::Step,C:\Users\╨┐╨║\Documents\GitHub\myengine\engine\src\ecs\systems\PhysicsSystem.cpp,825,5386084012,5411469,17,
Physics::Step,C:\Users\╨┐╨║\Documents\GitHub\myengine\engine\src\ecs\systems\PhysicsSystem.cpp,825,5402652634,5221209,17,
Physics::Step,C:\Users\╨┐╨║\Documents\GitHub\myengine\engine\src\ecs\systems\PhysicsSystem.cpp,825,5420627338,5289127,17,
Physics::Step,C:\Users\╨┐╨║\Documents\GitHub\myengine\engine\src\ecs\systems\PhysicsSystem.cpp,825,5437771193,5522591,17,
Physics::Step,C:\Users\╨┐╨║\Documents\GitHub\myengine\engine\src\ecs\systems\PhysicsSystem.cpp,825,5454837621,5907983,17,
Physics::Step,C:\Users\╨┐╨║\Documents\GitHub\myengine\engine\src\ecs\systems\PhysicsSystem.cpp,825,5472260827,5586633,17,
Physics::Step,C:\Users\╨┐╨║\Documents\GitHub\myengine\engine\src\ecs\systems\PhysicsSystem.cpp,825,5490347894,5213023,17,
Physics::Step,C:\Users\╨┐╨║\Documents\GitHub\myengine\engine\src\ecs\systems\PhysicsSystem.cpp,825,5507378435,4986802,17,
Physics::Step,C:\Users\╨┐╨║\Documents\GitHub\myengine\engine\src\ecs\systems\PhysicsSystem.cpp,825,5524264661,5593925,17,
Physics::Step,C:\Users\╨┐╨║\Documents\GitHub\myengine\engine\src\ecs\systems\PhysicsSystem.cpp,825,5542201081,5170411,17,
Physics::Step,C:\Users\╨┐╨║\Documents\GitHub\myengine\engine\src\ecs\systems\PhysicsSystem.cpp,825,5558817254,5335967,17,
Physics::Step,C:\Users\╨┐╨║\Documents\GitHub\myengine\engine\src\ecs\systems\PhysicsSystem.cpp,825,5576694182,4523252,17,
Physics::Step,C:\Users\╨┐╨║\Documents\GitHub\myengine\engine\src\ecs\systems\PhysicsSystem.cpp,825,5592535954,4961465,17,
Physics::Step,C:\Users\╨┐╨║\Documents\GitHub\myengine\engine\src\ecs\systems\PhysicsSystem.cpp,825,5608523393,5083716,17,
Physics::Step,C:\Users\╨┐╨║\Documents\GitHub\myengine\engine\src\ecs\systems\PhysicsSystem.cpp,825,5624746168,4650384,17,
Physics::Step,C:\Users\╨┐╨║\Documents\GitHub\myengine\engine\src\ecs\systems\PhysicsSystem.cpp,825,5639931533,4777116,17,
Physics::Step,C:\Users\╨┐╨║\Documents\GitHub\myengine\engine\src\ecs\systems\PhysicsSystem.cpp,825,5655529753,4733722,17,
Physics::Step,C:\Users\╨┐╨║\Documents\GitHub\myengine\engine\src\ecs\systems\PhysicsSystem.cpp,825,5671376735,4620367,17,
Physics::Step,C:\Users\╨┐╨║\Documents\GitHub\myengine\engine\src\ecs\systems\PhysicsSystem.cpp,825,5687478751,5056755,17,
Physics::Step,C:\Users\╨┐╨║\Documents\GitHub\myengine\engine\src\ecs\systems\PhysicsSystem.cpp,825,5704140230,4695750,17,
Physics::Step,C:\Users\╨┐╨║\Documents\GitHub\myengine\engine\src\ecs\systems\PhysicsSystem.cpp,825,5720592813,5277013,17,
Physics::Step,C:\Users\╨┐╨║\Documents\GitHub\myengine\engine\src\ecs\systems\PhysicsSystem.cpp,825,5737212492,4967045,17,
Physics::Step,C:\Users\╨┐╨║\Documents\GitHub\myengine\engine\src\ecs\systems\PhysicsSystem.cpp,825,5753544796,5180580,17,
Physics::Step,C:\Users\╨┐╨║\Documents\GitHub\myengine\engine\src\ecs\systems\PhysicsSystem.cpp,825,5769722546,4866123,17,
Physics::Step,C:\Users\╨┐╨║\Documents\GitHub\myengine\engine\src\ecs\systems\PhysicsSystem.cpp,825,5785725094,5126979,17,
Physics::Step,C:\Users\╨┐╨║\Documents\GitHub\myengine\engine\src\ecs\systems\PhysicsSystem.cpp,825,5801829304,5262777,17,
Physics::Step,C:\Users\╨┐╨║\Documents\GitHub\myengine\engine\src\ecs\systems\PhysicsSystem.cpp,825,5818732453,4978547,17,
Physics::Step,C:\Users\╨┐╨║\Documents\GitHub\myengine\engine\src\ecs\systems\PhysicsSystem.cpp,825,5834676429,4598554,17,
Physics::Step,C:\Users\╨┐╨║\Documents\GitHub\myengine\engine\src\ecs\systems\PhysicsSystem.cpp,825,5850045973,4732109,17,
Physics::Step,C:\Users\╨┐╨║\Documents\GitHub\myengine\engine\src\ecs\systems\PhysicsSystem.cpp,825,5865512333,5262536,17,
Physics::Step,C:\Users\╨┐╨║\Documents\GitHub\myengine\engine\src\ecs\systems\PhysicsSystem.cpp,825,5881926287,5125531,17,
Physics::Step,C:\Users\╨┐╨║\Documents\GitHub\myengine\engine\src\ecs\systems\PhysicsSystem.cpp,825,5898532491,5026934,17,
Physics::Step,C:\Users\╨┐╨║\Documents\GitHub\myengine\engine\src\ecs\systems\PhysicsSystem.cpp,825,5914961909,5073993,17,
Physics::Step,C:\Users\╨┐╨║\Documents\GitHub\myengine\engine\src\ecs\systems\PhysicsSystem.cpp,825,5931839679,5020757,17,
Physics::Step,C:\Users\╨┐╨║\Documents\GitHub\myengine\engine\src\ecs\systems\PhysicsSystem.cpp,825,5948032237,4796126,17,
Physics::Step,C:\Users\╨┐╨║\Documents\GitHub\myengine\engine\src\ecs\systems\PhysicsSystem.cpp,825,5964897233,4780936,17,
Physics::Step,C:\Users\╨┐╨║\Documents\GitHub\myengine\engine\src\ecs\systems\PhysicsSystem.cpp,825,5991279402,4996110,17,
Physics::Step,C:\Users\╨┐╨║\Documents\GitHub\myengine\engine\src\ecs\systems\PhysicsSystem.cpp,825,6007144929,5132379,17,
Physics::Step,C:\Users\╨┐╨║\Documents\GitHub\myengine\engine\src\ecs\systems\PhysicsSystem.cpp,825,6023584276,4997693,17,
Physics::Step,C:\Users\╨┐╨║\Documents\GitHub\myengine\engine\src\ecs\systems\PhysicsSystem.cpp,825,6039563459,5431607,17,
Physics::Step,C:\Users\╨┐╨║\Documents\GitHub\myengine\engine\src\ecs\systems\PhysicsSystem.cpp,825,6056538298,4703218,17,
Physics::Step,C:\Users\╨┐╨║\Documents\GitHub\myengine\engine\src\ecs\systems\PhysicsSystem.cpp,825,6072281567,4752854,17,
Physics::Step,C:\Users\╨┐╨║\Documents\GitHub\myengine\engine\src\ecs\systems\PhysicsSystem.cpp,825,6088314618,5006150,17,
Physics::Step,C:\Users\╨┐╨║\Documents\GitHub\myengine\engine\src\ecs\systems\PhysicsSystem.cpp,825,6104528297,5023773,17,
Physics::Step,C:\Users\╨┐╨║\Documents\GitHub\myengine\engine\src\ecs\systems\PhysicsSystem.cpp,825,6121019933,4804451,17,
Physics::Step,C:\Users\╨┐╨║\Documents\GitHub\myengine\engine\src\ecs\systems\PhysicsSystem.cpp,825,6137378166,4982645,17,
Physics::Step,C:\Users\╨┐╨║\Documents\GitHub\myengine\engine\src\ecs\systems\PhysicsSystem.cpp,825,6153602435,4865566,17,
Physics::Step,C:\Users\╨┐╨║\Documents\GitHub\myengine\engine\src\ecs\systems\PhysicsSystem.cpp,825,6169451425,5040625,17,
Physics::Step,C:\Users\╨┐╨║\Documents\GitHub\myengine\engine\src\ecs\systems\PhysicsSystem.cpp,825,6185283053,4929847,17,
Physics::Step,C:\Users\╨┐╨║\Documents\GitHub\myengine\engine\src\ecs\systems\PhysicsSystem.cpp,825,6201144022,5677518,17,
Physics::Step,C:\Users\╨┐╨║\Documents\GitHub\myengine\engine\src\ecs\systems\PhysicsSystem.cpp,825,6217877127,5084311,17,
Physics::Step,C:\Users\╨┐╨║\Documents\GitHub\myengine\engine\src\ecs\systems\PhysicsSystem.cpp,825,6234852357,4645103,17,
Physics::Step,C:\Users\╨┐╨║\Documents\GitHub\myengine\engine\src\ecs\systems\PhysicsSystem.cpp,825,6250028765,4970721,17,
Physics::Step,C:\Users\╨┐╨║\Documents\GitHub\myengine\engine\src\ecs\systems\PhysicsSystem.cpp,825,6266414611,4667115,17,
Physics::Step,C:\Users\╨┐╨║\Documents\GitHub\myengine\engine\src\ecs\systems\PhysicsSystem.cpp,825,6281598187,5125591,17,
Physics::Step,C:\Users\╨┐╨║\Documents\GitHub\myengine\engine\src\ecs\systems\PhysicsSystem.cpp,825,6308432560,4582960,17,
Physics::Step,C:\Users\╨┐╨║\Documents\GitHub\myengine\engine\src\ecs\systems\PhysicsSystem.cpp,825,6324731284,5173779,17,
Physics::Step,C:\Users\╨┐╨║\Documents\GitHub\myengine\engine\src\ecs\systems\PhysicsSystem.cpp,825,6340515798,4963578,17,
Physics::Step,C:\Users\╨┐╨║\Documents\GitHub\myengine\engine\src\ecs\systems\PhysicsSystem.cpp,825,6357600862,5928411,17,
Physics::Step,C:\Users\╨┐╨║\Documents\GitHub\myengine\engine\src\ecs\systems\PhysicsSystem.cpp,825,6376813692,5437323,17,
Physics::Step,C:\Users\╨┐╨║\Documents\GitHub\myengine\engine\src\ecs\systems\PhysicsSystem.cpp,825,6395852642,6182685,17,
Physics::Step,C:\Users\╨┐╨║\Documents\GitHub\myengine\engine\src\ecs\systems\PhysicsSystem.cpp,825,6413565439,7317549,17,
Physics::Step,C:\Users\╨┐╨║\Documents\GitHub\myengine\engine\src\ecs\systems\PhysicsSystem.cpp,825,6436542970,6707926,17,
Physics::Step,C:\Users\╨┐╨║\Documents\GitHub\myengine\engine\src\ecs\systems\PhysicsSystem.cpp,825,6443251257,5538981,17,
Physics::Step,C:\Users\╨┐╨║\Documents\GitHub\myengine\engine\src\ecs\systems\PhysicsSystem.cpp,825,6462538329,6425481,17,
Physics::Step,C:\Users\╨┐╨║\Documents\GitHub\myengine\engine\src\ecs\systems\PhysicsSystem.cpp,825,6483353924,6256393,17,
Physics::Step,C:\Users\╨┐╨║\Documents\GitHub\myengine\engine\src\ecs\systems\PhysicsSystem.cpp,825,6489610397,5007523,17,
Physics::Step,C:\Users\╨┐╨║\Documents\GitHub\myengine\engine\src\ecs\systems\PhysicsSystem.cpp,825,6506755085,4856525,17,
Physics::Step,C:\Users\╨┐╨║\Documents\GitHub\myengine\engine\src\ecs\systems\PhysicsSystem.cpp,825,6522794758,4963703,17,
Physics::Step,C:\Users\╨┐╨║\Documents\GitHub\myengine\engine\src\ecs\systems\PhysicsSystem.cpp,825,6539139105,5671227,17,
Physics::Step,C:\Users\╨┐╨║\Documents\GitHub\myengine\engine\src\ecs\systems\PhysicsSystem.cpp,825,6556355503,4814825,17,
Physics::Step,C:\Users\╨┐╨║\Documents\GitHub\myengine\engine\src\ecs\systems\PhysicsSystem.cpp,825,6572424637,4898290,17,
Physics::Step,C:\Users\╨┐╨║\Documents\GitHub\myengine\engine\src\ecs\systems\PhysicsSystem.cpp,825,6588084809,4924815,17,
Physics::Step,C:\Users\╨┐╨║\Documents\GitHub\myengine\engine\src\ecs\systems\PhysicsSystem.cpp,825,6603765495,4885039,17,
Physics::Step,C:\Users\╨┐╨║\Documents\GitHub\myengine\engine\src\ecs\systems\PhysicsSystem.cpp,825,6619325722,4897258,17,
Physics::Step,C:\Users\╨┐╨║\Documents\GitHub\myengine\engine\src\ecs\systems\PhysicsSystem.cpp,825,6635348308,5065918,17,
Physics::Step,C:\Users\╨┐╨║\Documents\GitHub\myengine\engine\src\ecs\systems\PhysicsSystem.cpp,825,6651870382,4932083,17,
Physics::Step,C:\Users\╨┐╨║\Documents\GitHub\myengine\engine\src\ecs\systems\PhysicsSystem.cpp,825,6667860105,4858975,17,
Physics::Step,C:\Users\╨┐╨║\Documents\GitHub\myengine\engine\src\ecs\systems\PhysicsSystem.cpp,825,6684782885,4720147,17,
Physics::Step,C:\Users\╨┐╨║\Documents\GitHub\myengine\engine\src\ecs\systems\PhysicsSystem.cpp,825,6699879061,5457367,17,
Physics::Step,C:\Users\╨┐╨║\Documents\GitHub\myengine\engine\src\ecs\systems\PhysicsSystem.cpp,825,6716104307,4740805,17,
Physics::Step,C:\Users\╨┐╨║\Documents\GitHub\myengine\engine\src\ecs\systems\PhysicsSystem.cpp,825,6731614899,5245660,17,
Physics::Step,C:\Users\╨┐╨║\Documents\GitHub\myengine\engine\src\ecs\systems\PhysicsSystem.cpp,825,6758521189,4572960,17,
Physics::Step,C:\Users\╨┐╨║\Documents\GitHub\myengine\engine\src\ecs\systems\PhysicsSystem.cpp,825,6774504760,5022551,17,
Physics::Step,C:\Users\╨┐╨║\Documents\GitHub\myengine\engine\src\ecs\systems\PhysicsSystem.cpp,825,6790951902,5668572,17,
Physics::Step,C:\Users\╨┐╨║\Documents\GitHub\myengine\engine\src\ecs\systems\PhysicsSystem.cpp,825,6807221331,5470721,17,
Physics::Step,C:\Users\╨┐╨║\Documents\GitHub\myengine\engine\src\ecs\systems\PhysicsSystem.cpp,825,6823762467,5024098,17,
Physics::Step,C:\Users\╨┐╨║\Documents\GitHub\myengine\engine\src\ecs\systems\PhysicsSystem.cpp,825,6840390276,5280330,17,
Physics::Step,C:\Users\╨┐╨║\Documents\GitHub\myengine\engine\src\ecs\systems\PhysicsSystem.cpp,825,6856624269,5581152,17,
Physics::Step,C:\Users\╨┐╨║\Documents\GitHub\myengine\engine\src\ecs\systems\PhysicsSystem.cpp,825,6873569467,5045599,17,
Physics::Step,C:\Users\╨┐╨║\Documents\GitHub\myengine\engine\src\ecs\systems\PhysicsSystem.cpp,825,6889470712,5364824,17,
Physics::Step,C:\Users\╨┐╨║\Documents\GitHub\myengine\engine\src\ecs\systems\PhysicsSystem.cpp,825,6906570043,4817255,17,
Physics::Step,C:\Users\╨┐╨║\Documents\GitHub\myengine\engine\src\ecs\systems\PhysicsSystem.cpp,825,6922754416,4874953,17,
Physics::Step,C:\Users\╨┐╨║\Documents\GitHub\myengine\engine\src\ecs\systems\PhysicsSystem.cpp,825,6938581460,4863542,17,
Physics::Step,C:\Users\╨┐╨║\Documents\GitHub\myengine\engine\src\ecs\systems\PhysicsSystem.cpp,825,6954875601,4777480,17,
Physics::Step,C:\Users\╨┐╨║\Documents\GitHub\myengine\engine\src\ecs\systems\PhysicsSystem.cpp,825,6970407945,4950849,17,
Physics::Step,C:\Users\╨┐╨║\Documents\GitHub\myengine\engine\src\ecs\systems\PhysicsSystem.cpp,825,6986589342,5065877,17,
Physics::Step,C:\Users\╨┐╨║\Documents\GitHub\myengine\engine\src\ecs\systems\PhysicsSystem.cpp,825,7003051753,5028883,17,
Physics::Step,C:\Users\╨┐╨║\Documents\GitHub\myengine\engine\src\ecs\systems\PhysicsSystem.cpp,825,7019350904,5392878,17,
Physics::Step,C:\Users\╨┐╨║\Documents\GitHub\myengine\engine\src\ecs\systems\PhysicsSystem.cpp,825,7036119526,4824665,17,
Physics::Step,C:\Users\╨┐╨║\Documents\GitHub\myengine\engine\src\ecs\systems\PhysicsSystem.cpp,825,7052013217,5589918,17,
Physics::Step,C:\Users\╨┐╨║\Documents\GitHub\myengine\engine\src\ecs\systems\PhysicsSystem.cpp,825,7069929379,5021193,17,
Physics::Step,C:\Users\╨┐╨║\Documents\GitHub\myengine\engine\src\ecs\systems\PhysicsSystem.cpp,825,7087148899,5320190,17,
Physics::Step,C:\Users\╨┐╨║\Documents\GitHub\myengine\engine\src\ecs\systems\PhysicsSystem.cpp,825,7105204135,6094993,17,
Physics::Step,C:\Users\╨┐╨║\Documents\GitHub\myengine\engine\src\ecs\systems\PhysicsSystem.cpp,825,7123414090,5475782,17,
Physics::Step,C:\Users\╨┐╨║\Documents\GitHub\myengine\engine\src\ecs\systems\PhysicsSystem.cpp,825,7141694966,4758428,17,
Physics::Step,C:\Users\╨┐╨║\Documents\GitHub\myengine\engine\src\ecs\systems\PhysicsSystem.cpp,825,7157584638,4993281,17,
Physics::Step,C:\Users\╨┐╨║\Documents\GitHub\myengine\engine\src\ecs\systems\PhysicsSystem.cpp,825,7174018831,5110853,17,
Physics::Step,C:\Users\╨┐╨║\Documents\GitHub\myengine\engine\src\ecs\systems\PhysicsSystem.cpp,825,7189942734,5330866,17,
Physics::Step,C:\Users\╨┐╨║\Documents\GitHub\myengine\engine\src\ecs\systems\PhysicsSystem.cpp,825,7206288398,4807758,17,
Physics::Step,C:\Users\╨┐╨║\Documents\GitHub\myengine\engine\src\ecs\systems\PhysicsSystem.cpp,825,7223010071,5699667,17,
Physics::Step,C:\Users\╨┐╨║\Documents\GitHub\myengine\engine\src\ecs\systems\PhysicsSystem.cpp,825,7239864607,5057963,17,
Physics::Step,C:\Users\╨┐╨║\Documents\GitHub\myengine\engine\src\ecs\systems\PhysicsSystem.cpp,825,7255936632,4698344,17,
Physics::Step,C:\Users\╨┐╨║\Documents\GitHub\myengine\engine\src\ecs\systems\PhysicsSystem.cpp,825,7271730763,4893265,17,
Physics::Step,C:\Users\╨┐╨║\Documents\GitHub\myengine\engine\src\ecs\systems\PhysicsSystem.cpp,825,7287190509,4836598,17,
Physics::Step,C:\Users\╨┐╨║\Documents\GitHub\myengine\engine\src\ecs\systems\PhysicsSystem.cpp,825,7303010946,4892523,17,
Physics::Step,C:\Users\╨┐╨║\Documents\GitHub\myengine\engine\src\ecs\systems\PhysicsSystem.cpp,825,7319328662,5136962,17,
Physics::Step,C:\Users\╨┐╨║\Documents\GitHub\myengine\engine\src\ecs\systems\PhysicsSystem.cpp,825,7335491634,4942993,17,
Physics::Step,C:\Users\╨┐╨║\Documents\GitHub\myengine\engine\src\ecs\systems\PhysicsSystem.cpp,825,7353411003,4786787,17,
Physics::Step,C:\Users\╨┐╨║\Documents\GitHub\myengine\engine\src\ecs\systems\PhysicsSystem.cpp,825,7369234740,5028207,17,
Physics::Step,C:\Users\╨┐╨║\Documents\GitHub\myengine\engine\src\ecs\systems\PhysicsSystem.cpp,825,7385229884,5429317,17,
Physics::Step,C:\Users\╨┐╨║\Documents\GitHub\myengine\engine\src\ecs\systems\PhysicsSystem.cpp,825,7403201666,5366540,17,
Physics::Step,C:\Users\╨┐╨║\Documents\GitHub\myengine\engine\src\ecs\systems\PhysicsSystem.cpp,825,7419481245,4754576,17,
Physics::Step,C:\Users\╨┐╨║\Documents\GitHub\myengine\engine\src\ecs\systems\PhysicsSystem.cpp,825,7435795354,5270506,17,
Physics::Step,C:\Users\╨┐╨║\Documents\GitHub\myengine\engine\src\ecs\systems\PhysicsSystem.cpp,825,7452653838,5311353,17,
Physics::Step,C:\Users\╨┐╨║\Documents\GitHub\myengine\engine\src\ecs\systems\PhysicsSystem.cpp,825,7468911624,5465323,17,
Physics::Step,C:\Users\╨┐╨║\Documents\GitHub\myengine\engine\src\ecs\systems\PhysicsSystem.cpp,825,7485410766,5072455,17,
Physics::Step,C:\Users\╨┐╨║\Documents\GitHub\myengine\engine\src\ecs\systems\PhysicsSystem.cpp,825,7502259586,5191445,17,
Physics::Step,C:\Users\╨┐╨║\Documents\GitHub\myengine\engine\src\ecs\systems\PhysicsSystem.cpp,825,7518812048,5087447,17,
Physics::Step,C:\Users\╨┐╨║\Documents\GitHub\myengine\engine\src\ecs\systems\PhysicsSystem.cpp,825,7534823938,4636757,17,
Physics::Step,C:\Users\╨┐╨║\Documents\GitHub\myengine\engine\src\ecs\systems\PhysicsSystem.cpp,825,7550525278,5621692,17,
Physics::Step,C:\Users\╨┐╨║\Documents\GitHub\myengine\engine\src\ecs\systems\PhysicsSystem.cpp,825,7567838856,4673813,17,
Physics::Step,C:\Users\╨┐╨║\Documents\GitHub\myengine\engine\src\ecs\systems\PhysicsSystem.cpp,825,7583088598,4921468,17,
Physics::Step,C:\Users\╨┐╨║\Documents\GitHub\myengine\engine\src\ecs\systems\PhysicsSystem.cpp,825,7599288981,4835905,17,
Physics::Step,C:\Users\╨┐╨║\Documents\GitHub\myengine\engine\src\ecs\systems\PhysicsSystem.cpp,825,7615208326,4648735,17,
Physics::Step,C:\Users\╨┐╨║\Documents\GitHub\myengine\engine\src\ecs\systems\PhysicsSystem.cpp,825,7641829007,5117326,17,
Physics::Step,C:\Users\╨┐╨║\Documents\GitHub\myengine\engine\src\ecs\systems\PhysicsSystem.cpp,825,7659046498,5101756,17,
Physics::Step,C:\Users\╨┐╨║\Documents\GitHub\myengine\engine\src\ecs\systems\PhysicsSystem.cpp,825,7675359575,4596024,17,
Physics::Step,C:\Users\╨┐╨║\Documents\GitHub\myengine\engine\src\ecs\systems\PhysicsSystem.cpp,825,7690693516,4715558,17,
Physics::Step,C:\Users\╨┐╨║\Documents\GitHub\myengine\engine\src\ecs\systems\PhysicsSystem.cpp,825,7706270385,4827792,17,
Physics::Step,C:\Users\╨┐╨║\Documents\GitHub\myengine\engine\src\ecs\systems\PhysicsSystem.cpp,825,7721972282,4961064,17,
Physics::Step,C:\Users\╨┐╨║\Documents\GitHub\myengine\engine\src\ecs\systems\PhysicsSystem.cpp,825,7737980786,4709831,17,
Physics::Step,C:\Users\╨┐╨║\Documents\GitHub\myengine\engine\src\ecs\systems\PhysicsSystem.cpp,825,7757031077,4931303,17,
Physics::Step,C:\Users\╨┐╨║\Documents\GitHub\myengine\engine\src\ecs\systems\PhysicsSystem.cpp,825,7773328560,4891917,17,
Physics::Step,C:\Users\╨┐╨║\Documents\GitHub\myengine\engine\src\ecs\systems\PhysicsSystem.cpp,825,7789249182,4823763,17,
Physics::Step,C:\Users\╨┐╨║\Documents\GitHub\myengine\engine\src\ecs\systems\PhysicsSystem.cpp,825,7805255196,5592789,17,
Physics::Step,C:\Users\╨┐╨║\Documents\GitHub\myengine\engine\src\ecs\systems\PhysicsSystem.cpp,825,7822496787,5679754,17,
Physics::Step,C:\Users\╨┐╨║\Documents\GitHub\myengine\engine\src\ecs\systems\PhysicsSystem.cpp,825,7838946955,4932614,17,
Physics::Step,C:\Users\╨┐╨║\Documents\GitHub\myengine\engine\src\ecs\systems\PhysicsSystem.cpp,825,7856122791,5059350,17,
Physics::Step,C:\Users\╨┐╨║\Documents\GitHub\myengine\engine\src\ecs\systems\PhysicsSystem.cpp,825,7872306082,5239272,17,
Physics::Step,C:\Users\╨┐╨║\Documents\GitHub\myengine\engine\src\ecs\systems\PhysicsSystem.cpp,825,7888341782,4778216,17,
Physics::Step,C:\Users\╨┐╨║\Documents\GitHub\myengine\engine\src\ecs\systems\PhysicsSystem.cpp,825,7904458657,4850508,17,
Physics::Step,C:\Users\╨┐╨║\Documents\GitHub\myengine\engine\src\ecs\systems\PhysicsSystem.cpp,825,7921077079,4770360,17,
Physics::Step,C:\Users\╨┐╨║\Documents\GitHub\myengine\engine\src\ecs\systems\PhysicsSystem.cpp,825,7936851007,4703519,17,
Physics::Step,C:\Users\╨┐╨║\Documents\GitHub\myengine\engine\src\ecs\systems\PhysicsSystem.cpp,825,7953086361,5197232,17,
Physics::Step,C:\Users\╨┐╨║\Documents\GitHub\myengine\engine\src\ecs\systems\PhysicsSystem.cpp,825,7971018750,5529238,17,
Physics::Step,C:\Users\╨┐╨║\Documents\GitHub\myengine\engine\src\ecs\systems\PhysicsSystem.cpp,825,7988618716,5166483,17,
Physics::Step,C:\Users\╨┐╨║\Documents\GitHub\myengine\engine\src\ecs\systems\PhysicsSystem.cpp,825,8005609055,5561669,17,
Physics::Step,C:\Users\╨┐╨║\Documents\GitHub\myengine\engine\src\ecs\systems\PhysicsSystem.cpp,825,8022141038,5594322,17,
Physics::Step,C:\Users\╨┐╨║\Documents\GitHub\myengine\engine\src\ecs\systems\PhysicsSystem.cpp,825,8038404506,5035846,17,
Physics::Step,C:\Users\╨┐╨║\Documents\GitHub\myengine\engine\src\ecs\systems\PhysicsSystem.cpp,825,8054156177,4664510,17,
Physics::Step,C:\Users\╨┐╨║\Documents\GitHub\myengine\engine\src\ecs\systems\PhysicsSystem.cpp,825,8069717837,4847949,17,
Physics::Step,C:\Users\╨┐╨║\Documents\GitHub\myengine\engine\src\ecs\systems\PhysicsSystem.cpp,825,8086111237,5015918,17,
Physics::Step,C:\Users\╨┐╨║\Documents\GitHub\myengine\engine\src\ecs\systems\PhysicsSystem.cpp,825,8102827300,4729093,17,
Physics::Step,C:\Users\╨┐╨║\Documents\GitHub\myengine\engine\src\ecs\systems\PhysicsSystem.cpp,825,8118596469,4894176,17,
Physics::Step,C:\Users\╨┐╨║\Documents\GitHub\myengine\engine\src\ecs\systems\PhysicsSystem.cpp,825,8135080230,4820401,17,
Physics::Step,C:\Users\╨┐╨║\Documents\GitHub\myengine\engine\src\ecs\systems\PhysicsSystem.cpp,825,8151102389,5001039,17,
Physics::Step,C:\Users\╨┐╨║\Documents\GitHub\myengine\engine\src\ecs\systems\PhysicsSystem.cpp,825,8167099045,4833281,17,
Physics::Step,C:\Users\╨┐╨║\Documents\GitHub\myengine\engine\src\ecs\systems\PhysicsSystem.cpp,825,8183250982,6185149,17,
Physics::Step,C:\Users\╨┐╨║\Documents\GitHub\myengine\engine\src\ecs\systems\PhysicsSystem.cpp,825,8202219689,5540484,17,
Physics::Step,C:\Users\╨┐╨║\Documents\GitHub\myengine\engine\src\ecs\systems\PhysicsSystem.cpp,825,8218772226,5443034,17,
Physics::Step,C:\Users\╨┐╨║\Documents\GitHub\myengine\engine\src\ecs\systems\PhysicsSystem.cpp,825,8235380003,4937008,17,
Physics::Step,C:\Users\╨┐╨║\Documents\GitHub\myengine\engine\src\ecs\systems\PhysicsSystem.cpp,825,8251510323,4780154,17,
Physics::Step,C:\Users\╨┐╨║\Documents\GitHub\myengine\engine\src\ecs\systems\PhysicsSystem.cpp,825,8267867344,4812175,17,
Physics::Step,C:\Users\╨┐╨║\Documents\GitHub\myengine\engine\src\ecs\systems\PhysicsSystem.cpp,825,8283874370,4866058,17,
Physics::Step,C:\Users\╨┐╨║\Documents\GitHub\myengine\engine\src\ecs\systems\PhysicsSystem.cpp,825,8299882247,5091355,17,
Physics::Step,C:\Users\╨┐╨║\Documents\GitHub\myengine\engine\src\ecs\systems\PhysicsSystem.cpp,825,8316503800,5045198,17,
Physics::Step,C:\Users\╨┐╨║\Documents\GitHub\myengine\engine\src\ecs\systems\PhysicsSystem.cpp,825,8332471416,5556656,17,
Physics::Step,C:\Users\╨┐╨║\Documents\GitHub\myengine\engine\src\ecs\systems\PhysicsSystem.cpp,825,8348915212,5429584,17,
Physics::Step,C:\Users\╨┐╨║\Documents\GitHub\myengine\engine\src\ecs\systems\PhysicsSystem.cpp,825,8366383579,5076022,17,
Physics::Step,C:\Users\╨┐╨║\Documents\GitHub\myengine\engine\src\ecs\systems\PhysicsSystem.cpp,825,8382565717,5050468,17,
Physics::Step,C:\Users\╨┐╨║\Documents\GitHub\myengine\engine\src\ecs\systems\PhysicsSystem.cpp,825,8398846443,5066939,17,
Physics::Step,C:\Users\╨┐╨║\Documents\GitHub\myengine\engine\src\ecs\systems\PhysicsSystem.cpp,825,8415497557,4643792,17,
Physics::Step,C:\Users\╨┐╨║\Documents\GitHub\myengine\engine\src\ecs\systems\PhysicsSystem.cpp,825,8431230383,4762286,17,
Physics::Step,C:\Users\╨┐╨║\Documents\GitHub\myengine\engine\src\ecs\systems\PhysicsSystem.cpp,825,8457901876,4804055,17,
Physics::Step,C:\Users\╨┐╨║\Documents\GitHub\myengine\engine\src\ecs\systems\PhysicsSystem.cpp,825,8474097520,4782024,17,
Physics::Step,C:\Users\╨┐╨║\Documents\GitHub\myengine\engine\src\ecs\systems\PhysicsSystem.cpp,825,8490443675,4765246,17,
Physics::Step,C:\Users\╨┐╨║\Documents\GitHub\myengine\engine\src\ecs\systems\PhysicsSystem.cpp,825,8506665644,5057011,17,
Physics::Step,C:\Users\╨┐╨║\Documents\GitHub\myengine\engine\src\ecs\systems\PhysicsSystem.cpp,825,8523064299,4872360,17,
Physics::Step,C:\Users\╨┐╨║\Documents\GitHub\myengine\engine\src\ecs\systems\PhysicsSystem.cpp,825,8540756346,4818887,17,
Physics::Step,C:\Users\╨┐╨║\Documents\GitHub\myengine\engine\src\ecs\systems\PhysicsSystem.cpp,825,8557085544,4901855,17,
Physics::Step,C:\Users\╨┐╨║\Documents\GitHub\myengine\engine\src\ecs\systems\PhysicsSystem.cpp,825,8573343035,4944246,17,
Physics::Step,C:\Users\╨┐╨║\Documents\GitHub\myengine\engine\src\ecs\systems\PhysicsSystem.cpp,825,8589756323,4882018,17,
Physics::Step,C:\Users\╨┐╨║\Documents\GitHub\myengine\engine\src\ecs\systems\PhysicsSystem.cpp,825,8605969510,4768924,17,
Physics::Step,C:\Users\╨┐╨║\Documents\GitHub\myengine\engine\src\ecs\systems\PhysicsSystem.cpp,825,8627941492,5940374,17,
Physics::Step,C:\Users\╨┐╨║\Documents\GitHub\myengine\engine\src\ecs\systems\PhysicsSystem.cpp,825,8647180617,5505077,17,
Physics::Step,C:\Users\╨┐╨║\Documents\GitHub\myengine\engine\src\ecs\systems\PhysicsSystem.cpp,825,8667083474,6664970,17,
Physics::Step,C:\Users\╨┐╨║\Documents\GitHub\myengine\engine\src\ecs\systems\PhysicsSystem.cpp,825,8673748785,4959049,17,
Physics::Step,C:\Users\╨┐╨║\Documents\GitHub\myengine\engine\src\ecs\systems\PhysicsSystem.cpp,825,8690366230,5058093,17,
Physics::Step,C:\Users\╨┐╨║\Documents\GitHub\myengine\engine\src\ecs\systems\PhysicsSystem.cpp,825,8706837172,4667800,17,
Physics::Step,C:\Users\╨┐╨║\Documents\GitHub\myengine\engine\src\ecs\systems\PhysicsSystem.cpp,825,8723048737,5490915,17,
Physics::Step,C:\Users\╨┐╨║\Documents\GitHub\myengine\engine\src\ecs\systems\PhysicsSystem.cpp,825,8741274367,5858643,17,
Physics::Step,C:\Users\╨┐╨║\Documents\GitHub\myengine\engine\src\ecs\systems\PhysicsSystem.cpp,825,8759015356,5755964,17,
Physics::Step,C:\Users\╨┐╨║\Documents\GitHub\myengine\engine\src\ecs\systems\PhysicsSystem.cpp,825,8777108295,5911002,17,
Physics::Step,C:\Users\╨┐╨║\Documents\GitHub\myengine\engine\src\ecs\systems\PhysicsSystem.cpp,825,8795110560,5679148,17,
Physics::Step,C:\Users\╨┐╨║\Documents\GitHub\myengine\engine\src\ecs\systems\PhysicsSystem.cpp,825,8812881863,5409544,17,
Physics::Step,C:\Users\╨┐╨║\Documents\GitHub\myengine\engine\src\ecs\systems\PhysicsSystem.cpp,825,8832357947,5419956,17,
Physics::Step,C:\Users\╨┐╨║\Documents\GitHub\myengine\engine\src\ecs\systems\PhysicsSystem.cpp,825,8837778003,5132347,17,
Physics::Step,C:\Users\╨┐╨║\Documents\GitHub\myengine\engine\src\ecs\systems\PhysicsSystem.cpp,825,8855527329,5622719,17,
Physics::Step,C:\Users\╨┐╨║\Documents\GitHub\myengine\engine\src\ecs\systems\PhysicsSystem.cpp,825,8874192955,5087714,17,
Physics::Step,C:\Users\╨┐╨║\Documents\GitHub\myengine\engine\src\ecs\systems\PhysicsSystem.cpp,825,8891962444,5291136,17,
Physics::Step,C:\Users\╨┐╨║\Documents\GitHub\myengine\engine\src\ecs\systems\PhysicsSystem.cpp,825,8909835039,5383040,17,
Physics::Step,C:\Users\╨┐╨║\Documents\GitHub\myengine\engine\src\ecs\systems\PhysicsSystem.cpp,825,8927103255,5238726,17,
Physics::Step,C:\Users\╨┐╨║\Documents\GitHub\myengine\engine\src\ecs\systems\PhysicsSystem.cpp,825,8945015756,5195918,17,
Physics::Step,C:\Users\╨┐╨║\Documents\GitHub\myengine\engine\src\ecs\systems\PhysicsSystem.cpp,825,8962254541,5429493,17,
Physics::Step,C:\Users\╨┐╨║\Documents\GitHub\myengine\engine\src\ecs\systems\PhysicsSystem.cpp,825,8980721058,6373337,17,
Physics::Step,C:\Users\╨┐╨║\Documents\GitHub\myengine\engine\src\ecs\systems\PhysicsSystem.cpp,825,8998906748,6137984,17,
Physics::Step,C:\Users\╨┐╨║\Documents\GitHub\myengine\engine\src\ecs\systems\PhysicsSystem.cpp,825,9005044952,4744152,17,
Physics::Step,C:\Users\╨┐╨║\Documents\GitHub\myengine\engine\src\ecs\systems\PhysicsSystem.cpp,825,9022337646,5901354,17,
Physics::Step,C:\Users\╨┐╨║\Documents\GitHub\myengine\engine\src\ecs\systems\PhysicsSystem.cpp,825,9039485143,5461986,17,
Physics::Step,C:\Users\╨┐╨║\Documents\GitHub\myengine\engine\src\ecs\systems\PhysicsSystem.cpp,825,9056203891,5187003,17,
Physics::Step,C:\Users\╨┐╨║\Documents\GitHub\myengine\engine\src\ecs\systems\PhysicsSystem.cpp,825,9073137818,9030532,17,
Physics::Step,C:\Users\╨┐╨║\Documents\GitHub\myengine\engine\src\ecs\systems\PhysicsSystem.cpp,825,9096754669,4972054,17,
Physics::Step,C:\Users\╨┐╨║\Documents\GitHub\myengine\engine\src\ecs\systems\PhysicsSystem.cpp,825,9114838339,5371243,17,
Physics::Step,C:\Users\╨┐╨║\Documents\GitHub\myengine\engine\src\ecs\systems\PhysicsSystem.cpp,825,9120209712,4544598,17,
Physics::Step,C:\Users\╨┐╨║\Documents\GitHub\myengine\engine\src\ecs\systems\PhysicsSystem.cpp,825,9136889591,4909822,17,
Physics::Step,C:\Users\╨┐╨║\Documents\GitHub\myengine\engine\src\ecs\systems\PhysicsSystem.cpp,825,9153765673,4817461,17,
Physics::Step,C:\Users\╨┐╨║\Documents\GitHub\myengine\engine\src\ecs\systems\PhysicsSystem.cpp,825,9169839135,5368346,17,
Physics::Step,C:\Users\╨┐╨║\Documents\GitHub\myengine\engine\src\ecs\systems\PhysicsSystem.cpp,825,9186651817,5028335,17,
Physics::Step,C:\Users\╨┐╨║\Documents\GitHub\myengine\engine\src\ecs\systems\PhysicsSystem.cpp,825,9204244625,5113653,17,
Physics::Step,C:\Users\╨┐╨║\Documents\GitHub\myengine\engine\src\ecs\systems\PhysicsSystem.cpp,825,9220936532,6224407,17,
Physics::Step,C:\Users\╨┐╨║\Documents\GitHub\myengine\engine\src\ecs\systems\PhysicsSystem.cpp,825,9238756892,5474504,17,
Physics::Step,C:\Users\╨┐╨║\Documents\GitHub\myengine\engine\src\ecs\systems\PhysicsSystem.cpp,825,9255786866,5108994,17,
Physics::Step,C:\Users\╨┐╨║\Documents\GitHub\myengine\engine\src\ecs\systems\PhysicsSystem.cpp,825,9272768432,5493747,17,
Physics::Step,C:\Users\╨┐╨║\Documents\GitHub\myengine\engine\src\ecs\systems\PhysicsSystem.cpp,825,9290127282,5229659,17,
Physics::Step,C:\Users\╨┐╨║\Documents\GitHub\myengine\engine\src\ecs\systems\PhysicsSystem.cpp,825,9307015301,5012205,17,
Physics::Step,C:\Users\╨┐╨║\Documents\GitHub\myengine\engine\src\ecs\systems\PhysicsSystem.cpp,825,9323838102,4977705,17,
Physics::Step,C:\Users\╨┐╨║\Documents\GitHub\myengine\engine\src\ecs\systems\PhysicsSystem.cpp,825,9340578475,5126919,17,
Physics::Step,C:\Users\╨┐╨║\Documents\GitHub\myengine\engine\src\ecs\systems\PhysicsSystem.cpp,825,9357351707,5882569,17,
Physics::Step,C:\Users\╨┐╨║\Documents\GitHub\myengine\engine\src\ecs\systems\PhysicsSystem.cpp,825,9375280618,5229374,17,
Physics::Step,C:\Users\╨┐╨║\Documents\GitHub\myengine\engine\src\ecs\systems\PhysicsSystem.cpp,825,9391845444,5096341,17,
Physics::Step,C:\Users\╨┐╨║\Documents\GitHub\myengine\engine\src\ecs\systems\PhysicsSystem.cpp,825,9408097049,5164716,17,
Physics::Step,C:\Users\╨┐╨║\Documents\GitHub\myengine\engine\src\ecs\systems\PhysicsSystem.cpp,825,9424503719,4650433,17,
Physics::Step,C:\Users\╨┐╨║\Documents\GitHub\myengine\engine\src\ecs\systems\PhysicsSystem.cpp,825,9440422693,4982094,17,
Physics::Step,C:\Users\╨┐╨║\Documents\GitHub\myengine\engine\src\ecs\systems\PhysicsSystem.cpp,825,9456477119,5114625,17,
Physics::Step,C:\Users\╨┐╨║\Documents\GitHub\myengine\engine\src\ecs\systems\PhysicsSystem.cpp,825,9472770529,5166243,17,
Physics::Step,C:\Users\╨┐╨║\Documents\GitHub\myengine\engine\src\ecs\systems\PhysicsSystem.cpp,825,9489701570,5482103,17,
Physics::Step,C:\Users\╨┐╨║\Documents\GitHub\myengine\engine\src\ecs\systems\PhysicsSystem.cpp,825,9506607413,5035390,17,
Physics::Step,C:\Users\╨┐╨║\Documents\GitHub\myengine\engine\src\ecs\systems\PhysicsSystem.cpp,825,9522966047,5144933,17,
Physics::Step,C:\Users\╨┐╨║\Documents\GitHub\myengine\engine\src\ecs\systems\PhysicsSystem.cpp,825,9539785937,5214950,17,
Physics::Step,C:\Users\╨┐╨║\Documents\GitHub\myengine\engine\src\ecs\systems\PhysicsSystem.cpp,825,9557073480,5383076,17,
Physics::Step,C:\Users\╨┐╨║\Documents\GitHub\myengine\engine\src\ecs\systems\PhysicsSystem.cpp,825,9574454496,5630715,17,
Physics::Step,C:\Users\╨┐╨║\Documents\GitHub\myengine\engine\src\ecs\systems\PhysicsSystem.cpp,825,9592759652,5325782,17,
Physics::Step,C:\Users\╨┐╨║\Documents\GitHub\myengine\engine\src\ecs\systems\PhysicsSystem.cpp,825,9609137858,5158027,17,
Physics::Step,C:\Users\╨┐╨║\Documents\GitHub\myengine\engine\src\ecs\systems\PhysicsSystem.cpp,825,9626941091,4818884,17,
Physics::Step,C:\Users\╨┐╨║\Documents\GitHub\myengine\engine\src\ecs\systems\PhysicsSystem.cpp,825,9642643528,5377495,17,
Physics::Step,C:\Users\╨┐╨║\Documents\GitHub\myengine\engine\src\ecs\systems\PhysicsSystem.cpp,825,9659150304,4963142,17,
Physics::Step,C:\Users\╨┐╨║\Documents\GitHub\myengine\engine\src\ecs\systems\PhysicsSystem.cpp,825,9675181790,4665322,17,
Physics::Step,C:\Users\╨┐╨║\Documents\GitHub\myengine\engine\src\ecs\systems\PhysicsSystem.cpp,825,9691414646,5219975,17,
Physics::Step,C:\Users\╨┐╨║\Documents\GitHub\myengine\engine\src\ecs\systems\PhysicsSystem.cpp,825,9707658166,5320481,17,
Physics::Step,C:\Users\╨┐╨║\Documents\GitHub\myengine\engine\src\ecs\systems\PhysicsSystem.cpp,825,9724393806,5188159,17,
Physics::Step,C:\Users\╨┐╨║\Documents\GitHub\myengine\engine\src\ecs\systems\PhysicsSystem.cpp,825,9740757449,5037885,17,
Physics::Step,C:\Users\╨┐╨║\Documents\GitHub\myengine\engine\src\ecs\systems\PhysicsSystem.cpp,825,9757105052,5265788,17,
Physics::Step,C:\Users\╨┐╨║\Documents\GitHub\myengine\engine\src\ecs\systems\PhysicsSystem.cpp,825,9773671786,5182153,17,
Physics::Step,C:\Users\╨┐╨║\Documents\GitHub\myengine\engine\src\ecs\systems\PhysicsSystem.cpp,825,9789903464,4932624,17,
Physics::Step,C:\Users\╨┐╨║\Documents\GitHub\myengine\engine\src\ecs\systems\PhysicsSystem.cpp,825,9808171615,5075906,17,
Physics::Step,C:\Users\╨┐╨║\Documents\GitHub\myengine\engine\src\ecs\systems\PhysicsSystem.cpp,825,9824445202,4953589,17,
Physics::Step,C:\Users\╨┐╨║\Documents\GitHub\myengine\engine\src\ecs\systems\PhysicsSystem.cpp,825,9841140460,5402146,17,
Physics::Step,C:\Users\╨┐╨║\Documents\GitHub\myengine\engine\src\ecs\systems\PhysicsSystem.cpp,825,9858260545,5378647,17,
Physics::Step,C:\Users\╨┐╨║\Documents\GitHub\myengine\engine\src\ecs\systems\PhysicsSystem.cpp,825,9877027985,4739973,17,
Physics::Step,C:\Users\╨┐╨║\Documents\GitHub\myengine\engine\src\ecs\systems\PhysicsSystem.cpp,825,9892662973,5466895,17,
Physics::Step,C:\Users\╨┐╨║\Documents\GitHub\myengine\engine\src\ecs\systems\PhysicsSystem.cpp,825,9909626883,5323587,17,
Physics::Step,C:\Users\╨┐╨║\Documents\GitHub\myengine\engine\src\ecs\systems\PhysicsSystem.cpp,825,9926465398,5006354,17,
Physics::Step,C:\Users\╨┐╨║\Documents\GitHub\myengine\engine\src\ecs\systems\PhysicsSystem.cpp,825,9942326331,4820607,17,
Physics::Step,C:\Users\╨┐╨║\Documents\GitHub\myengine\engine\src\ecs\systems\PhysicsSystem.cpp,825,9958579359,4704146,17,
Physics::Step,C:\Users\╨┐╨║\Documents\GitHub\myengine\engine\src\ecs\systems\PhysicsSystem.cpp,825,9974684191,5160798,17,
Physics::Step,C:\Users\╨┐╨║\Documents\GitHub\myengine\engine\src\ecs\systems\PhysicsSystem.cpp,825,9991635886,5153259,17,
Physics::Step,C:\Users\╨┐╨║\Documents\GitHub\myengine\engine\src\ecs\systems\PhysicsSystem.cpp,825,10008382152,5107616,17,
Physics::Step,C:\Users\╨┐╨║\Documents\GitHub\myengine\engine\src\ecs\systems\PhysicsSystem.cpp,825,10025271047,5230145,17,
Physics::Step,C:\Users\╨┐╨║\Documents\GitHub\myengine\engine\src\ecs\systems\PhysicsSystem.cpp,825,10042042360,5532234,17,
Physics::Step,C:\Users\╨┐╨║\Documents\GitHub\myengine\engine\src\ecs\systems\PhysicsSystem.cpp,825,10059050122,5024454,17,
Physics::Step,C:\Users\╨┐╨║\Documents\GitHub\myengine\engine\src\ecs\systems\PhysicsSystem.cpp,825,10075371901,4830070,17,
Physics::Step,C:\Users\╨┐╨║\Documents\GitHub\myengine\engine\src\ecs\systems\PhysicsSystem.cpp,825,10091446766,5363382,17,
Physics::Step,C:\Users\╨┐╨║\Documents\GitHub\myengine\engine\src\ecs\systems\PhysicsSystem.cpp,825,10108046628,4883079,17,
Physics::Step,C:\Users\╨┐╨║\Documents\GitHub\myengine\engine\src\ecs\systems\PhysicsSystem.cpp,825,10123787187,5424298,17,
Physics::Step,C:\Users\╨┐╨║\Documents\GitHub\myengine\engine\src\ecs\systems\PhysicsSystem.cpp,825,10140211931,6893675,17,
Physics::Step,C:\Users\╨┐╨║\Documents\GitHub\myengine\engine\src\ecs\systems\PhysicsSystem.cpp,825,10163289428,6871893,17,
Physics::Step,C:\Users\╨┐╨║\Documents\GitHub\myengine\engine\src\ecs\systems\PhysicsSystem.cpp,825,10182996672,6128722,17,
Physics::Step,C:\Users\╨┐╨║\Documents\GitHub\myengine\engine\src\ecs\systems\PhysicsSystem.cpp,825,10189126105,8568527,17,
Physics::Step,C:\Users\╨┐╨║\Documents\GitHub\myengine\engine\src\ecs\systems\PhysicsSystem.cpp,825,10209712546,5796695,17,
Physics::Step,C:\Users\╨┐╨║\Documents\GitHub\myengine\engine\src\ecs\systems\PhysicsSystem.cpp,825,10227404702,4889021,17,
Physics::Step,C:\Users\╨┐╨║\Documents\GitHub\myengine\engine\src\ecs\systems\PhysicsSystem.cpp,825,10243552065,5059706,17,
Physics::Step,C:\Users\╨┐╨║\Documents\GitHub\myengine\engine\src\ecs\systems\PhysicsSystem.cpp,825,10260191993,5007457,17,
Physics::Step,C:\Users\╨┐╨║\Documents\GitHub\myengine\engine\src\ecs\systems\PhysicsSystem.cpp,825,10276387407,4897367,17,
Physics::Step,C:\Users\╨┐╨║\Documents\GitHub\myengine\engine\src\ecs\systems\PhysicsSystem.cpp,825,10292362597,5136546,17,
Physics::Step,C:\Users\╨┐╨║\Documents\GitHub\myengine\engine\src\ecs\systems\PhysicsSystem.cpp,825,10308697942,4768913,17,
Physics::Step,C:\Users\╨┐╨║\Documents\GitHub\myengine\engine\src\ecs\systems\PhysicsSystem.cpp,825,10324481258,4733921,17,
Physics::Step,C:\Users\╨┐╨║\Documents\GitHub\myengine\engine\src\ecs\systems\PhysicsSystem.cpp,825,10340440848,5451119,17,
Physics::Step,C:\Users\╨┐╨║\Documents\GitHub\myengine\engine\src\ecs\systems\PhysicsSystem.cpp,825,10357916815,5159976,17,
Physics::Step,C:\Users\╨┐╨║\Documents\GitHub\myengine\engine\src\ecs\systems\PhysicsSystem.cpp,825,10375239845,5147978,17,
Physics::Step,C:\Users\╨┐╨║\Documents\GitHub\myengine\engine\src\ecs\systems\PhysicsSystem.cpp,825,10392035810,4882063,17,
Physics::Step,C:\Users\╨┐╨║\Documents\GitHub\myengine\engine\src\ecs\systems\PhysicsSystem.cpp,825,10408275613,4725420,17,
Physics::Step,C:\Users\╨┐╨║\Documents\GitHub\myengine\engine\src\ecs\systems\PhysicsSystem.cpp,825,10423977012,5510213,17,
Physics::Step,C:\Users\╨┐╨║\Documents\GitHub\myengine\engine\src\ecs\systems\PhysicsSystem.cpp,825,10440522768,5033225,17,
Physics::Step,C:\Users\╨┐╨║\Documents\GitHub\myengine\engine\src\ecs\systems\PhysicsSystem.cpp,825,10457064614,4849572,17,
Physics::Step,C:\Users\╨┐╨║\Documents\GitHub\myengine\engine\src\ecs\systems\PhysicsSystem.cpp,825,10473424000,4862706,17,
Physics::Step,C:\Users\╨┐╨║\Documents\GitHub\myengine\engine\src\ecs\systems\PhysicsSystem.cpp,825,10489617485,5319709,17,
Physics::Step,C:\Users\╨┐╨║\Documents\GitHub\myengine\engine\src\ecs\systems\PhysicsSystem.cpp,825,10506444648,5103839,17,
Physics::Step,C:\Users\╨┐╨║\Documents\GitHub\myengine\engine\src\ecs\systems\PhysicsSystem.cpp,825,10523412790,5008879,17,
Physics::Step,C:\Users\╨┐╨║\Documents\GitHub\myengine\engine\src\ecs\systems\PhysicsSystem.cpp,825,10539882309,5061233,17,
Physics::Step,C:\Users\╨┐╨║\Documents\GitHub\myengine\engine\src\ecs\systems\PhysicsSystem.cpp,825,10556107805,4734544,17,
Physics::Step,C:\Users\╨┐╨║\Documents\GitHub\myengine\engine\src\ecs\systems\PhysicsSystem.cpp,825,10572223878,5386292,17,
Physics::Step,C:\Users\╨┐╨║\Documents\GitHub\myengine\engine\src\ecs\systems\PhysicsSystem.cpp,825,10588634781,5312716,17,
Physics::Step,C:\Users\╨┐╨║\Documents\GitHub\myengine\engine\src\ecs\systems\PhysicsSystem.cpp,825,10605248704,4729114,17,
Physics::Step,C:\Users\╨┐╨║\Documents\GitHub\myengine\engine\src\ecs\systems\PhysicsSystem.cpp,825,10622052424,5225316,17,
Physics::Step,C:\Users\╨┐╨║\Documents\GitHub\myengine\engine\src\ecs\systems\PhysicsSystem.cpp,825,10638196330,4655844,17,
Physics::Step,C:\Users\╨┐╨║\Documents\GitHub\myengine\engine\src\ecs\systems\PhysicsSystem.cpp,825,10654086294,4909445,17,
Physics::Step,C:\Users\╨┐╨║\Documents\GitHub\myengine\engine\src\ecs\systems\PhysicsSystem.cpp,825,10670325095,4998700,17,
Physics::Step,C:\Users\╨┐╨║\Documents\GitHub\myengine\engine\src\ecs\systems\PhysicsSystem.cpp,825,10686835587,4907988,17,
Physics::Step,C:\Users\╨┐╨║\Documents\GitHub\myengine\engine\src\ecs\systems\PhysicsSystem.cpp,825,10704326757,5551716,17,
Physics::Step,C:\Users\╨┐╨║\Documents\GitHub\myengine\engine\src\ecs\systems\PhysicsSystem.cpp,825,10720664762,5203584,17,
Physics::Step,C:\Users\╨┐╨║\Documents\GitHub\myengine\engine\src\ecs\systems\PhysicsSystem.cpp,825,10736985899,4842142,17,
Physics::Step,C:\Users\╨┐╨║\Documents\GitHub\myengine\engine\src\ecs\systems\PhysicsSystem.cpp,825,10753606541,4739588,17,
Physics::Step,C:\Users\╨┐╨║\Documents\GitHub\myengine\engine\src\ecs\systems\PhysicsSystem.cpp,825,10769548814,4877429,17,
Physics::Step,C:\Users\╨┐╨║\Documents\GitHub\myengine\engine\src\ecs\systems\PhysicsSystem.cpp,825,10785903851,4724698,17,
Physics::Step,C:\Users\╨┐╨║\Documents\GitHub\myengine\engine\src\ecs\systems\PhysicsSystem.cpp,825,10801703653,5140920,17,
Physics::Step,C:\Users\╨┐╨║\Documents\GitHub\myengine\engine\src\ecs\systems\PhysicsSystem.cpp,825,10818181193,4759845,17,
Physics::Step,C:\Users\╨┐╨║\Documents\GitHub\myengine\engine\src\ecs\systems\PhysicsSystem.cpp,825,10834699770,5099812,17,
Physics::Step,C:\Users\╨┐╨║\Documents\GitHub\myengine\engine\src\ecs\systems\PhysicsSystem.cpp,825,10851248590,5674769,17,
Physics::Step,C:\Users\╨┐╨║\Documents\GitHub\myengine\engine\src\ecs\systems\PhysicsSystem.cpp,825,10870416751,5437529,17,
Physics::Step,C:\Users\╨┐╨║\Documents\GitHub\myengine\engine\src\ecs\systems\PhysicsSystem.cpp,825,10887592031,5560377,17,
Physics::Step,C:\Users\╨┐╨║\Documents\GitHub\myengine\engine\src\ecs\systems\PhysicsSystem.cpp,825,10905228126,4873968,17,
Physics::Step,C:\Users\╨┐╨║\Documents\GitHub\myengine\engine\src\ecs\systems\PhysicsSystem.cpp,825,10921395862,5366478,17,
Physics::Step,C:\Users\╨┐╨║\Documents\GitHub\myengine\engine\src\ecs\systems\PhysicsSystem.cpp,825,10938368813,4839794,17,
Physics::Step,C:\Users\╨┐╨║\Documents\GitHub\myengine\engine\src\ecs\systems\PhysicsSystem.cpp,825,10954418841,5183380,17,
Physics::Step,C:\Users\╨┐╨║\Documents\GitHub\myengine\engine\src\ecs\systems\PhysicsSystem.cpp,825,10970923422,5186156,17,
Physics::Step,C:\Users\╨┐╨║\Documents\GitHub\myengine\engine\src\ecs\systems\PhysicsSystem.cpp,825,10987747931,4993930,17,
Physics::Step,C:\Users\╨┐╨║\Documents\GitHub\myengine\engine\src\ecs\systems\PhysicsSystem.cpp,825,11005915911,5525320,17,
Physics::Step,C:\Users\╨┐╨║\Documents\GitHub\myengine\engine\src\ecs\systems\PhysicsSystem.cpp,825,11024755453,5159871,17,
Physics::Step,C:\Users\╨┐╨║\Documents\GitHub\myengine\engine\src\ecs\systems\PhysicsSystem.cpp,825,11041351397,5100363,17,
Physics::Step,C:\Users\╨┐╨║\Documents\GitHub\myengine\engine\src\ecs\systems\PhysicsSystem.cpp,825,11058106750,5744406,17,
Physics::Step,C:\Users\╨┐╨║\Documents\GitHub\myengine\engine\src\ecs\systems\PhysicsSystem.cpp,825,11075471525,5359360,17,
Physics::Step,C:\Users\╨┐╨║\Documents\GitHub\myengine\engine\src\ecs\systems\PhysicsSystem.cpp,825,11092141720,5127355,17,
Physics::Step,C:\Users\╨┐╨║\Documents\GitHub\myengine\engine\src\ecs\systems\PhysicsSystem.cpp,825,11109299171,5730700,17,
Physics::Step,C:\Users\╨┐╨║\Documents\GitHub\myengine\engine\src\ecs\systems\PhysicsSystem.cpp,825,11125985572,5532780,17,
Physics::Step,C:\Users\╨┐╨║\Documents\GitHub\myengine\engine\src\ecs\systems\PhysicsSystem.cpp,825,11142647127,5399867,17,
Physics::Step,C:\Users\╨┐╨║\Documents\GitHub\myengine\engine\src\ecs\systems\PhysicsSystem.cpp,825,11159061957,5007683,17,
Physics::Step,C:\Users\╨┐╨║\Documents\GitHub\myengine\engine\src\ecs\systems\PhysicsSystem.cpp,825,11175464384,4940730,17,
Physics::Step,C:\Users\╨┐╨║\Documents\GitHub\myengine\engine\src\ecs\systems\PhysicsSystem.cpp,825,11191855034,5090037,17,
Physics::Step,C:\Users\╨┐╨║\Documents\GitHub\myengine\engine\src\ecs\systems\PhysicsSystem.cpp,825,11208007566,4897242,17,
Physics::Step,C:\Users\╨┐╨║\Documents\GitHub\myengine\engine\src\ecs\systems\PhysicsSystem.cpp,825,11224448175,4779109,17,
Physics::Step,C:\Users\╨┐╨║\Documents\GitHub\myengine\engine\src\ecs\systems\PhysicsSystem.cpp,825,11240863847,5326137,17,
Physics::Step,C:\Users\╨┐╨║\Documents\GitHub\myengine\engine\src\ecs\systems\PhysicsSystem.cpp,825,11257229704,4731688,17,
Physics::Step,C:\Users\╨┐╨║\Documents\GitHub\myengine\engine\src\ecs\systems\PhysicsSystem.cpp,825,11272979712,4742966,17,
Physics::Step,C:\Users\╨┐╨║\Documents\GitHub\myengine\engine\src\ecs\systems\PhysicsSystem.cpp,825,11288747650,4939096,17,
Physics::Step,C:\Users\╨┐╨║\Documents\GitHub\myengine\engine\src\ecs\systems\PhysicsSystem.cpp,825,11304836555,4995239,17,
Physics::Step,C:\Users\╨┐╨║\Documents\GitHub\myengine\engine\src\ecs\systems\PhysicsSystem.cpp,825,11320803485,5312030,17,
Physics::Step,C:\Users\╨┐╨║\Documents\GitHub\myengine\engine\src\ecs\systems\PhysicsSystem.cpp,825,11337438584,4983205,17,
Physics::Step,C:\Users\╨┐╨║\Documents\GitHub\myengine\engine\src\ecs\systems\PhysicsSystem.cpp,825,11353498009,5458415,17,
Physics::Step,C:\Users\╨┐╨║\Documents\GitHub\myengine\engine\src\ecs\systems\PhysicsSystem.cpp,825,11370406073,4726573,17,
Physics::Step,C:\Users\╨┐╨║\Documents\GitHub\myengine\engine\src\ecs\systems\PhysicsSystem.cpp,825,11385881383,4807862,17,
Physics::Step,C:\Users\╨┐╨║\Documents\GitHub\myengine\engine\src\ecs\systems\PhysicsSystem.cpp,825,11401787236,5645325,17,
Physics::Step,C:\Users\╨┐╨║\Documents\GitHub\myengine\engine\src\ecs\systems\PhysicsSystem.cpp,825,11420122896,5102182,17,
Physics::Step,C:\Users\╨┐╨║\Documents\GitHub\myengine\engine\src\ecs\systems\PhysicsSystem.cpp,825,11436248888,4735215,17,
Physics::Step,C:\Users\╨┐╨║\Documents\GitHub\myengine\engine\src\ecs\systems\PhysicsSystem.cpp,825,11452189649,5001440,17,
Physics::Step,C:\Users\╨┐╨║\Documents\GitHub\myengine\engine\src\ecs\systems\PhysicsSystem.cpp,825,11468474772,4781522,17,
Physics::Step,C:\Users\╨┐╨║\Documents\GitHub\myengine\engine\src\ecs\systems\PhysicsSystem.cpp,825,11484547272,5007051,17,
Physics::Step,C:\Users\╨┐╨║\Documents\GitHub\myengine\engine\src\ecs\systems\PhysicsSystem.cpp,825,11500795827,5352313,17,
Physics::Step,C:\Users\╨┐╨║\Documents\GitHub\myengine\engine\src\ecs\systems\PhysicsSystem.cpp,825,11518040740,4837613,17,
Physics::Step,C:\Users\╨┐╨║\Documents\GitHub\myengine\engine\src\ecs\systems\PhysicsSystem.cpp,825,11534611030,5347539,17,
Physics::Step,C:\Users\╨┐╨║\Documents\GitHub\myengine\engine\src\ecs\systems\PhysicsSystem.cpp,825,11551869022,5504876,17,
Physics::Step,C:\Users\╨┐╨║\Documents\GitHub\myengine\engine\src\ecs\systems\PhysicsSystem.cpp,825,11569224710,5125526,17,
Physics::Step,C:\Users\╨┐╨║\Documents\GitHub\myengine\engine\src\ecs\systems\PhysicsSystem.cpp,825,11585468034,4580862,17,
Physics::Step,C:\Users\╨┐╨║\Documents\GitHub\myengine\engine\src\ecs\systems\PhysicsSystem.cpp,825,11600992283,4961000,17,
Physics::Step,C:\Users\╨┐╨║\Documents\GitHub\myengine\engine\src\ecs\systems\PhysicsSystem.cpp,825,11617512931,4912286,17,
Physics::Step,C:\Users\╨┐╨║\Documents\GitHub\myengine\engine\src\ecs\systems\PhysicsSystem.cpp,825,11633823898,4726979,17,
Physics::Step,C:\Users\╨┐╨║\Documents\GitHub\myengine\engine\src\ecs\systems\PhysicsSystem.cpp,825,11649369808,5319394,17,
Physics::Step,C:\Users\╨┐╨║\Documents\GitHub\myengine\engine\src\ecs\systems\PhysicsSystem.cpp,825,11665912119,4771947,17,
Physics::Step,C:\Users\╨┐╨║\Documents\GitHub\myengine\engine\src\ecs\systems\PhysicsSystem.cpp,825,11681649224,5251545,17,
Physics::Step,C:\Users\╨┐╨║\Documents\GitHub\myengine\engine\src\ecs\systems\PhysicsSystem.cpp,825,11698264916,5241212,17,
Physics::Step,C:\Users\╨┐╨║\Documents\GitHub\myengine\engine\src\ecs\systems\PhysicsSystem.cpp,825,11714933705,4853323,17,
Physics::Step,C:\Users\╨┐╨║\Documents\GitHub\myengine\engine\src\ecs\systems\PhysicsSystem.cpp,825,11741618057,5400208,17,
Physics::Step,C:\Users\╨┐╨║\Documents\GitHub\myengine\engine\src\ecs\systems\PhysicsSystem.cpp,825,11758065479,4724585,17,
Physics::Step,C:\Users\╨┐╨║\Documents\GitHub\myengine\engine\src\ecs\systems\PhysicsSystem.cpp,825,11774036998,5035535,17,
Physics::Step,C:\Users\╨┐╨║\Documents\GitHub\myengine\engine\src\ecs\systems\PhysicsSystem.cpp,825,11790147580,5337940,17,
Physics::Step,C:\Users\╨┐╨║\Documents\GitHub\myengine\engine\src\ecs\systems\PhysicsSystem.cpp,825,11807153824,4876293,17,
Physics::Step,C:\Users\╨┐╨║\Documents\GitHub\myengine\engine\src\ecs\systems\PhysicsSystem.cpp,825,11823210464,5052957,17,
Physics::Step,C:\Users\╨┐╨║\Documents\GitHub\myengine\engine\src\ecs\systems\PhysicsSystem.cpp,825,11839403454,4993304,17,
Physics::Step,C:\Users\╨┐╨║\Documents\GitHub\myengine\engine\src\ecs\systems\PhysicsSystem.cpp,825,11855768740,4880171,17,
Physics::Step,C:\Users\╨┐╨║\Documents\GitHub\myengine\engine\src\ecs\systems\PhysicsSystem.cpp,825,11872281246,4899747,17,
Physics::Step,C:\Users\╨┐╨║\Documents\GitHub\myengine\engine\src\ecs\systems\PhysicsSystem.cpp,825,11888239429,5793455,17,
Physics::Step,C:\Users\╨┐╨║\Documents\GitHub\myengine\engine\src\ecs\systems\PhysicsSystem.cpp,825,11905709504,4944171,17,
Physics::Step,C:\Users\╨┐╨║\Documents\GitHub\myengine\engine\src\ecs\systems\PhysicsSystem.cpp,825,11922423032,5341126,17,
Physics::Step,C:\Users\╨┐╨║\Documents\GitHub\myengine\engine\src\ecs\systems\PhysicsSystem.cpp,825,11939228825,4914385,17,
Physics::Step,C:\Users\╨┐╨║\Documents\GitHub\myengine\engine\src\ecs\systems\PhysicsSystem.cpp,825,11955326533,5308724,17,
Physics::Step,C:\Users\╨┐╨║\Documents\GitHub\myengine\engine\src\ecs\systems\PhysicsSystem.cpp,825,11971964458,5381112,17,
Physics::Step,C:\Users\╨┐╨║\Documents\GitHub\myengine\engine\src\ecs\systems\PhysicsSystem.cpp,825,11988685389,5001902,17,
Physics::Step,C:\Users\╨┐╨║\Documents\GitHub\myengine\engine\src\ecs\systems\PhysicsSystem.cpp,825,12006141309,5043769,17,
Physics::Step,C:\Users\╨┐╨║\Documents\GitHub\myengine\engine\src\ecs\systems\PhysicsSystem.cpp,825,12022344977,4966574,17,
Physics::Step,C:\Users\╨┐╨║\Documents\GitHub\myengine\engine\src\ecs\systems\PhysicsSystem.cpp,825,12038836754,4873809,17,
Physics::Step,C:\Users\╨┐╨║\Documents\GitHub\myengine\engine\src\ecs\systems\PhysicsSystem.cpp,825,12055043389,5232409,17,
Physics::Step,C:\Users\╨┐╨║\Documents\GitHub\myengine\engine\src\ecs\systems\PhysicsSystem.cpp,825,12071335647,4782195,17,
Physics::Step,C:\Users\╨┐╨║\Documents\GitHub\myengine\engine\src\ecs\systems\PhysicsSystem.cpp,825,12087014179,4564179,17,
Physics::Step,C:\Users\╨┐╨║\Documents\GitHub\myengine\engine\src\ecs\systems\PhysicsSystem.cpp,825,12103168564,5807852,17,
Physics::Step,C:\Users\╨┐╨║\Documents\GitHub\myengine\engine\src\ecs\systems\PhysicsSystem.cpp,825,12120375550,4824173,17,
Physics::Step,C:\Users\╨┐╨║\Documents\GitHub\myengine\engine\src\ecs\systems\PhysicsSystem.cpp,825,12136401151,4829925,17,
Physics::Step,C:\Users\╨┐╨║\Documents\GitHub\myengine\engine\src\ecs\systems\PhysicsSystem.cpp,825,12152854044,4960794,17,
Physics::Step,C:\Users\╨┐╨║\Documents\GitHub\myengine\engine\src\ecs\systems\PhysicsSystem.cpp,825,12169007127,5271413,17,
Physics::Step,C:\Users\╨┐╨║\Documents\GitHub\myengine\engine\src\ecs\systems\PhysicsSystem.cpp,825,12185517930,4919496,17,
Physics::Step,C:\Users\╨┐╨║\Documents\GitHub\myengine\engine\src\ecs\systems\PhysicsSystem.cpp,825,12201577566,5314956,17,
Physics::Step,C:\Users\╨┐╨║\Documents\GitHub\myengine\engine\src\ecs\systems\PhysicsSystem.cpp,825,12217851318,4976153,17,
Physics::Step,C:\Users\╨┐╨║\Documents\GitHub\myengine\engine\src\ecs\systems\PhysicsSystem.cpp,825,12234187069,5469839,17,
Physics::Step,C:\Users\╨┐╨║\Documents\GitHub\myengine\engine\src\ecs\systems\PhysicsSystem.cpp,825,12250856433,5557818,17,
Physics::Step,C:\Users\╨┐╨║\Documents\GitHub\myengine\engine\src\ecs\systems\PhysicsSystem.cpp,825,12269742117,5541291,17,
Physics::Step,C:\Users\╨┐╨║\Documents\GitHub\myengine\engine\src\ecs\systems\PhysicsSystem.cpp,825,12286607088,5096044,17,
Physics::Step,C:\Users\╨┐╨║\Documents\GitHub\myengine\engine\src\ecs\systems\PhysicsSystem.cpp,825,12302819128,5591882,17,
Physics::Step,C:\Users\╨┐╨║\Documents\GitHub\myengine\engine\src\ecs\systems\PhysicsSystem.cpp,825,12320374625,5242108,17,
Physics::Step,C:\Users\╨┐╨║\Documents\GitHub\myengine\engine\src\ecs\systems\PhysicsSystem.cpp,825,12336839741,5129595,17,
Physics::Step,C:\Users\╨┐╨║\Documents\GitHub\myengine\engine\src\ecs\systems\PhysicsSystem.cpp,825,12353201100,4842047,17,
Physics::Step,C:\Users\╨┐╨║\Documents\GitHub\myengine\engine\src\ecs\systems\PhysicsSystem.cpp,825,12368947300,5027250,17,
Physics::Step,C:\Users\╨┐╨║\Documents\GitHub\myengine\engine\src\ecs\systems\PhysicsSystem.cpp,825,12385087940,4818202,17,
Physics::Step,C:\Users\╨┐╨║\Documents\GitHub\myengine\engine\src\ecs\systems\PhysicsSystem.cpp,825,12400804604,5053620,17,
Physics::Step,C:\Users\╨┐╨║\Documents\GitHub\myengine\engine\src\ecs\systems\PhysicsSystem.cpp,825,12416779179,4981864,17,
Physics::Step,C:\Users\╨┐╨║\Documents\GitHub\myengine\engine\src\ecs\systems\PhysicsSystem.cpp,825,12433519898,5592162,17,
Physics::Step,C:\Users\╨┐╨║\Documents\GitHub\myengine\engine\src\ecs\systems\PhysicsSystem.cpp,825,12450607216,4965072,17,
Physics::Step,C:\Users\╨┐╨║\Documents\GitHub\myengine\engine\src\ecs\systems\PhysicsSystem.cpp,825,12466691780,4932960,17,
Physics::Step,C:\Users\╨┐╨║\Documents\GitHub\myengine\engine\src\ecs\systems\PhysicsSystem.cpp,825,12483088065,5323241,17,
Physics::Step,C:\Users\╨┐╨║\Documents\GitHub\myengine\engine\src\ecs\systems\PhysicsSystem.cpp,825,12499447760,4985390,17,
Physics::Step,C:\Users\╨┐╨║\Documents\GitHub\myengine\engine\src\ecs\systems\PhysicsSystem.cpp,825,12516041050,5071583,17,
Physics::Step,C:\Users\╨┐╨║\Documents\GitHub\myengine\engine\src\ecs\systems\PhysicsSystem.cpp,825,12532898371,5032791,17,
Physics::Step,C:\Users\╨┐╨║\Documents\GitHub\myengine\engine\src\ecs\systems\PhysicsSystem.cpp,825,12549783545,4995395,17,
Physics::Step,C:\Users\╨┐╨║\Documents\GitHub\myengine\engine\src\ecs\systems\PhysicsSystem.cpp,825,12566447715,4852122,17,
Physics::Step,C:\Users\╨┐╨║\Documents\GitHub\myengine\engine\src\ecs\systems\PhysicsSystem.cpp,825,12582384061,5186202,17,
Physics::Step,C:\Users\╨┐╨║\Documents\GitHub\myengine\engine\src\ecs\systems\PhysicsSystem.cpp,825,12599282420,4772896,17,
Physics::Step,C:\Users\╨┐╨║\Documents\GitHub\myengine\engine\src\ecs\systems\PhysicsSystem.cpp,825,12615825184,5473747,17,
Physics::Step,C:\Users\╨┐╨║\Documents\GitHub\myengine\engine\src\ecs\systems\PhysicsSystem.cpp,825,12632651195,4819556,17,
Physics::Step,C:\Users\╨┐╨║\Documents\GitHub\myengine\engine\src\ecs\systems\PhysicsSystem.cpp,825,12649017694,5358478,17,
Physics::Step,C:\Users\╨┐╨║\Documents\GitHub\myengine\engine\src\ecs\systems\PhysicsSystem.cpp,825,12666523126,5119355,17,
Physics::Step,C:\Users\╨┐╨║\Documents\GitHub\myengine\engine\src\ecs\systems\PhysicsSystem.cpp,825,12683039990,4930606,17,
Physics::Step,C:\Users\╨┐╨║\Documents\GitHub\myengine\engine\src\ecs\systems\PhysicsSystem.cpp,825,12698991741,5337589,17,
Physics::Step,C:\Users\╨┐╨║\Documents\GitHub\myengine\engine\src\ecs\systems\PhysicsSystem.cpp,825,12715508495,5609946,17,
Physics::Step,C:\Users\╨┐╨║\Documents\GitHub\myengine\engine\src\ecs\systems\PhysicsSystem.cpp,825,12732506524,5540625,17,
Physics::Step,C:\Users\╨┐╨║\Documents\GitHub\myengine\engine\src\ecs\systems\PhysicsSystem.cpp,825,12749533247,5783746,17,
Physics::Step,C:\Users\╨┐╨║\Documents\GitHub\myengine\engine\src\ecs\systems\PhysicsSystem.cpp,825,12766430183,5109375,17,
Physics::Step,C:\Users\╨┐╨║\Documents\GitHub\myengine\engine\src\ecs\systems\PhysicsSystem.cpp,825,12782595800,4856506,17,
Physics::Step,C:\Users\╨┐╨║\Documents\GitHub\myengine\engine\src\ecs\systems\PhysicsSystem.cpp,825,12798275764,5030036,17,
Physics::Step,C:\Users\╨┐╨║\Documents\GitHub\myengine\engine\src\ecs\systems\PhysicsSystem.cpp,825,12814779324,5181362,17,
Physics::Step,C:\Users\╨┐╨║\Documents\GitHub\myengine\engine\src\ecs\systems\PhysicsSystem.cpp,825,12842050246,4883215,17,
Physics::Step,C:\Users\╨┐╨║\Documents\GitHub\myengine\engine\src\ecs\systems\PhysicsSystem.cpp,825,12857838716,4823012,17,
Physics::Step,C:\Users\╨┐╨║\Documents\GitHub\myengine\engine\src\ecs\systems\PhysicsSystem.cpp,825,12873756774,4758699,17,
Physics::Step,C:\Users\╨┐╨║\Documents\GitHub\myengine\engine\src\ecs\systems\PhysicsSystem.cpp,825,12889564420,5026850,17,
Physics::Step,C:\Users\╨┐╨║\Documents\GitHub\myengine\engine\src\ecs\systems\PhysicsSystem.cpp,825,12905125751,5081652,17,
Physics::Step,C:\Users\╨┐╨║\Documents\GitHub\myengine\engine\src\ecs\systems\PhysicsSystem.cpp,825,12921108119,5187645,17,
Physics::Step,C:\Users\╨┐╨║\Documents\GitHub\myengine\engine\src\ecs\systems\PhysicsSystem.cpp,825,12938703773,5403865,17,
Physics::Step,C:\Users\╨┐╨║\Documents\GitHub\myengine\engine\src\ecs\systems\PhysicsSystem.cpp,825,12955305528,5648380,17,
Physics::Step,C:\Users\╨┐╨║\Documents\GitHub\myengine\engine\src\ecs\systems\PhysicsSystem.cpp,825,12972090812,5082155,17,
Physics::Step,C:\Users\╨┐╨║\Documents\GitHub\myengine\engine\src\ecs\systems\PhysicsSystem.cpp,825,12988688822,5023421,17,
Physics::Step,C:\Users\╨┐╨║\Documents\GitHub\myengine\engine\src\ecs\systems\PhysicsSystem.cpp,825,13005731063,5292945,17,
Physics::Step,C:\Users\╨┐╨║\Documents\GitHub\myengine\engine\src\ecs\systems\PhysicsSystem.cpp,825,13022692832,6240906,17,
Physics::Step,C:\Users\╨┐╨║\Documents\GitHub\myengine\engine\src\ecs\systems\PhysicsSystem.cpp,825,13040865462,5746947,17,
Physics::Step,C:\Users\╨┐╨║\Documents\GitHub\myengine\engine\src\ecs\systems\PhysicsSystem.cpp,825,13057475072,5284779,17,
Physics::Step,C:\Users\╨┐╨║\Documents\GitHub\myengine\engine\src\ecs\systems\PhysicsSystem.cpp,825,13074902037,5115355,17,
Physics::Step,C:\Users\╨┐╨║\Documents\GitHub\myengine\engine\src\ecs\systems\PhysicsSystem.cpp,825,13092083703,5937027,17,
Physics::Step,C:\Users\╨┐╨║\Documents\GitHub\myengine\engine\src\ecs\systems\PhysicsSystem.cpp,825,13110686660,6222200,17,
Physics::Step,C:\Users\╨┐╨║\Documents\GitHub\myengine\engine\src\ecs\systems\PhysicsSystem.cpp,825,13128303434,4825085,17,
Physics::Step,C:\Users\╨┐╨║\Documents\GitHub\myengine\engine\src\ecs\systems\PhysicsSystem.cpp,825,13144675853,5333658,17,
Physics::Step,C:\Users\╨┐╨║\Documents\GitHub\myengine\engine\src\ecs\systems\PhysicsSystem.cpp,825,13161452547,5702417,17,
Physics::Step,C:\Users\╨┐╨║\Documents\GitHub\myengine\engine\src\ecs\systems\PhysicsSystem.cpp,825,13178624099,5310177,17,
Physics::Step,C:\Users\╨┐╨║\Documents\GitHub\myengine\engine\src\ecs\systems\PhysicsSystem.cpp,825,13195563547,4857096,17,
Physics::Step,C:\Users\╨┐╨║\Documents\GitHub\myengine\engine\src\ecs\systems\PhysicsSystem.cpp,825,13211731829,5503294,17,
Physics::Step,C:\Users\╨┐╨║\Documents\GitHub\myengine\engine\src\ecs\systems\PhysicsSystem.cpp,825,13228483499,4961694,17,
Physics::Step,C:\Users\╨┐╨║\Documents\GitHub\myengine\engine\src\ecs\systems\PhysicsSystem.cpp,825,13245071208,5295719,17,
Physics::Step,C:\Users\╨┐╨║\Documents\GitHub\myengine\engine\src\ecs\systems\PhysicsSystem.cpp,825,13261599895,5184117,17,
Physics::Step,C:\Users\╨┐╨║\Documents\GitHub\myengine\engine\src\ecs\systems\PhysicsSystem.cpp,825,13278437949,4825006,17,
Physics::Step,C:\Users\╨┐╨║\Documents\GitHub\myengine\engine\src\ecs\systems\PhysicsSystem.cpp,825,13295044182,5302523,17,
Physics::Step,C:\Users\╨┐╨║\Documents\GitHub\myengine\engine\src\ecs\systems\PhysicsSystem.cpp,825,13311880214,5280260,17,
Physics::Step,C:\Users\╨┐╨║\Documents\GitHub\myengine\engine\src\ecs\systems\PhysicsSystem.cpp,825,13328466350,4735425,17,
Physics::Step,C:\Users\╨┐╨║\Documents\GitHub\myengine\engine\src\ecs\systems\PhysicsSystem.cpp,825,13345513231,5776573,17,
Physics::Step,C:\Users\╨┐╨║\Documents\GitHub\myengine\engine\src\ecs\systems\PhysicsSystem.cpp,825,13362537669,5091512,17,
Physics::Step,C:\Users\╨┐╨║\Documents\GitHub\myengine\engine\src\ecs\systems\PhysicsSystem.cpp,825,13378791163,5251006,17,
Physics::Step,C:\Users\╨┐╨║\Documents\GitHub\myengine\engine\src\ecs\systems\PhysicsSystem.cpp,825,13395956409,5068689,17,
Physics::Step,C:\Users\╨┐╨║\Documents\GitHub\myengine\engine\src\ecs\systems\PhysicsSystem.cpp,825,13412201467,4958119,17,
Physics::Step,C:\Users\╨┐╨║\Documents\GitHub\myengine\engine\src\ecs\systems\PhysicsSystem.cpp,825,13429000388,5867024,17,
Physics::Step,C:\Users\╨┐╨║\Documents\GitHub\myengine\engine\src\ecs\systems\PhysicsSystem.cpp,825,13449925115,5740836,17,
Physics::Step,C:\Users\╨┐╨║\Documents\GitHub\myengine\engine\src\ecs\systems\PhysicsSystem.cpp,825,13455666021,4970861,17,
Physics::Step,C:\Users\╨┐╨║\Documents\GitHub\myengine\engine\src\ecs\systems\PhysicsSystem.cpp,825,13471871643,5217281,17,
Physics::Step,C:\Users\╨┐╨║\Documents\GitHub\myengine\engine\src\ecs\systems\PhysicsSystem.cpp,825,13488084810,5906661,17,
Physics::Step,C:\Users\╨┐╨║\Documents\GitHub\myengine\engine\src\ecs\systems\PhysicsSystem.cpp,825,13505614569,4879669,17,
Physics::Step,C:\Users\╨┐╨║\Documents\GitHub\myengine\engine\src\ecs\systems\PhysicsSystem.cpp,825,13521787951,5424916,17,
Physics::Step,C:\Users\╨┐╨║\Documents\GitHub\myengine\engine\src\ecs\systems\PhysicsSystem.cpp,825,13539369538,5713704,17,
Physics::Step,C:\Users\╨┐╨║\Documents\GitHub\myengine\engine\src\ecs\systems\PhysicsSystem.cpp,825,13557759320,5085259,17,
Physics::Step,C:\Users\╨┐╨║\Documents\GitHub\myengine\engine\src\ecs\systems\PhysicsSystem.cpp,825,13574733012,5751726,17,
Physics::Step,C:\Users\╨┐╨║\Documents\GitHub\myengine\engine\src\ecs\systems\PhysicsSystem.cpp,825,13592714839,5560142,17,
Physics::Step,C:\Users\╨┐╨║\Documents\GitHub\myengine\engine\src\ecs\systems\PhysicsSystem.cpp,825,13611637493,5073969,17,
Physics::Step,C:\Users\╨┐╨║\Documents\GitHub\myengine\engine\src\ecs\systems\PhysicsSystem.cpp,825,13628144589,4928872,17,
Physics::Step,C:\Users\╨┐╨║\Documents\GitHub\myengine\engine\src\ecs\systems\PhysicsSystem.cpp,825,13645307009,4812863,17,
Physics::Step,C:\Users\╨┐╨║\Documents\GitHub\myengine\engine\src\ecs\systems\PhysicsSystem.cpp,825,13661763118,6235405,17,
Physics::Step,C:\Users\╨┐╨║\Documents\GitHub\myengine\engine\src\ecs\systems\PhysicsSystem.cpp,825,13680624246,5192444,17,
Physics::Step,C:\Users\╨┐╨║\Documents\GitHub\myengine\engine\src\ecs\systems\PhysicsSystem.cpp,825,13696828407,4994687,17,
Physics::Step,C:\Users\╨┐╨║\Documents\GitHub\myengine\engine\src\ecs\systems\PhysicsSystem.cpp,825,13713091338,5368157,17,
Physics::Step,C:\Users\╨┐╨║\Documents\GitHub\myengine\engine\src\ecs\systems\PhysicsSystem.cpp,825,13732569167,7189376,17,
Physics::Step,C:\Users\╨┐╨║\Documents\GitHub\myengine\engine\src\ecs\systems\PhysicsSystem.cpp,825,13739758804,6498655,17,
Physics::Step,C:\Users\╨┐╨║\Documents\GitHub\myengine\engine\src\ecs\systems\PhysicsSystem.cpp,825,13759994458,6323627,17,
Physics::Step,C:\Users\╨┐╨║\Documents\GitHub\myengine\engine\src\ecs\systems\PhysicsSystem.cpp,825,13779590806,6514003,17,
Physics::Step,C:\Users\╨┐╨║\Documents\GitHub\myengine\engine\src\ecs\systems\PhysicsSystem.cpp,825,13800811916,7070942,17,
Physics::Step,C:\Users\╨┐╨║\Documents\GitHub\myengine\engine\src\ecs\systems\PhysicsSystem.cpp,825,13807883018,6265092,17,
Physics::Step,C:\Users\╨┐╨║\Documents\GitHub\myengine\engine\src\ecs\systems\PhysicsSystem.cpp,825,13840070701,11120172,17,
Physics::Step,C:\Users\╨┐╨║\Documents\GitHub\myengine\engine\src\ecs\systems\PhysicsSystem.cpp,825,13851200292,9762403,17,
Physics::Step,C:\Users\╨┐╨║\Documents\GitHub\myengine\engine\src\ecs\systems\PhysicsSystem.cpp,825,13880724373,9662043,17,
Physics::Step,C:\Users\╨┐╨║\Documents\GitHub\myengine\engine\src\ecs\systems\PhysicsSystem.cpp,825,13890387799,9891800,17,
Physics::Step,C:\Users\╨┐╨║\Documents\GitHub\myengine\engine\src\ecs\systems\PhysicsSystem.cpp,825,13915932342,7089096,17,
Physics::Step,C:\Users\╨┐╨║\Documents\GitHub\myengine\engine\src\ecs\systems\PhysicsSystem.cpp,825,13923021659,6084346,17,
Physics::Step,C:\Users\╨┐╨║\Documents\GitHub\myengine\engine\src\ecs\systems\PhysicsSystem.cpp,825,13929106246,5796951,17,
Physics::Step,C:\Users\╨┐╨║\Documents\GitHub\myengine\engine\src\ecs\systems\PhysicsSystem.cpp,825,13949746954,7821096,17,
Physics::Step,C:\Users\╨┐╨║\Documents\GitHub\myengine\engine\src\ecs\systems\PhysicsSystem.cpp,825,13957568190,7024965,17,
Physics::Step,C:\Users\╨┐╨║\Documents\GitHub\myengine\engine\src\ecs\systems\PhysicsSystem.cpp,825,13980446394,6133104,17,
Physics::Step,C:\Users\╨┐╨║\Documents\GitHub\myengine\engine\src\ecs\systems\PhysicsSystem.cpp,825,14000660045,6432929,17,
Physics::Step,C:\Users\╨┐╨║\Documents\GitHub\myengine\engine\src\ecs\systems\PhysicsSystem.cpp,825,14007093275,5958207,17,
Physics::Step,C:\Users\╨┐╨║\Documents\GitHub\myengine\engine\src\ecs\systems\PhysicsSystem.cpp,825,14026845245,6258318,17,
Physics::Step,C:\Users\╨┐╨║\Documents\GitHub\myengine\engine\src\ecs\systems\PhysicsSystem.cpp,825,14046712964,5544202,17,
Physics::Step,C:\Users\╨┐╨║\Documents\GitHub\myengine\engine\src\ecs\systems\PhysicsSystem.cpp,825,14065953673,5558788,17,
Physics::Step,C:\Users\╨┐╨║\Documents\GitHub\myengine\engine\src\ecs\systems\PhysicsSystem.cpp,825,14071512652,5112801,17,
Physics::Step,C:\Users\╨┐╨║\Documents\GitHub\myengine\engine\src\ecs\systems\PhysicsSystem.cpp,825,14089994444,5946210,17,
Physics::Step,C:\Users\╨┐╨║\Documents\GitHub\myengine\engine\src\ecs\systems\PhysicsSystem.cpp,825,14110027323,5741485,17,
Physics::Step,C:\Users\╨┐╨║\Documents\GitHub\myengine\engine\src\ecs\systems\PhysicsSystem.cpp,825,14128392397,5714906,17,
Physics::Step,C:\Users\╨┐╨║\Documents\GitHub\myengine\engine\src\ecs\systems\PhysicsSystem.cpp,825,14147187459,5997252,17,
Physics::Step,C:\Users\╨┐╨║\Documents\GitHub\myengine\engine\src\ecs\systems\PhysicsSystem.cpp,825,14167127946,5492714,17,
Physics::Step,C:\Users\╨┐╨║\Documents\GitHub\myengine\engine\src\ecs\systems\PhysicsSystem.cpp,825,14172620750,5566574,17,
Physics::Step,C:\Users\╨┐╨║\Documents\GitHub\myengine\engine\src\ecs\systems\PhysicsSystem.cpp,825,14191020982,5262066,17,
Physics::Step,C:\Users\╨┐╨║\Documents\GitHub\myengine\engine\src\ecs\systems\PhysicsSystem.cpp,825,14211243206,7622148,17,
Physics::Step,C:\Users\╨┐╨║\Documents\GitHub\myengine\engine\src\ecs\systems\PhysicsSystem.cpp,825,14232583472,6139011,17,
Physics::Step,C:\Users\╨┐╨║\Documents\GitHub\myengine\engine\src\ecs\systems\PhysicsSystem.cpp,825,14238722633,7148158,17,
Physics::Step,C:\Users\╨┐╨║\Documents\GitHub\myengine\engine\src\ecs\systems\PhysicsSystem.cpp,825,14260251187,5706089,17,
Physics::Step,C:\Users\╨┐╨║\Documents\GitHub\myengine\engine\src\ecs\systems\PhysicsSystem.cpp,825,14278889391,5435315,17,
Physics::Step,C:\Users\╨┐╨║\Documents\GitHub\myengine\engine\src\ecs\systems\PhysicsSystem.cpp,825,14296830422,5322890,17,
Physics::Step,C:\Users\╨┐╨║\Documents\GitHub\myengine\engine\src\ecs\systems\PhysicsSystem.cpp,825,14315217158,5369709,17,
Physics::Step,C:\Users\╨┐╨║\Documents\GitHub\myengine\engine\src\ecs\systems\PhysicsSystem.cpp,825,14320586917,4895610,17,
Physics::Step,C:\Users\╨┐╨║\Documents\GitHub\myengine\engine\src\ecs\systems\PhysicsSystem.cpp,825,14339247524,5665457,17,
Physics::Step,C:\Users\╨┐╨║\Documents\GitHub\myengine\engine\src\ecs\systems\PhysicsSystem.cpp,825,14357461638,6103397,17,
Physics::Step,C:\Users\╨┐╨║\Documents\GitHub\myengine\engine\src\ecs\systems\PhysicsSystem.cpp,825,14376298403,5040916,17,
Physics::Step,C:\Users\╨┐╨║\Documents\GitHub\myengine\engine\src\ecs\systems\PhysicsSystem.cpp,825,14394265182,5626839,17,
Physics::Step,C:\Users\╨┐╨║\Documents\GitHub\myengine\engine\src\ecs\systems\PhysicsSystem.cpp,825,14412258962,5871642,17,
Physics::Step,C:\Users\╨┐╨║\Documents\GitHub\myengine\engine\src\ecs\systems\PhysicsSystem.cpp,825,14430574372,5089126,17,
Physics::Step,C:\Users\╨┐╨║\Documents\GitHub\myengine\engine\src\ecs\systems\PhysicsSystem.cpp,825,14447799963,5631176,17,
Physics::Step,C:\Users\╨┐╨║\Documents\GitHub\myengine\engine\src\ecs\systems\PhysicsSystem.cpp,825,14467644358,5588034,17,
Physics::Step,C:\Users\╨┐╨║\Documents\GitHub\myengine\engine\src\ecs\systems\PhysicsSystem.cpp,825,14473232522,4939112,17,
Physics::Step,C:\Users\╨┐╨║\Documents\GitHub\myengine\engine\src\ecs\systems\PhysicsSystem.cpp,825,14491102868,5991747,17,
Physics::Step,C:\Users\╨┐╨║\Documents\GitHub\myengine\engine\src\ecs\systems\PhysicsSystem.cpp,825,14509617834,5491726,17,
Physics::Step,C:\Users\╨┐╨║\Documents\GitHub\myengine\engine\src\ecs\systems\PhysicsSystem.cpp,825,14526686681,5602192,17,
Physics::Step,C:\Users\╨┐╨║\Documents\GitHub\myengine\engine\src\ecs\systems\PhysicsSystem.cpp,825,14544820086,5586671,17,
Physics::Step,C:\Users\╨┐╨║\Documents\GitHub\myengine\engine\src\ecs\systems\PhysicsSystem.cpp,825,14562585441,5597373,17,
Physics::Step,C:\Users\╨┐╨║\Documents\GitHub\myengine\engine\src\ecs\systems\PhysicsSystem.cpp,825,14580238043,5963349,17,
Physics::Step,C:\Users\╨┐╨║\Documents\GitHub\myengine\engine\src\ecs\systems\PhysicsSystem.cpp,825,14598352833,5464561,17,
Physics::Step,C:\Users\╨┐╨║\Documents\GitHub\myengine\engine\src\ecs\systems\PhysicsSystem.cpp,825,14603817454,5995969,17,
Physics::Step,C:\Users\╨┐╨║\Documents\GitHub\myengine\engine\src\ecs\systems\PhysicsSystem.cpp,825,14623669724,5182865,17,
Physics::Step,C:\Users\╨┐╨║\Documents\GitHub\myengine\engine\src\ecs\systems\PhysicsSystem.cpp,825,14641553825,5785660,17,
Physics::Step,C:\Users\╨┐╨║\Documents\GitHub\myengine\engine\src\ecs\systems\PhysicsSystem.cpp,825,14660805013,5489848,17,
Physics::Step,C:\Users\╨┐╨║\Documents\GitHub\myengine\engine\src\ecs\systems\PhysicsSystem.cpp,825,14677945222,5234352,17,
Physics::Step,C:\Users\╨┐╨║\Documents\GitHub\myengine\engine\src\ecs\systems\PhysicsSystem.cpp,825,14695914485,5036286,17,
Physics::Step,C:\Users\╨┐╨║\Documents\GitHub\myengine\engine\src\ecs\systems\PhysicsSystem.cpp,825,14713691954,5349501,17,
Physics::Step,C:\Users\╨┐╨║\Documents\GitHub\myengine\engine\src\ecs\systems\PhysicsSystem.cpp,825,14732206553,5334634,17,
Physics::Step,C:\Users\╨┐╨║\Documents\GitHub\myengine\engine\src\ecs\systems\PhysicsSystem.cpp,825,14737541407,4945985,17,
Physics::Step,C:\Users\╨┐╨║\Documents\GitHub\myengine\engine\src\ecs\systems\PhysicsSystem.cpp,825,14755281194,5851214,17,
Physics::Step,C:\Users\╨┐╨║\Documents\GitHub\myengine\engine\src\ecs\systems\PhysicsSystem.cpp,825,14774340227,5379840,17,
Physics::Step,C:\Users\╨┐╨║\Documents\GitHub\myengine\engine\src\ecs\systems\PhysicsSystem.cpp,825,14792149045,5516078,17,
Physics::Step,C:\Users\╨┐╨║\Documents\GitHub\myengine\engine\src\ecs\systems\PhysicsSystem.cpp,825,14810217607,6471654,17,
Physics::Step,C:\Users\╨┐╨║\Documents\GitHub\myengine\engine\src\ecs\systems\PhysicsSystem.cpp,825,14828215024,5327239,17,
Physics::Step,C:\Users\╨┐╨║\Documents\GitHub\myengine\engine\src\ecs\systems\PhysicsSystem.cpp,825,14846344712,5219545,17,
Physics::Step,C:\Users\╨┐╨║\Documents\GitHub\myengine\engine\src\ecs\systems\PhysicsSystem.cpp,825,14863734645,4919324,17,
Physics::Step,C:\Users\╨┐╨║\Documents\GitHub\myengine\engine\src\ecs\systems\PhysicsSystem.cpp,825,14880552210,5283777,17,
Physics::Step,C:\Users\╨┐╨║\Documents\GitHub\myengine\engine\src\ecs\systems\PhysicsSystem.cpp,825,14898028798,5087084,17,
Physics::Step,C:\Users\╨┐╨║\Documents\GitHub\myengine\engine\src\ecs\systems\PhysicsSystem.cpp,825,14903115952,5548719,17,
Physics::Step,C:\Users\╨┐╨║\Documents\GitHub\myengine\engine\src\ecs\systems\PhysicsSystem.cpp,825,14920408589,6012249,17,
Physics::Step,C:\Users\╨┐╨║\Documents\GitHub\myengine\engine\src\ecs\systems\PhysicsSystem.cpp,825,14939366000,4796730,17,
Physics::Step,C:\Users\╨┐╨║\Documents\GitHub\myengine\engine\src\ecs\systems\PhysicsSystem.cpp,825,14957331545,4786562,17,
Physics::Step,C:\Users\╨┐╨║\Documents\GitHub\myengine\engine\src\ecs\systems\PhysicsSystem.cpp,825,14973921318,5139042,17,
Physics::Step,C:\Users\╨┐╨║\Documents\GitHub\myengine\engine\src\ecs\systems\PhysicsSystem.cpp,825,14991835437,5969619,17,
Physics::Step,C:\Users\╨┐╨║\Documents\GitHub\myengine\engine\src\ecs\systems\PhysicsSystem.cpp,825,15009992456,5230867,17,
Physics::Step,C:\Users\╨┐╨║\Documents\GitHub\myengine\engine\src\ecs\systems\PhysicsSystem.cpp,825,15027811856,5295939,17,
Physics::Step,C:\Users\╨┐╨║\Documents\GitHub\myengine\engine\src\ecs\systems\PhysicsSystem.cpp,825,15045722337,5449952,17,
Physics::Step,C:\Users\╨┐╨║\Documents\GitHub\myengine\engine\src\ecs\systems\PhysicsSystem.cpp,825,15062621517,5000579,17,
Physics::Step,C:\Users\╨┐╨║\Documents\GitHub\myengine\engine\src\ecs\systems\PhysicsSystem.cpp,825,15080499166,6136026,17,
Physics::Step,C:\Users\╨┐╨║\Documents\GitHub\myengine\engine\src\ecs\systems\PhysicsSystem.cpp,825,15098610399,5398205,17,
Physics::Step,C:\Users\╨┐╨║\Documents\GitHub\myengine\engine\src\ecs\systems\PhysicsSystem.cpp,825,15104008904,5231558,17,
Physics::Step,C:\Users\╨┐╨║\Documents\GitHub\myengine\engine\src\ecs\systems\PhysicsSystem.cpp,825,15123581833,5171835,17,
Physics::Step,C:\Users\╨┐╨║\Documents\GitHub\myengine\engine\src\ecs\systems\PhysicsSystem.cpp,825,15141979921,5904888,17,
Physics::Step,C:\Users\╨┐╨║\Documents\GitHub\myengine\engine\src\ecs\systems\PhysicsSystem.cpp,825,15159551649,5565293,17,
Physics::Step,C:\Users\╨┐╨║\Documents\GitHub\myengine\engine\src\ecs\systems\PhysicsSystem.cpp,825,15177646562,6301219,17,
Physics::Step,C:\Users\╨┐╨║\Documents\GitHub\myengine\engine\src\ecs\systems\PhysicsSystem.cpp,825,15196012955,5629958,17,
Physics::Step,C:\Users\╨┐╨║\Documents\GitHub\myengine\engine\src\ecs\systems\PhysicsSystem.cpp,825,15214032457,5262947,17,
Physics::Step,C:\Users\╨┐╨║\Documents\GitHub\myengine\engine\src\ecs\systems\PhysicsSystem.cpp,825,15231564600,5605910,17,
Physics::Step,C:\Users\╨┐╨║\Documents\GitHub\myengine\engine\src\ecs\systems\PhysicsSystem.cpp,825,15237170640,5252167,17,
Physics::Step,C:\Users\╨┐╨║\Documents\GitHub\myengine\engine\src\ecs\systems\PhysicsSystem.cpp,825,15254990138,5999186,17,
Physics::Step,C:\Users\╨┐╨║\Documents\GitHub\myengine\engine\src\ecs\systems\PhysicsSystem.cpp,825,15274041597,5087480,17,
Physics::Step,C:\Users\╨┐╨║\Documents\GitHub\myengine\engine\src\ecs\systems\PhysicsSystem.cpp,825,15291045963,5586756,17,
Physics::Step,C:\Users\╨┐╨║\Documents\GitHub\myengine\engine\src\ecs\systems\PhysicsSystem.cpp,825,15309818917,5520277,17,
Physics::Step,C:\Users\╨┐╨║\Documents\GitHub\myengine\engine\src\ecs\systems\PhysicsSystem.cpp,825,15327644117,5357968,17,
Physics::Step,C:\Users\╨┐╨║\Documents\GitHub\myengine\engine\src\ecs\systems\PhysicsSystem.cpp,825,15345461692,5418542,17,
Physics::Step,C:\Users\╨┐╨║\Documents\GitHub\myengine\engine\src\ecs\systems\PhysicsSystem.cpp,825,15363624824,5237769,17,
Physics::Step,C:\Users\╨┐╨║\Documents\GitHub\myengine\engine\src\ecs\systems\PhysicsSystem.cpp,825,15380601351,5425937,17,
Physics::Step,C:\Users\╨┐╨║\Documents\GitHub\myengine\engine\src\ecs\systems\PhysicsSystem.cpp,825,15399773009,5923261,17,
Physics::Step,C:\Users\╨┐╨║\Documents\GitHub\myengine\engine\src\ecs\systems\PhysicsSystem.cpp,825,15405696531,5004847,17,
Physics::Step,C:\Users\╨┐╨║\Documents\GitHub\myengine\engine\src\ecs\systems\PhysicsSystem.cpp,825,15423606161,5259780,17,
Physics::Step,C:\Users\╨┐╨║\Documents\GitHub\myengine\engine\src\ecs\systems\PhysicsSystem.cpp,825,15440880614,4904722,17,
Physics::Step,C:\Users\╨┐╨║\Documents\GitHub\myengine\engine\src\ecs\systems\PhysicsSystem.cpp,825,15456913214,4615200,17,
Physics::Step,C:\Users\╨┐╨║\Documents\GitHub\myengine\engine\src\ecs\systems\PhysicsSystem.cpp,825,15472484596,5183066,17,
Physics::Step,C:\Users\╨┐╨║\Documents\GitHub\myengine\engine\src\ecs\systems\PhysicsSystem.cpp,825,15488515928,5075798,17,
Physics::Step,C:\Users\╨┐╨║\Documents\GitHub\myengine\engine\src\ecs\systems\PhysicsSystem.cpp,825,15507072072,5407225,17,
Physics::Step,C:\Users\╨┐╨║\Documents\GitHub\myengine\engine\src\ecs\systems\PhysicsSystem.cpp,825,15524263181,5254071,17,
Physics::Step,C:\Users\╨┐╨║\Documents\GitHub\myengine\engine\src\ecs\systems\PhysicsSystem.cpp,825,15542764676,5378937,17,
Physics::Step,C:\Users\╨┐╨║\Documents\GitHub\myengine\engine\src\ecs\systems\PhysicsSystem.cpp,825,15561590416,6023301,17,
Physics::Step,C:\Users\╨┐╨║\Documents\GitHub\myengine\engine\src\ecs\systems\PhysicsSystem.cpp,825,15579980238,5514284,17,
Physics::Step,C:\Users\╨┐╨║\Documents\GitHub\myengine\engine\src\ecs\systems\PhysicsSystem.cpp,825,15598170171,5439912,17,
Physics::Step,C:\Users\╨┐╨║\Documents\GitHub\myengine\engine\src\ecs\systems\PhysicsSystem.cpp,825,15603610675,5410186,17,
Physics::Step,C:\Users\╨┐╨║\Documents\GitHub\myengine\engine\src\ecs\systems\PhysicsSystem.cpp,825,15622344711,6426518,17,
Physics::Step,C:\Users\╨┐╨║\Documents\GitHub\myengine\engine\src\ecs\systems\PhysicsSystem.cpp,825,15641587118,5871658,17,
Physics::Step,C:\Users\╨┐╨║\Documents\GitHub\myengine\engine\src\ecs\systems\PhysicsSystem.cpp,825,15663772074,6355061,17,
Physics::Step,C:\Users\╨┐╨║\Documents\GitHub\myengine\engine\src\ecs\systems\PhysicsSystem.cpp,825,15684007763,6720104,17,
Physics::Step,C:\Users\╨┐╨║\Documents\GitHub\myengine\engine\src\ecs\systems\PhysicsSystem.cpp,825,15690728017,5152528,17,
Physics::Step,C:\Users\╨┐╨║\Documents\GitHub\myengine\engine\src\ecs\systems\PhysicsSystem.cpp,825,15711111857,6076343,17,
Physics::Step,C:\Users\╨┐╨║\Documents\GitHub\myengine\engine\src\ecs\systems\PhysicsSystem.cpp,825,15732998371,6606990,17,
Physics::Step,C:\Users\╨┐╨║\Documents\GitHub\myengine\engine\src\ecs\systems\PhysicsSystem.cpp,825,15739605571,5708796,17,
Physics::Step,C:\Users\╨┐╨║\Documents\GitHub\myengine\engine\src\ecs\systems\PhysicsSystem.cpp,825,15761597612,6580515,17,
Physics::Step,C:\Users\╨┐╨║\Documents\GitHub\myengine\engine\src\ecs\systems\PhysicsSystem.cpp,825,15784132778,6826252,17,
Physics::Step,C:\Users\╨┐╨║\Documents\GitHub\myengine\engine\src\ecs\systems\PhysicsSystem.cpp,825,15790959380,6294567,17,
Physics::Step,C:\Users\╨┐╨║\Documents\GitHub\myengine\engine\src\ecs\systems\PhysicsSystem.cpp,825,15811690746,6186546,17,
Physics::Step,C:\Users\╨┐╨║\Documents\GitHub\myengine\engine\src\ecs\systems\PhysicsSystem.cpp,825,15831731707,6376585,17,
Physics::Step,C:\Users\╨┐╨║\Documents\GitHub\myengine\engine\src\ecs\systems\PhysicsSystem.cpp,825,15838108422,5624563,17,
Physics::Step,C:\Users\╨┐╨║\Documents\GitHub\myengine\engine\src\ecs\systems\PhysicsSystem.cpp,825,15857823030,5651646,17,
Physics::Step,C:\Users\╨┐╨║\Documents\GitHub\myengine\engine\src\ecs\systems\PhysicsSystem.cpp,825,15877684577,5958790,17,
Physics::Step,C:\Users\╨┐╨║\Documents\GitHub\myengine\engine\src\ecs\systems\PhysicsSystem.cpp,825,15897131668,5899025,17,
Physics::Step,C:\Users\╨┐╨║\Documents\GitHub\myengine\engine\src\ecs\systems\PhysicsSystem.cpp,825,15916935366,5823792,17,
Physics::Step,C:\Users\╨┐╨║\Documents\GitHub\myengine\engine\src\ecs\systems\PhysicsSystem.cpp,825,15922759389,5983495,17,
Physics::Step,C:\Users\╨┐╨║\Documents\GitHub\myengine\engine\src\ecs\systems\PhysicsSystem.cpp,825,15942389818,5696631,17,
Physics::Step,C:\Users\╨┐╨║\Documents\GitHub\myengine\engine\src\ecs\systems\PhysicsSystem.cpp,825,15961291452,6058930,17,
Physics::Step,C:\Users\╨┐╨║\Documents\GitHub\myengine\engine\src\ecs\systems\PhysicsSystem.cpp,825,15980198135,6140235,17,
Physics::Step,C:\Users\╨┐╨║\Documents\GitHub\myengine\engine\src\ecs\systems\PhysicsSystem.cpp,825,15999548131,6448741,17,
Physics::Step,C:\Users\╨┐╨║\Documents\GitHub\myengine\engine\src\ecs\systems\PhysicsSystem.cpp,825,16005997032,6134503,17,
Physics::Step,C:\Users\╨┐╨║\Documents\GitHub\myengine\engine\src\ecs\systems\PhysicsSystem.cpp,825,16029016448,6179638,17,
Physics::Step,C:\Users\╨┐╨║\Documents\GitHub\myengine\engine\src\ecs\systems\PhysicsSystem.cpp,825,16050462726,6339833,17,
Physics::Step,C:\Users\╨┐╨║\Documents\GitHub\myengine\engine\src\ecs\systems\PhysicsSystem.cpp,825,16056802810,5406238,17,
Physics::Step,C:\Users\╨┐╨║\Documents\GitHub\myengine\engine\src\ecs\systems\PhysicsSystem.cpp,825,16076795935,5774821,17,
Physics::Step,C:\Users\╨┐╨║\Documents\GitHub\myengine\engine\src\ecs\systems\PhysicsSystem.cpp,825,16096609974,6207191,17,
Physics::Step,C:\Users\╨┐╨║\Documents\GitHub\myengine\engine\src\ecs\systems\PhysicsSystem.cpp,825,16117023470,5843621,17,
Physics::Step,C:\Users\╨┐╨║\Documents\GitHub\myengine\engine\src\ecs\systems\PhysicsSystem.cpp,825,16122867261,5730375,17,
Physics::Step,C:\Users\╨┐╨║\Documents\GitHub\myengine\engine\src\ecs\systems\PhysicsSystem.cpp,825,16143660779,7087313,17,
Physics::Step,C:\Users\╨┐╨║\Documents\GitHub\myengine\engine\src\ecs\systems\PhysicsSystem.cpp,825,16166708449,7610496,17,
Physics::Step,C:\Users\╨┐╨║\Documents\GitHub\myengine\engine\src\ecs\systems\PhysicsSystem.cpp,825,16174319315,6354882,17,
Physics::Step,C:\Users\╨┐╨║\Documents\GitHub\myengine\engine\src\ecs\systems\PhysicsSystem.cpp,825,16196321239,5679359,17,
Physics::Step,C:\Users\╨┐╨║\Documents\GitHub\myengine\engine\src\ecs\systems\PhysicsSystem.cpp,825,16215889399,5944392,17,
Physics::Step,C:\Users\╨┐╨║\Documents\GitHub\myengine\engine\src\ecs\systems\PhysicsSystem.cpp,825,16221834021,5633651,17,
Physics::Step,C:\Users\╨┐╨║\Documents\GitHub\myengine\engine\src\ecs\systems\PhysicsSystem.cpp,825,16241095759,6220136,17,
Physics::Step,C:\Users\╨┐╨║\Documents\GitHub\myengine\engine\src\ecs\systems\PhysicsSystem.cpp,825,16262016319,6079138,17,
Physics::Step,C:\Users\╨┐╨║\Documents\GitHub\myengine\engine\src\ecs\systems\PhysicsSystem.cpp,825,16282254864,5911509,17,
Physics::Step,C:\Users\╨┐╨║\Documents\GitHub\myengine\engine\src\ecs\systems\PhysicsSystem.cpp,825,16288166964,5733260,17,
Physics::Step,C:\Users\╨┐╨║\Documents\GitHub\myengine\engine\src\ecs\systems\PhysicsSystem.cpp,825,16309135934,6005698,17,
Physics::Step,C:\Users\╨┐╨║\Documents\GitHub\myengine\engine\src\ecs\systems\PhysicsSystem.cpp,825,16328423672,5657727,17,
Physics::Step,C:\Users\╨┐╨║\Documents\GitHub\myengine\engine\src\ecs\systems\PhysicsSystem.cpp,825,16347524585,5746766,17,
Physics::Step,C:\Users\╨┐╨║\Documents\GitHub\myengine\engine\src\ecs\systems\PhysicsSystem.cpp,825,16367510865,5727532,17,
Physics::Step,C:\Users\╨┐╨║\Documents\GitHub\myengine\engine\src\ecs\systems\PhysicsSystem.cpp,825,16373238798,5847961,17,
Physics::Step,C:\Users\╨┐╨║\Documents\GitHub\myengine\engine\src\ecs\systems\PhysicsSystem.cpp,825,16392670802,7484406,17,
Physics::Step,C:\Users\╨┐╨║\Documents\GitHub\myengine\engine\src\ecs\systems\PhysicsSystem.cpp,825,16415301545,7049104,17,
Physics::Step,C:\Users\╨┐╨║\Documents\GitHub\myengine\engine\src\ecs\systems\PhysicsSystem.cpp,825,16422351060,6260172,17,
Physics::Step,C:\Users\╨┐╨║\Documents\GitHub\myengine\engine\src\ecs\systems\PhysicsSystem.cpp,825,16441994764,5392413,17,
Physics::Step,C:\Users\╨┐╨║\Documents\GitHub\myengine\engine\src\ecs\systems\PhysicsSystem.cpp,825,16460242156,6008384,17,
Physics::Step,C:\Users\╨┐╨║\Documents\GitHub\myengine\engine\src\ecs\systems\PhysicsSystem.cpp,825,16478200548,5261535,17,
Physics::Step,C:\Users\╨┐╨║\Documents\GitHub\myengine\engine\src\ecs\systems\PhysicsSystem.cpp,825,16496550884,6145766,17,
Physics::Step,C:\Users\╨┐╨║\Documents\GitHub\myengine\engine\src\ecs\systems\PhysicsSystem.cpp,825,16517881433,5922791,17,
Physics::Step,C:\Users\╨┐╨║\Documents\GitHub\myengine\engine\src\ecs\systems\PhysicsSystem.cpp,825,16523805116,5780811,17,
Physics::Step,C:\Users\╨┐╨║\Documents\GitHub\myengine\engine\src\ecs\systems\PhysicsSystem.cpp,825,16543601921,6590068,17,
Physics::Step,C:\Users\╨┐╨║\Documents\GitHub\myengine\engine\src\ecs\systems\PhysicsSystem.cpp,825,16564377262,6910719,17,
Physics::Step,C:\Users\╨┐╨║\Documents\GitHub\myengine\engine\src\ecs\systems\PhysicsSystem.cpp,825,16589142346,10182942,17,
Physics::Step,C:\Users\╨┐╨║\Documents\GitHub\myengine\engine\src\ecs\systems\PhysicsSystem.cpp,825,16599325469,9375369,17,
Physics::Step,C:\Users\╨┐╨║\Documents\GitHub\myengine\engine\src\ecs\systems\PhysicsSystem.cpp,825,16628302503,10673224,17,
Physics::Step,C:\Users\╨┐╨║\Documents\GitHub\myengine\engine\src\ecs\systems\PhysicsSystem.cpp,825,16638976388,8869848,17,
Physics::Step,C:\Users\╨┐╨║\Documents\GitHub\myengine\engine\src\ecs\systems\PhysicsSystem.cpp,825,16667562454,10519305,17,
Physics::Step,C:\Users\╨┐╨║\Documents\GitHub\myengine\engine\src\ecs\systems\PhysicsSystem.cpp,825,16678082240,8636637,17,
Physics::Step,C:\Users\╨┐╨║\Documents\GitHub\myengine\engine\src\ecs\systems\PhysicsSystem.cpp,825,16686719418,8102962,17,
Physics::Step,C:\Users\╨┐╨║\Documents\GitHub\myengine\engine\src\ecs\systems\PhysicsSystem.cpp,825,16713990529,8732909,17,
Physics::Step,C:\Users\╨┐╨║\Documents\GitHub\myengine\engine\src\ecs\systems\PhysicsSystem.cpp,825,16722723588,9149841,17,
Physics::Step,C:\Users\╨┐╨║\Documents\GitHub\myengine\engine\src\ecs\systems\PhysicsSystem.cpp,825,16751230047,9677282,17,
Physics::Step,C:\Users\╨┐╨║\Documents\GitHub\myengine\engine\src\ecs\systems\PhysicsSystem.cpp,825,16760907519,7927139,17,
Physics::Step,C:\Users\╨┐╨║\Documents\GitHub\myengine\engine\src\ecs\systems\PhysicsSystem.cpp,825,16768834799,8713582,17,
Physics::Step,C:\Users\╨┐╨║\Documents\GitHub\myengine\engine\src\ecs\systems\PhysicsSystem.cpp,825,16793936190,6733731,17,
Physics::Step,C:\Users\╨┐╨║\Documents\GitHub\myengine\engine\src\ecs\systems\PhysicsSystem.cpp,825,16800670923,8861532,17,
Physics::Step,C:\Users\╨┐╨║\Documents\GitHub\myengine\engine\src\ecs\systems\PhysicsSystem.cpp,825,16830724560,7325165,17,
Physics::Step,C:\Users\╨┐╨║\Documents\GitHub\myengine\engine\src\ecs\systems\PhysicsSystem.cpp,825,16838050066,7732977,17,
Physics::Step,C:\Users\╨┐╨║\Documents\GitHub\myengine\engine\src\ecs\systems\PhysicsSystem.cpp,825,16861311492,7463582,17,
Physics::Step,C:\Users\╨┐╨║\Documents\GitHub\myengine\engine\src\ecs\systems\PhysicsSystem.cpp,825,16868775324,6951549,17,
Physics::Step,C:\Users\╨┐╨║\Documents\GitHub\myengine\engine\src\ecs\systems\PhysicsSystem.cpp,825,16891313156,6734877,17,
Physics::Step,C:\Users\╨┐╨║\Documents\GitHub\myengine\engine\src\ecs\systems\PhysicsSystem.cpp,825,16898048674,6887790,17,
Physics::Step,C:\Users\╨┐╨║\Documents\GitHub\myengine\engine\src\ecs\systems\PhysicsSystem.cpp,825,16923046950,7451354,17,
Physics::Step,C:\Users\╨┐╨║\Documents\GitHub\myengine\engine\src\ecs\systems\PhysicsSystem.cpp,825,16930498725,6989707,17,
Physics::Step,C:\Users\╨┐╨║\Documents\GitHub\myengine\engine\src\ecs\systems\PhysicsSystem.cpp,825,16954716427,8390297,17,
Physics::Step,C:\Users\╨┐╨║\Documents\GitHub\myengine\engine\src\ecs\systems\PhysicsSystem.cpp,825,16963107015,6380099,17,
Physics::Step,C:\Users\╨┐╨║\Documents\GitHub\myengine\engine\src\ecs\systems\PhysicsSystem.cpp,825,16987289189,6056996,17,
Physics::Step,C:\Users\╨┐╨║\Documents\GitHub\myengine\engine\src\ecs\systems\PhysicsSystem.cpp,825,16993346536,6709434,17,
Physics::Step,C:\Users\╨┐╨║\Documents\GitHub\myengine\engine\src\ecs\systems\PhysicsSystem.cpp,825,17016829433,8836896,17,
Physics::Step,C:\Users\╨┐╨║\Documents\GitHub\myengine\engine\src\ecs\systems\PhysicsSystem.cpp,825,17025666730,7713532,17,
Physics::Step,C:\Users\╨┐╨║\Documents\GitHub\myengine\engine\src\ecs\systems\PhysicsSystem.cpp,825,17053299609,7213842,17,
Physics::Step,C:\Users\╨┐╨║\Documents\GitHub\myengine\engine\src\ecs\systems\PhysicsSystem.cpp,825,17060513752,9455481,17,
Physics::Step,C:\Users\╨┐╨║\Documents\GitHub\myengine\engine\src\ecs\systems\PhysicsSystem.cpp,825,17089320562,8309914,17,
Physics::Step,C:\Users\╨┐╨║\Documents\GitHub\myengine\engine\src\ecs\systems\PhysicsSystem.cpp,825,17097630667,9876647,17,
Physics::Step,C:\Users\╨┐╨║\Documents\GitHub\myengine\engine\src\ecs\systems\PhysicsSystem.cpp,825,17122795610,7899966,17,
Physics::Step,C:\Users\╨┐╨║\Documents\GitHub\myengine\engine\src\ecs\systems\PhysicsSystem.cpp,825,17130696057,6382342,17,
Physics::Step,C:\Users\╨┐╨║\Documents\GitHub\myengine\engine\src\ecs\systems\PhysicsSystem.cpp,825,17151763114,7203829,17,
Physics::Step,C:\Users\╨┐╨║\Documents\GitHub\myengine\engine\src\ecs\systems\PhysicsSystem.cpp,825,17158967104,7074121,17,
Physics::Step,C:\Users\╨┐╨║\Documents\GitHub\myengine\engine\src\ecs\systems\PhysicsSystem.cpp,825,17183138713,6369409,17,
Physics::Step,C:\Users\╨┐╨║\Documents\GitHub\myengine\engine\src\ecs\systems\PhysicsSystem.cpp,825,17189508633,5494467,17,
Physics::Step,C:\Users\╨┐╨║\Documents\GitHub\myengine\engine\src\ecs\systems\PhysicsSystem.cpp,825,17209446636,7692432,17,
Physics::Step,C:\Users\╨┐╨║\Documents\GitHub\myengine\engine\src\ecs\systems\PhysicsSystem.cpp,825,17235975554,7548553,17,
Physics::Step,C:\Users\╨┐╨║\Documents\GitHub\myengine\engine\src\ecs\systems\PhysicsSystem.cpp,825,17243524438,6764399,17,
Physics::Step,C:\Users\╨┐╨║\Documents\GitHub\myengine\engine\src\ecs\systems\PhysicsSystem.cpp,825,17265729102,6869452,17,
Physics::Step,C:\Users\╨┐╨║\Documents\GitHub\myengine\engine\src\ecs\systems\PhysicsSystem.cpp,825,17272599145,7546787,17,
Physics::Step,C:\Users\╨┐╨║\Documents\GitHub\myengine\engine\src\ecs\systems\PhysicsSystem.cpp,825,17297532163,6888609,17,
Physics::Step,C:\Users\╨┐╨║\Documents\GitHub\myengine\engine\src\ecs\systems\PhysicsSystem.cpp,825,17323333267,8640613,17,
Physics::Step,C:\Users\╨┐╨║\Documents\GitHub\myengine\engine\src\ecs\systems\PhysicsSystem.cpp,825,17331974591,7861454,17,
Physics::Step,C:\Users\╨┐╨║\Documents\GitHub\myengine\engine\src\ecs\systems\PhysicsSystem.cpp,825,17354037722,5668057,17,
Physics::Step,C:\Users\╨┐╨║\Documents\GitHub\myengine\engine\src\ecs\systems\PhysicsSystem.cpp,825,17359705979,5295990,17,
Physics::Step,C:\Users\╨┐╨║\Documents\GitHub\myengine\engine\src\ecs\systems\PhysicsSystem.cpp,825,17377197184,5946205,17,
Physics::Step,C:\Users\╨┐╨║\Documents\GitHub\myengine\engine\src\ecs\systems\PhysicsSystem.cpp,825,17395886675,5345774,17,
Physics::Step,C:\Users\╨┐╨║\Documents\GitHub\myengine\engine\src\ecs\systems\PhysicsSystem.cpp,825,17413763182,5650173,17,
Physics::Step,C:\Users\╨┐╨║\Documents\GitHub\myengine\engine\src\ecs\systems\PhysicsSystem.cpp,825,17433487409,5921237,17,
Physics::Step,C:\Users\╨┐╨║\Documents\GitHub\myengine\engine\src\ecs\systems\PhysicsSystem.cpp,825,17439408916,5286213,17,
Physics::Step,C:\Users\╨┐╨║\Documents\GitHub\myengine\engine\src\ecs\systems\PhysicsSystem.cpp,825,17457364309,5457872,17,
Physics::Step,C:\Users\╨┐╨║\Documents\GitHub\myengine\engine\src\ecs\systems\PhysicsSystem.cpp,825,17474975336,5659771,17,
Physics::Step,C:\Users\╨┐╨║\Documents\GitHub\myengine\engine\src\ecs\systems\PhysicsSystem.cpp,825,17493626836,5838230,17,
Physics::Step,C:\Users\╨┐╨║\Documents\GitHub\myengine\engine\src\ecs\systems\PhysicsSystem.cpp,825,17513090327,5285676,17,
Physics::Step,C:\Users\╨┐╨║\Documents\GitHub\myengine\engine\src\ecs\systems\PhysicsSystem.cpp,825,17531135410,6236652,17,
Physics::Step,C:\Users\╨┐╨║\Documents\GitHub\myengine\engine\src\ecs\systems\PhysicsSystem.cpp,825,17549961735,5338130,17,
Physics::Step,C:\Users\╨┐╨║\Documents\GitHub\myengine\engine\src\ecs\systems\PhysicsSystem.cpp,825,17555300146,4763214,17,
Physics::Step,C:\Users\╨┐╨║\Documents\GitHub\myengine\engine\src\ecs\systems\PhysicsSystem.cpp,825,17572676794,5303164,17,
Physics::Step,C:\Users\╨┐╨║\Documents\GitHub\myengine\engine\src\ecs\systems\PhysicsSystem.cpp,825,17590759213,5575559,17,
Physics::Step,C:\Users\╨┐╨║\Documents\GitHub\myengine\engine\src\ecs\systems\PhysicsSystem.cpp,825,17609907666,6190017,17,
Physics::Step,C:\Users\╨┐╨║\Documents\GitHub\myengine\engine\src\ecs\systems\PhysicsSystem.cpp,825,17631202506,5466613,17,
Physics::Step,C:\Users\╨┐╨║\Documents\GitHub\myengine\engine\src\ecs\systems\PhysicsSystem.cpp,825,17648555818,5214917,17,
Physics::Step,C:\Users\╨┐╨║\Documents\GitHub\myengine\engine\src\ecs\systems\PhysicsSystem.cpp,825,17653770885,5579338,17,
Physics::Step,C:\Users\╨┐╨║\Documents\GitHub\myengine\engine\src\ecs\systems\PhysicsSystem.cpp,825,17671870917,5856582,17,
Physics::Step,C:\Users\╨┐╨║\Documents\GitHub\myengine\engine\src\ecs\systems\PhysicsSystem.cpp,825,17691898420,6347445,17,
Physics::Step,C:\Users\╨┐╨║\Documents\GitHub\myengine\engine\src\ecs\systems\PhysicsSystem.cpp,825,17710674927,5510897,17,
Physics::Step,C:\Users\╨┐╨║\Documents\GitHub\myengine\engine\src\ecs\systems\PhysicsSystem.cpp,825,17729118491,5559300,17,
Physics::Step,C:\Users\╨┐╨║\Documents\GitHub\myengine\engine\src\ecs\systems\PhysicsSystem.cpp,825,17749831972,5442151,17,
Physics::Step,C:\Users\╨┐╨║\Documents\GitHub\myengine\engine\src\ecs\systems\PhysicsSystem.cpp,825,17755274374,5213743,17,
Physics::Step,C:\Users\╨┐╨║\Documents\GitHub\myengine\engine\src\ecs\systems\PhysicsSystem.cpp,825,17773124331,5632077,17,
Physics::Step,C:\Users\╨┐╨║\Documents\GitHub\myengine\engine\src\ecs\systems\PhysicsSystem.cpp,825,17791072870,5122335,17,
Physics::Step,C:\Users\╨┐╨║\Documents\GitHub\myengine\engine\src\ecs\systems\PhysicsSystem.cpp,825,17808752764,5786617,17,
Physics::Step,C:\Users\╨┐╨║\Documents\GitHub\myengine\engine\src\ecs\systems\PhysicsSystem.cpp,825,17827297590,5739112,17,
Physics::Step,C:\Users\╨┐╨║\Documents\GitHub\myengine\engine\src\ecs\systems\PhysicsSystem.cpp,825,17845600718,5476883,17,
Physics::Step,C:\Users\╨┐╨║\Documents\GitHub\myengine\engine\src\ecs\systems\PhysicsSystem.cpp,825,17863804196,5628286,17,
Physics::Step,C:\Users\╨┐╨║\Documents\GitHub\myengine\engine\src\ecs\systems\PhysicsSystem.cpp,825,17882228498,5523713,17,
Physics::Step,C:\Users\╨┐╨║\Documents\GitHub\myengine\engine\src\ecs\systems\PhysicsSystem.cpp,825,17887752401,5405844,17,
Physics::Step,C:\Users\╨┐╨║\Documents\GitHub\myengine\engine\src\ecs\systems\PhysicsSystem.cpp,825,17905804186,5194107,17,
Physics::Step,C:\Users\╨┐╨║\Documents\GitHub\myengine\engine\src\ecs\systems\PhysicsSystem.cpp,825,17922952981,5284067,17,
Physics::Step,C:\Users\╨┐╨║\Documents\GitHub\myengine\engine\src\ecs\systems\PhysicsSystem.cpp,825,17940736201,5788405,17,
Physics::Step,C:\Users\╨┐╨║\Documents\GitHub\myengine\engine\src\ecs\systems\PhysicsSystem.cpp,825,17962358704,6681705,17,
Physics::Step,C:\Users\╨┐╨║\Documents\GitHub\myengine\engine\src\ecs\systems\PhysicsSystem.cpp,825,17987563255,6124764,17,
Physics::Step,C:\Users\╨┐╨║\Documents\GitHub\myengine\engine\src\ecs\systems\PhysicsSystem.cpp,825,17993689331,7434963,17,
Physics::Step,C:\Users\╨┐╨║\Documents\GitHub\myengine\engine\src\ecs\systems\PhysicsSystem.cpp,825,18016528426,6108668,17,
Physics::Step,C:\Users\╨┐╨║\Documents\GitHub\myengine\engine\src\ecs\systems\PhysicsSystem.cpp,825,18022637425,6191967,17,
Physics::Step,C:\Users\╨┐╨║\Documents\GitHub\myengine\engine\src\ecs\systems\PhysicsSystem.cpp,825,18046054452,7188950,17,
Physics::Step,C:\Users\╨┐╨║\Documents\GitHub\myengine\engine\src\ecs\systems\PhysicsSystem.cpp,825,18066649748,5493445,17,
Physics::Step,C:\Users\╨┐╨║\Documents\GitHub\myengine\engine\src\ecs\systems\PhysicsSystem.cpp,825,18072143313,5799266,17,
Physics::Step,C:\Users\╨┐╨║\Documents\GitHub\myengine\engine\src\ecs\systems\PhysicsSystem.cpp,825,18092283340,5482369,17,
Physics::Step,C:\Users\╨┐╨║\Documents\GitHub\myengine\engine\src\ecs\systems\PhysicsSystem.cpp,825,18110144433,5478216,17,
Physics::Step,C:\Users\╨┐╨║\Documents\GitHub\myengine\engine\src\ecs\systems\PhysicsSystem.cpp,825,18127737080,5824073,17,
Physics::Step,C:\Users\╨┐╨║\Documents\GitHub\myengine\engine\src\ecs\systems\PhysicsSystem.cpp,825,18146966182,5418386,17,
Physics::Step,C:\Users\╨┐╨║\Documents\GitHub\myengine\engine\src\ecs\systems\PhysicsSystem.cpp,825,18164563944,5545424,17,
Physics::Step,C:\Users\╨┐╨║\Documents\GitHub\myengine\engine\src\ecs\systems\PhysicsSystem.cpp,825,18182941373,6358217,17,
Physics::Step,C:\Users\╨┐╨║\Documents\GitHub\myengine\engine\src\ecs\systems\PhysicsSystem.cpp,825,18189299730,5554921,17,
Physics::Step,C:\Users\╨┐╨║\Documents\GitHub\myengine\engine\src\ecs\systems\PhysicsSystem.cpp,825,18207128137,5159440,17,
Physics::Step,C:\Users\╨┐╨║\Documents\GitHub\myengine\engine\src\ecs\systems\PhysicsSystem.cpp,825,18225140937,6167907,17,
Physics::Step,C:\Users\╨┐╨║\Documents\GitHub\myengine\engine\src\ecs\systems\PhysicsSystem.cpp,825,18246680933,6091151,17,
Physics::Step,C:\Users\╨┐╨║\Documents\GitHub\myengine\engine\src\ecs\systems\PhysicsSystem.cpp,825,18266759814,5291084,17,
Physics::Step,C:\Users\╨┐╨║\Documents\GitHub\myengine\engine\src\ecs\systems\PhysicsSystem.cpp,825,18272050958,5299153,17,
Physics::Step,C:\Users\╨┐╨║\Documents\GitHub\myengine\engine\src\ecs\systems\PhysicsSystem.cpp,825,18289550225,5362700,17,
Physics::Step,C:\Users\╨┐╨║\Documents\GitHub\myengine\engine\src\ecs\systems\PhysicsSystem.cpp,825,18307467590,6204751,17,
Physics::Step,C:\Users\╨┐╨║\Documents\GitHub\myengine\engine\src\ecs\systems\PhysicsSystem.cpp,825,18326519084,5270311,17,
Physics::Step,C:\Users\╨┐╨║\Documents\GitHub\myengine\engine\src\ecs\systems\PhysicsSystem.cpp,825,18344978278,5512290,17,
Physics::Step,C:\Users\╨┐╨║\Documents\GitHub\myengine\engine\src\ecs\systems\PhysicsSystem.cpp,825,18363005149,5642875,17,
Physics::Step,C:\Users\╨┐╨║\Documents\GitHub\myengine\engine\src\ecs\systems\PhysicsSystem.cpp,825,18379998184,5709269,17,
Physics::Step,C:\Users\╨┐╨║\Documents\GitHub\myengine\engine\src\ecs\systems\PhysicsSystem.cpp,825,18398705660,5604881,17,
Physics::Step,C:\Users\╨┐╨║\Documents\GitHub\myengine\engine\src\ecs\systems\PhysicsSystem.cpp,825,18404310752,6513613,17,
Physics::Step,C:\Users\╨┐╨║\Documents\GitHub\myengine\engine\src\ecs\systems\PhysicsSystem.cpp,825,18423285355,5425555,17,
Physics::Step,C:\Users\╨┐╨║\Documents\GitHub\myengine\engine\src\ecs\systems\PhysicsSystem.cpp,825,18441226149,6225170,17,
Physics::Step,C:\Users\╨┐╨║\Documents\GitHub\myengine\engine\src\ecs\systems\PhysicsSystem.cpp,825,18459366352,5703429,17,
Physics::Step,C:\Users\╨┐╨║\Documents\GitHub\myengine\engine\src\ecs\systems\PhysicsSystem.cpp,825,18477076027,5166389,17,
Physics::Step,C:\Users\╨┐╨║\Documents\GitHub\myengine\engine\src\ecs\systems\PhysicsSystem.cpp,825,18494289910,5660282,17,
Physics::Step,C:\Users\╨┐╨║\Documents\GitHub\myengine\engine\src\ecs\systems\PhysicsSystem.cpp,825,18511943714,5753809,17,
Physics::Step,C:\Users\╨┐╨║\Documents\GitHub\myengine\engine\src\ecs\systems\PhysicsSystem.cpp,825,18529588221,7560671,17,
Physics::Step,C:\Users\╨┐╨║\Documents\GitHub\myengine\engine\src\ecs\systems\PhysicsSystem.cpp,825,18551998369,5722160,17,
Physics::Step,C:\Users\╨┐╨║\Documents\GitHub\myengine\engine\src\ecs\systems\PhysicsSystem.cpp,825,18557720679,5363638,17,
Physics::Step,C:\Users\╨┐╨║\Documents\GitHub\myengine\engine\src\ecs\systems\PhysicsSystem.cpp,825,18576354344,5236927,17,
Physics::Step,C:\Users\╨┐╨║\Documents\GitHub\myengine\engine\src\ecs\systems\PhysicsSystem.cpp,825,18594039647,5808199,17,
Physics::Step,C:\Users\╨┐╨║\Documents\GitHub\myengine\engine\src\ecs\systems\PhysicsSystem.cpp,825,18612173980,5576358,17,
Physics::Step,C:\Users\╨┐╨║\Documents\GitHub\myengine\engine\src\ecs\systems\PhysicsSystem.cpp,825,18630444721,5345995,17,
Physics::Step,C:\Users\╨┐╨║\Documents\GitHub\myengine\engine\src\ecs\systems\PhysicsSystem.cpp,825,18647419876,6259589,17,
Physics::Step,C:\Users\╨┐╨║\Documents\GitHub\myengine\engine\src\ecs\systems\PhysicsSystem.cpp,825,18669261774,5823223,17,
Physics::Step,C:\Users\╨┐╨║\Documents\GitHub\myengine\engine\src\ecs\systems\PhysicsSystem.cpp,825,18675085247,4974399,17,
Physics::Step,C:\Users\╨┐╨║\Documents\GitHub\myengine\engine\src\ecs\systems\PhysicsSystem.cpp,825,18693546380,5555197,17,
Physics::Step,C:\Users\╨┐╨║\Documents\GitHub\myengine\engine\src\ecs\systems\PhysicsSystem.cpp,825,18712986402,6429302,17,
Physics::Step,C:\Users\╨┐╨║\Documents\GitHub\myengine\engine\src\ecs\systems\PhysicsSystem.cpp,825,18732060123,5880580,17,
Physics::Step,C:\Users\╨┐╨║\Documents\GitHub\myengine\engine\src\ecs\systems\PhysicsSystem.cpp,825,18737940893,5102533,17,
Physics::Step,C:\Users\╨┐╨║\Documents\GitHub\myengine\engine\src\ecs\systems\PhysicsSystem.cpp,825,18757942257,6113112,17,
Physics::Step,C:\Users\╨┐╨║\Documents\GitHub\myengine\engine\src\ecs\systems\PhysicsSystem.cpp,825,18777907912,6461825,17,
Physics::Step,C:\Users\╨┐╨║\Documents\GitHub\myengine\engine\src\ecs\systems\PhysicsSystem.cpp,825,18798613669,5730831,17,
Physics::Step,C:\Users\╨┐╨║\Documents\GitHub\myengine\engine\src\ecs\systems\PhysicsSystem.cpp,825,18804344820,6368886,17,
Physics::Step,C:\Users\╨┐╨║\Documents\GitHub\myengine\engine\src\ecs\systems\PhysicsSystem.cpp,825,18824283885,5474719,17,
Physics::Step,C:\Users\╨┐╨║\Documents\GitHub\myengine\engine\src\ecs\systems\PhysicsSystem.cpp,825,18844593945,5347778,17,
Physics::Step,C:\Users\╨┐╨║\Documents\GitHub\myengine\engine\src\ecs\systems\PhysicsSystem.cpp,825,18862642990,5556254,17,
Physics::Step,C:\Users\╨┐╨║\Documents\GitHub\myengine\engine\src\ecs\systems\PhysicsSystem.cpp,825,18880864327,5679493,17,
Physics::Step,C:\Users\╨┐╨║\Documents\GitHub\myengine\engine\src\ecs\systems\PhysicsSystem.cpp,825,18899071141,5434347,17,
Physics::Step,C:\Users\╨┐╨║\Documents\GitHub\myengine\engine\src\ecs\systems\PhysicsSystem.cpp,825,18904505599,5695428,17,
Physics::Step,C:\Users\╨┐╨║\Documents\GitHub\myengine\engine\src\ecs\systems\PhysicsSystem.cpp,825,18925094888,6512701,17,
Physics::Step,C:\Users\╨┐╨║\Documents\GitHub\myengine\engine\src\ecs\systems\PhysicsSystem.cpp,825,18945926184,5467896,17,
Physics::Step,C:\Users\╨┐╨║\Documents\GitHub\myengine\engine\src\ecs\systems\PhysicsSystem.cpp,825,18963320846,5780372,17,
Physics::Step,C:\Users\╨┐╨║\Documents\GitHub\myengine\engine\src\ecs\systems\PhysicsSystem.cpp,825,18981640995,5850729,17,
Physics::Step,C:\Users\╨┐╨║\Documents\GitHub\myengine\engine\src\ecs\systems\PhysicsSystem.cpp,825,18987491924,5308513,17,
Physics::Step,C:\Users\╨┐╨║\Documents\GitHub\myengine\engine\src\ecs\systems\PhysicsSystem.cpp,825,19003891776,5079749,17,
Physics::Step,C:\Users\╨┐╨║\Documents\GitHub\myengine\engine\src\ecs\systems\PhysicsSystem.cpp,825,19019858545,5436187,17,
Physics::Step,C:\Users\╨┐╨║\Documents\GitHub\myengine\engine\src\ecs\systems\PhysicsSystem.cpp,825,19036256394,5264510,17,
Physics::Step,C:\Users\╨┐╨║\Documents\GitHub\myengine\engine\src\ecs\systems\PhysicsSystem.cpp,825,19053156386,5428352,17,
Physics::Step,C:\Users\╨┐╨║\Documents\GitHub\myengine\engine\src\ecs\systems\PhysicsSystem.cpp,825,19070270335,5636356,17,
Physics::Step,C:\Users\╨┐╨║\Documents\GitHub\myengine\engine\src\ecs\systems\PhysicsSystem.cpp,825,19087993911,4996581,17,
Physics::Step,C:\Users\╨┐╨║\Documents\GitHub\myengine\engine\src\ecs\systems\PhysicsSystem.cpp,825,19105074146,5867766,17,
Physics::Step,C:\Users\╨┐╨║\Documents\GitHub\myengine\engine\src\ecs\systems\PhysicsSystem.cpp,825,19122400959,5072535,17,
Physics::Step,C:\Users\╨┐╨║\Documents\GitHub\myengine\engine\src\ecs\systems\PhysicsSystem.cpp,825,19138604408,5043219,17,
Physics::Step,C:\Users\╨┐╨║\Documents\GitHub\myengine\engine\src\ecs\systems\PhysicsSystem.cpp,825,19155704229,5161414,17,
Physics::Step,C:\Users\╨┐╨║\Documents\GitHub\myengine\engine\src\ecs\systems\PhysicsSystem.cpp,825,19173785035,5892091,17,
Physics::Step,C:\Users\╨┐╨║\Documents\GitHub\myengine\engine\src\ecs\systems\PhysicsSystem.cpp,825,19190879065,6287984,17,
Physics::Step,C:\Users\╨┐╨║\Documents\GitHub\myengine\engine\src\ecs\systems\PhysicsSystem.cpp,825,19210617579,7045523,17,
Physics::Step,C:\Users\╨┐╨║\Documents\GitHub\myengine\engine\src\ecs\systems\PhysicsSystem.cpp,825,19232286801,5913152,17,
Physics::Step,C:\Users\╨┐╨║\Documents\GitHub\myengine\engine\src\ecs\systems\PhysicsSystem.cpp,825,19238200173,6513503,17,
Physics::Step,C:\Users\╨┐╨║\Documents\GitHub\myengine\engine\src\ecs\systems\PhysicsSystem.cpp,825,19257444038,5070782,17,
Physics::Step,C:\Users\╨┐╨║\Documents\GitHub\myengine\engine\src\ecs\systems\PhysicsSystem.cpp,825,19274669759,5215245,17,
Physics::Step,C:\Users\╨┐╨║\Documents\GitHub\myengine\engine\src\ecs\systems\PhysicsSystem.cpp,825,19291441267,5367115,17,
Physics::Step,C:\Users\╨┐╨║\Documents\GitHub\myengine\engine\src\ecs\systems\PhysicsSystem.cpp,825,19310164417,7298799,17,
Physics::Step,C:\Users\╨┐╨║\Documents\GitHub\myengine\engine\src\ecs\systems\PhysicsSystem.cpp,825,19329663541,5608814,17,
Physics::Step,C:\Users\╨┐╨║\Documents\GitHub\myengine\engine\src\ecs\systems\PhysicsSystem.cpp,825,19347904651,5587771,17,
Physics::Step,C:\Users\╨┐╨║\Documents\GitHub\myengine\engine\src\ecs\systems\PhysicsSystem.cpp,825,19353492803,5249103,17,
Physics::Step,C:\Users\╨┐╨║\Documents\GitHub\myengine\engine\src\ecs\systems\PhysicsSystem.cpp,825,19370290884,6161203,17,
Physics::Step,C:\Users\╨┐╨║\Documents\GitHub\myengine\engine\src\ecs\systems\PhysicsSystem.cpp,825,19388059436,5609466,17,
Physics::Step,C:\Users\╨┐╨║\Documents\GitHub\myengine\engine\src\ecs\systems\PhysicsSystem.cpp,825,19406361621,5298946,17,
Physics::Step,C:\Users\╨┐╨║\Documents\GitHub\myengine\engine\src\ecs\systems\PhysicsSystem.cpp,825,19424599716,5891490,17,
Physics::Step,C:\Users\╨┐╨║\Documents\GitHub\myengine\engine\src\ecs\systems\PhysicsSystem.cpp,825,19443245192,5383977,17,
Physics::Step,C:\Users\╨┐╨║\Documents\GitHub\myengine\engine\src\ecs\systems\PhysicsSystem.cpp,825,19461234253,6117280,17,
Physics::Step,C:\Users\╨┐╨║\Documents\GitHub\myengine\engine\src\ecs\systems\PhysicsSystem.cpp,825,19479586965,5621805,17,
Physics::Step,C:\Users\╨┐╨║\Documents\GitHub\myengine\engine\src\ecs\systems\PhysicsSystem.cpp,825,19496605077,5774814,17,
Physics::Step,C:\Users\╨┐╨║\Documents\GitHub\myengine\engine\src\ecs\systems\PhysicsSystem.cpp,825,19514953496,5557787,17,
Physics::Step,C:\Users\╨┐╨║\Documents\GitHub\myengine\engine\src\ecs\systems\PhysicsSystem.cpp,825,19520511423,5070962,17,
Physics::Step,C:\Users\╨┐╨║\Documents\GitHub\myengine\engine\src\ecs\systems\PhysicsSystem.cpp,825,19538016515,5500668,17,
Physics::Step,C:\Users\╨┐╨║\Documents\GitHub\myengine\engine\src\ecs\systems\PhysicsSystem.cpp,825,19555575328,5269360,17,
Physics::Step,C:\Users\╨┐╨║\Documents\GitHub\myengine\engine\src\ecs\systems\PhysicsSystem.cpp,825,19572144502,5763758,17,
Physics::Step,C:\Users\╨┐╨║\Documents\GitHub\myengine\engine\src\ecs\systems\PhysicsSystem.cpp,825,19591514827,5222300,17,
Physics::Step,C:\Users\╨┐╨║\Documents\GitHub\myengine\engine\src\ecs\systems\PhysicsSystem.cpp,825,19608513747,5993344,17,
Physics::Step,C:\Users\╨┐╨║\Documents\GitHub\myengine\engine\src\ecs\systems\PhysicsSystem.cpp,825,19626876658,6165141,17,
Physics::Step,C:\Users\╨┐╨║\Documents\GitHub\myengine\engine\src\ecs\systems\PhysicsSystem.cpp,825,19645725151,5198044,17,
Physics::Step,C:\Users\╨┐╨║\Documents\GitHub\myengine\engine\src\ecs\systems\PhysicsSystem.cpp,825,19667180206,5485057,17,
Physics::Step,C:\Users\╨┐╨║\Documents\GitHub\myengine\engine\src\ecs\systems\PhysicsSystem.cpp,825,19672665324,5497052,17,
Physics::Step,C:\Users\╨┐╨║\Documents\GitHub\myengine\engine\src\ecs\systems\PhysicsSystem.cpp,825,19690684453,6398443,17,
Physics::Step,C:\Users\╨┐╨║\Documents\GitHub\myengine\engine\src\ecs\systems\PhysicsSystem.cpp,825,19709331533,6667354,17,
Physics::Step,C:\Users\╨┐╨║\Documents\GitHub\myengine\engine\src\ecs\systems\PhysicsSystem.cpp,825,19729389604,6714574,17,
Physics::Step,C:\Users\╨┐╨║\Documents\GitHub\myengine\engine\src\ecs\systems\PhysicsSystem.cpp,825,19751429449,5748581,17,
Physics::Step,C:\Users\╨┐╨║\Documents\GitHub\myengine\engine\src\ecs\systems\PhysicsSystem.cpp,825,19757178270,5013273,17,
Physics::Step,C:\Users\╨┐╨║\Documents\GitHub\myengine\engine\src\ecs\systems\PhysicsSystem.cpp,825,19774715072,5194907,17,
Physics::Step,C:\Users\╨┐╨║\Documents\GitHub\myengine\engine\src\ecs\systems\PhysicsSystem.cpp,825,19793781529,6685510,17,
Physics::Step,C:\Users\╨┐╨║\Documents\GitHub\myengine\engine\src\ecs\systems\PhysicsSystem.cpp,825,19816671219,6674138,17,
Physics::Step,C:\Users\╨┐╨║\Documents\GitHub\myengine\engine\src\ecs\systems\PhysicsSystem.cpp,825,19823345667,5075787,17,
Physics::Step,C:\Users\╨┐╨║\Documents\GitHub\myengine\engine\src\ecs\systems\PhysicsSystem.cpp,825,19841610501,6221057,17,
Physics::Step,C:\Users\╨┐╨║\Documents\GitHub\myengine\engine\src\ecs\systems\PhysicsSystem.cpp,825,19859807438,5537453,17,
Physics::Step,C:\Users\╨┐╨║\Documents\GitHub\myengine\engine\src\ecs\systems\PhysicsSystem.cpp,825,19877509448,5675376,17,
Physics::Step,C:\Users\╨┐╨║\Documents\GitHub\myengine\engine\src\ecs\systems\PhysicsSystem.cpp,825,19895790898,5525297,17,
Physics::Step,C:\Users\╨┐╨║\Documents\GitHub\myengine\engine\src\ecs\systems\PhysicsSystem.cpp,825,19913396161,6130686,17,
Physics::Step,C:\Users\╨┐╨║\Documents\GitHub\myengine\engine\src\ecs\systems\PhysicsSystem.cpp,825,19931960510,5664735,17,
Physics::Step,C:\Users\╨┐╨║\Documents\GitHub\myengine\engine\src\ecs\systems\PhysicsSystem.cpp,825,19937625416,5308533,17,
Physics::Step,C:\Users\╨┐╨║\Documents\GitHub\myengine\engine\src\ecs\systems\PhysicsSystem.cpp,825,19956686222,5280379,17,
Physics::Step,C:\Users\╨┐╨║\Documents\GitHub\myengine\engine\src\ecs\systems\PhysicsSystem.cpp,825,19974908395,4949974,17,
Physics::Step,C:\Users\╨┐╨║\Documents\GitHub\myengine\engine\src\ecs\systems\PhysicsSystem.cpp,825,19992826803,5420917,17,
Physics::Step,C:\Users\╨┐╨║\Documents\GitHub\myengine\engine\src\ecs\systems\PhysicsSystem.cpp,825,20010742063,6837438,17,
Physics::Step,C:\Users\╨┐╨║\Documents\GitHub\myengine\engine\src\ecs\systems\PhysicsSystem.cpp,825,20030157824,7003913,17,
Physics::Step,C:\Users\╨┐╨║\Documents\GitHub\myengine\engine\src\ecs\systems\PhysicsSystem.cpp,825,20051500445,5604276,17,
Physics::Step,C:\Users\╨┐╨║\Documents\GitHub\myengine\engine\src\ecs\systems\PhysicsSystem.cpp,825,20057104911,4912812,17,
Physics::Step,C:\Users\╨┐╨║\Documents\GitHub\myengine\engine\src\ecs\systems\PhysicsSystem.cpp,825,20074505865,5314465,17,
Physics::Step,C:\Users\╨┐╨║\Documents\GitHub\myengine\engine\src\ecs\systems\PhysicsSystem.cpp,825,20093340321,5973406,17,
Physics::Step,C:\Users\╨┐╨║\Documents\GitHub\myengine\engine\src\ecs\systems\PhysicsSystem.cpp,825,20111910596,5781828,17,
Physics::Step,C:\Users\╨┐╨║\Documents\GitHub\myengine\engine\src\ecs\systems\PhysicsSystem.cpp,825,20130088150,5418216,17,
Physics::Step,C:\Users\╨┐╨║\Documents\GitHub\myengine\engine\src\ecs\systems\PhysicsSystem.cpp,825,20148173078,5400188,17,
Physics::Step,C:\Users\╨┐╨║\Documents\GitHub\myengine\engine\src\ecs\systems\PhysicsSystem.cpp,825,20153573506,5519285,17,
Physics::Step,C:\Users\╨┐╨║\Documents\GitHub\myengine\engine\src\ecs\systems\PhysicsSystem.cpp,825,20172695660,6069568,17,
Physics::Step,C:\Users\╨┐╨║\Documents\GitHub\myengine\engine\src\ecs\systems\PhysicsSystem.cpp,825,20192171695,5386953,17,
Physics::Step,C:\Users\╨┐╨║\Documents\GitHub\myengine\engine\src\ecs\systems\PhysicsSystem.cpp,825,20209340758,5692573,17,
Physics::Step,C:\Users\╨┐╨║\Documents\GitHub\myengine\engine\src\ecs\systems\PhysicsSystem.cpp,825,20227621779,6122424,17,
Physics::Step,C:\Users\╨┐╨║\Documents\GitHub\myengine\engine\src\ecs\systems\PhysicsSystem.cpp,825,20247626232,5737408,17,
Physics::Step,C:\Users\╨┐╨║\Documents\GitHub\myengine\engine\src\ecs\systems\PhysicsSystem.cpp,825,20265447404,5695600,17,
Physics::Step,C:\Users\╨┐╨║\Documents\GitHub\myengine\engine\src\ecs\systems\PhysicsSystem.cpp,825,20271143354,5853650,17,
Physics::Step,C:\Users\╨┐╨║\Documents\GitHub\myengine\engine\src\ecs\systems\PhysicsSystem.cpp,825,20289732395,6437608,17,
Physics::Step,C:\Users\╨┐╨║\Documents\GitHub\myengine\engine\src\ecs\systems\PhysicsSystem.cpp,825,20311423267,6327950,17,
Physics::Step,C:\Users\╨┐╨║\Documents\GitHub\myengine\engine\src\ecs\systems\PhysicsSystem.cpp,825,20331525572,5454971,17,
Physics::Step,C:\Users\╨┐╨║\Documents\GitHub\myengine\engine\src\ecs\systems\PhysicsSystem.cpp,825,20336980614,5477165,17,
Physics::Step,C:\Users\╨┐╨║\Documents\GitHub\myengine\engine\src\ecs\systems\PhysicsSystem.cpp,825,20355723036,5673117,17,
Physics::Step,C:\Users\╨┐╨║\Documents\GitHub\myengine\engine\src\ecs\systems\PhysicsSystem.cpp,825,20376620868,5906865,17,
Physics::Step,C:\Users\╨┐╨║\Documents\GitHub\myengine\engine\src\ecs\systems\PhysicsSystem.cpp,825,20397056040,5761132,17,
Physics::Step,C:\Users\╨┐╨║\Documents\GitHub\myengine\engine\src\ecs\systems\PhysicsSystem.cpp,825,20414525579,5337018,17,
Physics::Step,C:\Users\╨┐╨║\Documents\GitHub\myengine\engine\src\ecs\systems\PhysicsSystem.cpp,825,20432776096,5119669,17,
Physics::Step,C:\Users\╨┐╨║\Documents\GitHub\myengine\engine\src\ecs\systems\PhysicsSystem.cpp,825,20437895815,4817282,17,
Physics::Step,C:\Users\╨┐╨║\Documents\GitHub\myengine\engine\src\ecs\systems\PhysicsSystem.cpp,825,20457099404,5357357,17,
Physics::Step,C:\Users\╨┐╨║\Documents\GitHub\myengine\engine\src\ecs\systems\PhysicsSystem.cpp,825,20474804085,5930435,17,
Physics::Step,C:\Users\╨┐╨║\Documents\GitHub\myengine\engine\src\ecs\systems\PhysicsSystem.cpp,825,20493249492,6839001,17,
Physics::Step,C:\Users\╨┐╨║\Documents\GitHub\myengine\engine\src\ecs\systems\PhysicsSystem.cpp,825,20513705699,5614765,17,
Physics::Step,C:\Users\╨┐╨║\Documents\GitHub\myengine\engine\src\ecs\systems\PhysicsSystem.cpp,825,20535198786,6895698,17,
Physics::Step,C:\Users\╨┐╨║\Documents\GitHub\myengine\engine\src\ecs\systems\PhysicsSystem.cpp,825,20542094995,5916669,17,
Physics::Step,C:\Users\╨┐╨║\Documents\GitHub\myengine\engine\src\ecs\systems\PhysicsSystem.cpp,825,20562646524,7980926,17,
Physics::Step,C:\Users\╨┐╨║\Documents\GitHub\myengine\engine\src\ecs\systems\PhysicsSystem.cpp,825,20586342095,6377654,17,
Physics::Step,C:\Users\╨┐╨║\Documents\GitHub\myengine\engine\src\ecs\systems\PhysicsSystem.cpp,825,20592719879,7459259,17,
Physics::Step,C:\Users\╨┐╨║\Documents\GitHub\myengine\engine\src\ecs\systems\PhysicsSystem.cpp,825,20620636173,8064613,17,
Physics::Step,C:\Users\╨┐╨║\Documents\GitHub\myengine\engine\src\ecs\systems\PhysicsSystem.cpp,825,20628701047,6288555,17,
Physics::Step,C:\Users\╨┐╨║\Documents\GitHub\myengine\engine\src\ecs\systems\PhysicsSystem.cpp,825,20648784542,6786060,17,
Physics::Step,C:\Users\╨┐╨║\Documents\GitHub\myengine\engine\src\ecs\systems\PhysicsSystem.cpp,825,20655570742,5747117,17,
Physics::Step,C:\Users\╨┐╨║\Documents\GitHub\myengine\engine\src\ecs\systems\PhysicsSystem.cpp,825,20675029525,6312476,17,
Physics::Step,C:\Users\╨┐╨║\Documents\GitHub\myengine\engine\src\ecs\systems\PhysicsSystem.cpp,825,20694882111,5523562,17,
Physics::Step,C:\Users\╨┐╨║\Documents\GitHub\myengine\engine\src\ecs\systems\PhysicsSystem.cpp,825,20714886590,6331146,17,
Physics::Step,C:\Users\╨┐╨║\Documents\GitHub\myengine\engine\src\ecs\systems\PhysicsSystem.cpp,825,20721217866,5835230,17,
Physics::Step,C:\Users\╨┐╨║\Documents\GitHub\myengine\engine\src\ecs\systems\PhysicsSystem.cpp,825,20740669841,5745588,17,
Physics::Step,C:\Users\╨┐╨║\Documents\GitHub\myengine\engine\src\ecs\systems\PhysicsSystem.cpp,825,20763787694,7571999,17,
Physics::Step,C:\Users\╨┐╨║\Documents\GitHub\myengine\engine\src\ecs\systems\PhysicsSystem.cpp,825,20784755568,5275000,17,
Physics::Step,C:\Users\╨┐╨║\Documents\GitHub\myengine\engine\src\ecs\systems\PhysicsSystem.cpp,825,20790030708,6315908,17,
Physics::Step,C:\Users\╨┐╨║\Documents\GitHub\myengine\engine\src\ecs\systems\PhysicsSystem.cpp,825,20811762309,6460140,17,
Physics::Step,C:\Users\╨┐╨║\Documents\GitHub\myengine\engine\src\ecs\systems\PhysicsSystem.cpp,825,20833022312,8108313,17,
Physics::Step,C:\Users\╨┐╨║\Documents\GitHub\myengine\engine\src\ecs\systems\PhysicsSystem.cpp,825,20841131386,5548288,17,
Physics::Step,C:\Users\╨┐╨║\Documents\GitHub\myengine\engine\src\ecs\systems\PhysicsSystem.cpp,825,20860624875,6612601,17,
Physics::Step,C:\Users\╨┐╨║\Documents\GitHub\myengine\engine\src\ecs\systems\PhysicsSystem.cpp,825,20880105434,5821488,17,
Physics::Step,C:\Users\╨┐╨║\Documents\GitHub\myengine\engine\src\ecs\systems\PhysicsSystem.cpp,825,20898620203,6369865,17,
Physics::Step,C:\Users\╨┐╨║\Documents\GitHub\myengine\engine\src\ecs\systems\PhysicsSystem.cpp,825,20904990659,6685629,17,
Physics::Step,C:\Users\╨┐╨║\Documents\GitHub\myengine\engine\src\ecs\systems\PhysicsSystem.cpp,825,20926404375,6705176,17,
Physics::Step,C:\Users\╨┐╨║\Documents\GitHub\myengine\engine\src\ecs\systems\PhysicsSystem.cpp,825,20946512982,5546616,17,
Physics::Step,C:\Users\╨┐╨║\Documents\GitHub\myengine\engine\src\ecs\systems\PhysicsSystem.cpp,825,20965339633,5487495,17,
Physics::Step,C:\Users\╨┐╨║\Documents\GitHub\myengine\engine\src\ecs\systems\PhysicsSystem.cpp,825,20970827248,4915106,17,
Physics::Step,C:\Users\╨┐╨║\Documents\GitHub\myengine\engine\src\ecs\systems\PhysicsSystem.cpp,825,20988637048,5944461,17,
Physics::Step,C:\Users\╨┐╨║\Documents\GitHub\myengine\engine\src\ecs\systems\PhysicsSystem.cpp,825,21008741798,6810326,17,
Physics::Step,C:\Users\╨┐╨║\Documents\GitHub\myengine\engine\src\ecs\systems\PhysicsSystem.cpp,825,21028030628,5126607,17,
Physics::Step,C:\Users\╨┐╨║\Documents\GitHub\myengine\engine\src\ecs\systems\PhysicsSystem.cpp,825,21046393568,5681092,17,
Physics::Step,C:\Users\╨┐╨║\Documents\GitHub\myengine\engine\src\ecs\systems\PhysicsSystem.cpp,825,21065823326,5747287,17,
Physics::Step,C:\Users\╨┐╨║\Documents\GitHub\myengine\engine\src\ecs\systems\PhysicsSystem.cpp,825,21071570893,5596447,17,
Physics::Step,C:\Users\╨┐╨║\Documents\GitHub\myengine\engine\src\ecs\systems\PhysicsSystem.cpp,825,21091511447,6077900,17,
Physics::Step,C:\Users\╨┐╨║\Documents\GitHub\myengine\engine\src\ecs\systems\PhysicsSystem.cpp,825,21110160556,5412221,17,
Physics::Step,C:\Users\╨┐╨║\Documents\GitHub\myengine\engine\src\ecs\systems\PhysicsSystem.cpp,825,21128513609,7532488,17,
Physics::Step,C:\Users\╨┐╨║\Documents\GitHub\myengine\engine\src\ecs\systems\PhysicsSystem.cpp,825,21149886627,5633420,17,
Physics::Step,C:\Users\╨┐╨║\Documents\GitHub\myengine\engine\src\ecs\systems\PhysicsSystem.cpp,825,21155521871,5521359,17,
Physics::Step,C:\Users\╨┐╨║\Documents\GitHub\myengine\engine\src\ecs\systems\PhysicsSystem.cpp,825,21176264613,5775811,17,
Physics::Step,C:\Users\╨┐╨║\Documents\GitHub\myengine\engine\src\ecs\systems\PhysicsSystem.cpp,825,21194885685,5221126,17,
Physics::Step,C:\Users\╨┐╨║\Documents\GitHub\myengine\engine\src\ecs\systems\PhysicsSystem.cpp,825,21212773714,5610567,17,
Physics::Step,C:\Users\╨┐╨║\Documents\GitHub\myengine\engine\src\ecs\systems\PhysicsSystem.cpp,825,21230965650,5680736,17,
Physics::Step,C:\Users\╨┐╨║\Documents\GitHub\myengine\engine\src\ecs\systems\PhysicsSystem.cpp,825,21249661353,6397582,17,
Physics::Step,C:\Users\╨┐╨║\Documents\GitHub\myengine\engine\src\ecs\systems\PhysicsSystem.cpp,825,21256059176,5430985,17,
Physics::Step,C:\Users\╨┐╨║\Documents\GitHub\myengine\engine\src\ecs\systems\PhysicsSystem.cpp,825,21275300285,5612931,17,
Physics::Step,C:\Users\╨┐╨║\Documents\GitHub\myengine\engine\src\ecs\systems\PhysicsSystem.cpp,825,21293227538,5976794,17,
Physics::Step,C:\Users\╨┐╨║\Documents\GitHub\myengine\engine\src\ecs\systems\PhysicsSystem.cpp,825,21311703353,7569039,17,
Physics::Step,C:\Users\╨┐╨║\Documents\GitHub\myengine\engine\src\ecs\systems\PhysicsSystem.cpp,825,21332515187,5485790,17,
Physics::Step,C:\Users\╨┐╨║\Documents\GitHub\myengine\engine\src\ecs\systems\PhysicsSystem.cpp,825,21338001067,5687173,17,
Physics::Step,C:\Users\╨┐╨║\Documents\GitHub\myengine\engine\src\ecs\systems\PhysicsSystem.cpp,825,21359137026,5623482,17,
Physics::Step,C:\Users\╨┐╨║\Documents\GitHub\myengine\engine\src\ecs\systems\PhysicsSystem.cpp,825,21377195098,4985800,17,
Physics::Step,C:\Users\╨┐╨║\Documents\GitHub\myengine\engine\src\ecs\systems\PhysicsSystem.cpp,825,21394649202,5712421,17,
Physics::Step,C:\Users\╨┐╨║\Documents\GitHub\myengine\engine\src\ecs\systems\PhysicsSystem.cpp,825,21412460676,5523051,17,
Physics::Step,C:\Users\╨┐╨║\Documents\GitHub\myengine\engine\src\ecs\systems\PhysicsSystem.cpp,825,21430229664,7236636,17,
Physics::Step,C:\Users\╨┐╨║\Documents\GitHub\myengine\engine\src\ecs\systems\PhysicsSystem.cpp,825,21452732664,6069058,17,
Physics::Step,C:\Users\╨┐╨║\Documents\GitHub\myengine\engine\src\ecs\systems\PhysicsSystem.cpp,825,21458802133,6528701,17,
Physics::Step,C:\Users\╨┐╨║\Documents\GitHub\myengine\engine\src\ecs\systems\PhysicsSystem.cpp,825,21479831790,5635334,17,
Physics::Step,C:\Users\╨┐╨║\Documents\GitHub\myengine\engine\src\ecs\systems\PhysicsSystem.cpp,825,21497562380,5329593,17,
Physics::Step,C:\Users\╨┐╨║\Documents\GitHub\myengine\engine\src\ecs\systems\PhysicsSystem.cpp,825,21515483591,5200269,17,
Physics::Step,C:\Users\╨┐╨║\Documents\GitHub\myengine\engine\src\ecs\systems\PhysicsSystem.cpp,825,21520684000,4898233,17,
Physics::Step,C:\Users\╨┐╨║\Documents\GitHub\myengine\engine\src\ecs\systems\PhysicsSystem.cpp,825,21538249541,5753072,17,
Physics::Step,C:\Users\╨┐╨║\Documents\GitHub\myengine\engine\src\ecs\systems\PhysicsSystem.cpp,825,21558772550,6131998,17,
Physics::Step,C:\Users\╨┐╨║\Documents\GitHub\myengine\engine\src\ecs\systems\PhysicsSystem.cpp,825,21579533136,5712750,17,
Physics::Step,C:\Users\╨┐╨║\Documents\GitHub\myengine\engine\src\ecs\systems\PhysicsSystem.cpp,825,21597703601,5375591,17,
Physics::Step,C:\Users\╨┐╨║\Documents\GitHub\myengine\engine\src\ecs\systems\PhysicsSystem.cpp,825,21616193984,5375190,17,
Physics::Step,C:\Users\╨┐╨║\Documents\GitHub\myengine\engine\src\ecs\systems\PhysicsSystem.cpp,825,21621569344,5745514,17,
Physics::Step,C:\Users\╨┐╨║\Documents\GitHub\myengine\engine\src\ecs\systems\PhysicsSystem.cpp,825,21642913654,5652451,17,
Physics::Step,C:\Users\╨┐╨║\Documents\GitHub\myengine\engine\src\ecs\systems\PhysicsSystem.cpp,825,21661058842,6136872,17,
Physics::Step,C:\Users\╨┐╨║\Documents\GitHub\myengine\engine\src\ecs\systems\PhysicsSystem.cpp,825,21682028454,5744246,17,
Physics::Step,C:\Users\╨┐╨║\Documents\GitHub\myengine\engine\src\ecs\systems\PhysicsSystem.cpp,825,21687772970,5042559,17,
Physics::Step,C:\Users\╨┐╨║\Documents\GitHub\myengine\engine\src\ecs\systems\PhysicsSystem.cpp,825,21706509181,5307026,17,
Physics::Step,C:\Users\╨┐╨║\Documents\GitHub\myengine\engine\src\ecs\systems\PhysicsSystem.cpp,825,21727805579,5319620,17,
Physics::Step,C:\Users\╨┐╨║\Documents\GitHub\myengine\engine\src\ecs\systems\PhysicsSystem.cpp,825,21745541234,5300678,17,
Physics::Step,C:\Users\╨┐╨║\Documents\GitHub\myengine\engine\src\ecs\systems\PhysicsSystem.cpp,825,21766554199,5439762,17,
Physics::Step,C:\Users\╨┐╨║\Documents\GitHub\myengine\engine\src\ecs\systems\PhysicsSystem.cpp,825,21771994071,5557267,17,
Physics::Step,C:\Users\╨┐╨║\Documents\GitHub\myengine\engine\src\ecs\systems\PhysicsSystem.cpp,825,21793406696,7440563,17,
Physics::Step,C:\Users\╨┐╨║\Documents\GitHub\myengine\engine\src\ecs\systems\PhysicsSystem.cpp,825,21813725962,5717772,17,
Physics::Step,C:\Users\╨┐╨║\Documents\GitHub\myengine\engine\src\ecs\systems\PhysicsSystem.cpp,825,21833104323,5626878,17,
Physics::Step,C:\Users\╨┐╨║\Documents\GitHub\myengine\engine\src\ecs\systems\PhysicsSystem.cpp,825,21838731482,5347878,17,
Physics::Step,C:\Users\╨┐╨║\Documents\GitHub\myengine\engine\src\ecs\systems\PhysicsSystem.cpp,825,21856546763,5386210,17,
Physics::Step,C:\Users\╨┐╨║\Documents\GitHub\myengine\engine\src\ecs\systems\PhysicsSystem.cpp,825,21875275604,5698740,17,
Physics::Step,C:\Users\╨┐╨║\Documents\GitHub\myengine\engine\src\ecs\systems\PhysicsSystem.cpp,825,21893208217,6076637,17,
Physics::Step,C:\Users\╨┐╨║\Documents\GitHub\myengine\engine\src\ecs\systems\PhysicsSystem.cpp,825,21911891171,5896130,17,
Physics::Step,C:\Users\╨┐╨║\Documents\GitHub\myengine\engine\src\ecs\systems\PhysicsSystem.cpp,825,21934595955,5889772,17,
Physics::Step,C:\Users\╨┐╨║\Documents\GitHub\myengine\engine\src\ecs\systems\PhysicsSystem.cpp,825,21940485827,5457277,17,
Physics::Step,C:\Users\╨┐╨║\Documents\GitHub\myengine\engine\src\ecs\systems\PhysicsSystem.cpp,825,21958162170,5176523,17,
Physics::Step,C:\Users\╨┐╨║\Documents\GitHub\myengine\engine\src\ecs\systems\PhysicsSystem.cpp,825,21975903310,6284030,17,
Physics::Step,C:\Users\╨┐╨║\Documents\GitHub\myengine\engine\src\ecs\systems\PhysicsSystem.cpp,825,21995214657,5436897,17,
Physics::Step,C:\Users\╨┐╨║\Documents\GitHub\myengine\engine\src\ecs\systems\PhysicsSystem.cpp,825,22013139927,5687594,17,
Physics::Step,C:\Users\╨┐╨║\Documents\GitHub\myengine\engine\src\ecs\systems\PhysicsSystem.cpp,825,22030519821,6017149,17,
Physics::Step,C:\Users\╨┐╨║\Documents\GitHub\myengine\engine\src\ecs\systems\PhysicsSystem.cpp,825,22048996778,5342136,17,
Physics::Step,C:\Users\╨┐╨║\Documents\GitHub\myengine\engine\src\ecs\systems\PhysicsSystem.cpp,825,22054339035,5621549,17,
Physics::Step,C:\Users\╨┐╨║\Documents\GitHub\myengine\engine\src\ecs\systems\PhysicsSystem.cpp,825,22073621874,6186832,17,
Physics::Step,C:\Users\╨┐╨║\Documents\GitHub\myengine\engine\src\ecs\systems\PhysicsSystem.cpp,825,22095497879,5619324,17,
Physics::Step,C:\Users\╨┐╨║\Documents\GitHub\myengine\engine\src\ecs\systems\PhysicsSystem.cpp,825,22114013419,5385240,17,
Physics::Step,C:\Users\╨┐╨║\Documents\GitHub\myengine\engine\src\ecs\systems\PhysicsSystem.cpp,825,22131673996,5869389,17,
Physics::Step,C:\Users\╨┐╨║\Documents\GitHub\myengine\engine\src\ecs\systems\PhysicsSystem.cpp,825,22137543476,5436957,17,
Physics::Step,C:\Users\╨┐╨║\Documents\GitHub\myengine\engine\src\ecs\systems\PhysicsSystem.cpp,825,22156588132,5621788,17,
Physics::Step,C:\Users\╨┐╨║\Documents\GitHub\myengine\engine\src\ecs\systems\PhysicsSystem.cpp,825,22175971440,5662828,17,
Physics::Step,C:\Users\╨┐╨║\Documents\GitHub\myengine\engine\src\ecs\systems\PhysicsSystem.cpp,825,22195318200,5706561,17,
Physics::Step,C:\Users\╨┐╨║\Documents\GitHub\myengine\engine\src\ecs\systems\PhysicsSystem.cpp,825,22213138060,5780360,17,
Physics::Step,C:\Users\╨┐╨║\Documents\GitHub\myengine\engine\src\ecs\systems\PhysicsSystem.cpp,825,22231608274,6547668,17,
Physics::Step,C:\Users\╨┐╨║\Documents\GitHub\myengine\engine\src\ecs\systems\PhysicsSystem.cpp,825,22238156102,4949441,17,
Physics::Step,C:\Users\╨┐╨║\Documents\GitHub\myengine\engine\src\ecs\systems\PhysicsSystem.cpp,825,22256950492,6662397,17,
Physics::Step,C:\Users\╨┐╨║\Documents\GitHub\myengine\engine\src\ecs\systems\PhysicsSystem.cpp,825,22277349561,5505498,17,
Physics::Step,C:\Users\╨┐╨║\Documents\GitHub\myengine\engine\src\ecs\systems\PhysicsSystem.cpp,825,22296178207,6196270,17,
Physics::Step,C:\Users\╨┐╨║\Documents\GitHub\myengine\engine\src\ecs\systems\PhysicsSystem.cpp,825,22318641327,6124854,17,
Physics::Step,C:\Users\╨┐╨║\Documents\GitHub\myengine\engine\src\ecs\systems\PhysicsSystem.cpp,825,22324766321,5754913,17,
Physics::Step,C:\Users\╨┐╨║\Documents\GitHub\myengine\engine\src\ecs\systems\PhysicsSystem.cpp,825,22344048007,5893485,17,
Physics::Step,C:\Users\╨┐╨║\Documents\GitHub\myengine\engine\src\ecs\systems\PhysicsSystem.cpp,825,22362784769,5648950,17,
Physics::Step,C:\Users\╨┐╨║\Documents\GitHub\myengine\engine\src\ecs\systems\PhysicsSystem.cpp,825,22380431729,6149191,17,
Physics::Step,C:\Users\╨┐╨║\Documents\GitHub\myengine\engine\src\ecs\systems\PhysicsSystem.cpp,825,22399085112,5833431,17,
Physics::Step,C:\Users\╨┐╨║\Documents\GitHub\myengine\engine\src\ecs\systems\PhysicsSystem.cpp,825,22404918793,5867035,17,
Physics::Step,C:\Users\╨┐╨║\Documents\GitHub\myengine\engine\src\ecs\systems\PhysicsSystem.cpp,825,22423973855,5842763,17,
Physics::Step,C:\Users\╨┐╨║\Documents\GitHub\myengine\engine\src\ecs\systems\PhysicsSystem.cpp,825,22444092365,6051064,17,
Physics::Step,C:\Users\╨┐╨║\Documents\GitHub\myengine\engine\src\ecs\systems\PhysicsSystem.cpp,825,22462851605,6043384,17,
Physics::Step,C:\Users\╨┐╨║\Documents\GitHub\myengine\engine\src\ecs\systems\PhysicsSystem.cpp,825,22481901545,6060532,17,
Physics::Step,C:\Users\╨┐╨║\Documents\GitHub\myengine\engine\src\ecs\systems\PhysicsSystem.cpp,825,22487962397,5604767,17,
Physics::Step,C:\Users\╨┐╨║\Documents\GitHub\myengine\engine\src\ecs\systems\PhysicsSystem.cpp,825,22509106231,6554200,17,
Physics::Step,C:\Users\╨┐╨║\Documents\GitHub\myengine\engine\src\ecs\systems\PhysicsSystem.cpp,825,22528714968,5050343,17,
Physics::Step,C:\Users\╨┐╨║\Documents\GitHub\myengine\engine\src\ecs\systems\PhysicsSystem.cpp,825,22546140790,5793995,17,
Physics::Step,C:\Users\╨┐╨║\Documents\GitHub\myengine\engine\src\ecs\systems\PhysicsSystem.cpp,825,22564959516,6528150,17,
Physics::Step,C:\Users\╨┐╨║\Documents\GitHub\myengine\engine\src\ecs\systems\PhysicsSystem.cpp,825,22571488087,5665522,17,
Physics::Step,C:\Users\╨┐╨║\Documents\GitHub\myengine\engine\src\ecs\systems\PhysicsSystem.cpp,825,22591862019,5481873,17,
Physics::Step,C:\Users\╨┐╨║\Documents\GitHub\myengine\engine\src\ecs\systems\PhysicsSystem.cpp,825,22609375907,6149030,17,
Physics::Step,C:\Users\╨┐╨║\Documents\GitHub\myengine\engine\src\ecs\systems\PhysicsSystem.cpp,825,22629477400,5585341,17,
Physics::Step,C:\Users\╨┐╨║\Documents\GitHub\myengine\engine\src\ecs\systems\PhysicsSystem.cpp,825,22647627417,5629018,17,
Physics::Step,C:\Users\╨┐╨║\Documents\GitHub\myengine\engine\src\ecs\systems\PhysicsSystem.cpp,825,22667975785,5433666,17,
Physics::Step,C:\Users\╨┐╨║\Documents\GitHub\myengine\engine\src\ecs\systems\PhysicsSystem.cpp,825,22673409501,5428662,17,
Physics::Step,C:\Users\╨┐╨║\Documents\GitHub\myengine\engine\src\ecs\systems\PhysicsSystem.cpp,825,22691964667,6373496,17,
Physics::Step,C:\Users\╨┐╨║\Documents\GitHub\myengine\engine\src\ecs\systems\PhysicsSystem.cpp,825,22711756342,5618713,17,
Physics::Step,C:\Users\╨┐╨║\Documents\GitHub\myengine\engine\src\ecs\systems\PhysicsSystem.cpp,825,22731132854,7035830,17,
Physics::Step,C:\Users\╨┐╨║\Documents\GitHub\myengine\engine\src\ecs\systems\PhysicsSystem.cpp,825,22751157867,5771979,17,
Physics::Step,C:\Users\╨┐╨║\Documents\GitHub\myengine\engine\src\ecs\systems\PhysicsSystem.cpp,825,22756930037,5820170,17,
Physics::Step,C:\Users\╨┐╨║\Documents\GitHub\myengine\engine\src\ecs\systems\PhysicsSystem.cpp,825,22776887942,5613533,17,
Physics::Step,C:\Users\╨┐╨║\Documents\GitHub\myengine\engine\src\ecs\systems\PhysicsSystem.cpp,825,22796203452,5694588,17,
Physics::Step,C:\Users\╨┐╨║\Documents\GitHub\myengine\engine\src\ecs\systems\PhysicsSystem.cpp,825,22814778757,5555602,17,
Physics::Step,C:\Users\╨┐╨║\Documents\GitHub\myengine\engine\src\ecs\systems\PhysicsSystem.cpp,825,22820334560,6918623,17,
Physics::Step,C:\Users\╨┐╨║\Documents\GitHub\myengine\engine\src\ecs\systems\PhysicsSystem.cpp,825,22841384786,6192773,17,
Physics::Step,C:\Users\╨┐╨║\Documents\GitHub\myengine\engine\src\ecs\systems\PhysicsSystem.cpp,825,22860555221,6227314,17,
Physics::Step,C:\Users\╨┐╨║\Documents\GitHub\myengine\engine\src\ecs\systems\PhysicsSystem.cpp,825,22881895603,6001855,17,
Physics::Step,C:\Users\╨┐╨║\Documents\GitHub\myengine\engine\src\ecs\systems\PhysicsSystem.cpp,825,22887897668,5095470,17,
Physics::Step,C:\Users\╨┐╨║\Documents\GitHub\myengine\engine\src\ecs\systems\PhysicsSystem.cpp,825,22905821386,5274920,17,
Physics::Step,C:\Users\╨┐╨║\Documents\GitHub\myengine\engine\src\ecs\systems\PhysicsSystem.cpp,825,22924174327,5680380,17,
Physics::Step,C:\Users\╨┐╨║\Documents\GitHub\myengine\engine\src\ecs\systems\PhysicsSystem.cpp,825,22943152597,6419494,17,
Physics::Step,C:\Users\╨┐╨║\Documents\GitHub\myengine\engine\src\ecs\systems\PhysicsSystem.cpp,825,22962902813,7575650,17,
Physics::Step,C:\Users\╨┐╨║\Documents\GitHub\myengine\engine\src\ecs\systems\PhysicsSystem.cpp,825,22986491050,6158017,17,
Physics::Step,C:\Users\╨┐╨║\Documents\GitHub\myengine\engine\src\ecs\systems\PhysicsSystem.cpp,825,22992649257,5511070,17,
Physics::Step,C:\Users\╨┐╨║\Documents\GitHub\myengine\engine\src\ecs\systems\PhysicsSystem.cpp,825,23011778224,5225907,17,
Physics::Step,C:\Users\╨┐╨║\Documents\GitHub\myengine\engine\src\ecs\systems\PhysicsSystem.cpp,825,23029891611,5551125,17,
Physics::Step,C:\Users\╨┐╨║\Documents\GitHub\myengine\engine\src\ecs\systems\PhysicsSystem.cpp,825,23048276263,5867115,17,
Physics::Step,C:\Users\╨┐╨║\Documents\GitHub\myengine\engine\src\ecs\systems\PhysicsSystem.cpp,825,23054143949,5051166,17,
Physics::Step,C:\Users\╨┐╨║\Documents\GitHub\myengine\engine\src\ecs\systems\PhysicsSystem.cpp,825,23073069860,6448770,17,
Physics::Step,C:\Users\╨┐╨║\Documents\GitHub\myengine\engine\src\ecs\systems\PhysicsSystem.cpp,825,23093163157,5806140,17,
Physics::Step,C:\Users\╨┐╨║\Documents\GitHub\myengine\engine\src\ecs\systems\PhysicsSystem.cpp,825,23111396983,6478622,17,
Physics::Step,C:\Users\╨┐╨║\Documents\GitHub\myengine\engine\src\ecs\systems\PhysicsSystem.cpp,825,23130969047,5198404,17,
Physics::Step,C:\Users\╨┐╨║\Documents\GitHub\myengine\engine\src\ecs\systems\PhysicsSystem.cpp,825,23149305016,6495103,17,
Physics::Step,C:\Users\╨┐╨║\Documents\GitHub\myengine\engine\src\ecs\systems\PhysicsSystem.cpp,825,23155800309,5953068,17,
Physics::Step,C:\Users\╨┐╨║\Documents\GitHub\myengine\engine\src\ecs\systems\PhysicsSystem.cpp,825,23176330897,5688987,17,
Physics::Step,C:\Users\╨┐╨║\Documents\GitHub\myengine\engine\src\ecs\systems\PhysicsSystem.cpp,825,23195115791,5569990,17,
Physics::Step,C:\Users\╨┐╨║\Documents\GitHub\myengine\engine\src\ecs\systems\PhysicsSystem.cpp,825,23213954394,5529394,17,
Physics::Step,C:\Users\╨┐╨║\Documents\GitHub\myengine\engine\src\ecs\systems\PhysicsSystem.cpp,825,23232424800,5673386,17,
Physics::Step,C:\Users\╨┐╨║\Documents\GitHub\myengine\engine\src\ecs\systems\PhysicsSystem.cpp,825,23238098436,4788678,17,
Physics::Step,C:\Users\╨┐╨║\Documents\GitHub\myengine\engine\src\ecs\systems\PhysicsSystem.cpp,825,23256465045,5486352,17,
Physics::Step,C:\Users\╨┐╨║\Documents\GitHub\myengine\engine\src\ecs\systems\PhysicsSystem.cpp,825,23275342594,5666464,17,
Physics::Step,C:\Users\╨┐╨║\Documents\GitHub\myengine\engine\src\ecs\systems\PhysicsSystem.cpp,825,23292855550,5841627,17,
Physics::Step,C:\Users\╨┐╨║\Documents\GitHub\myengine\engine\src\ecs\systems\PhysicsSystem.cpp,825,23311976006,5850398,17,
Physics::Step,C:\Users\╨┐╨║\Documents\GitHub\myengine\engine\src\ecs\systems\PhysicsSystem.cpp,825,23330650022,5820527,17,
Physics::Step,C:\Users\╨┐╨║\Documents\GitHub\myengine\engine\src\ecs\systems\PhysicsSystem.cpp,825,23350260983,7075991,17,
Physics::Step,C:\Users\╨┐╨║\Documents\GitHub\myengine\engine\src\ecs\systems\PhysicsSystem.cpp,825,23357337155,4945243,17,
Physics::Step,C:\Users\╨┐╨║\Documents\GitHub\myengine\engine\src\ecs\systems\PhysicsSystem.cpp,825,23375023951,5677526,17,
Physics::Step,C:\Users\╨┐╨║\Documents\GitHub\myengine\engine\src\ecs\systems\PhysicsSystem.cpp,825,23395586632,5358598,17,
Physics::Step,C:\Users\╨┐╨║\Documents\GitHub\myengine\engine\src\ecs\systems\PhysicsSystem.cpp,825,23414029644,6600048,17,
Physics::Step,C:\Users\╨┐╨║\Documents\GitHub\myengine\engine\src\ecs\systems\PhysicsSystem.cpp,825,23435358279,5248701,17,
Physics::Step,C:\Users\╨┐╨║\Documents\GitHub\myengine\engine\src\ecs\systems\PhysicsSystem.cpp,825,23440607180,5287985,17,
Physics::Step,C:\Users\╨┐╨║\Documents\GitHub\myengine\engine\src\ecs\systems\PhysicsSystem.cpp,825,23458231588,5926227,17,
Physics::Step,C:\Users\╨┐╨║\Documents\GitHub\myengine\engine\src\ecs\systems\PhysicsSystem.cpp,825,23479405117,5882625,17,
Physics::Step,C:\Users\╨┐╨║\Documents\GitHub\myengine\engine\src\ecs\systems\PhysicsSystem.cpp,825,23497745315,5497483,17,
Physics::Step,C:\Users\╨┐╨║\Documents\GitHub\myengine\engine\src\ecs\systems\PhysicsSystem.cpp,825,23515860000,5431612,17,
Physics::Step,C:\Users\╨┐╨║\Documents\GitHub\myengine\engine\src\ecs\systems\PhysicsSystem.cpp,825,23521291792,5052858,17,
Physics::Step,C:\Users\╨┐╨║\Documents\GitHub\myengine\engine\src\ecs\systems\PhysicsSystem.cpp,825,23539098507,4920486,17,
Physics::Step,C:\Users\╨┐╨║\Documents\GitHub\myengine\engine\src\ecs\systems\PhysicsSystem.cpp,825,23556668001,5172766,17,
Physics::Step,C:\Users\╨┐╨║\Documents\GitHub\myengine\engine\src\ecs\systems\PhysicsSystem.cpp,825,23575314601,5473357,17,
Physics::Step,C:\Users\╨┐╨║\Documents\GitHub\myengine\engine\src\ecs\systems\PhysicsSystem.cpp,825,23595989834,6103374,17,
Physics::Step,C:\Users\╨┐╨║\Documents\GitHub\myengine\engine\src\ecs\systems\PhysicsSystem.cpp,825,23615621716,6130235,17,
Physics::Step,C:\Users\╨┐╨║\Documents\GitHub\myengine\engine\src\ecs\systems\PhysicsSystem.cpp,825,23621752101,6011589,17,
Physics::Step,C:\Users\╨┐╨║\Documents\GitHub\myengine\engine\src\ecs\systems\PhysicsSystem.cpp,825,23642468788,7328966,17,
Physics::Step,C:\Users\╨┐╨║\Documents\GitHub\myengine\engine\src\ecs\systems\PhysicsSystem.cpp,825,23662440811,5226296,17,
Physics::Step,C:\Users\╨┐╨║\Documents\GitHub\myengine\engine\src\ecs\systems\PhysicsSystem.cpp,825,23681883712,5831378,17,
Physics::Step,C:\Users\╨┐╨║\Documents\GitHub\myengine\engine\src\ecs\systems\PhysicsSystem.cpp,825,23687715260,5541867,17,
Physics::Step,C:\Users\╨┐╨║\Documents\GitHub\myengine\engine\src\ecs\systems\PhysicsSystem.cpp,825,23706216884,5583316,17,
Physics::Step,C:\Users\╨┐╨║\Documents\GitHub\myengine\engine\src\ecs\systems\PhysicsSystem.cpp,825,23724818538,5758409,17,
Physics::Step,C:\Users\╨┐╨║\Documents\GitHub\myengine\engine\src\ecs\systems\PhysicsSystem.cpp,825,23742886018,5356811,17,
Physics::Step,C:\Users\╨┐╨║\Documents\GitHub\myengine\engine\src\ecs\systems\PhysicsSystem.cpp,825,23761361409,5611082,17,
Physics::Step,C:\Users\╨┐╨║\Documents\GitHub\myengine\engine\src\ecs\systems\PhysicsSystem.cpp,825,23779074866,5780795,17,
Physics::Step,C:\Users\╨┐╨║\Documents\GitHub\myengine\engine\src\ecs\systems\PhysicsSystem.cpp,825,23798607273,6206991,17,
Physics::Step,C:\Users\╨┐╨║\Documents\GitHub\myengine\engine\src\ecs\systems\PhysicsSystem.cpp,825,23804814434,5297432,17,
Physics::Step,C:\Users\╨┐╨║\Documents\GitHub\myengine\engine\src\ecs\systems\PhysicsSystem.cpp,825,23822795539,5573927,17,
Physics::Step,C:\Users\╨┐╨║\Documents\GitHub\myengine\engine\src\ecs\systems\PhysicsSystem.cpp,825,23842959952,5648810,17,
Physics::Step,C:\Users\╨┐╨║\Documents\GitHub\myengine\engine\src\ecs\systems\PhysicsSystem.cpp,825,23861853270,6796051,17,
Physics::Step,C:\Users\╨┐╨║\Documents\GitHub\myengine\engine\src\ecs\systems\PhysicsSystem.cpp,825,23882058830,8130627,17,
Physics::Step,C:\Users\╨┐╨║\Documents\GitHub\myengine\engine\src\ecs\systems\PhysicsSystem.cpp,825,23890189908,5812931,17,
Physics::Step,C:\Users\╨┐╨║\Documents\GitHub\myengine\engine\src\ecs\systems\PhysicsSystem.cpp,825,23909966654,5440194,17,
Physics::Step,C:\Users\╨┐╨║\Documents\GitHub\myengine\engine\src\ecs\systems\PhysicsSystem.cpp,825,23928287596,5966763,17,
Physics::Step,C:\Users\╨┐╨║\Documents\GitHub\myengine\engine\src\ecs\systems\PhysicsSystem.cpp,825,23946326401,5664500,17,
Physics::Step,C:\Users\╨┐╨║\Documents\GitHub\myengine\engine\src\ecs\systems\PhysicsSystem.cpp,825,23964940990,5553118,17,
Physics::Step,C:\Users\╨┐╨║\Documents\GitHub\myengine\engine\src\ecs\systems\PhysicsSystem.cpp,825,23970494258,4875200,17,
Physics::Step,C:\Users\╨┐╨║\Documents\GitHub\myengine\engine\src\ecs\systems\PhysicsSystem.cpp,825,23988100451,5626088,17,
Physics::Step,C:\Users\╨┐╨║\Documents\GitHub\myengine\engine\src\ecs\systems\PhysicsSystem.cpp,825,24007228346,5344603,17,
Physics::Step,C:\Users\╨┐╨║\Documents\GitHub\myengine\engine\src\ecs\systems\PhysicsSystem.cpp,825,24025752954,6823612,17,
Physics::Step,C:\Users\╨┐╨║\Documents\GitHub\myengine\engine\src\ecs\systems\PhysicsSystem.cpp,825,24046229880,5168187,17,
Physics::Step,C:\Users\╨┐╨║\Documents\GitHub\myengine\engine\src\ecs\systems\PhysicsSystem.cpp,825,24063478985,5897183,17,
Physics::Step,C:\Users\╨┐╨║\Documents\GitHub\myengine\engine\src\ecs\systems\PhysicsSystem.cpp,825,24082082113,5921198,17,
Physics::Step,C:\Users\╨┐╨║\Documents\GitHub\myengine\engine\src\ecs\systems\PhysicsSystem.cpp,825,24088003662,4785589,17,
Physics::Step,C:\Users\╨┐╨║\Documents\GitHub\myengine\engine\src\ecs\systems\PhysicsSystem.cpp,825,24105062735,5116339,17,
Physics::Step,C:\Users\╨┐╨║\Documents\GitHub\myengine\engine\src\ecs\systems\PhysicsSystem.cpp,825,24122907782,5479720,17,
Physics::Step,C:\Users\╨┐╨║\Documents\GitHub\myengine\engine\src\ecs\systems\PhysicsSystem.cpp,825,24143449193,8031936,17,
Physics::Step,C:\Users\╨┐╨║\Documents\GitHub\myengine\engine\src\ecs\systems\PhysicsSystem.cpp,825,24167386732,5261614,17,
Physics::Step,C:\Users\╨┐╨║\Documents\GitHub\myengine\engine\src\ecs\systems\PhysicsSystem.cpp,825,24172648657,5375501,17,
Physics::Step,C:\Users\╨┐╨║\Documents\GitHub\myengine\engine\src\ecs\systems\PhysicsSystem.cpp,825,24191445542,6773246,17,
Physics::Step,C:\Users\╨┐╨║\Documents\GitHub\myengine\engine\src\ecs\systems\PhysicsSystem.cpp,825,24210871242,5919255,17,
Physics::Step,C:\Users\╨┐╨║\Documents\GitHub\myengine\engine\src\ecs\systems\PhysicsSystem.cpp,825,24229893155,5623583,17,
Physics::Step,C:\Users\╨┐╨║\Documents\GitHub\myengine\engine\src\ecs\systems\PhysicsSystem.cpp,825,24247761717,5715452,17,
Physics::Step,C:\Users\╨┐╨║\Documents\GitHub\myengine\engine\src\ecs\systems\PhysicsSystem.cpp,825,24266106579,5857421,17,
Physics::Step,C:\Users\╨┐╨║\Documents\GitHub\myengine\engine\src\ecs\systems\PhysicsSystem.cpp,825,24271964280,4868478,17,
Physics::Step,C:\Users\╨┐╨║\Documents\GitHub\myengine\engine\src\ecs\systems\PhysicsSystem.cpp,825,24289162439,5766119,17,
Physics::Step,C:\Users\╨┐╨║\Documents\GitHub\myengine\engine\src\ecs\systems\PhysicsSystem.cpp,825,24307951049,5809695,17,
Physics::Step,C:\Users\╨┐╨║\Documents\GitHub\myengine\engine\src\ecs\systems\PhysicsSystem.cpp,825,24326819440,5751866,17,
Physics::Step,C:\Users\╨┐╨║\Documents\GitHub\myengine\engine\src\ecs\systems\PhysicsSystem.cpp,825,24346616035,6391541,17,
Physics::Step,C:\Users\╨┐╨║\Documents\GitHub\myengine\engine\src\ecs\systems\PhysicsSystem.cpp,825,24366349379,5261625,17,
Physics::Step,C:\Users\╨┐╨║\Documents\GitHub\myengine\engine\src\ecs\systems\PhysicsSystem.cpp,825,24371611204,5821699,17,
Physics::Step,C:\Users\╨┐╨║\Documents\GitHub\myengine\engine\src\ecs\systems\PhysicsSystem.cpp,825,24392518708,6143760,17,
Physics::Step,C:\Users\╨┐╨║\Documents\GitHub\myengine\engine\src\ecs\systems\PhysicsSystem.cpp,825,24413517796,5459921,17,
Physics::Step,C:\Users\╨┐╨║\Documents\GitHub\myengine\engine\src\ecs\systems\PhysicsSystem.cpp,825,24431601106,5923762,17,
Physics::Step,C:\Users\╨┐╨║\Documents\GitHub\myengine\engine\src\ecs\systems\PhysicsSystem.cpp,825,24437525209,5152457,17,
Physics::Step,C:\Users\╨┐╨║\Documents\GitHub\myengine\engine\src\ecs\systems\PhysicsSystem.cpp,825,24455649236,5062488,17,
Physics::Step,C:\Users\╨┐╨║\Documents\GitHub\myengine\engine\src\ecs\systems\PhysicsSystem.cpp,825,24472809564,5711479,17,
Physics::Step,C:\Users\╨┐╨║\Documents\GitHub\myengine\engine\src\ecs\systems\PhysicsSystem.cpp,825,24491818081,9233199,17,
Physics::Step,C:\Users\╨┐╨║\Documents\GitHub\myengine\engine\src\ecs\systems\PhysicsSystem.cpp,825,24516325915,6654149,17,
Physics::Step,C:\Users\╨┐╨║\Documents\GitHub\myengine\engine\src\ecs\systems\PhysicsSystem.cpp,825,24522980375,6006759,17,
Physics::Step,C:\Users\╨┐╨║\Documents\GitHub\myengine\engine\src\ecs\systems\PhysicsSystem.cpp,825,24541878943,6033731,17,
Physics::Step,C:\Users\╨┐╨║\Documents\GitHub\myengine\engine\src\ecs\systems\PhysicsSystem.cpp,825,24560767212,5920386,17,
Physics::Step,C:\Users\╨┐╨║\Documents\GitHub\myengine\engine\src\ecs\systems\PhysicsSystem.cpp,825,24579779546,5723973,17,
Physics::Step,C:\Users\╨┐╨║\Documents\GitHub\myengine\engine\src\ecs\systems\PhysicsSystem.cpp,825,24597992432,6119806,17,
Physics::Step,C:\Users\╨┐╨║\Documents\GitHub\myengine\engine\src\ecs\systems\PhysicsSystem.cpp,825,24604112829,5281301,17,
Physics::Step,C:\Users\╨┐╨║\Documents\GitHub\myengine\engine\src\ecs\systems\PhysicsSystem.cpp,825,24622415916,5596580,17,
Physics::Step,C:\Users\╨┐╨║\Documents\GitHub\myengine\engine\src\ecs\systems\PhysicsSystem.cpp,825,24640692863,5570732,17,
Physics::Step,C:\Users\╨┐╨║\Documents\GitHub\myengine\engine\src\ecs\systems\PhysicsSystem.cpp,825,24659023222,5650893,17,
Physics::Step,C:\Users\╨┐╨║\Documents\GitHub\myengine\engine\src\ecs\systems\PhysicsSystem.cpp,825,24677871084,6033081,17,
Physics::Step,C:\Users\╨┐╨║\Documents\GitHub\myengine\engine\src\ecs\systems\PhysicsSystem.cpp,825,24699073279,5952327,17,
Physics::Step,C:\Users\╨┐╨║\Documents\GitHub\myengine\engine\src\ecs\systems\PhysicsSystem.cpp,825,24705025947,5684837,17,
Physics::Step,C:\Users\╨┐╨║\Documents\GitHub\myengine\engine\src\ecs\systems\PhysicsSystem.cpp,825,24724560544,7076981,17,
Physics::Step,C:\Users\╨┐╨║\Documents\GitHub\myengine\engine\src\ecs\systems\PhysicsSystem.cpp,825,24746161745,5163197,17,
Physics::Step,C:\Users\╨┐╨║\Documents\GitHub\myengine\engine\src\ecs\systems\PhysicsSystem.cpp,825,24763973158,5985209,17,
Physics::Step,C:\Users\╨┐╨║\Documents\GitHub\myengine\engine\src\ecs\systems\PhysicsSystem.cpp,825,24783791514,5656414,17,
Physics::Step,C:\Users\╨┐╨║\Documents\GitHub\myengine\engine\src\ecs\systems\PhysicsSystem.cpp,825,24789448089,5626518,17,
Physics::Step,C:\Users\╨┐╨║\Documents\GitHub\myengine\engine\src\ecs\systems\PhysicsSystem.cpp,825,24809692434,6271313,17,
Physics::Step,C:\Users\╨┐╨║\Documents\GitHub\myengine\engine\src\ecs\systems\PhysicsSystem.cpp,825,24832242909,7749951,17,
Physics::Step,C:\Users\╨┐╨║\Documents\GitHub\myengine\engine\src\ecs\systems\PhysicsSystem.cpp,825,24839993191,5449321,17,
Physics::Step,C:\Users\╨┐╨║\Documents\GitHub\myengine\engine\src\ecs\systems\PhysicsSystem.cpp,825,24858860631,6075180,17,
Physics::Step,C:\Users\╨┐╨║\Documents\GitHub\myengine\engine\src\ecs\systems\PhysicsSystem.cpp,825,24877980690,6137769,17,
Physics::Step,C:\Users\╨┐╨║\Documents\GitHub\myengine\engine\src\ecs\systems\PhysicsSystem.cpp,825,24897148299,6634528,17,
Physics::Step,C:\Users\╨┐╨║\Documents\GitHub\myengine\engine\src\ecs\systems\PhysicsSystem.cpp,825,24916844428,5613467,17,
Physics::Step,C:\Users\╨┐╨║\Documents\GitHub\myengine\engine\src\ecs\systems\PhysicsSystem.cpp,825,24922458216,5183847,17,
Physics::Step,C:\Users\╨┐╨║\Documents\GitHub\myengine\engine\src\ecs\systems\PhysicsSystem.cpp,825,24941695959,5875030,17,
Physics::Step,C:\Users\╨┐╨║\Documents\GitHub\myengine\engine\src\ecs\systems\PhysicsSystem.cpp,825,24960078026,6121999,17,
Physics::Step,C:\Users\╨┐╨║\Documents\GitHub\myengine\engine\src\ecs\systems\PhysicsSystem.cpp,825,24980863750,5323812,17,
Physics::Step,C:\Users\╨┐╨║\Documents\GitHub\myengine\engine\src\ecs\systems\PhysicsSystem.cpp,825,25001355194,6722068,17,
Physics::Step,C:\Users\╨┐╨║\Documents\GitHub\myengine\engine\src\ecs\systems\PhysicsSystem.cpp,825,25008077553,5991090,17,
Physics::Step,C:\Users\╨┐╨║\Documents\GitHub\myengine\engine\src\ecs\systems\PhysicsSystem.cpp,825,25028879407,6225686,17,
Physics::Step,C:\Users\╨┐╨║\Documents\GitHub\myengine\engine\src\ecs\systems\PhysicsSystem.cpp,825,25048098714,5443731,17,
Physics::Step,C:\Users\╨┐╨║\Documents\GitHub\myengine\engine\src\ecs\systems\PhysicsSystem.cpp,825,25053542665,5062457,17,
Physics::Step,C:\Users\╨┐╨║\Documents\GitHub\myengine\engine\src\ecs\systems\PhysicsSystem.cpp,825,25070791691,6319069,17,
Physics::Step,C:\Users\╨┐╨║\Documents\GitHub\myengine\engine\src\ecs\systems\PhysicsSystem.cpp,825,25090344768,5972289,17,
Physics::Step,C:\Users\╨┐╨║\Documents\GitHub\myengine\engine\src\ecs\systems\PhysicsSystem.cpp,825,25109672426,5511901,17,
Physics::Step,C:\Users\╨┐╨║\Documents\GitHub\myengine\engine\src\ecs\systems\PhysicsSystem.cpp,825,25129353231,6158153,17,
Physics::Step,C:\Users\╨┐╨║\Documents\GitHub\myengine\engine\src\ecs\systems\PhysicsSystem.cpp,825,25150596944,5856144,17,
Physics::Step,C:\Users\╨┐╨║\Documents\GitHub\myengine\engine\src\ecs\systems\PhysicsSystem.cpp,825,25156453158,5282555,17,
Physics::Step,C:\Users\╨┐╨║\Documents\GitHub\myengine\engine\src\ecs\systems\PhysicsSystem.cpp,825,25175607122,5741887,17,
Physics::Step,C:\Users\╨┐╨║\Documents\GitHub\myengine\engine\src\ecs\systems\PhysicsSystem.cpp,825,25194290621,5681102,17,
Physics::Step,C:\Users\╨┐╨║\Documents\GitHub\myengine\engine\src\ecs\systems\PhysicsSystem.cpp,825,25215115149,5364359,17,
Physics::Step,C:\Users\╨┐╨║\Documents\GitHub\myengine\engine\src\ecs\systems\PhysicsSystem.cpp,825,25220479678,4970352,17,
Physics::Step,C:\Users\╨┐╨║\Documents\GitHub\myengine\engine\src\ecs\systems\PhysicsSystem.cpp,825,25237651197,5193604,17,
Physics::Step,C:\Users\╨┐╨║\Documents\GitHub\myengine\engine\src\ecs\systems\PhysicsSystem.cpp,825,25255435057,5530416,17,
Physics::Step,C:\Users\╨┐╨║\Documents\GitHub\myengine\engine\src\ecs\systems\PhysicsSystem.cpp,825,25273475816,6724614,17,
Physics::Step,C:\Users\╨┐╨║\Documents\GitHub\myengine\engine\src\ecs\systems\PhysicsSystem.cpp,825,25295296515,5685991,17,
Physics::Step,C:\Users\╨┐╨║\Documents\GitHub\myengine\engine\src\ecs\systems\PhysicsSystem.cpp,825,25315164525,6501471,17,
Physics::Step,C:\Users\╨┐╨║\Documents\GitHub\myengine\engine\src\ecs\systems\PhysicsSystem.cpp,825,25321666477,7385920,17,
Physics::Step,C:\Users\╨┐╨║\Documents\GitHub\myengine\engine\src\ecs\systems\PhysicsSystem.cpp,825,25343483208,5509785,17,
Physics::Step,C:\Users\╨┐╨║\Documents\GitHub\myengine\engine\src\ecs\systems\PhysicsSystem.cpp,825,25362063572,5611559,17,
Physics::Step,C:\Users\╨┐╨║\Documents\GitHub\myengine\engine\src\ecs\systems\PhysicsSystem.cpp,825,25380410392,6154466,17,
Physics::Step,C:\Users\╨┐╨║\Documents\GitHub\myengine\engine\src\ecs\systems\PhysicsSystem.cpp,825,25400701632,6192226,17,
Physics::Step,C:\Users\╨┐╨║\Documents\GitHub\myengine\engine\src\ecs\systems\PhysicsSystem.cpp,825,25406894109,5840815,17,
Physics::Step,C:\Users\╨┐╨║\Documents\GitHub\myengine\engine\src\ecs\systems\PhysicsSystem.cpp,825,25428553723,5488985,17,
Physics::Step,C:\Users\╨┐╨║\Documents\GitHub\myengine\engine\src\ecs\systems\PhysicsSystem.cpp,825,25446602797,5245153,17,
Physics::Step,C:\Users\╨┐╨║\Documents\GitHub\myengine\engine\src\ecs\systems\PhysicsSystem.cpp,825,25465751961,5171654,17,
