name,src_file,src_line,ns_since_start,exec_time_ns,thread,value
Physics::Step,C:\Users\╨┐╨║\Documents\GitHub\myengine\engine\src\ecs\systems\PhysicsSystem.cpp,748,1104770960,5617063,2,
Physics::Step,C:\Users\╨┐╨║\Documents\GitHub\myengine\engine\src\ecs\systems\PhysicsSystem.cpp,748,1110388143,4137797,2,
Physics::Step,C:\Users\╨┐╨║\Documents\GitHub\myengine\engine\src\ecs\systems\PhysicsSystem.cpp,748,1114525950,3843005,2,
Physics::Step,C:\Users\╨┐╨║\Documents\GitHub\myengine\engine\src\ecs\systems\PhysicsSystem.cpp,748,1167287317,4720136,2,
Physics::Step,C:\Users\╨┐╨║\Documents\GitHub\myengine\engine\src\ecs\systems\PhysicsSystem.cpp,748,1172007573,4247235,2,
Physics::Step,C:\Users\╨┐╨║\Documents\GitHub\myengine\engine\src\ecs\systems\PhysicsSystem.cpp,748,1176254809,3531462,2,
Physics::Step,C:\Users\╨┐╨║\Documents\GitHub\myengine\engine\src\ecs\systems\PhysicsSystem.cpp,748,1179786381,3370046,2,
Physics::Step,C:\Users\╨┐╨║\Documents\GitHub\myengine\engine\src\ecs\systems\PhysicsSystem.cpp,748,1198552817,4268666,2,
Physics::Step,C:\Users\╨┐╨║\Documents\GitHub\myengine\engine\src\ecs\systems\PhysicsSystem.cpp,748,1202821593,3265746,2,
Physics::Step,C:\Users\╨┐╨║\Documents\GitHub\myengine\engine\src\ecs\systems\PhysicsSystem.cpp,748,1219375664,4064037,2,
Physics::Step,C:\Users\╨┐╨║\Documents\GitHub\myengine\engine\src\ecs\systems\PhysicsSystem.cpp,748,1236793602,3931649,2,
Physics::Step,C:\Users\╨┐╨║\Documents\GitHub\myengine\engine\src\ecs\systems\PhysicsSystem.cpp,748,1253397980,3794181,2,
Physics::Step,C:\Users\╨┐╨║\Documents\GitHub\myengine\engine\src\ecs\systems\PhysicsSystem.cpp,748,1269587975,3514530,2,
Physics::Step,C:\Users\╨┐╨║\Documents\GitHub\myengine\engine\src\ecs\systems\PhysicsSystem.cpp,748,1286007867,2765535,2,
Physics::Step,C:\Users\╨┐╨║\Documents\GitHub\myengine\engine\src\ecs\systems\PhysicsSystem.cpp,748,1301326459,3196575,2,
Physics::Step,C:\Users\╨┐╨║\Documents\GitHub\myengine\engine\src\ecs\systems\PhysicsSystem.cpp,748,1316915683,3338136,2,
Physics::Step,C:\Users\╨┐╨║\Documents\GitHub\myengine\engine\src\ecs\systems\PhysicsSystem.cpp,748,1332232400,2886872,2,
Physics::Step,C:\Users\╨┐╨║\Documents\GitHub\myengine\engine\src\ecs\systems\PhysicsSystem.cpp,748,1360700765,2993348,2,
Physics::Step,C:\Users\╨┐╨║\Documents\GitHub\myengine\engine\src\ecs\systems\PhysicsSystem.cpp,748,1375622390,3242523,2,
Physics::Step,C:\Users\╨┐╨║\Documents\GitHub\myengine\engine\src\ecs\systems\PhysicsSystem.cpp,748,1393031359,5483130,2,
Physics::Step,C:\Users\╨┐╨║\Documents\GitHub\myengine\engine\src\ecs\systems\PhysicsSystem.cpp,748,1411099626,4474818,2,
Physics::Step,C:\Users\╨┐╨║\Documents\GitHub\myengine\engine\src\ecs\systems\PhysicsSystem.cpp,748,1427625255,3227113,2,
Physics::Step,C:\Users\╨┐╨║\Documents\GitHub\myengine\engine\src\ecs\systems\PhysicsSystem.cpp,748,1443192146,3640567,2,
Physics::Step,C:\Users\╨┐╨║\Documents\GitHub\myengine\engine\src\ecs\systems\PhysicsSystem.cpp,748,1459237032,4498989,2,
Physics::Step,C:\Users\╨┐╨║\Documents\GitHub\myengine\engine\src\ecs\systems\PhysicsSystem.cpp,748,1476438245,4957683,2,
Physics::Step,C:\Users\╨┐╨║\Documents\GitHub\myengine\engine\src\ecs\systems\PhysicsSystem.cpp,748,1493812190,5592827,2,
Physics::Step,C:\Users\╨┐╨║\Documents\GitHub\myengine\engine\src\ecs\systems\PhysicsSystem.cpp,748,1512037614,5366286,2,
Physics::Step,C:\Users\╨┐╨║\Documents\GitHub\myengine\engine\src\ecs\systems\PhysicsSystem.cpp,748,1529695509,7057038,2,
Physics::Step,C:\Users\╨┐╨║\Documents\GitHub\myengine\engine\src\ecs\systems\PhysicsSystem.cpp,748,1548670641,8384751,2,
Physics::Step,C:\Users\╨┐╨║\Documents\GitHub\myengine\engine\src\ecs\systems\PhysicsSystem.cpp,748,1557055562,5671316,2,
Physics::Step,C:\Users\╨┐╨║\Documents\GitHub\myengine\engine\src\ecs\systems\PhysicsSystem.cpp,748,1577245095,6783939,2,
Physics::Step,C:\Users\╨┐╨║\Documents\GitHub\myengine\engine\src\ecs\systems\PhysicsSystem.cpp,748,1597294902,6134158,2,
Physics::Step,C:\Users\╨┐╨║\Documents\GitHub\myengine\engine\src\ecs\systems\PhysicsSystem.cpp,748,1617161812,6552247,2,
Physics::Step,C:\Users\╨┐╨║\Documents\GitHub\myengine\engine\src\ecs\systems\PhysicsSystem.cpp,748,1623714079,5467649,2,
Physics::Step,C:\Users\╨┐╨║\Documents\GitHub\myengine\engine\src\ecs\systems\PhysicsSystem.cpp,748,1642498432,4679594,2,
Physics::Step,C:\Users\╨┐╨║\Documents\GitHub\myengine\engine\src\ecs\systems\PhysicsSystem.cpp,748,1659611280,6979396,2,
Physics::Step,C:\Users\╨┐╨║\Documents\GitHub\myengine\engine\src\ecs\systems\PhysicsSystem.cpp,748,1679390512,6393571,2,
Physics::Step,C:\Users\╨┐╨║\Documents\GitHub\myengine\engine\src\ecs\systems\PhysicsSystem.cpp,748,1697984148,6087452,2,
Physics::Step,C:\Users\╨┐╨║\Documents\GitHub\myengine\engine\src\ecs\systems\PhysicsSystem.cpp,748,1704071721,4837969,2,
Physics::Step,C:\Users\╨┐╨║\Documents\GitHub\myengine\engine\src\ecs\systems\PhysicsSystem.cpp,748,1721446762,6442488,2,
Physics::Step,C:\Users\╨┐╨║\Documents\GitHub\myengine\engine\src\ecs\systems\PhysicsSystem.cpp,748,1740731147,6745611,2,
Physics::Step,C:\Users\╨┐╨║\Documents\GitHub\myengine\engine\src\ecs\systems\PhysicsSystem.cpp,748,1759460296,8891741,2,
Physics::Step,C:\Users\╨┐╨║\Documents\GitHub\myengine\engine\src\ecs\systems\PhysicsSystem.cpp,748,1780851497,9262522,2,
Physics::Step,C:\Users\╨┐╨║\Documents\GitHub\myengine\engine\src\ecs\systems\PhysicsSystem.cpp,748,1802940059,7914386,2,
Physics::Step,C:\Users\╨┐╨║\Documents\GitHub\myengine\engine\src\ecs\systems\PhysicsSystem.cpp,748,1810854566,6444247,2,
Physics::Step,C:\Users\╨┐╨║\Documents\GitHub\myengine\engine\src\ecs\systems\PhysicsSystem.cpp,748,1830099361,7093463,2,
Physics::Step,C:\Users\╨┐╨║\Documents\GitHub\myengine\engine\src\ecs\systems\PhysicsSystem.cpp,748,1850358567,6904944,2,
Physics::Step,C:\Users\╨┐╨║\Documents\GitHub\myengine\engine\src\ecs\systems\PhysicsSystem.cpp,748,1857263912,6210011,2,
Physics::Step,C:\Users\╨┐╨║\Documents\GitHub\myengine\engine\src\ecs\systems\PhysicsSystem.cpp,748,1875980937,7329564,2,
Physics::Step,C:\Users\╨┐╨║\Documents\GitHub\myengine\engine\src\ecs\systems\PhysicsSystem.cpp,748,1897324418,7153107,2,
Physics::Step,C:\Users\╨┐╨║\Documents\GitHub\myengine\engine\src\ecs\systems\PhysicsSystem.cpp,748,1916859874,8263798,2,
Physics::Step,C:\Users\╨┐╨║\Documents\GitHub\myengine\engine\src\ecs\systems\PhysicsSystem.cpp,748,1925123692,7050311,2,
Physics::Step,C:\Users\╨┐╨║\Documents\GitHub\myengine\engine\src\ecs\systems\PhysicsSystem.cpp,748,1944829089,7786012,2,
Physics::Step,C:\Users\╨┐╨║\Documents\GitHub\myengine\engine\src\ecs\systems\PhysicsSystem.cpp,748,1964477941,8798612,2,
Physics::Step,C:\Users\╨┐╨║\Documents\GitHub\myengine\engine\src\ecs\systems\PhysicsSystem.cpp,748,1973276843,6274374,2,
Physics::Step,C:\Users\╨┐╨║\Documents\GitHub\myengine\engine\src\ecs\systems\PhysicsSystem.cpp,748,1991755163,7035594,2,
Physics::Step,C:\Users\╨┐╨║\Documents\GitHub\myengine\engine\src\ecs\systems\PhysicsSystem.cpp,748,2011183243,8091042,2,
Physics::Step,C:\Users\╨┐╨║\Documents\GitHub\myengine\engine\src\ecs\systems\PhysicsSystem.cpp,748,2031645285,8077216,2,
Physics::Step,C:\Users\╨┐╨║\Documents\GitHub\myengine\engine\src\ecs\systems\PhysicsSystem.cpp,748,2039722551,6628909,2,
Physics::Step,C:\Users\╨┐╨║\Documents\GitHub\myengine\engine\src\ecs\systems\PhysicsSystem.cpp,748,2059346989,6846142,2,
Physics::Step,C:\Users\╨┐╨║\Documents\GitHub\myengine\engine\src\ecs\systems\PhysicsSystem.cpp,748,2078851438,6742355,2,
Physics::Step,C:\Users\╨┐╨║\Documents\GitHub\myengine\engine\src\ecs\systems\PhysicsSystem.cpp,748,2098135326,6770911,2,
Physics::Step,C:\Users\╨┐╨║\Documents\GitHub\myengine\engine\src\ecs\systems\PhysicsSystem.cpp,748,2104906317,6423939,2,
Physics::Step,C:\Users\╨┐╨║\Documents\GitHub\myengine\engine\src\ecs\systems\PhysicsSystem.cpp,748,2124005102,7032664,2,
Physics::Step,C:\Users\╨┐╨║\Documents\GitHub\myengine\engine\src\ecs\systems\PhysicsSystem.cpp,748,2144241545,6671195,2,
Physics::Step,C:\Users\╨┐╨║\Documents\GitHub\myengine\engine\src\ecs\systems\PhysicsSystem.cpp,748,2163928892,6939487,2,
Physics::Step,C:\Users\╨┐╨║\Documents\GitHub\myengine\engine\src\ecs\systems\PhysicsSystem.cpp,748,2183192874,7470482,2,
Physics::Step,C:\Users\╨┐╨║\Documents\GitHub\myengine\engine\src\ecs\systems\PhysicsSystem.cpp,748,2190663377,5941941,2,
Physics::Step,C:\Users\╨┐╨║\Documents\GitHub\myengine\engine\src\ecs\systems\PhysicsSystem.cpp,748,2208962876,7418703,2,
Physics::Step,C:\Users\╨┐╨║\Documents\GitHub\myengine\engine\src\ecs\systems\PhysicsSystem.cpp,748,2228101269,6649628,2,
Physics::Step,C:\Users\╨┐╨║\Documents\GitHub\myengine\engine\src\ecs\systems\PhysicsSystem.cpp,748,2247408072,6842175,2,
Physics::Step,C:\Users\╨┐╨║\Documents\GitHub\myengine\engine\src\ecs\systems\PhysicsSystem.cpp,748,2266404519,7279268,2,
Physics::Step,C:\Users\╨┐╨║\Documents\GitHub\myengine\engine\src\ecs\systems\PhysicsSystem.cpp,748,2273683897,6355969,2,
Physics::Step,C:\Users\╨┐╨║\Documents\GitHub\myengine\engine\src\ecs\systems\PhysicsSystem.cpp,748,2292507985,6841664,2,
Physics::Step,C:\Users\╨┐╨║\Documents\GitHub\myengine\engine\src\ecs\systems\PhysicsSystem.cpp,748,2311653677,7116708,2,
Physics::Step,C:\Users\╨┐╨║\Documents\GitHub\myengine\engine\src\ecs\systems\PhysicsSystem.cpp,748,2330979827,6895216,2,
Physics::Step,C:\Users\╨┐╨║\Documents\GitHub\myengine\engine\src\ecs\systems\PhysicsSystem.cpp,748,2349925327,7291159,2,
Physics::Step,C:\Users\╨┐╨║\Documents\GitHub\myengine\engine\src\ecs\systems\PhysicsSystem.cpp,748,2357216566,6062501,2,
Physics::Step,C:\Users\╨┐╨║\Documents\GitHub\myengine\engine\src\ecs\systems\PhysicsSystem.cpp,748,2375276451,7253198,2,
Physics::Step,C:\Users\╨┐╨║\Documents\GitHub\myengine\engine\src\ecs\systems\PhysicsSystem.cpp,748,2394892728,7023009,2,
Physics::Step,C:\Users\╨┐╨║\Documents\GitHub\myengine\engine\src\ecs\systems\PhysicsSystem.cpp,748,2415552049,6961028,2,
Physics::Step,C:\Users\╨┐╨║\Documents\GitHub\myengine\engine\src\ecs\systems\PhysicsSystem.cpp,748,2422513097,6560018,2,
Physics::Step,C:\Users\╨┐╨║\Documents\GitHub\myengine\engine\src\ecs\systems\PhysicsSystem.cpp,748,2441501810,7154384,2,
Physics::Step,C:\Users\╨┐╨║\Documents\GitHub\myengine\engine\src\ecs\systems\PhysicsSystem.cpp,748,2460877895,7657988,2,
Physics::Step,C:\Users\╨┐╨║\Documents\GitHub\myengine\engine\src\ecs\systems\PhysicsSystem.cpp,748,2480749211,7378217,2,
Physics::Step,C:\Users\╨┐╨║\Documents\GitHub\myengine\engine\src\ecs\systems\PhysicsSystem.cpp,748,2500932669,6735231,2,
Physics::Step,C:\Users\╨┐╨║\Documents\GitHub\myengine\engine\src\ecs\systems\PhysicsSystem.cpp,748,2507668010,6505400,2,
Physics::Step,C:\Users\╨┐╨║\Documents\GitHub\myengine\engine\src\ecs\systems\PhysicsSystem.cpp,748,2526652780,6895607,2,
Physics::Step,C:\Users\╨┐╨║\Documents\GitHub\myengine\engine\src\ecs\systems\PhysicsSystem.cpp,748,2546209342,6706574,2,
Physics::Step,C:\Users\╨┐╨║\Documents\GitHub\myengine\engine\src\ecs\systems\PhysicsSystem.cpp,748,2565565856,6619361,2,
Physics::Step,C:\Users\╨┐╨║\Documents\GitHub\myengine\engine\src\ecs\systems\PhysicsSystem.cpp,748,2572185327,6442665,2,
Physics::Step,C:\Users\╨┐╨║\Documents\GitHub\myengine\engine\src\ecs\systems\PhysicsSystem.cpp,748,2592193401,7533235,2,
Physics::Step,C:\Users\╨┐╨║\Documents\GitHub\myengine\engine\src\ecs\systems\PhysicsSystem.cpp,748,2611902434,6693061,2,
Physics::Step,C:\Users\╨┐╨║\Documents\GitHub\myengine\engine\src\ecs\systems\PhysicsSystem.cpp,748,2630555097,7463869,2,
Physics::Step,C:\Users\╨┐╨║\Documents\GitHub\myengine\engine\src\ecs\systems\PhysicsSystem.cpp,748,2650633920,7885551,2,
Physics::Step,C:\Users\╨┐╨║\Documents\GitHub\myengine\engine\src\ecs\systems\PhysicsSystem.cpp,748,2658519611,6232946,2,
Physics::Step,C:\Users\╨┐╨║\Documents\GitHub\myengine\engine\src\ecs\systems\PhysicsSystem.cpp,748,2676643270,7105924,2,
Physics::Step,C:\Users\╨┐╨║\Documents\GitHub\myengine\engine\src\ecs\systems\PhysicsSystem.cpp,748,2695591861,7593808,2,
Physics::Step,C:\Users\╨┐╨║\Documents\GitHub\myengine\engine\src\ecs\systems\PhysicsSystem.cpp,748,2715311907,7023520,2,
Physics::Step,C:\Users\╨┐╨║\Documents\GitHub\myengine\engine\src\ecs\systems\PhysicsSystem.cpp,748,2722335448,6012315,2,
Physics::Step,C:\Users\╨┐╨║\Documents\GitHub\myengine\engine\src\ecs\systems\PhysicsSystem.cpp,748,2740079409,7859779,2,
Physics::Step,C:\Users\╨┐╨║\Documents\GitHub\myengine\engine\src\ecs\systems\PhysicsSystem.cpp,748,2760338906,6408095,2,
Physics::Step,C:\Users\╨┐╨║\Documents\GitHub\myengine\engine\src\ecs\systems\PhysicsSystem.cpp,748,2779511052,6851670,2,
Physics::Step,C:\Users\╨┐╨║\Documents\GitHub\myengine\engine\src\ecs\systems\PhysicsSystem.cpp,748,2798329346,8244975,2,
Physics::Step,C:\Users\╨┐╨║\Documents\GitHub\myengine\engine\src\ecs\systems\PhysicsSystem.cpp,748,2806574652,6352539,2,
Physics::Step,C:\Users\╨┐╨║\Documents\GitHub\myengine\engine\src\ecs\systems\PhysicsSystem.cpp,748,2824906939,7259271,2,
Physics::Step,C:\Users\╨┐╨║\Documents\GitHub\myengine\engine\src\ecs\systems\PhysicsSystem.cpp,748,2844303425,6925458,2,
Physics::Step,C:\Users\╨┐╨║\Documents\GitHub\myengine\engine\src\ecs\systems\PhysicsSystem.cpp,748,2863657268,7115705,2,
Physics::Step,C:\Users\╨┐╨║\Documents\GitHub\myengine\engine\src\ecs\systems\PhysicsSystem.cpp,748,2882434080,7719701,2,
Physics::Step,C:\Users\╨┐╨║\Documents\GitHub\myengine\engine\src\ecs\systems\PhysicsSystem.cpp,748,2890153842,6270757,2,
Physics::Step,C:\Users\╨┐╨║\Documents\GitHub\myengine\engine\src\ecs\systems\PhysicsSystem.cpp,748,2909177361,7871805,2,
Physics::Step,C:\Users\╨┐╨║\Documents\GitHub\myengine\engine\src\ecs\systems\PhysicsSystem.cpp,748,2931899696,7261082,2,
Physics::Step,C:\Users\╨┐╨║\Documents\GitHub\myengine\engine\src\ecs\systems\PhysicsSystem.cpp,748,2939160798,7239051,2,
Physics::Step,C:\Users\╨┐╨║\Documents\GitHub\myengine\engine\src\ecs\systems\PhysicsSystem.cpp,748,2958905585,9197519,2,
Physics::Step,C:\Users\╨┐╨║\Documents\GitHub\myengine\engine\src\ecs\systems\PhysicsSystem.cpp,748,2980579344,7841317,2,
Physics::Step,C:\Users\╨┐╨║\Documents\GitHub\myengine\engine\src\ecs\systems\PhysicsSystem.cpp,748,3000971062,9255860,2,
Physics::Step,C:\Users\╨┐╨║\Documents\GitHub\myengine\engine\src\ecs\systems\PhysicsSystem.cpp,748,3010226942,6472431,2,
Physics::Step,C:\Users\╨┐╨║\Documents\GitHub\myengine\engine\src\ecs\systems\PhysicsSystem.cpp,748,3028732939,6808943,2,
Physics::Step,C:\Users\╨┐╨║\Documents\GitHub\myengine\engine\src\ecs\systems\PhysicsSystem.cpp,748,3048092303,7844303,2,
Physics::Step,C:\Users\╨┐╨║\Documents\GitHub\myengine\engine\src\ecs\systems\PhysicsSystem.cpp,748,3055936676,6106174,2,
Physics::Step,C:\Users\╨┐╨║\Documents\GitHub\myengine\engine\src\ecs\systems\PhysicsSystem.cpp,748,3074090102,7231858,2,
Physics::Step,C:\Users\╨┐╨║\Documents\GitHub\myengine\engine\src\ecs\systems\PhysicsSystem.cpp,748,3093105139,6604509,2,
Physics::Step,C:\Users\╨┐╨║\Documents\GitHub\myengine\engine\src\ecs\systems\PhysicsSystem.cpp,748,3111937526,6430040,2,
Physics::Step,C:\Users\╨┐╨║\Documents\GitHub\myengine\engine\src\ecs\systems\PhysicsSystem.cpp,748,3130274132,6480095,2,
Physics::Step,C:\Users\╨┐╨║\Documents\GitHub\myengine\engine\src\ecs\systems\PhysicsSystem.cpp,748,3149090326,6695226,2,
Physics::Step,C:\Users\╨┐╨║\Documents\GitHub\myengine\engine\src\ecs\systems\PhysicsSystem.cpp,748,3155785652,6801858,2,
Physics::Step,C:\Users\╨┐╨║\Documents\GitHub\myengine\engine\src\ecs\systems\PhysicsSystem.cpp,748,3174218579,6641600,2,
Physics::Step,C:\Users\╨┐╨║\Documents\GitHub\myengine\engine\src\ecs\systems\PhysicsSystem.cpp,748,3193094192,7161755,2,
Physics::Step,C:\Users\╨┐╨║\Documents\GitHub\myengine\engine\src\ecs\systems\PhysicsSystem.cpp,748,3212215572,6853713,2,
Physics::Step,C:\Users\╨┐╨║\Documents\GitHub\myengine\engine\src\ecs\systems\PhysicsSystem.cpp,748,3231267090,6913375,2,
Physics::Step,C:\Users\╨┐╨║\Documents\GitHub\myengine\engine\src\ecs\systems\PhysicsSystem.cpp,748,3238180576,7636547,2,
Physics::Step,C:\Users\╨┐╨║\Documents\GitHub\myengine\engine\src\ecs\systems\PhysicsSystem.cpp,748,3258864866,6923009,2,
Physics::Step,C:\Users\╨┐╨║\Documents\GitHub\myengine\engine\src\ecs\systems\PhysicsSystem.cpp,748,3278190399,6653897,2,
Physics::Step,C:\Users\╨┐╨║\Documents\GitHub\myengine\engine\src\ecs\systems\PhysicsSystem.cpp,748,3297584915,6965294,2,
Physics::Step,C:\Users\╨┐╨║\Documents\GitHub\myengine\engine\src\ecs\systems\PhysicsSystem.cpp,748,3317822590,7264243,2,
Physics::Step,C:\Users\╨┐╨║\Documents\GitHub\myengine\engine\src\ecs\systems\PhysicsSystem.cpp,748,3325086853,7503263,2,
Physics::Step,C:\Users\╨┐╨║\Documents\GitHub\myengine\engine\src\ecs\systems\PhysicsSystem.cpp,748,3344467530,6424221,2,
Physics::Step,C:\Users\╨┐╨║\Documents\GitHub\myengine\engine\src\ecs\systems\PhysicsSystem.cpp,748,3363211933,7264234,2,
Physics::Step,C:\Users\╨┐╨║\Documents\GitHub\myengine\engine\src\ecs\systems\PhysicsSystem.cpp,748,3382443885,6940647,2,
Physics::Step,C:\Users\╨┐╨║\Documents\GitHub\myengine\engine\src\ecs\systems\PhysicsSystem.cpp,748,3389384642,6892270,2,
Physics::Step,C:\Users\╨┐╨║\Documents\GitHub\myengine\engine\src\ecs\systems\PhysicsSystem.cpp,748,3408026289,6431733,2,
Physics::Step,C:\Users\╨┐╨║\Documents\GitHub\myengine\engine\src\ecs\systems\PhysicsSystem.cpp,748,3426717464,6697656,2,
Physics::Step,C:\Users\╨┐╨║\Documents\GitHub\myengine\engine\src\ecs\systems\PhysicsSystem.cpp,748,3447346205,7102270,2,
Physics::Step,C:\Users\╨┐╨║\Documents\GitHub\myengine\engine\src\ecs\systems\PhysicsSystem.cpp,748,3467506321,7088049,2,
Physics::Step,C:\Users\╨┐╨║\Documents\GitHub\myengine\engine\src\ecs\systems\PhysicsSystem.cpp,748,3474594500,6801714,2,
Physics::Step,C:\Users\╨┐╨║\Documents\GitHub\myengine\engine\src\ecs\systems\PhysicsSystem.cpp,748,3492908338,6081036,2,
Physics::Step,C:\Users\╨┐╨║\Documents\GitHub\myengine\engine\src\ecs\systems\PhysicsSystem.cpp,748,3511236677,6229926,2,
Physics::Step,C:\Users\╨┐╨║\Documents\GitHub\myengine\engine\src\ecs\systems\PhysicsSystem.cpp,748,3529685447,6352769,2,
Physics::Step,C:\Users\╨┐╨║\Documents\GitHub\myengine\engine\src\ecs\systems\PhysicsSystem.cpp,748,3549024753,7933377,2,
Physics::Step,C:\Users\╨┐╨║\Documents\GitHub\myengine\engine\src\ecs\systems\PhysicsSystem.cpp,748,3556958150,6605374,2,
Physics::Step,C:\Users\╨┐╨║\Documents\GitHub\myengine\engine\src\ecs\systems\PhysicsSystem.cpp,748,3575724348,7197066,2,
Physics::Step,C:\Users\╨┐╨║\Documents\GitHub\myengine\engine\src\ecs\systems\PhysicsSystem.cpp,748,3594884383,8074936,2,
Physics::Step,C:\Users\╨┐╨║\Documents\GitHub\myengine\engine\src\ecs\systems\PhysicsSystem.cpp,748,3614881729,7466134,2,
Physics::Step,C:\Users\╨┐╨║\Documents\GitHub\myengine\engine\src\ecs\systems\PhysicsSystem.cpp,748,3622347994,6156008,2,
Physics::Step,C:\Users\╨┐╨║\Documents\GitHub\myengine\engine\src\ecs\systems\PhysicsSystem.cpp,748,3640194264,7220261,2,
Physics::Step,C:\Users\╨┐╨║\Documents\GitHub\myengine\engine\src\ecs\systems\PhysicsSystem.cpp,748,3660250504,8071471,2,
Physics::Step,C:\Users\╨┐╨║\Documents\GitHub\myengine\engine\src\ecs\systems\PhysicsSystem.cpp,748,3681865072,7258512,2,
Physics::Step,C:\Users\╨┐╨║\Documents\GitHub\myengine\engine\src\ecs\systems\PhysicsSystem.cpp,748,3689123734,8053311,2,
Physics::Step,C:\Users\╨┐╨║\Documents\GitHub\myengine\engine\src\ecs\systems\PhysicsSystem.cpp,748,3709683879,6708755,2,
Physics::Step,C:\Users\╨┐╨║\Documents\GitHub\myengine\engine\src\ecs\systems\PhysicsSystem.cpp,748,3728818303,7319398,2,
Physics::Step,C:\Users\╨┐╨║\Documents\GitHub\myengine\engine\src\ecs\systems\PhysicsSystem.cpp,748,3749334750,8439505,2,
Physics::Step,C:\Users\╨┐╨║\Documents\GitHub\myengine\engine\src\ecs\systems\PhysicsSystem.cpp,748,3757774395,7184166,2,
Physics::Step,C:\Users\╨┐╨║\Documents\GitHub\myengine\engine\src\ecs\systems\PhysicsSystem.cpp,748,3776870155,6765345,2,
Physics::Step,C:\Users\╨┐╨║\Documents\GitHub\myengine\engine\src\ecs\systems\PhysicsSystem.cpp,748,3796842835,7163203,2,
Physics::Step,C:\Users\╨┐╨║\Documents\GitHub\myengine\engine\src\ecs\systems\PhysicsSystem.cpp,748,3816059577,6935769,2,
Physics::Step,C:\Users\╨┐╨║\Documents\GitHub\myengine\engine\src\ecs\systems\PhysicsSystem.cpp,748,3822995456,6531554,2,
Physics::Step,C:\Users\╨┐╨║\Documents\GitHub\myengine\engine\src\ecs\systems\PhysicsSystem.cpp,748,3841790920,6508446,2,
Physics::Step,C:\Users\╨┐╨║\Documents\GitHub\myengine\engine\src\ecs\systems\PhysicsSystem.cpp,748,3861057186,7037773,2,
Physics::Step,C:\Users\╨┐╨║\Documents\GitHub\myengine\engine\src\ecs\systems\PhysicsSystem.cpp,748,3880582575,7480606,2,
Physics::Step,C:\Users\╨┐╨║\Documents\GitHub\myengine\engine\src\ecs\systems\PhysicsSystem.cpp,748,3900754957,7454716,2,
Physics::Step,C:\Users\╨┐╨║\Documents\GitHub\myengine\engine\src\ecs\systems\PhysicsSystem.cpp,748,3908209823,7898856,2,
Physics::Step,C:\Users\╨┐╨║\Documents\GitHub\myengine\engine\src\ecs\systems\PhysicsSystem.cpp,748,3929553549,7427494,2,
Physics::Step,C:\Users\╨┐╨║\Documents\GitHub\myengine\engine\src\ecs\systems\PhysicsSystem.cpp,748,3951873759,7893927,2,
Physics::Step,C:\Users\╨┐╨║\Documents\GitHub\myengine\engine\src\ecs\systems\PhysicsSystem.cpp,748,3959767716,6795346,2,
Physics::Step,C:\Users\╨┐╨║\Documents\GitHub\myengine\engine\src\ecs\systems\PhysicsSystem.cpp,748,3979951847,7479274,2,
Physics::Step,C:\Users\╨┐╨║\Documents\GitHub\myengine\engine\src\ecs\systems\PhysicsSystem.cpp,748,4000271017,7615263,2,
Physics::Step,C:\Users\╨┐╨║\Documents\GitHub\myengine\engine\src\ecs\systems\PhysicsSystem.cpp,748,4007886470,7205888,2,
Physics::Step,C:\Users\╨┐╨║\Documents\GitHub\myengine\engine\src\ecs\systems\PhysicsSystem.cpp,748,4028248378,7062148,2,
Physics::Step,C:\Users\╨┐╨║\Documents\GitHub\myengine\engine\src\ecs\systems\PhysicsSystem.cpp,748,4047976162,7819936,2,
Physics::Step,C:\Users\╨┐╨║\Documents\GitHub\myengine\engine\src\ecs\systems\PhysicsSystem.cpp,748,4055796128,6813891,2,
Physics::Step,C:\Users\╨┐╨║\Documents\GitHub\myengine\engine\src\ecs\systems\PhysicsSystem.cpp,748,4075412909,7162301,2,
Physics::Step,C:\Users\╨┐╨║\Documents\GitHub\myengine\engine\src\ecs\systems\PhysicsSystem.cpp,748,4095945806,7158624,2,
Physics::Step,C:\Users\╨┐╨║\Documents\GitHub\myengine\engine\src\ecs\systems\PhysicsSystem.cpp,748,4116176640,7130418,2,
Physics::Step,C:\Users\╨┐╨║\Documents\GitHub\myengine\engine\src\ecs\systems\PhysicsSystem.cpp,748,4123307169,7688175,2,
Physics::Step,C:\Users\╨┐╨║\Documents\GitHub\myengine\engine\src\ecs\systems\PhysicsSystem.cpp,748,4143317124,7002787,2,
Physics::Step,C:\Users\╨┐╨║\Documents\GitHub\myengine\engine\src\ecs\systems\PhysicsSystem.cpp,748,4164098564,10017600,2,
Physics::Step,C:\Users\╨┐╨║\Documents\GitHub\myengine\engine\src\ecs\systems\PhysicsSystem.cpp,748,4189660595,6850316,2,
Physics::Step,C:\Users\╨┐╨║\Documents\GitHub\myengine\engine\src\ecs\systems\PhysicsSystem.cpp,748,4196510921,6701818,2,
Physics::Step,C:\Users\╨┐╨║\Documents\GitHub\myengine\engine\src\ecs\systems\PhysicsSystem.cpp,748,4215343025,7164474,2,
Physics::Step,C:\Users\╨┐╨║\Documents\GitHub\myengine\engine\src\ecs\systems\PhysicsSystem.cpp,748,4222507579,7321959,2,
Physics::Step,C:\Users\╨┐╨║\Documents\GitHub\myengine\engine\src\ecs\systems\PhysicsSystem.cpp,748,4241964213,6154737,2,
Physics::Step,C:\Users\╨┐╨║\Documents\GitHub\myengine\engine\src\ecs\systems\PhysicsSystem.cpp,748,4259933861,6772597,2,
Physics::Step,C:\Users\╨┐╨║\Documents\GitHub\myengine\engine\src\ecs\systems\PhysicsSystem.cpp,748,4279032947,7856492,2,
Physics::Step,C:\Users\╨┐╨║\Documents\GitHub\myengine\engine\src\ecs\systems\PhysicsSystem.cpp,748,4299075430,7058894,2,
Physics::Step,C:\Users\╨┐╨║\Documents\GitHub\myengine\engine\src\ecs\systems\PhysicsSystem.cpp,748,4306134404,6538507,2,
Physics::Step,C:\Users\╨┐╨║\Documents\GitHub\myengine\engine\src\ecs\systems\PhysicsSystem.cpp,748,4324515298,6811834,2,
Physics::Step,C:\Users\╨┐╨║\Documents\GitHub\myengine\engine\src\ecs\systems\PhysicsSystem.cpp,748,4343794428,7389559,2,
Physics::Step,C:\Users\╨┐╨║\Documents\GitHub\myengine\engine\src\ecs\systems\PhysicsSystem.cpp,748,4363045916,7035910,2,
Physics::Step,C:\Users\╨┐╨║\Documents\GitHub\myengine\engine\src\ecs\systems\PhysicsSystem.cpp,748,4382459593,6594008,2,
Physics::Step,C:\Users\╨┐╨║\Documents\GitHub\myengine\engine\src\ecs\systems\PhysicsSystem.cpp,748,4389053762,6785727,2,
Physics::Step,C:\Users\╨┐╨║\Documents\GitHub\myengine\engine\src\ecs\systems\PhysicsSystem.cpp,748,4408419491,6936190,2,
Physics::Step,C:\Users\╨┐╨║\Documents\GitHub\myengine\engine\src\ecs\systems\PhysicsSystem.cpp,748,4427793253,6289092,2,
Physics::Step,C:\Users\╨┐╨║\Documents\GitHub\myengine\engine\src\ecs\systems\PhysicsSystem.cpp,748,4446278149,6710321,2,
Physics::Step,C:\Users\╨┐╨║\Documents\GitHub\myengine\engine\src\ecs\systems\PhysicsSystem.cpp,748,4468342993,7044506,2,
Physics::Step,C:\Users\╨┐╨║\Documents\GitHub\myengine\engine\src\ecs\systems\PhysicsSystem.cpp,748,4475387559,6256961,2,
Physics::Step,C:\Users\╨┐╨║\Documents\GitHub\myengine\engine\src\ecs\systems\PhysicsSystem.cpp,748,4494251603,7217031,2,
Physics::Step,C:\Users\╨┐╨║\Documents\GitHub\myengine\engine\src\ecs\systems\PhysicsSystem.cpp,748,4513855042,7582028,2,
Physics::Step,C:\Users\╨┐╨║\Documents\GitHub\myengine\engine\src\ecs\systems\PhysicsSystem.cpp,748,4533484810,7484743,2,
Physics::Step,C:\Users\╨┐╨║\Documents\GitHub\myengine\engine\src\ecs\systems\PhysicsSystem.cpp,748,4540969623,6220221,2,
Physics::Step,C:\Users\╨┐╨║\Documents\GitHub\myengine\engine\src\ecs\systems\PhysicsSystem.cpp,748,4559769956,7933428,2,
Physics::Step,C:\Users\╨┐╨║\Documents\GitHub\myengine\engine\src\ecs\systems\PhysicsSystem.cpp,748,4580076554,7095672,2,
Physics::Step,C:\Users\╨┐╨║\Documents\GitHub\myengine\engine\src\ecs\systems\PhysicsSystem.cpp,748,4599888408,6293625,2,
Physics::Step,C:\Users\╨┐╨║\Documents\GitHub\myengine\engine\src\ecs\systems\PhysicsSystem.cpp,748,4606182084,6091505,2,
Physics::Step,C:\Users\╨┐╨║\Documents\GitHub\myengine\engine\src\ecs\systems\PhysicsSystem.cpp,748,4624653642,7369123,2,
Physics::Step,C:\Users\╨┐╨║\Documents\GitHub\myengine\engine\src\ecs\systems\PhysicsSystem.cpp,748,4644196613,6647140,2,
Physics::Step,C:\Users\╨┐╨║\Documents\GitHub\myengine\engine\src\ecs\systems\PhysicsSystem.cpp,748,4663454403,7235399,2,
Physics::Step,C:\Users\╨┐╨║\Documents\GitHub\myengine\engine\src\ecs\systems\PhysicsSystem.cpp,748,4682935097,6822664,2,
Physics::Step,C:\Users\╨┐╨║\Documents\GitHub\myengine\engine\src\ecs\systems\PhysicsSystem.cpp,748,4689757871,7733562,2,
Physics::Step,C:\Users\╨┐╨║\Documents\GitHub\myengine\engine\src\ecs\systems\PhysicsSystem.cpp,748,4709785111,6359857,2,
Physics::Step,C:\Users\╨┐╨║\Documents\GitHub\myengine\engine\src\ecs\systems\PhysicsSystem.cpp,748,4728474046,7105623,2,
Physics::Step,C:\Users\╨┐╨║\Documents\GitHub\myengine\engine\src\ecs\systems\PhysicsSystem.cpp,748,4747794775,7396978,2,
Physics::Step,C:\Users\╨┐╨║\Documents\GitHub\myengine\engine\src\ecs\systems\PhysicsSystem.cpp,748,4755191813,6364676,2,
Physics::Step,C:\Users\╨┐╨║\Documents\GitHub\myengine\engine\src\ecs\systems\PhysicsSystem.cpp,748,4774448464,6996681,2,
Physics::Step,C:\Users\╨┐╨║\Documents\GitHub\myengine\engine\src\ecs\systems\PhysicsSystem.cpp,748,4793509940,7131642,2,
Physics::Step,C:\Users\╨┐╨║\Documents\GitHub\myengine\engine\src\ecs\systems\PhysicsSystem.cpp,748,4813003018,7185635,2,
Physics::Step,C:\Users\╨┐╨║\Documents\GitHub\myengine\engine\src\ecs\systems\PhysicsSystem.cpp,748,4832851012,6808105,2,
Physics::Step,C:\Users\╨┐╨║\Documents\GitHub\myengine\engine\src\ecs\systems\PhysicsSystem.cpp,748,4839659228,7556254,2,
Physics::Step,C:\Users\╨┐╨║\Documents\GitHub\myengine\engine\src\ecs\systems\PhysicsSystem.cpp,748,4859305460,6806995,2,
Physics::Step,C:\Users\╨┐╨║\Documents\GitHub\myengine\engine\src\ecs\systems\PhysicsSystem.cpp,748,4880174908,7417917,2,
Physics::Step,C:\Users\╨┐╨║\Documents\GitHub\myengine\engine\src\ecs\systems\PhysicsSystem.cpp,748,4900540488,6621375,2,
Physics::Step,C:\Users\╨┐╨║\Documents\GitHub\myengine\engine\src\ecs\systems\PhysicsSystem.cpp,748,4907161883,6562383,2,
Physics::Step,C:\Users\╨┐╨║\Documents\GitHub\myengine\engine\src\ecs\systems\PhysicsSystem.cpp,748,4925633837,7021441,2,
Physics::Step,C:\Users\╨┐╨║\Documents\GitHub\myengine\engine\src\ecs\systems\PhysicsSystem.cpp,748,4946158418,6677736,2,
Physics::Step,C:\Users\╨┐╨║\Documents\GitHub\myengine\engine\src\ecs\systems\PhysicsSystem.cpp,748,4965308912,9738665,2,
Physics::Step,C:\Users\╨┐╨║\Documents\GitHub\myengine\engine\src\ecs\systems\PhysicsSystem.cpp,748,4975047747,6664727,2,
Physics::Step,C:\Users\╨┐╨║\Documents\GitHub\myengine\engine\src\ecs\systems\PhysicsSystem.cpp,748,4995474366,7433316,2,
Physics::Step,C:\Users\╨┐╨║\Documents\GitHub\myengine\engine\src\ecs\systems\PhysicsSystem.cpp,748,5015184162,6773224,2,
Physics::Step,C:\Users\╨┐╨║\Documents\GitHub\myengine\engine\src\ecs\systems\PhysicsSystem.cpp,748,5021957506,6429640,2,
Physics::Step,C:\Users\╨┐╨║\Documents\GitHub\myengine\engine\src\ecs\systems\PhysicsSystem.cpp,748,5040915831,7100692,2,
Physics::Step,C:\Users\╨┐╨║\Documents\GitHub\myengine\engine\src\ecs\systems\PhysicsSystem.cpp,748,5060391414,6539024,2,
Physics::Step,C:\Users\╨┐╨║\Documents\GitHub\myengine\engine\src\ecs\systems\PhysicsSystem.cpp,748,5080034218,6613384,2,
Physics::Step,C:\Users\╨┐╨║\Documents\GitHub\myengine\engine\src\ecs\systems\PhysicsSystem.cpp,748,5100104723,6993008,2,
Physics::Step,C:\Users\╨┐╨║\Documents\GitHub\myengine\engine\src\ecs\systems\PhysicsSystem.cpp,748,5107097862,6571660,2,
Physics::Step,C:\Users\╨┐╨║\Documents\GitHub\myengine\engine\src\ecs\systems\PhysicsSystem.cpp,748,5125644182,6773870,2,
Physics::Step,C:\Users\╨┐╨║\Documents\GitHub\myengine\engine\src\ecs\systems\PhysicsSystem.cpp,748,5144924924,7106915,2,
Physics::Step,C:\Users\╨┐╨║\Documents\GitHub\myengine\engine\src\ecs\systems\PhysicsSystem.cpp,748,5164373477,7110107,2,
Physics::Step,C:\Users\╨┐╨║\Documents\GitHub\myengine\engine\src\ecs\systems\PhysicsSystem.cpp,748,5183817601,6964765,2,
Physics::Step,C:\Users\╨┐╨║\Documents\GitHub\myengine\engine\src\ecs\systems\PhysicsSystem.cpp,748,5190782386,6565668,2,
Physics::Step,C:\Users\╨┐╨║\Documents\GitHub\myengine\engine\src\ecs\systems\PhysicsSystem.cpp,748,5209411533,6462999,2,
Physics::Step,C:\Users\╨┐╨║\Documents\GitHub\myengine\engine\src\ecs\systems\PhysicsSystem.cpp,748,5227898595,8071928,2,
Physics::Step,C:\Users\╨┐╨║\Documents\GitHub\myengine\engine\src\ecs\systems\PhysicsSystem.cpp,748,5247473178,7474170,2,
Physics::Step,C:\Users\╨┐╨║\Documents\GitHub\myengine\engine\src\ecs\systems\PhysicsSystem.cpp,748,5266728092,8053768,2,
Physics::Step,C:\Users\╨┐╨║\Documents\GitHub\myengine\engine\src\ecs\systems\PhysicsSystem.cpp,748,5274781880,6807298,2,
Physics::Step,C:\Users\╨┐╨║\Documents\GitHub\myengine\engine\src\ecs\systems\PhysicsSystem.cpp,748,5293246333,7570979,2,
Physics::Step,C:\Users\╨┐╨║\Documents\GitHub\myengine\engine\src\ecs\systems\PhysicsSystem.cpp,748,5312876253,7386045,2,
Physics::Step,C:\Users\╨┐╨║\Documents\GitHub\myengine\engine\src\ecs\systems\PhysicsSystem.cpp,748,5332610969,7403866,2,
Physics::Step,C:\Users\╨┐╨║\Documents\GitHub\myengine\engine\src\ecs\systems\PhysicsSystem.cpp,748,5340014855,6153504,2,
Physics::Step,C:\Users\╨┐╨║\Documents\GitHub\myengine\engine\src\ecs\systems\PhysicsSystem.cpp,748,5357619035,7218844,2,
Physics::Step,C:\Users\╨┐╨║\Documents\GitHub\myengine\engine\src\ecs\systems\PhysicsSystem.cpp,748,5376838754,7081310,2,
Physics::Step,C:\Users\╨┐╨║\Documents\GitHub\myengine\engine\src\ecs\systems\PhysicsSystem.cpp,748,5395715648,7193188,2,
Physics::Step,C:\Users\╨┐╨║\Documents\GitHub\myengine\engine\src\ecs\systems\PhysicsSystem.cpp,748,5415142719,8058782,2,
Physics::Step,C:\Users\╨┐╨║\Documents\GitHub\myengine\engine\src\ecs\systems\PhysicsSystem.cpp,748,5423202083,6183370,2,
Physics::Step,C:\Users\╨┐╨║\Documents\GitHub\myengine\engine\src\ecs\systems\PhysicsSystem.cpp,748,5441677563,6189953,2,
Physics::Step,C:\Users\╨┐╨║\Documents\GitHub\myengine\engine\src\ecs\systems\PhysicsSystem.cpp,748,5460023846,6669011,2,
Physics::Step,C:\Users\╨┐╨║\Documents\GitHub\myengine\engine\src\ecs\systems\PhysicsSystem.cpp,748,5479163420,6944983,2,
Physics::Step,C:\Users\╨┐╨║\Documents\GitHub\myengine\engine\src\ecs\systems\PhysicsSystem.cpp,748,5499646793,6776596,2,
Physics::Step,C:\Users\╨┐╨║\Documents\GitHub\myengine\engine\src\ecs\systems\PhysicsSystem.cpp,748,5506423419,6367021,2,
Physics::Step,C:\Users\╨┐╨║\Documents\GitHub\myengine\engine\src\ecs\systems\PhysicsSystem.cpp,748,5524630322,7208539,2,
Physics::Step,C:\Users\╨┐╨║\Documents\GitHub\myengine\engine\src\ecs\systems\PhysicsSystem.cpp,748,5544335464,6811082,2,
Physics::Step,C:\Users\╨┐╨║\Documents\GitHub\myengine\engine\src\ecs\systems\PhysicsSystem.cpp,748,5563427099,6669701,2,
Physics::Step,C:\Users\╨┐╨║\Documents\GitHub\myengine\engine\src\ecs\systems\PhysicsSystem.cpp,748,5583374570,6800181,2,
Physics::Step,C:\Users\╨┐╨║\Documents\GitHub\myengine\engine\src\ecs\systems\PhysicsSystem.cpp,748,5590174771,7084316,2,
Physics::Step,C:\Users\╨┐╨║\Documents\GitHub\myengine\engine\src\ecs\systems\PhysicsSystem.cpp,748,5609092814,6371639,2,
Physics::Step,C:\Users\╨┐╨║\Documents\GitHub\myengine\engine\src\ecs\systems\PhysicsSystem.cpp,748,5627764473,7110901,2,
Physics::Step,C:\Users\╨┐╨║\Documents\GitHub\myengine\engine\src\ecs\systems\PhysicsSystem.cpp,748,5647385433,6438132,2,
Physics::Step,C:\Users\╨┐╨║\Documents\GitHub\myengine\engine\src\ecs\systems\PhysicsSystem.cpp,748,5665584337,7998813,2,
Physics::Step,C:\Users\╨┐╨║\Documents\GitHub\myengine\engine\src\ecs\systems\PhysicsSystem.cpp,748,5673583200,7048227,2,
Physics::Step,C:\Users\╨┐╨║\Documents\GitHub\myengine\engine\src\ecs\systems\PhysicsSystem.cpp,748,5692602469,6805051,2,
Physics::Step,C:\Users\╨┐╨║\Documents\GitHub\myengine\engine\src\ecs\systems\PhysicsSystem.cpp,748,5711831855,6626380,2,
Physics::Step,C:\Users\╨┐╨║\Documents\GitHub\myengine\engine\src\ecs\systems\PhysicsSystem.cpp,748,5731036164,7487819,2,
Physics::Step,C:\Users\╨┐╨║\Documents\GitHub\myengine\engine\src\ecs\systems\PhysicsSystem.cpp,748,5752993531,6780574,2,
Physics::Step,C:\Users\╨┐╨║\Documents\GitHub\myengine\engine\src\ecs\systems\PhysicsSystem.cpp,748,5759774216,6465648,2,
Physics::Step,C:\Users\╨┐╨║\Documents\GitHub\myengine\engine\src\ecs\systems\PhysicsSystem.cpp,748,5778366023,7466889,2,
Physics::Step,C:\Users\╨┐╨║\Documents\GitHub\myengine\engine\src\ecs\systems\PhysicsSystem.cpp,748,5798062085,7177880,2,
Physics::Step,C:\Users\╨┐╨║\Documents\GitHub\myengine\engine\src\ecs\systems\PhysicsSystem.cpp,748,5805240076,6179894,2,
Physics::Step,C:\Users\╨┐╨║\Documents\GitHub\myengine\engine\src\ecs\systems\PhysicsSystem.cpp,748,5823938905,6836957,2,
Physics::Step,C:\Users\╨┐╨║\Documents\GitHub\myengine\engine\src\ecs\systems\PhysicsSystem.cpp,748,5843061027,6714213,2,
Physics::Step,C:\Users\╨┐╨║\Documents\GitHub\myengine\engine\src\ecs\systems\PhysicsSystem.cpp,748,5861801162,7191465,2,
Physics::Step,C:\Users\╨┐╨║\Documents\GitHub\myengine\engine\src\ecs\systems\PhysicsSystem.cpp,748,5881125708,7677016,2,
Physics::Step,C:\Users\╨┐╨║\Documents\GitHub\myengine\engine\src\ecs\systems\PhysicsSystem.cpp,748,5888802784,6360598,2,
Physics::Step,C:\Users\╨┐╨║\Documents\GitHub\myengine\engine\src\ecs\systems\PhysicsSystem.cpp,748,5906840739,7126753,2,
Physics::Step,C:\Users\╨┐╨║\Documents\GitHub\myengine\engine\src\ecs\systems\PhysicsSystem.cpp,748,5925617874,7130049,2,
Physics::Step,C:\Users\╨┐╨║\Documents\GitHub\myengine\engine\src\ecs\systems\PhysicsSystem.cpp,748,5945632115,6645175,2,
Physics::Step,C:\Users\╨┐╨║\Documents\GitHub\myengine\engine\src\ecs\systems\PhysicsSystem.cpp,748,5964822893,6998804,2,
Physics::Step,C:\Users\╨┐╨║\Documents\GitHub\myengine\engine\src\ecs\systems\PhysicsSystem.cpp,748,5971821717,7338029,2,
Physics::Step,C:\Users\╨┐╨║\Documents\GitHub\myengine\engine\src\ecs\systems\PhysicsSystem.cpp,748,5991000421,6652338,2,
Physics::Step,C:\Users\╨┐╨║\Documents\GitHub\myengine\engine\src\ecs\systems\PhysicsSystem.cpp,748,6011540212,7099990,2,
Physics::Step,C:\Users\╨┐╨║\Documents\GitHub\myengine\engine\src\ecs\systems\PhysicsSystem.cpp,748,6031035002,7117845,2,
Physics::Step,C:\Users\╨┐╨║\Documents\GitHub\myengine\engine\src\ecs\systems\PhysicsSystem.cpp,748,6050422559,6765914,2,
Physics::Step,C:\Users\╨┐╨║\Documents\GitHub\myengine\engine\src\ecs\systems\PhysicsSystem.cpp,748,6057188553,6807249,2,
Physics::Step,C:\Users\╨┐╨║\Documents\GitHub\myengine\engine\src\ecs\systems\PhysicsSystem.cpp,748,6075593445,7937254,2,
Physics::Step,C:\Users\╨┐╨║\Documents\GitHub\myengine\engine\src\ecs\systems\PhysicsSystem.cpp,748,6095461852,6557763,2,
Physics::Step,C:\Users\╨┐╨║\Documents\GitHub\myengine\engine\src\ecs\systems\PhysicsSystem.cpp,748,6114478257,6613204,2,
Physics::Step,C:\Users\╨┐╨║\Documents\GitHub\myengine\engine\src\ecs\systems\PhysicsSystem.cpp,748,6121091481,6744890,2,
Physics::Step,C:\Users\╨┐╨║\Documents\GitHub\myengine\engine\src\ecs\systems\PhysicsSystem.cpp,748,6139655175,6633963,2,
Physics::Step,C:\Users\╨┐╨║\Documents\GitHub\myengine\engine\src\ecs\systems\PhysicsSystem.cpp,748,6158688187,6634484,2,
Physics::Step,C:\Users\╨┐╨║\Documents\GitHub\myengine\engine\src\ecs\systems\PhysicsSystem.cpp,748,6177635956,7462420,2,
Physics::Step,C:\Users\╨┐╨║\Documents\GitHub\myengine\engine\src\ecs\systems\PhysicsSystem.cpp,748,6198068502,7128274,2,
Physics::Step,C:\Users\╨┐╨║\Documents\GitHub\myengine\engine\src\ecs\systems\PhysicsSystem.cpp,748,6205196897,6151790,2,
Physics::Step,C:\Users\╨┐╨║\Documents\GitHub\myengine\engine\src\ecs\systems\PhysicsSystem.cpp,748,6223889406,6656902,2,
Physics::Step,C:\Users\╨┐╨║\Documents\GitHub\myengine\engine\src\ecs\systems\PhysicsSystem.cpp,748,6242737295,6480772,2,
Physics::Step,C:\Users\╨┐╨║\Documents\GitHub\myengine\engine\src\ecs\systems\PhysicsSystem.cpp,748,6261799653,6671564,2,
Physics::Step,C:\Users\╨┐╨║\Documents\GitHub\myengine\engine\src\ecs\systems\PhysicsSystem.cpp,748,6281179715,7037627,2,
Physics::Step,C:\Users\╨┐╨║\Documents\GitHub\myengine\engine\src\ecs\systems\PhysicsSystem.cpp,748,6288217592,6130060,2,
Physics::Step,C:\Users\╨┐╨║\Documents\GitHub\myengine\engine\src\ecs\systems\PhysicsSystem.cpp,748,6307073287,6488206,2,
Physics::Step,C:\Users\╨┐╨║\Documents\GitHub\myengine\engine\src\ecs\systems\PhysicsSystem.cpp,748,6325913642,7202966,2,
Physics::Step,C:\Users\╨┐╨║\Documents\GitHub\myengine\engine\src\ecs\systems\PhysicsSystem.cpp,748,6345549816,6762965,2,
Physics::Step,C:\Users\╨┐╨║\Documents\GitHub\myengine\engine\src\ecs\systems\PhysicsSystem.cpp,748,6364868398,6963806,2,
Physics::Step,C:\Users\╨┐╨║\Documents\GitHub\myengine\engine\src\ecs\systems\PhysicsSystem.cpp,748,6371832294,6219990,2,
Physics::Step,C:\Users\╨┐╨║\Documents\GitHub\myengine\engine\src\ecs\systems\PhysicsSystem.cpp,748,6390201091,6167872,2,
Physics::Step,C:\Users\╨┐╨║\Documents\GitHub\myengine\engine\src\ecs\systems\PhysicsSystem.cpp,748,6408496630,6951437,2,
Physics::Step,C:\Users\╨┐╨║\Documents\GitHub\myengine\engine\src\ecs\systems\PhysicsSystem.cpp,748,6427973947,6506796,2,
Physics::Step,C:\Users\╨┐╨║\Documents\GitHub\myengine\engine\src\ecs\systems\PhysicsSystem.cpp,748,6446533167,7346038,2,
Physics::Step,C:\Users\╨┐╨║\Documents\GitHub\myengine\engine\src\ecs\systems\PhysicsSystem.cpp,748,6465801697,7888807,2,
Physics::Step,C:\Users\╨┐╨║\Documents\GitHub\myengine\engine\src\ecs\systems\PhysicsSystem.cpp,748,6473690634,6029258,2,
Physics::Step,C:\Users\╨┐╨║\Documents\GitHub\myengine\engine\src\ecs\systems\PhysicsSystem.cpp,748,6491896672,6962494,2,
Physics::Step,C:\Users\╨┐╨║\Documents\GitHub\myengine\engine\src\ecs\systems\PhysicsSystem.cpp,748,6512511234,6146942,2,
Physics::Step,C:\Users\╨┐╨║\Documents\GitHub\myengine\engine\src\ecs\systems\PhysicsSystem.cpp,748,6531120420,7404379,2,
Physics::Step,C:\Users\╨┐╨║\Documents\GitHub\myengine\engine\src\ecs\systems\PhysicsSystem.cpp,748,6550556048,7895860,2,
Physics::Step,C:\Users\╨┐╨║\Documents\GitHub\myengine\engine\src\ecs\systems\PhysicsSystem.cpp,748,6558452029,5983340,2,
Physics::Step,C:\Users\╨┐╨║\Documents\GitHub\myengine\engine\src\ecs\systems\PhysicsSystem.cpp,748,6578203599,7859551,2,
Physics::Step,C:\Users\╨┐╨║\Documents\GitHub\myengine\engine\src\ecs\systems\PhysicsSystem.cpp,748,6598471581,6153945,2,
Physics::Step,C:\Users\╨┐╨║\Documents\GitHub\myengine\engine\src\ecs\systems\PhysicsSystem.cpp,748,6604625536,6582280,2,
Physics::Step,C:\Users\╨┐╨║\Documents\GitHub\myengine\engine\src\ecs\systems\PhysicsSystem.cpp,748,6623032787,6688647,2,
Physics::Step,C:\Users\╨┐╨║\Documents\GitHub\myengine\engine\src\ecs\systems\PhysicsSystem.cpp,748,6642052834,6769120,2,
Physics::Step,C:\Users\╨┐╨║\Documents\GitHub\myengine\engine\src\ecs\systems\PhysicsSystem.cpp,748,6661252623,6643401,2,
Physics::Step,C:\Users\╨┐╨║\Documents\GitHub\myengine\engine\src\ecs\systems\PhysicsSystem.cpp,748,6680332735,7589101,2,
Physics::Step,C:\Users\╨┐╨║\Documents\GitHub\myengine\engine\src\ecs\systems\PhysicsSystem.cpp,748,6700131073,6880603,2,
Physics::Step,C:\Users\╨┐╨║\Documents\GitHub\myengine\engine\src\ecs\systems\PhysicsSystem.cpp,748,6707011806,6751823,2,
Physics::Step,C:\Users\╨┐╨║\Documents\GitHub\myengine\engine\src\ecs\systems\PhysicsSystem.cpp,748,6725455586,6098540,2,
Physics::Step,C:\Users\╨┐╨║\Documents\GitHub\myengine\engine\src\ecs\systems\PhysicsSystem.cpp,748,6744667945,7128364,2,
Physics::Step,C:\Users\╨┐╨║\Documents\GitHub\myengine\engine\src\ecs\systems\PhysicsSystem.cpp,748,6763835243,7041579,2,
Physics::Step,C:\Users\╨┐╨║\Documents\GitHub\myengine\engine\src\ecs\systems\PhysicsSystem.cpp,748,6783883106,6410077,2,
Physics::Step,C:\Users\╨┐╨║\Documents\GitHub\myengine\engine\src\ecs\systems\PhysicsSystem.cpp,748,6790293223,6599413,2,
Physics::Step,C:\Users\╨┐╨║\Documents\GitHub\myengine\engine\src\ecs\systems\PhysicsSystem.cpp,748,6809054213,7080663,2,
Physics::Step,C:\Users\╨┐╨║\Documents\GitHub\myengine\engine\src\ecs\systems\PhysicsSystem.cpp,748,6828535237,6683407,2,
Physics::Step,C:\Users\╨┐╨║\Documents\GitHub\myengine\engine\src\ecs\systems\PhysicsSystem.cpp,748,6848005632,6796011,2,
Physics::Step,C:\Users\╨┐╨║\Documents\GitHub\myengine\engine\src\ecs\systems\PhysicsSystem.cpp,748,6854801673,7083174,2,
Physics::Step,C:\Users\╨┐╨║\Documents\GitHub\myengine\engine\src\ecs\systems\PhysicsSystem.cpp,748,6873671240,6747328,2,
Physics::Step,C:\Users\╨┐╨║\Documents\GitHub\myengine\engine\src\ecs\systems\PhysicsSystem.cpp,748,6892624680,7067538,2,
Physics::Step,C:\Users\╨┐╨║\Documents\GitHub\myengine\engine\src\ecs\systems\PhysicsSystem.cpp,748,6911831783,6717492,2,
Physics::Step,C:\Users\╨┐╨║\Documents\GitHub\myengine\engine\src\ecs\systems\PhysicsSystem.cpp,748,6931207351,6230842,2,
Physics::Step,C:\Users\╨┐╨║\Documents\GitHub\myengine\engine\src\ecs\systems\PhysicsSystem.cpp,748,6937438263,7159910,2,
Physics::Step,C:\Users\╨┐╨║\Documents\GitHub\myengine\engine\src\ecs\systems\PhysicsSystem.cpp,748,6956519432,6558439,2,
Physics::Step,C:\Users\╨┐╨║\Documents\GitHub\myengine\engine\src\ecs\systems\PhysicsSystem.cpp,748,6975277340,6989780,2,
Physics::Step,C:\Users\╨┐╨║\Documents\GitHub\myengine\engine\src\ecs\systems\PhysicsSystem.cpp,748,6994420095,7128410,2,
Physics::Step,C:\Users\╨┐╨║\Documents\GitHub\myengine\engine\src\ecs\systems\PhysicsSystem.cpp,748,7014765581,7291575,2,
Physics::Step,C:\Users\╨┐╨║\Documents\GitHub\myengine\engine\src\ecs\systems\PhysicsSystem.cpp,748,7022057236,6893913,2,
Physics::Step,C:\Users\╨┐╨║\Documents\GitHub\myengine\engine\src\ecs\systems\PhysicsSystem.cpp,748,7041119148,6452077,2,
Physics::Step,C:\Users\╨┐╨║\Documents\GitHub\myengine\engine\src\ecs\systems\PhysicsSystem.cpp,748,7060534999,7157850,2,
Physics::Step,C:\Users\╨┐╨║\Documents\GitHub\myengine\engine\src\ecs\systems\PhysicsSystem.cpp,748,7080282401,6745976,2,
Physics::Step,C:\Users\╨┐╨║\Documents\GitHub\myengine\engine\src\ecs\systems\PhysicsSystem.cpp,748,7098948438,6254216,2,
Physics::Step,C:\Users\╨┐╨║\Documents\GitHub\myengine\engine\src\ecs\systems\PhysicsSystem.cpp,748,7105202674,6966452,2,
Physics::Step,C:\Users\╨┐╨║\Documents\GitHub\myengine\engine\src\ecs\systems\PhysicsSystem.cpp,748,7124066078,6587525,2,
Physics::Step,C:\Users\╨┐╨║\Documents\GitHub\myengine\engine\src\ecs\systems\PhysicsSystem.cpp,748,7143077524,6421534,2,
Physics::Step,C:\Users\╨┐╨║\Documents\GitHub\myengine\engine\src\ecs\systems\PhysicsSystem.cpp,748,7161858151,6736548,2,
Physics::Step,C:\Users\╨┐╨║\Documents\GitHub\myengine\engine\src\ecs\systems\PhysicsSystem.cpp,748,7181149975,7161728,2,
Physics::Step,C:\Users\╨┐╨║\Documents\GitHub\myengine\engine\src\ecs\systems\PhysicsSystem.cpp,748,7188311793,7136415,2,
Physics::Step,C:\Users\╨┐╨║\Documents\GitHub\myengine\engine\src\ecs\systems\PhysicsSystem.cpp,748,7207368415,6733773,2,
Physics::Step,C:\Users\╨┐╨║\Documents\GitHub\myengine\engine\src\ecs\systems\PhysicsSystem.cpp,748,7226554779,7110210,2,
Physics::Step,C:\Users\╨┐╨║\Documents\GitHub\myengine\engine\src\ecs\systems\PhysicsSystem.cpp,748,7245871511,6817132,2,
Physics::Step,C:\Users\╨┐╨║\Documents\GitHub\myengine\engine\src\ecs\systems\PhysicsSystem.cpp,748,7265334351,6560824,2,
Physics::Step,C:\Users\╨┐╨║\Documents\GitHub\myengine\engine\src\ecs\systems\PhysicsSystem.cpp,748,7271895195,6389974,2,
Physics::Step,C:\Users\╨┐╨║\Documents\GitHub\myengine\engine\src\ecs\systems\PhysicsSystem.cpp,748,7290742839,7186135,2,
Physics::Step,C:\Users\╨┐╨║\Documents\GitHub\myengine\engine\src\ecs\systems\PhysicsSystem.cpp,748,7310433693,7984344,2,
Physics::Step,C:\Users\╨┐╨║\Documents\GitHub\myengine\engine\src\ecs\systems\PhysicsSystem.cpp,748,7330463363,7315119,2,
Physics::Step,C:\Users\╨┐╨║\Documents\GitHub\myengine\engine\src\ecs\systems\PhysicsSystem.cpp,748,7350298161,6636227,2,
Physics::Step,C:\Users\╨┐╨║\Documents\GitHub\myengine\engine\src\ecs\systems\PhysicsSystem.cpp,748,7356934478,6896438,2,
Physics::Step,C:\Users\╨┐╨║\Documents\GitHub\myengine\engine\src\ecs\systems\PhysicsSystem.cpp,748,7375928992,6893928,2,
Physics::Step,C:\Users\╨┐╨║\Documents\GitHub\myengine\engine\src\ecs\systems\PhysicsSystem.cpp,748,7395946548,7335298,2,
Physics::Step,C:\Users\╨┐╨║\Documents\GitHub\myengine\engine\src\ecs\systems\PhysicsSystem.cpp,748,7418297576,7931974,2,
Physics::Step,C:\Users\╨┐╨║\Documents\GitHub\myengine\engine\src\ecs\systems\PhysicsSystem.cpp,748,7426229691,6785507,2,
Physics::Step,C:\Users\╨┐╨║\Documents\GitHub\myengine\engine\src\ecs\systems\PhysicsSystem.cpp,748,7445112262,6647368,2,
Physics::Step,C:\Users\╨┐╨║\Documents\GitHub\myengine\engine\src\ecs\systems\PhysicsSystem.cpp,748,7464505088,6627040,2,
Physics::Step,C:\Users\╨┐╨║\Documents\GitHub\myengine\engine\src\ecs\systems\PhysicsSystem.cpp,748,7471132148,6235370,2,
Physics::Step,C:\Users\╨┐╨║\Documents\GitHub\myengine\engine\src\ecs\systems\PhysicsSystem.cpp,748,7490118196,6792465,2,
Physics::Step,C:\Users\╨┐╨║\Documents\GitHub\myengine\engine\src\ecs\systems\PhysicsSystem.cpp,748,7509808854,6451161,2,
Physics::Step,C:\Users\╨┐╨║\Documents\GitHub\myengine\engine\src\ecs\systems\PhysicsSystem.cpp,748,7530448951,6425652,2,
Physics::Step,C:\Users\╨┐╨║\Documents\GitHub\myengine\engine\src\ecs\systems\PhysicsSystem.cpp,748,7548990617,6292549,2,
Physics::Step,C:\Users\╨┐╨║\Documents\GitHub\myengine\engine\src\ecs\systems\PhysicsSystem.cpp,748,7555283186,6781319,2,
Physics::Step,C:\Users\╨┐╨║\Documents\GitHub\myengine\engine\src\ecs\systems\PhysicsSystem.cpp,748,7573622197,6750214,2,
Physics::Step,C:\Users\╨┐╨║\Documents\GitHub\myengine\engine\src\ecs\systems\PhysicsSystem.cpp,748,7593176231,7055886,2,
Physics::Step,C:\Users\╨┐╨║\Documents\GitHub\myengine\engine\src\ecs\systems\PhysicsSystem.cpp,748,7612480649,6603465,2,
Physics::Step,C:\Users\╨┐╨║\Documents\GitHub\myengine\engine\src\ecs\systems\PhysicsSystem.cpp,748,7631552259,6297919,2,
Physics::Step,C:\Users\╨┐╨║\Documents\GitHub\myengine\engine\src\ecs\systems\PhysicsSystem.cpp,748,7637850198,6831404,2,
Physics::Step,C:\Users\╨┐╨║\Documents\GitHub\myengine\engine\src\ecs\systems\PhysicsSystem.cpp,748,7656656267,6100383,2,
Physics::Step,C:\Users\╨┐╨║\Documents\GitHub\myengine\engine\src\ecs\systems\PhysicsSystem.cpp,748,7674963343,6841929,2,
Physics::Step,C:\Users\╨┐╨║\Documents\GitHub\myengine\engine\src\ecs\systems\PhysicsSystem.cpp,748,7694474485,6709837,2,
Physics::Step,C:\Users\╨┐╨║\Documents\GitHub\myengine\engine\src\ecs\systems\PhysicsSystem.cpp,748,7713463964,6920228,2,
Physics::Step,C:\Users\╨┐╨║\Documents\GitHub\myengine\engine\src\ecs\systems\PhysicsSystem.cpp,748,7732647537,6297448,2,
Physics::Step,C:\Users\╨┐╨║\Documents\GitHub\myengine\engine\src\ecs\systems\PhysicsSystem.cpp,748,7738945005,6369595,2,
Physics::Step,C:\Users\╨┐╨║\Documents\GitHub\myengine\engine\src\ecs\systems\PhysicsSystem.cpp,748,7757862923,6958356,2,
Physics::Step,C:\Users\╨┐╨║\Documents\GitHub\myengine\engine\src\ecs\systems\PhysicsSystem.cpp,748,7777216525,7107715,2,
Physics::Step,C:\Users\╨┐╨║\Documents\GitHub\myengine\engine\src\ecs\systems\PhysicsSystem.cpp,748,7796892240,6597494,2,
Physics::Step,C:\Users\╨┐╨║\Documents\GitHub\myengine\engine\src\ecs\systems\PhysicsSystem.cpp,748,7816311698,6746888,2,
Physics::Step,C:\Users\╨┐╨║\Documents\GitHub\myengine\engine\src\ecs\systems\PhysicsSystem.cpp,748,7823058626,7186821,2,
Physics::Step,C:\Users\╨┐╨║\Documents\GitHub\myengine\engine\src\ecs\systems\PhysicsSystem.cpp,748,7842031323,6316965,2,
Physics::Step,C:\Users\╨┐╨║\Documents\GitHub\myengine\engine\src\ecs\systems\PhysicsSystem.cpp,748,7859974961,6260548,2,
Physics::Step,C:\Users\╨┐╨║\Documents\GitHub\myengine\engine\src\ecs\systems\PhysicsSystem.cpp,748,7878651379,6860815,2,
Physics::Step,C:\Users\╨┐╨║\Documents\GitHub\myengine\engine\src\ecs\systems\PhysicsSystem.cpp,748,7898515032,7305802,2,
Physics::Step,C:\Users\╨┐╨║\Documents\GitHub\myengine\engine\src\ecs\systems\PhysicsSystem.cpp,748,7905820844,6752364,2,
Physics::Step,C:\Users\╨┐╨║\Documents\GitHub\myengine\engine\src\ecs\systems\PhysicsSystem.cpp,748,7924468949,6570362,2,
Physics::Step,C:\Users\╨┐╨║\Documents\GitHub\myengine\engine\src\ecs\systems\PhysicsSystem.cpp,748,7943791322,7476046,2,
Physics::Step,C:\Users\╨┐╨║\Documents\GitHub\myengine\engine\src\ecs\systems\PhysicsSystem.cpp,748,7963788790,7493679,2,
Physics::Step,C:\Users\╨┐╨║\Documents\GitHub\myengine\engine\src\ecs\systems\PhysicsSystem.cpp,748,7983953525,6369325,2,
Physics::Step,C:\Users\╨┐╨║\Documents\GitHub\myengine\engine\src\ecs\systems\PhysicsSystem.cpp,748,7990322880,7064018,2,
Physics::Step,C:\Users\╨┐╨║\Documents\GitHub\myengine\engine\src\ecs\systems\PhysicsSystem.cpp,748,8009090086,7875723,2,
Physics::Step,C:\Users\╨┐╨║\Documents\GitHub\myengine\engine\src\ecs\systems\PhysicsSystem.cpp,748,8030247081,7448684,2,
Physics::Step,C:\Users\╨┐╨║\Documents\GitHub\myengine\engine\src\ecs\systems\PhysicsSystem.cpp,748,8049513121,6949259,2,
Physics::Step,C:\Users\╨┐╨║\Documents\GitHub\myengine\engine\src\ecs\systems\PhysicsSystem.cpp,748,8056462490,6485206,2,
Physics::Step,C:\Users\╨┐╨║\Documents\GitHub\myengine\engine\src\ecs\systems\PhysicsSystem.cpp,748,8074567661,7210606,2,
Physics::Step,C:\Users\╨┐╨║\Documents\GitHub\myengine\engine\src\ecs\systems\PhysicsSystem.cpp,748,8094027596,7531928,2,
Physics::Step,C:\Users\╨┐╨║\Documents\GitHub\myengine\engine\src\ecs\systems\PhysicsSystem.cpp,748,8113459707,7171001,2,
Physics::Step,C:\Users\╨┐╨║\Documents\GitHub\myengine\engine\src\ecs\systems\PhysicsSystem.cpp,748,8132632405,6110732,2,
Physics::Step,C:\Users\╨┐╨║\Documents\GitHub\myengine\engine\src\ecs\systems\PhysicsSystem.cpp,748,8138743178,6771099,2,
Physics::Step,C:\Users\╨┐╨║\Documents\GitHub\myengine\engine\src\ecs\systems\PhysicsSystem.cpp,748,8157378032,6601817,2,
Physics::Step,C:\Users\╨┐╨║\Documents\GitHub\myengine\engine\src\ecs\systems\PhysicsSystem.cpp,748,8175634134,6648386,2,
Physics::Step,C:\Users\╨┐╨║\Documents\GitHub\myengine\engine\src\ecs\systems\PhysicsSystem.cpp,748,8194028761,6410152,2,
Physics::Step,C:\Users\╨┐╨║\Documents\GitHub\myengine\engine\src\ecs\systems\PhysicsSystem.cpp,748,8212802820,6875112,2,
Physics::Step,C:\Users\╨┐╨║\Documents\GitHub\myengine\engine\src\ecs\systems\PhysicsSystem.cpp,748,8231855644,6323367,2,
Physics::Step,C:\Users\╨┐╨║\Documents\GitHub\myengine\engine\src\ecs\systems\PhysicsSystem.cpp,748,8238179021,6753296,2,
Physics::Step,C:\Users\╨┐╨║\Documents\GitHub\myengine\engine\src\ecs\systems\PhysicsSystem.cpp,748,8256840041,6582014,2,
Physics::Step,C:\Users\╨┐╨║\Documents\GitHub\myengine\engine\src\ecs\systems\PhysicsSystem.cpp,748,8276129270,7043832,2,
Physics::Step,C:\Users\╨┐╨║\Documents\GitHub\myengine\engine\src\ecs\systems\PhysicsSystem.cpp,748,8295543277,7353914,2,
Physics::Step,C:\Users\╨┐╨║\Documents\GitHub\myengine\engine\src\ecs\systems\PhysicsSystem.cpp,748,8315149570,6678358,2,
Physics::Step,C:\Users\╨┐╨║\Documents\GitHub\myengine\engine\src\ecs\systems\PhysicsSystem.cpp,748,8321828028,6725683,2,
Physics::Step,C:\Users\╨┐╨║\Documents\GitHub\myengine\engine\src\ecs\systems\PhysicsSystem.cpp,748,8340581503,6647279,2,
Physics::Step,C:\Users\╨┐╨║\Documents\GitHub\myengine\engine\src\ecs\systems\PhysicsSystem.cpp,748,8359783246,6823564,2,
Physics::Step,C:\Users\╨┐╨║\Documents\GitHub\myengine\engine\src\ecs\systems\PhysicsSystem.cpp,748,8379098776,7132973,2,
Physics::Step,C:\Users\╨┐╨║\Documents\GitHub\myengine\engine\src\ecs\systems\PhysicsSystem.cpp,748,8399141249,6717638,2,
Physics::Step,C:\Users\╨┐╨║\Documents\GitHub\myengine\engine\src\ecs\systems\PhysicsSystem.cpp,748,8405858997,6065547,2,
Physics::Step,C:\Users\╨┐╨║\Documents\GitHub\myengine\engine\src\ecs\systems\PhysicsSystem.cpp,748,8423729676,6145359,2,
Physics::Step,C:\Users\╨┐╨║\Documents\GitHub\myengine\engine\src\ecs\systems\PhysicsSystem.cpp,748,8442014364,6675782,2,
Physics::Step,C:\Users\╨┐╨║\Documents\GitHub\myengine\engine\src\ecs\systems\PhysicsSystem.cpp,748,8461198854,6878013,2,
Physics::Step,C:\Users\╨┐╨║\Documents\GitHub\myengine\engine\src\ecs\systems\PhysicsSystem.cpp,748,8480161332,7304759,2,
Physics::Step,C:\Users\╨┐╨║\Documents\GitHub\myengine\engine\src\ecs\systems\PhysicsSystem.cpp,748,8500536488,6394052,2,
Physics::Step,C:\Users\╨┐╨║\Documents\GitHub\myengine\engine\src\ecs\systems\PhysicsSystem.cpp,748,8506930660,6134197,2,
Physics::Step,C:\Users\╨┐╨║\Documents\GitHub\myengine\engine\src\ecs\systems\PhysicsSystem.cpp,748,8524526706,6354186,2,
Physics::Step,C:\Users\╨┐╨║\Documents\GitHub\myengine\engine\src\ecs\systems\PhysicsSystem.cpp,748,8544689088,6874531,2,
Physics::Step,C:\Users\╨┐╨║\Documents\GitHub\myengine\engine\src\ecs\systems\PhysicsSystem.cpp,748,8563797273,6724957,2,
Physics::Step,C:\Users\╨┐╨║\Documents\GitHub\myengine\engine\src\ecs\systems\PhysicsSystem.cpp,748,8583105269,6927431,2,
Physics::Step,C:\Users\╨┐╨║\Documents\GitHub\myengine\engine\src\ecs\systems\PhysicsSystem.cpp,748,8590032710,7272865,2,
Physics::Step,C:\Users\╨┐╨║\Documents\GitHub\myengine\engine\src\ecs\systems\PhysicsSystem.cpp,748,8609673966,6621799,2,
Physics::Step,C:\Users\╨┐╨║\Documents\GitHub\myengine\engine\src\ecs\systems\PhysicsSystem.cpp,748,8627933670,6240810,2,
Physics::Step,C:\Users\╨┐╨║\Documents\GitHub\myengine\engine\src\ecs\systems\PhysicsSystem.cpp,748,8646851798,6470047,2,
Physics::Step,C:\Users\╨┐╨║\Documents\GitHub\myengine\engine\src\ecs\systems\PhysicsSystem.cpp,748,8665565833,7315611,2,
Physics::Step,C:\Users\╨┐╨║\Documents\GitHub\myengine\engine\src\ecs\systems\PhysicsSystem.cpp,748,8672881624,6580336,2,
Physics::Step,C:\Users\╨┐╨║\Documents\GitHub\myengine\engine\src\ecs\systems\PhysicsSystem.cpp,748,8691555778,6328938,2,
Physics::Step,C:\Users\╨┐╨║\Documents\GitHub\myengine\engine\src\ecs\systems\PhysicsSystem.cpp,748,8710989352,7178115,2,
Physics::Step,C:\Users\╨┐╨║\Documents\GitHub\myengine\engine\src\ecs\systems\PhysicsSystem.cpp,748,8730270417,6757253,2,
Physics::Step,C:\Users\╨┐╨║\Documents\GitHub\myengine\engine\src\ecs\systems\PhysicsSystem.cpp,748,8749070325,6717101,2,
Physics::Step,C:\Users\╨┐╨║\Documents\GitHub\myengine\engine\src\ecs\systems\PhysicsSystem.cpp,748,8755787656,6777091,2,
Physics::Step,C:\Users\╨┐╨║\Documents\GitHub\myengine\engine\src\ecs\systems\PhysicsSystem.cpp,748,8774423498,6825898,2,
Physics::Step,C:\Users\╨┐╨║\Documents\GitHub\myengine\engine\src\ecs\systems\PhysicsSystem.cpp,748,8792878750,6631368,2,
Physics::Step,C:\Users\╨┐╨║\Documents\GitHub\myengine\engine\src\ecs\systems\PhysicsSystem.cpp,748,8812643294,6443019,2,
Physics::Step,C:\Users\╨┐╨║\Documents\GitHub\myengine\engine\src\ecs\systems\PhysicsSystem.cpp,748,8831009947,6194887,2,
Physics::Step,C:\Users\╨┐╨║\Documents\GitHub\myengine\engine\src\ecs\systems\PhysicsSystem.cpp,748,8850384619,6973931,2,
Physics::Step,C:\Users\╨┐╨║\Documents\GitHub\myengine\engine\src\ecs\systems\PhysicsSystem.cpp,748,8857358630,6690446,2,
Physics::Step,C:\Users\╨┐╨║\Documents\GitHub\myengine\engine\src\ecs\systems\PhysicsSystem.cpp,748,8875741510,6627731,2,
Physics::Step,C:\Users\╨┐╨║\Documents\GitHub\myengine\engine\src\ecs\systems\PhysicsSystem.cpp,748,8895410582,6302598,2,
Physics::Step,C:\Users\╨┐╨║\Documents\GitHub\myengine\engine\src\ecs\systems\PhysicsSystem.cpp,748,8914459364,7265305,2,
Physics::Step,C:\Users\╨┐╨║\Documents\GitHub\myengine\engine\src\ecs\systems\PhysicsSystem.cpp,748,8921724699,7059569,2,
Physics::Step,C:\Users\╨┐╨║\Documents\GitHub\myengine\engine\src\ecs\systems\PhysicsSystem.cpp,748,8940663257,7165284,2,
Physics::Step,C:\Users\╨┐╨║\Documents\GitHub\myengine\engine\src\ecs\systems\PhysicsSystem.cpp,748,8960183967,6986514,2,
Physics::Step,C:\Users\╨┐╨║\Documents\GitHub\myengine\engine\src\ecs\systems\PhysicsSystem.cpp,748,8979535234,6992215,2,
Physics::Step,C:\Users\╨┐╨║\Documents\GitHub\myengine\engine\src\ecs\systems\PhysicsSystem.cpp,748,8999086894,7756369,2,
Physics::Step,C:\Users\╨┐╨║\Documents\GitHub\myengine\engine\src\ecs\systems\PhysicsSystem.cpp,748,9006843423,6811026,2,
Physics::Step,C:\Users\╨┐╨║\Documents\GitHub\myengine\engine\src\ecs\systems\PhysicsSystem.cpp,748,9025228447,7642163,2,
Physics::Step,C:\Users\╨┐╨║\Documents\GitHub\myengine\engine\src\ecs\systems\PhysicsSystem.cpp,748,9046351869,7039961,2,
Physics::Step,C:\Users\╨┐╨║\Documents\GitHub\myengine\engine\src\ecs\systems\PhysicsSystem.cpp,748,9065197363,6890351,2,
Physics::Step,C:\Users\╨┐╨║\Documents\GitHub\myengine\engine\src\ecs\systems\PhysicsSystem.cpp,748,9072087734,6768716,2,
Physics::Step,C:\Users\╨┐╨║\Documents\GitHub\myengine\engine\src\ecs\systems\PhysicsSystem.cpp,748,9090550526,6347989,2,
Physics::Step,C:\Users\╨┐╨║\Documents\GitHub\myengine\engine\src\ecs\systems\PhysicsSystem.cpp,748,9109279854,6267061,2,
Physics::Step,C:\Users\╨┐╨║\Documents\GitHub\myengine\engine\src\ecs\systems\PhysicsSystem.cpp,748,9128055466,6358124,2,
Physics::Step,C:\Users\╨┐╨║\Documents\GitHub\myengine\engine\src\ecs\systems\PhysicsSystem.cpp,748,9147293574,7227854,2,
Physics::Step,C:\Users\╨┐╨║\Documents\GitHub\myengine\engine\src\ecs\systems\PhysicsSystem.cpp,748,9166695538,6467792,2,
Physics::Step,C:\Users\╨┐╨║\Documents\GitHub\myengine\engine\src\ecs\systems\PhysicsSystem.cpp,748,9173163450,6533788,2,
Physics::Step,C:\Users\╨┐╨║\Documents\GitHub\myengine\engine\src\ecs\systems\PhysicsSystem.cpp,748,9191246274,6515818,2,
Physics::Step,C:\Users\╨┐╨║\Documents\GitHub\myengine\engine\src\ecs\systems\PhysicsSystem.cpp,748,9210221395,6759979,2,
Physics::Step,C:\Users\╨┐╨║\Documents\GitHub\myengine\engine\src\ecs\systems\PhysicsSystem.cpp,748,9228996336,7135297,2,
Physics::Step,C:\Users\╨┐╨║\Documents\GitHub\myengine\engine\src\ecs\systems\PhysicsSystem.cpp,748,9248838147,6423252,2,
Physics::Step,C:\Users\╨┐╨║\Documents\GitHub\myengine\engine\src\ecs\systems\PhysicsSystem.cpp,748,9255261409,6818320,2,
Physics::Step,C:\Users\╨┐╨║\Documents\GitHub\myengine\engine\src\ecs\systems\PhysicsSystem.cpp,748,9273834922,6756525,2,
Physics::Step,C:\Users\╨┐╨║\Documents\GitHub\myengine\engine\src\ecs\systems\PhysicsSystem.cpp,748,9292115436,7037727,2,
Physics::Step,C:\Users\╨┐╨║\Documents\GitHub\myengine\engine\src\ecs\systems\PhysicsSystem.cpp,748,9311764115,6800911,2,
Physics::Step,C:\Users\╨┐╨║\Documents\GitHub\myengine\engine\src\ecs\systems\PhysicsSystem.cpp,748,9331060859,6995186,2,
Physics::Step,C:\Users\╨┐╨║\Documents\GitHub\myengine\engine\src\ecs\systems\PhysicsSystem.cpp,748,9350333287,6992545,2,
Physics::Step,C:\Users\╨┐╨║\Documents\GitHub\myengine\engine\src\ecs\systems\PhysicsSystem.cpp,748,9357326223,6740431,2,
Physics::Step,C:\Users\╨┐╨║\Documents\GitHub\myengine\engine\src\ecs\systems\PhysicsSystem.cpp,748,9376113432,6372822,2,
Physics::Step,C:\Users\╨┐╨║\Documents\GitHub\myengine\engine\src\ecs\systems\PhysicsSystem.cpp,748,9394596527,6099591,2,
Physics::Step,C:\Users\╨┐╨║\Documents\GitHub\myengine\engine\src\ecs\systems\PhysicsSystem.cpp,748,9413361739,7110430,2,
Physics::Step,C:\Users\╨┐╨║\Documents\GitHub\myengine\engine\src\ecs\systems\PhysicsSystem.cpp,748,9432598609,7148308,2,
Physics::Step,C:\Users\╨┐╨║\Documents\GitHub\myengine\engine\src\ecs\systems\PhysicsSystem.cpp,748,9439747137,6492469,2,
Physics::Step,C:\Users\╨┐╨║\Documents\GitHub\myengine\engine\src\ecs\systems\PhysicsSystem.cpp,748,9458199354,6857097,2,
Physics::Step,C:\Users\╨┐╨║\Documents\GitHub\myengine\engine\src\ecs\systems\PhysicsSystem.cpp,748,9477894075,7215570,2,
Physics::Step,C:\Users\╨┐╨║\Documents\GitHub\myengine\engine\src\ecs\systems\PhysicsSystem.cpp,748,9497321868,6201740,2,
Physics::Step,C:\Users\╨┐╨║\Documents\GitHub\myengine\engine\src\ecs\systems\PhysicsSystem.cpp,748,9516623061,6815338,2,
Physics::Step,C:\Users\╨┐╨║\Documents\GitHub\myengine\engine\src\ecs\systems\PhysicsSystem.cpp,748,9523438469,6724040,2,
Physics::Step,C:\Users\╨┐╨║\Documents\GitHub\myengine\engine\src\ecs\systems\PhysicsSystem.cpp,748,9541842860,6370090,2,
Physics::Step,C:\Users\╨┐╨║\Documents\GitHub\myengine\engine\src\ecs\systems\PhysicsSystem.cpp,748,9562077349,6140133,2,
Physics::Step,C:\Users\╨┐╨║\Documents\GitHub\myengine\engine\src\ecs\systems\PhysicsSystem.cpp,748,9581232713,6753842,2,
Physics::Step,C:\Users\╨┐╨║\Documents\GitHub\myengine\engine\src\ecs\systems\PhysicsSystem.cpp,748,9587986585,7030052,2,
Physics::Step,C:\Users\╨┐╨║\Documents\GitHub\myengine\engine\src\ecs\systems\PhysicsSystem.cpp,748,9606854919,7055465,2,
Physics::Step,C:\Users\╨┐╨║\Documents\GitHub\myengine\engine\src\ecs\systems\PhysicsSystem.cpp,748,9626626136,7134616,2,
Physics::Step,C:\Users\╨┐╨║\Documents\GitHub\myengine\engine\src\ecs\systems\PhysicsSystem.cpp,748,9645796659,7109428,2,
Physics::Step,C:\Users\╨┐╨║\Documents\GitHub\myengine\engine\src\ecs\systems\PhysicsSystem.cpp,748,9665269017,6922082,2,
Physics::Step,C:\Users\╨┐╨║\Documents\GitHub\myengine\engine\src\ecs\systems\PhysicsSystem.cpp,748,9672191129,6723088,2,
Physics::Step,C:\Users\╨┐╨║\Documents\GitHub\myengine\engine\src\ecs\systems\PhysicsSystem.cpp,748,9691038824,7092636,2,
Physics::Step,C:\Users\╨┐╨║\Documents\GitHub\myengine\engine\src\ecs\systems\PhysicsSystem.cpp,748,9710480954,7163662,2,
Physics::Step,C:\Users\╨┐╨║\Documents\GitHub\myengine\engine\src\ecs\systems\PhysicsSystem.cpp,748,9729651362,6426113,2,
Physics::Step,C:\Users\╨┐╨║\Documents\GitHub\myengine\engine\src\ecs\systems\PhysicsSystem.cpp,748,9748374640,7150236,2,
Physics::Step,C:\Users\╨┐╨║\Documents\GitHub\myengine\engine\src\ecs\systems\PhysicsSystem.cpp,748,9755525256,6909824,2,
Physics::Step,C:\Users\╨┐╨║\Documents\GitHub\myengine\engine\src\ecs\systems\PhysicsSystem.cpp,748,9774214729,6804534,2,
Physics::Step,C:\Users\╨┐╨║\Documents\GitHub\myengine\engine\src\ecs\systems\PhysicsSystem.cpp,748,9793845990,6914307,2,
Physics::Step,C:\Users\╨┐╨║\Documents\GitHub\myengine\engine\src\ecs\systems\PhysicsSystem.cpp,748,9813516430,6388191,2,
Physics::Step,C:\Users\╨┐╨║\Documents\GitHub\myengine\engine\src\ecs\systems\PhysicsSystem.cpp,748,9832574315,6904939,2,
Physics::Step,C:\Users\╨┐╨║\Documents\GitHub\myengine\engine\src\ecs\systems\PhysicsSystem.cpp,748,9839479274,6857183,2,
Physics::Step,C:\Users\╨┐╨║\Documents\GitHub\myengine\engine\src\ecs\systems\PhysicsSystem.cpp,748,9858084487,7105230,2,
Physics::Step,C:\Users\╨┐╨║\Documents\GitHub\myengine\engine\src\ecs\systems\PhysicsSystem.cpp,748,9877573637,6942260,2,
Physics::Step,C:\Users\╨┐╨║\Documents\GitHub\myengine\engine\src\ecs\systems\PhysicsSystem.cpp,748,9897030746,6757698,2,
Physics::Step,C:\Users\╨┐╨║\Documents\GitHub\myengine\engine\src\ecs\systems\PhysicsSystem.cpp,748,9916588150,6388412,2,
Physics::Step,C:\Users\╨┐╨║\Documents\GitHub\myengine\engine\src\ecs\systems\PhysicsSystem.cpp,748,9922976642,6579655,2,
Physics::Step,C:\Users\╨┐╨║\Documents\GitHub\myengine\engine\src\ecs\systems\PhysicsSystem.cpp,748,9941536873,6829561,2,
Physics::Step,C:\Users\╨┐╨║\Documents\GitHub\myengine\engine\src\ecs\systems\PhysicsSystem.cpp,748,9960542343,6511195,2,
Physics::Step,C:\Users\╨┐╨║\Documents\GitHub\myengine\engine\src\ecs\systems\PhysicsSystem.cpp,748,9979493609,6192949,2,
Physics::Step,C:\Users\╨┐╨║\Documents\GitHub\myengine\engine\src\ecs\systems\PhysicsSystem.cpp,748,9998386490,6553009,2,
Physics::Step,C:\Users\╨┐╨║\Documents\GitHub\myengine\engine\src\ecs\systems\PhysicsSystem.cpp,748,10004939689,7173846,2,
Physics::Step,C:\Users\╨┐╨║\Documents\GitHub\myengine\engine\src\ecs\systems\PhysicsSystem.cpp,748,10024012396,6410203,2,
Physics::Step,C:\Users\╨┐╨║\Documents\GitHub\myengine\engine\src\ecs\systems\PhysicsSystem.cpp,748,10042288553,6586242,2,
Physics::Step,C:\Users\╨┐╨║\Documents\GitHub\myengine\engine\src\ecs\systems\PhysicsSystem.cpp,748,10062555353,6288155,2,
Physics::Step,C:\Users\╨┐╨║\Documents\GitHub\myengine\engine\src\ecs\systems\PhysicsSystem.cpp,748,10081619204,6884620,2,
Physics::Step,C:\Users\╨┐╨║\Documents\GitHub\myengine\engine\src\ecs\systems\PhysicsSystem.cpp,748,10088503854,6494413,2,
Physics::Step,C:\Users\╨┐╨║\Documents\GitHub\myengine\engine\src\ecs\systems\PhysicsSystem.cpp,748,10106858961,6827131,2,
Physics::Step,C:\Users\╨┐╨║\Documents\GitHub\myengine\engine\src\ecs\systems\PhysicsSystem.cpp,748,10126388418,6698386,2,
Physics::Step,C:\Users\╨┐╨║\Documents\GitHub\myengine\engine\src\ecs\systems\PhysicsSystem.cpp,748,10145222762,6945085,2,
Physics::Step,C:\Users\╨┐╨║\Documents\GitHub\myengine\engine\src\ecs\systems\PhysicsSystem.cpp,748,10164610719,6788708,2,
Physics::Step,C:\Users\╨┐╨║\Documents\GitHub\myengine\engine\src\ecs\systems\PhysicsSystem.cpp,748,10171399547,6672602,2,
Physics::Step,C:\Users\╨┐╨║\Documents\GitHub\myengine\engine\src\ecs\systems\PhysicsSystem.cpp,748,10189852424,6114811,2,
Physics::Step,C:\Users\╨┐╨║\Documents\GitHub\myengine\engine\src\ecs\systems\PhysicsSystem.cpp,748,10208603695,7561760,2,
Physics::Step,C:\Users\╨┐╨║\Documents\GitHub\myengine\engine\src\ecs\systems\PhysicsSystem.cpp,748,10228436600,6835456,2,
Physics::Step,C:\Users\╨┐╨║\Documents\GitHub\myengine\engine\src\ecs\systems\PhysicsSystem.cpp,748,10247581084,6945145,2,
Physics::Step,C:\Users\╨┐╨║\Documents\GitHub\myengine\engine\src\ecs\systems\PhysicsSystem.cpp,748,10266635466,6755074,2,
Physics::Step,C:\Users\╨┐╨║\Documents\GitHub\myengine\engine\src\ecs\systems\PhysicsSystem.cpp,748,10273390680,6775168,2,
Physics::Step,C:\Users\╨┐╨║\Documents\GitHub\myengine\engine\src\ecs\systems\PhysicsSystem.cpp,748,10291859308,6147973,2,
Physics::Step,C:\Users\╨┐╨║\Documents\GitHub\myengine\engine\src\ecs\systems\PhysicsSystem.cpp,748,10310531178,7744406,2,
Physics::Step,C:\Users\╨┐╨║\Documents\GitHub\myengine\engine\src\ecs\systems\PhysicsSystem.cpp,748,10330387110,6517247,2,
Physics::Step,C:\Users\╨┐╨║\Documents\GitHub\myengine\engine\src\ecs\systems\PhysicsSystem.cpp,748,10349660475,6983178,2,
Physics::Step,C:\Users\╨┐╨║\Documents\GitHub\myengine\engine\src\ecs\systems\PhysicsSystem.cpp,748,10356643763,6044607,2,
Physics::Step,C:\Users\╨┐╨║\Documents\GitHub\myengine\engine\src\ecs\systems\PhysicsSystem.cpp,748,10374410169,6744674,2,
Physics::Step,C:\Users\╨┐╨║\Documents\GitHub\myengine\engine\src\ecs\systems\PhysicsSystem.cpp,748,10393553716,6180636,2,
Physics::Step,C:\Users\╨┐╨║\Documents\GitHub\myengine\engine\src\ecs\systems\PhysicsSystem.cpp,748,10412096861,7351093,2,
Physics::Step,C:\Users\╨┐╨║\Documents\GitHub\myengine\engine\src\ecs\systems\PhysicsSystem.cpp,748,10432255445,6422135,2,
Physics::Step,C:\Users\╨┐╨║\Documents\GitHub\myengine\engine\src\ecs\systems\PhysicsSystem.cpp,748,10438677701,6693822,2,
Physics::Step,C:\Users\╨┐╨║\Documents\GitHub\myengine\engine\src\ecs\systems\PhysicsSystem.cpp,748,10457334597,6544047,2,
Physics::Step,C:\Users\╨┐╨║\Documents\GitHub\myengine\engine\src\ecs\systems\PhysicsSystem.cpp,748,10475244941,6468814,2,
Physics::Step,C:\Users\╨┐╨║\Documents\GitHub\myengine\engine\src\ecs\systems\PhysicsSystem.cpp,748,10493826253,6461500,2,
Physics::Step,C:\Users\╨┐╨║\Documents\GitHub\myengine\engine\src\ecs\systems\PhysicsSystem.cpp,748,10512479352,6540455,2,
Physics::Step,C:\Users\╨┐╨║\Documents\GitHub\myengine\engine\src\ecs\systems\PhysicsSystem.cpp,748,10531492296,6097952,2,
Physics::Step,C:\Users\╨┐╨║\Documents\GitHub\myengine\engine\src\ecs\systems\PhysicsSystem.cpp,748,10537590278,6695336,2,
Physics::Step,C:\Users\╨┐╨║\Documents\GitHub\myengine\engine\src\ecs\systems\PhysicsSystem.cpp,748,10556159523,6589964,2,
Physics::Step,C:\Users\╨┐╨║\Documents\GitHub\myengine\engine\src\ecs\systems\PhysicsSystem.cpp,748,10576484018,7248308,2,
Physics::Step,C:\Users\╨┐╨║\Documents\GitHub\myengine\engine\src\ecs\systems\PhysicsSystem.cpp,748,10595588932,6396035,2,
Physics::Step,C:\Users\╨┐╨║\Documents\GitHub\myengine\engine\src\ecs\systems\PhysicsSystem.cpp,748,10614662185,7099044,2,
Physics::Step,C:\Users\╨┐╨║\Documents\GitHub\myengine\engine\src\ecs\systems\PhysicsSystem.cpp,748,10621761319,6753155,2,
Physics::Step,C:\Users\╨┐╨║\Documents\GitHub\myengine\engine\src\ecs\systems\PhysicsSystem.cpp,748,10640364959,6643852,2,
Physics::Step,C:\Users\╨┐╨║\Documents\GitHub\myengine\engine\src\ecs\systems\PhysicsSystem.cpp,748,10659509944,6723408,2,
Physics::Step,C:\Users\╨┐╨║\Documents\GitHub\myengine\engine\src\ecs\systems\PhysicsSystem.cpp,748,10678415463,7208406,2,
Physics::Step,C:\Users\╨┐╨║\Documents\GitHub\myengine\engine\src\ecs\systems\PhysicsSystem.cpp,748,10697582534,6154646,2,
Physics::Step,C:\Users\╨┐╨║\Documents\GitHub\myengine\engine\src\ecs\systems\PhysicsSystem.cpp,748,10716191589,6688763,2,
Physics::Step,C:\Users\╨┐╨║\Documents\GitHub\myengine\engine\src\ecs\systems\PhysicsSystem.cpp,748,10722880422,6730412,2,
Physics::Step,C:\Users\╨┐╨║\Documents\GitHub\myengine\engine\src\ecs\systems\PhysicsSystem.cpp,748,10741116032,6169017,2,
Physics::Step,C:\Users\╨┐╨║\Documents\GitHub\myengine\engine\src\ecs\systems\PhysicsSystem.cpp,748,10759564465,6186567,2,
Physics::Step,C:\Users\╨┐╨║\Documents\GitHub\myengine\engine\src\ecs\systems\PhysicsSystem.cpp,748,10778216411,6353505,2,
Physics::Step,C:\Users\╨┐╨║\Documents\GitHub\myengine\engine\src\ecs\systems\PhysicsSystem.cpp,748,10796772706,6098679,2,
Physics::Step,C:\Users\╨┐╨║\Documents\GitHub\myengine\engine\src\ecs\systems\PhysicsSystem.cpp,748,10815402205,6838973,2,
Physics::Step,C:\Users\╨┐╨║\Documents\GitHub\myengine\engine\src\ecs\systems\PhysicsSystem.cpp,748,10822241389,7223831,2,
Physics::Step,C:\Users\╨┐╨║\Documents\GitHub\myengine\engine\src\ecs\systems\PhysicsSystem.cpp,748,10841665911,6529434,2,
Physics::Step,C:\Users\╨┐╨║\Documents\GitHub\myengine\engine\src\ecs\systems\PhysicsSystem.cpp,748,10860390791,6185054,2,
Physics::Step,C:\Users\╨┐╨║\Documents\GitHub\myengine\engine\src\ecs\systems\PhysicsSystem.cpp,748,10878830068,6814322,2,
Physics::Step,C:\Users\╨┐╨║\Documents\GitHub\myengine\engine\src\ecs\systems\PhysicsSystem.cpp,748,10898079712,7775406,2,
Physics::Step,C:\Users\╨┐╨║\Documents\GitHub\myengine\engine\src\ecs\systems\PhysicsSystem.cpp,748,10905855258,6327425,2,
Physics::Step,C:\Users\╨┐╨║\Documents\GitHub\myengine\engine\src\ecs\systems\PhysicsSystem.cpp,748,10923749558,6193590,2,
Physics::Step,C:\Users\╨┐╨║\Documents\GitHub\myengine\engine\src\ecs\systems\PhysicsSystem.cpp,748,10941959683,7572736,2,
Physics::Step,C:\Users\╨┐╨║\Documents\GitHub\myengine\engine\src\ecs\systems\PhysicsSystem.cpp,748,10961452079,6482776,2,
Physics::Step,C:\Users\╨┐╨║\Documents\GitHub\myengine\engine\src\ecs\systems\PhysicsSystem.cpp,748,10980519877,6596838,2,
Physics::Step,C:\Users\╨┐╨║\Documents\GitHub\myengine\engine\src\ecs\systems\PhysicsSystem.cpp,748,10999739605,6613354,2,
Physics::Step,C:\Users\╨┐╨║\Documents\GitHub\myengine\engine\src\ecs\systems\PhysicsSystem.cpp,748,11006353069,7205597,2,
Physics::Step,C:\Users\╨┐╨║\Documents\GitHub\myengine\engine\src\ecs\systems\PhysicsSystem.cpp,748,11025322390,6155177,2,
Physics::Step,C:\Users\╨┐╨║\Documents\GitHub\myengine\engine\src\ecs\systems\PhysicsSystem.cpp,748,11043920940,6266644,2,
Physics::Step,C:\Users\╨┐╨║\Documents\GitHub\myengine\engine\src\ecs\systems\PhysicsSystem.cpp,748,11062657331,6203039,2,
Physics::Step,C:\Users\╨┐╨║\Documents\GitHub\myengine\engine\src\ecs\systems\PhysicsSystem.cpp,748,11082365634,6354331,2,
Physics::Step,C:\Users\╨┐╨║\Documents\GitHub\myengine\engine\src\ecs\systems\PhysicsSystem.cpp,748,11088719985,6550700,2,
Physics::Step,C:\Users\╨┐╨║\Documents\GitHub\myengine\engine\src\ecs\systems\PhysicsSystem.cpp,748,11107922475,6351405,2,
Physics::Step,C:\Users\╨┐╨║\Documents\GitHub\myengine\engine\src\ecs\systems\PhysicsSystem.cpp,748,11125966108,6271128,2,
Physics::Step,C:\Users\╨┐╨║\Documents\GitHub\myengine\engine\src\ecs\systems\PhysicsSystem.cpp,748,11144366621,6546296,2,
Physics::Step,C:\Users\╨┐╨║\Documents\GitHub\myengine\engine\src\ecs\systems\PhysicsSystem.cpp,748,11163277801,6691443,2,
Physics::Step,C:\Users\╨┐╨║\Documents\GitHub\myengine\engine\src\ecs\systems\PhysicsSystem.cpp,748,11182273612,6336703,2,
Physics::Step,C:\Users\╨┐╨║\Documents\GitHub\myengine\engine\src\ecs\systems\PhysicsSystem.cpp,748,11188610345,6652043,2,
Physics::Step,C:\Users\╨┐╨║\Documents\GitHub\myengine\engine\src\ecs\systems\PhysicsSystem.cpp,748,11207013492,6528017,2,
Physics::Step,C:\Users\╨┐╨║\Documents\GitHub\myengine\engine\src\ecs\systems\PhysicsSystem.cpp,748,11225645346,6507252,2,
Physics::Step,C:\Users\╨┐╨║\Documents\GitHub\myengine\engine\src\ecs\systems\PhysicsSystem.cpp,748,11244326287,6389658,2,
Physics::Step,C:\Users\╨┐╨║\Documents\GitHub\myengine\engine\src\ecs\systems\PhysicsSystem.cpp,748,11262870924,6062942,2,
Physics::Step,C:\Users\╨┐╨║\Documents\GitHub\myengine\engine\src\ecs\systems\PhysicsSystem.cpp,748,11281752297,6061329,2,
Physics::Step,C:\Users\╨┐╨║\Documents\GitHub\myengine\engine\src\ecs\systems\PhysicsSystem.cpp,748,11287813796,6749819,2,
Physics::Step,C:\Users\╨┐╨║\Documents\GitHub\myengine\engine\src\ecs\systems\PhysicsSystem.cpp,748,11306306194,6097898,2,
Physics::Step,C:\Users\╨┐╨║\Documents\GitHub\myengine\engine\src\ecs\systems\PhysicsSystem.cpp,748,11325293173,6735632,2,
Physics::Step,C:\Users\╨┐╨║\Documents\GitHub\myengine\engine\src\ecs\systems\PhysicsSystem.cpp,748,11344488529,6560283,2,
Physics::Step,C:\Users\╨┐╨║\Documents\GitHub\myengine\engine\src\ecs\systems\PhysicsSystem.cpp,748,11363526505,7566904,2,
Physics::Step,C:\Users\╨┐╨║\Documents\GitHub\myengine\engine\src\ecs\systems\PhysicsSystem.cpp,748,11383537240,6489786,2,
Physics::Step,C:\Users\╨┐╨║\Documents\GitHub\myengine\engine\src\ecs\systems\PhysicsSystem.cpp,748,11390027066,6653446,2,
Physics::Step,C:\Users\╨┐╨║\Documents\GitHub\myengine\engine\src\ecs\systems\PhysicsSystem.cpp,748,11408501012,7703266,2,
Physics::Step,C:\Users\╨┐╨║\Documents\GitHub\myengine\engine\src\ecs\systems\PhysicsSystem.cpp,748,11427567307,7121018,2,
Physics::Step,C:\Users\╨┐╨║\Documents\GitHub\myengine\engine\src\ecs\systems\PhysicsSystem.cpp,748,11447009268,6720184,2,
Physics::Step,C:\Users\╨┐╨║\Documents\GitHub\myengine\engine\src\ecs\systems\PhysicsSystem.cpp,748,11466224336,7130486,2,
Physics::Step,C:\Users\╨┐╨║\Documents\GitHub\myengine\engine\src\ecs\systems\PhysicsSystem.cpp,748,11473354932,6688592,2,
Physics::Step,C:\Users\╨┐╨║\Documents\GitHub\myengine\engine\src\ecs\systems\PhysicsSystem.cpp,748,11491582799,6449299,2,
Physics::Step,C:\Users\╨┐╨║\Documents\GitHub\myengine\engine\src\ecs\systems\PhysicsSystem.cpp,748,11510199729,6874679,2,
Physics::Step,C:\Users\╨┐╨║\Documents\GitHub\myengine\engine\src\ecs\systems\PhysicsSystem.cpp,748,11529852497,6665709,2,
Physics::Step,C:\Users\╨┐╨║\Documents\GitHub\myengine\engine\src\ecs\systems\PhysicsSystem.cpp,748,11549009815,6435401,2,
Physics::Step,C:\Users\╨┐╨║\Documents\GitHub\myengine\engine\src\ecs\systems\PhysicsSystem.cpp,748,11555445336,6761672,2,
Physics::Step,C:\Users\╨┐╨║\Documents\GitHub\myengine\engine\src\ecs\systems\PhysicsSystem.cpp,748,11573831190,6533789,2,
Physics::Step,C:\Users\╨┐╨║\Documents\GitHub\myengine\engine\src\ecs\systems\PhysicsSystem.cpp,748,11594103120,6348046,2,
Physics::Step,C:\Users\╨┐╨║\Documents\GitHub\myengine\engine\src\ecs\systems\PhysicsSystem.cpp,748,11613540151,6878450,2,
Physics::Step,C:\Users\╨┐╨║\Documents\GitHub\myengine\engine\src\ecs\systems\PhysicsSystem.cpp,748,11632678062,6749781,2,
Physics::Step,C:\Users\╨┐╨║\Documents\GitHub\myengine\engine\src\ecs\systems\PhysicsSystem.cpp,748,11639427863,6452103,2,
Physics::Step,C:\Users\╨┐╨║\Documents\GitHub\myengine\engine\src\ecs\systems\PhysicsSystem.cpp,748,11657977012,6875445,2,
Physics::Step,C:\Users\╨┐╨║\Documents\GitHub\myengine\engine\src\ecs\systems\PhysicsSystem.cpp,748,11676307737,6845974,2,
Physics::Step,C:\Users\╨┐╨║\Documents\GitHub\myengine\engine\src\ecs\systems\PhysicsSystem.cpp,748,11695255607,6481851,2,
Physics::Step,C:\Users\╨┐╨║\Documents\GitHub\myengine\engine\src\ecs\systems\PhysicsSystem.cpp,748,11714413853,6161970,2,
Physics::Step,C:\Users\╨┐╨║\Documents\GitHub\myengine\engine\src\ecs\systems\PhysicsSystem.cpp,748,11733182892,6249146,2,
Physics::Step,C:\Users\╨┐╨║\Documents\GitHub\myengine\engine\src\ecs\systems\PhysicsSystem.cpp,748,11739432149,6218057,2,
Physics::Step,C:\Users\╨┐╨║\Documents\GitHub\myengine\engine\src\ecs\systems\PhysicsSystem.cpp,748,11757606560,6869232,2,
Physics::Step,C:\Users\╨┐╨║\Documents\GitHub\myengine\engine\src\ecs\systems\PhysicsSystem.cpp,748,11776773066,6262914,2,
Physics::Step,C:\Users\╨┐╨║\Documents\GitHub\myengine\engine\src\ecs\systems\PhysicsSystem.cpp,748,11795529862,6417739,2,
Physics::Step,C:\Users\╨┐╨║\Documents\GitHub\myengine\engine\src\ecs\systems\PhysicsSystem.cpp,748,11814220602,6487071,2,
Physics::Step,C:\Users\╨┐╨║\Documents\GitHub\myengine\engine\src\ecs\systems\PhysicsSystem.cpp,748,11833170385,7553972,2,
Physics::Step,C:\Users\╨┐╨║\Documents\GitHub\myengine\engine\src\ecs\systems\PhysicsSystem.cpp,748,11840724377,6869557,2,
Physics::Step,C:\Users\╨┐╨║\Documents\GitHub\myengine\engine\src\ecs\systems\PhysicsSystem.cpp,748,11860210992,6763129,2,
Physics::Step,C:\Users\╨┐╨║\Documents\GitHub\myengine\engine\src\ecs\systems\PhysicsSystem.cpp,748,11879716121,7149442,2,
Physics::Step,C:\Users\╨┐╨║\Documents\GitHub\myengine\engine\src\ecs\systems\PhysicsSystem.cpp,748,11898969683,7016909,2,
Physics::Step,C:\Users\╨┐╨║\Documents\GitHub\myengine\engine\src\ecs\systems\PhysicsSystem.cpp,748,11905986702,6759258,2,
Physics::Step,C:\Users\╨┐╨║\Documents\GitHub\myengine\engine\src\ecs\systems\PhysicsSystem.cpp,748,11924561440,7463359,2,
Physics::Step,C:\Users\╨┐╨║\Documents\GitHub\myengine\engine\src\ecs\systems\PhysicsSystem.cpp,748,11944350543,6640311,2,
Physics::Step,C:\Users\╨┐╨║\Documents\GitHub\myengine\engine\src\ecs\systems\PhysicsSystem.cpp,748,11963441453,6522929,2,
Physics::Step,C:\Users\╨┐╨║\Documents\GitHub\myengine\engine\src\ecs\systems\PhysicsSystem.cpp,748,11982743938,6806379,2,
Physics::Step,C:\Users\╨┐╨║\Documents\GitHub\myengine\engine\src\ecs\systems\PhysicsSystem.cpp,748,11989550437,6956062,2,
Physics::Step,C:\Users\╨┐╨║\Documents\GitHub\myengine\engine\src\ecs\systems\PhysicsSystem.cpp,748,12008017890,7101250,2,
Physics::Step,C:\Users\╨┐╨║\Documents\GitHub\myengine\engine\src\ecs\systems\PhysicsSystem.cpp,748,12026961834,7127779,2,
Physics::Step,C:\Users\╨┐╨║\Documents\GitHub\myengine\engine\src\ecs\systems\PhysicsSystem.cpp,748,12046701662,6097858,2,
Physics::Step,C:\Users\╨┐╨║\Documents\GitHub\myengine\engine\src\ecs\systems\PhysicsSystem.cpp,748,12065269045,7260173,2,
Physics::Step,C:\Users\╨┐╨║\Documents\GitHub\myengine\engine\src\ecs\systems\PhysicsSystem.cpp,748,12072529278,6766020,2,
Physics::Step,C:\Users\╨┐╨║\Documents\GitHub\myengine\engine\src\ecs\systems\PhysicsSystem.cpp,748,12091427413,7398824,2,
Physics::Step,C:\Users\╨┐╨║\Documents\GitHub\myengine\engine\src\ecs\systems\PhysicsSystem.cpp,748,12112553750,6551511,2,
Physics::Step,C:\Users\╨┐╨║\Documents\GitHub\myengine\engine\src\ecs\systems\PhysicsSystem.cpp,748,12132188507,6481984,2,
Physics::Step,C:\Users\╨┐╨║\Documents\GitHub\myengine\engine\src\ecs\systems\PhysicsSystem.cpp,748,12138670641,6210462,2,
Physics::Step,C:\Users\╨┐╨║\Documents\GitHub\myengine\engine\src\ecs\systems\PhysicsSystem.cpp,748,12157229103,6783325,2,
Physics::Step,C:\Users\╨┐╨║\Documents\GitHub\myengine\engine\src\ecs\systems\PhysicsSystem.cpp,748,12176505869,6877494,2,
Physics::Step,C:\Users\╨┐╨║\Documents\GitHub\myengine\engine\src\ecs\systems\PhysicsSystem.cpp,748,12195909105,6580519,2,
Physics::Step,C:\Users\╨┐╨║\Documents\GitHub\myengine\engine\src\ecs\systems\PhysicsSystem.cpp,748,12214920108,6623738,2,
Physics::Step,C:\Users\╨┐╨║\Documents\GitHub\myengine\engine\src\ecs\systems\PhysicsSystem.cpp,748,12221543856,6716226,2,
Physics::Step,C:\Users\╨┐╨║\Documents\GitHub\myengine\engine\src\ecs\systems\PhysicsSystem.cpp,748,12240546108,6396809,2,
Physics::Step,C:\Users\╨┐╨║\Documents\GitHub\myengine\engine\src\ecs\systems\PhysicsSystem.cpp,748,12259285721,6787723,2,
Physics::Step,C:\Users\╨┐╨║\Documents\GitHub\myengine\engine\src\ecs\systems\PhysicsSystem.cpp,748,12278207241,6793764,2,
Physics::Step,C:\Users\╨┐╨║\Documents\GitHub\myengine\engine\src\ecs\systems\PhysicsSystem.cpp,748,12297569028,6856274,2,
Physics::Step,C:\Users\╨┐╨║\Documents\GitHub\myengine\engine\src\ecs\systems\PhysicsSystem.cpp,748,12316698534,7145123,2,
Physics::Step,C:\Users\╨┐╨║\Documents\GitHub\myengine\engine\src\ecs\systems\PhysicsSystem.cpp,748,12323843677,6390776,2,
Physics::Step,C:\Users\╨┐╨║\Documents\GitHub\myengine\engine\src\ecs\systems\PhysicsSystem.cpp,748,12342165383,6759189,2,
Physics::Step,C:\Users\╨┐╨║\Documents\GitHub\myengine\engine\src\ecs\systems\PhysicsSystem.cpp,748,12362160276,7033591,2,
Physics::Step,C:\Users\╨┐╨║\Documents\GitHub\myengine\engine\src\ecs\systems\PhysicsSystem.cpp,748,12381473020,6347315,2,
Physics::Step,C:\Users\╨┐╨║\Documents\GitHub\myengine\engine\src\ecs\systems\PhysicsSystem.cpp,748,12387820445,6991219,2,
Physics::Step,C:\Users\╨┐╨║\Documents\GitHub\myengine\engine\src\ecs\systems\PhysicsSystem.cpp,748,12406922627,6463306,2,
Physics::Step,C:\Users\╨┐╨║\Documents\GitHub\myengine\engine\src\ecs\systems\PhysicsSystem.cpp,748,12425829178,7656958,2,
Physics::Step,C:\Users\╨┐╨║\Documents\GitHub\myengine\engine\src\ecs\systems\PhysicsSystem.cpp,748,12445410333,6694125,2,
Physics::Step,C:\Users\╨┐╨║\Documents\GitHub\myengine\engine\src\ecs\systems\PhysicsSystem.cpp,748,12464875448,6955312,2,
Physics::Step,C:\Users\╨┐╨║\Documents\GitHub\myengine\engine\src\ecs\systems\PhysicsSystem.cpp,748,12471830770,6782541,2,
Physics::Step,C:\Users\╨┐╨║\Documents\GitHub\myengine\engine\src\ecs\systems\PhysicsSystem.cpp,748,12490219495,6291587,2,
Physics::Step,C:\Users\╨┐╨║\Documents\GitHub\myengine\engine\src\ecs\systems\PhysicsSystem.cpp,748,12508820904,6574076,2,
Physics::Step,C:\Users\╨┐╨║\Documents\GitHub\myengine\engine\src\ecs\systems\PhysicsSystem.cpp,748,12527697127,7074148,2,
Physics::Step,C:\Users\╨┐╨║\Documents\GitHub\myengine\engine\src\ecs\systems\PhysicsSystem.cpp,748,12547508841,7135365,2,
Physics::Step,C:\Users\╨┐╨║\Documents\GitHub\myengine\engine\src\ecs\systems\PhysicsSystem.cpp,748,12567253309,6770228,2,
Physics::Step,C:\Users\╨┐╨║\Documents\GitHub\myengine\engine\src\ecs\systems\PhysicsSystem.cpp,748,12574023557,6642846,2,
Physics::Step,C:\Users\╨┐╨║\Documents\GitHub\myengine\engine\src\ecs\systems\PhysicsSystem.cpp,748,12592434012,6604584,2,
Physics::Step,C:\Users\╨┐╨║\Documents\GitHub\myengine\engine\src\ecs\systems\PhysicsSystem.cpp,748,12612839677,7078206,2,
Physics::Step,C:\Users\╨┐╨║\Documents\GitHub\myengine\engine\src\ecs\systems\PhysicsSystem.cpp,748,12632164224,7781925,2,
Physics::Step,C:\Users\╨┐╨║\Documents\GitHub\myengine\engine\src\ecs\systems\PhysicsSystem.cpp,748,12639946169,6543266,2,
Physics::Step,C:\Users\╨┐╨║\Documents\GitHub\myengine\engine\src\ecs\systems\PhysicsSystem.cpp,748,12658280599,6144639,2,
Physics::Step,C:\Users\╨┐╨║\Documents\GitHub\myengine\engine\src\ecs\systems\PhysicsSystem.cpp,748,12676078912,7299065,2,
Physics::Step,C:\Users\╨┐╨║\Documents\GitHub\myengine\engine\src\ecs\systems\PhysicsSystem.cpp,748,12694936278,7470263,2,
Physics::Step,C:\Users\╨┐╨║\Documents\GitHub\myengine\engine\src\ecs\systems\PhysicsSystem.cpp,748,12714229345,6911078,2,
Physics::Step,C:\Users\╨┐╨║\Documents\GitHub\myengine\engine\src\ecs\systems\PhysicsSystem.cpp,748,12733177175,6835694,2,
Physics::Step,C:\Users\╨┐╨║\Documents\GitHub\myengine\engine\src\ecs\systems\PhysicsSystem.cpp,748,12740013110,6634569,2,
Physics::Step,C:\Users\╨┐╨║\Documents\GitHub\myengine\engine\src\ecs\systems\PhysicsSystem.cpp,748,12758471826,6505767,2,
Physics::Step,C:\Users\╨┐╨║\Documents\GitHub\myengine\engine\src\ecs\systems\PhysicsSystem.cpp,748,12776517218,6594295,2,
Physics::Step,C:\Users\╨┐╨║\Documents\GitHub\myengine\engine\src\ecs\systems\PhysicsSystem.cpp,748,12795398862,6848859,2,
Physics::Step,C:\Users\╨┐╨║\Documents\GitHub\myengine\engine\src\ecs\systems\PhysicsSystem.cpp,748,12814457312,6837458,2,
Physics::Step,C:\Users\╨┐╨║\Documents\GitHub\myengine\engine\src\ecs\systems\PhysicsSystem.cpp,748,12821294860,6724120,2,
Physics::Step,C:\Users\╨┐╨║\Documents\GitHub\myengine\engine\src\ecs\systems\PhysicsSystem.cpp,748,12839971181,6629171,2,
Physics::Step,C:\Users\╨┐╨║\Documents\GitHub\myengine\engine\src\ecs\systems\PhysicsSystem.cpp,748,12859359349,6838991,2,
Physics::Step,C:\Users\╨┐╨║\Documents\GitHub\myengine\engine\src\ecs\systems\PhysicsSystem.cpp,748,12878837520,6474625,2,
Physics::Step,C:\Users\╨┐╨║\Documents\GitHub\myengine\engine\src\ecs\systems\PhysicsSystem.cpp,748,12897492570,7154181,2,
Physics::Step,C:\Users\╨┐╨║\Documents\GitHub\myengine\engine\src\ecs\systems\PhysicsSystem.cpp,748,12916760920,6774278,2,
Physics::Step,C:\Users\╨┐╨║\Documents\GitHub\myengine\engine\src\ecs\systems\PhysicsSystem.cpp,748,12923535298,6536854,2,
Physics::Step,C:\Users\╨┐╨║\Documents\GitHub\myengine\engine\src\ecs\systems\PhysicsSystem.cpp,748,12942497796,6919692,2,
Physics::Step,C:\Users\╨┐╨║\Documents\GitHub\myengine\engine\src\ecs\systems\PhysicsSystem.cpp,748,12961705043,6336212,2,
Physics::Step,C:\Users\╨┐╨║\Documents\GitHub\myengine\engine\src\ecs\systems\PhysicsSystem.cpp,748,12980274032,6183942,2,
Physics::Step,C:\Users\╨┐╨║\Documents\GitHub\myengine\engine\src\ecs\systems\PhysicsSystem.cpp,748,12998578541,6665069,2,
Physics::Step,C:\Users\╨┐╨║\Documents\GitHub\myengine\engine\src\ecs\systems\PhysicsSystem.cpp,748,13005243630,6760971,2,
Physics::Step,C:\Users\╨┐╨║\Documents\GitHub\myengine\engine\src\ecs\systems\PhysicsSystem.cpp,748,13023933096,6568737,2,
Physics::Step,C:\Users\╨┐╨║\Documents\GitHub\myengine\engine\src\ecs\systems\PhysicsSystem.cpp,748,13043983845,6773006,2,
Physics::Step,C:\Users\╨┐╨║\Documents\GitHub\myengine\engine\src\ecs\systems\PhysicsSystem.cpp,748,13063478857,7111309,2,
Physics::Step,C:\Users\╨┐╨║\Documents\GitHub\myengine\engine\src\ecs\systems\PhysicsSystem.cpp,748,13083125887,6756224,2,
Physics::Step,C:\Users\╨┐╨║\Documents\GitHub\myengine\engine\src\ecs\systems\PhysicsSystem.cpp,748,13089882141,6505494,2,
Physics::Step,C:\Users\╨┐╨║\Documents\GitHub\myengine\engine\src\ecs\systems\PhysicsSystem.cpp,748,13108239586,6095284,2,
Physics::Step,C:\Users\╨┐╨║\Documents\GitHub\myengine\engine\src\ecs\systems\PhysicsSystem.cpp,748,13128540280,7212521,2,
Physics::Step,C:\Users\╨┐╨║\Documents\GitHub\myengine\engine\src\ecs\systems\PhysicsSystem.cpp,748,13147990015,6563416,2,
Physics::Step,C:\Users\╨┐╨║\Documents\GitHub\myengine\engine\src\ecs\systems\PhysicsSystem.cpp,748,13154553451,6610524,2,
Physics::Step,C:\Users\╨┐╨║\Documents\GitHub\myengine\engine\src\ecs\systems\PhysicsSystem.cpp,748,13172817858,6758658,2,
Physics::Step,C:\Users\╨┐╨║\Documents\GitHub\myengine\engine\src\ecs\systems\PhysicsSystem.cpp,748,13191890417,6404381,2,
Physics::Step,C:\Users\╨┐╨║\Documents\GitHub\myengine\engine\src\ecs\systems\PhysicsSystem.cpp,748,13210491975,6146112,2,
Physics::Step,C:\Users\╨┐╨║\Documents\GitHub\myengine\engine\src\ecs\systems\PhysicsSystem.cpp,748,13229073369,6791012,2,
Physics::Step,C:\Users\╨┐╨║\Documents\GitHub\myengine\engine\src\ecs\systems\PhysicsSystem.cpp,748,13248414937,7006750,2,
Physics::Step,C:\Users\╨┐╨║\Documents\GitHub\myengine\engine\src\ecs\systems\PhysicsSystem.cpp,748,13255421757,6439518,2,
Physics::Step,C:\Users\╨┐╨║\Documents\GitHub\myengine\engine\src\ecs\systems\PhysicsSystem.cpp,748,13273955526,6190406,2,
Physics::Step,C:\Users\╨┐╨║\Documents\GitHub\myengine\engine\src\ecs\systems\PhysicsSystem.cpp,748,13292440084,6940524,2,
Physics::Step,C:\Users\╨┐╨║\Documents\GitHub\myengine\engine\src\ecs\systems\PhysicsSystem.cpp,748,13311654672,6702440,2,
Physics::Step,C:\Users\╨┐╨║\Documents\GitHub\myengine\engine\src\ecs\systems\PhysicsSystem.cpp,748,13330688064,7228993,2,
Physics::Step,C:\Users\╨┐╨║\Documents\GitHub\myengine\engine\src\ecs\systems\PhysicsSystem.cpp,748,13350806353,6802049,2,
Physics::Step,C:\Users\╨┐╨║\Documents\GitHub\myengine\engine\src\ecs\systems\PhysicsSystem.cpp,748,13357608482,6597199,2,
Physics::Step,C:\Users\╨┐╨║\Documents\GitHub\myengine\engine\src\ecs\systems\PhysicsSystem.cpp,748,13375928285,6672474,2,
Physics::Step,C:\Users\╨┐╨║\Documents\GitHub\myengine\engine\src\ecs\systems\PhysicsSystem.cpp,748,13394829846,7430056,2,
Physics::Step,C:\Users\╨┐╨║\Documents\GitHub\myengine\engine\src\ecs\systems\PhysicsSystem.cpp,748,13414077437,6732588,2,
Physics::Step,C:\Users\╨┐╨║\Documents\GitHub\myengine\engine\src\ecs\systems\PhysicsSystem.cpp,748,13433172637,7000037,2,
Physics::Step,C:\Users\╨┐╨║\Documents\GitHub\myengine\engine\src\ecs\systems\PhysicsSystem.cpp,748,13440172694,7272324,2,
Physics::Step,C:\Users\╨┐╨║\Documents\GitHub\myengine\engine\src\ecs\systems\PhysicsSystem.cpp,748,13459122916,6416652,2,
Physics::Step,C:\Users\╨┐╨║\Documents\GitHub\myengine\engine\src\ecs\systems\PhysicsSystem.cpp,748,13477660836,7096972,2,
Physics::Step,C:\Users\╨┐╨║\Documents\GitHub\myengine\engine\src\ecs\systems\PhysicsSystem.cpp,748,13496984401,6985509,2,
Physics::Step,C:\Users\╨┐╨║\Documents\GitHub\myengine\engine\src\ecs\systems\PhysicsSystem.cpp,748,13516204449,7177154,2,
Physics::Step,C:\Users\╨┐╨║\Documents\GitHub\myengine\engine\src\ecs\systems\PhysicsSystem.cpp,748,13523381954,6583402,2,
Physics::Step,C:\Users\╨┐╨║\Documents\GitHub\myengine\engine\src\ecs\systems\PhysicsSystem.cpp,748,13541624679,6443107,2,
Physics::Step,C:\Users\╨┐╨║\Documents\GitHub\myengine\engine\src\ecs\systems\PhysicsSystem.cpp,748,13560330178,6703022,2,
Physics::Step,C:\Users\╨┐╨║\Documents\GitHub\myengine\engine\src\ecs\systems\PhysicsSystem.cpp,748,13579327662,7271784,2,
Physics::Step,C:\Users\╨┐╨║\Documents\GitHub\myengine\engine\src\ecs\systems\PhysicsSystem.cpp,748,13598781488,6715412,2,
Physics::Step,C:\Users\╨┐╨║\Documents\GitHub\myengine\engine\src\ecs\systems\PhysicsSystem.cpp,748,13605496960,6490676,2,
Physics::Step,C:\Users\╨┐╨║\Documents\GitHub\myengine\engine\src\ecs\systems\PhysicsSystem.cpp,748,13624141310,6496700,2,
Physics::Step,C:\Users\╨┐╨║\Documents\GitHub\myengine\engine\src\ecs\systems\PhysicsSystem.cpp,748,13643970087,7774983,2,
Physics::Step,C:\Users\╨┐╨║\Documents\GitHub\myengine\engine\src\ecs\systems\PhysicsSystem.cpp,748,13663773908,6680627,2,
Physics::Step,C:\Users\╨┐╨║\Documents\GitHub\myengine\engine\src\ecs\systems\PhysicsSystem.cpp,748,13682969650,6611455,2,
Physics::Step,C:\Users\╨┐╨║\Documents\GitHub\myengine\engine\src\ecs\systems\PhysicsSystem.cpp,748,13689581206,6789915,2,
Physics::Step,C:\Users\╨┐╨║\Documents\GitHub\myengine\engine\src\ecs\systems\PhysicsSystem.cpp,748,13709005863,6379715,2,
Physics::Step,C:\Users\╨┐╨║\Documents\GitHub\myengine\engine\src\ecs\systems\PhysicsSystem.cpp,748,13728016432,6245740,2,
Physics::Step,C:\Users\╨┐╨║\Documents\GitHub\myengine\engine\src\ecs\systems\PhysicsSystem.cpp,748,13746467755,7504046,2,
Physics::Step,C:\Users\╨┐╨║\Documents\GitHub\myengine\engine\src\ecs\systems\PhysicsSystem.cpp,748,13766290079,7073858,2,
Physics::Step,C:\Users\╨┐╨║\Documents\GitHub\myengine\engine\src\ecs\systems\PhysicsSystem.cpp,748,13773364057,6610835,2,
Physics::Step,C:\Users\╨┐╨║\Documents\GitHub\myengine\engine\src\ecs\systems\PhysicsSystem.cpp,748,13791825078,6505195,2,
Physics::Step,C:\Users\╨┐╨║\Documents\GitHub\myengine\engine\src\ecs\systems\PhysicsSystem.cpp,748,13810669120,6843810,2,
Physics::Step,C:\Users\╨┐╨║\Documents\GitHub\myengine\engine\src\ecs\systems\PhysicsSystem.cpp,748,13829528832,6613331,2,
Physics::Step,C:\Users\╨┐╨║\Documents\GitHub\myengine\engine\src\ecs\systems\PhysicsSystem.cpp,748,13848825913,7079336,2,
Physics::Step,C:\Users\╨┐╨║\Documents\GitHub\myengine\engine\src\ecs\systems\PhysicsSystem.cpp,748,13855905450,6613399,2,
Physics::Step,C:\Users\╨┐╨║\Documents\GitHub\myengine\engine\src\ecs\systems\PhysicsSystem.cpp,748,13874192024,6655572,2,
Physics::Step,C:\Users\╨┐╨║\Documents\GitHub\myengine\engine\src\ecs\systems\PhysicsSystem.cpp,748,13893302636,6253314,2,
Physics::Step,C:\Users\╨┐╨║\Documents\GitHub\myengine\engine\src\ecs\systems\PhysicsSystem.cpp,748,13911634321,6667544,2,
Physics::Step,C:\Users\╨┐╨║\Documents\GitHub\myengine\engine\src\ecs\systems\PhysicsSystem.cpp,748,13930593161,6786661,2,
Physics::Step,C:\Users\╨┐╨║\Documents\GitHub\myengine\engine\src\ecs\systems\PhysicsSystem.cpp,748,13949749018,7490049,2,
Physics::Step,C:\Users\╨┐╨║\Documents\GitHub\myengine\engine\src\ecs\systems\PhysicsSystem.cpp,748,13957239337,6826796,2,
Physics::Step,C:\Users\╨┐╨║\Documents\GitHub\myengine\engine\src\ecs\systems\PhysicsSystem.cpp,748,13975654904,6704573,2,
Physics::Step,C:\Users\╨┐╨║\Documents\GitHub\myengine\engine\src\ecs\systems\PhysicsSystem.cpp,748,13994053536,6319422,2,
Physics::Step,C:\Users\╨┐╨║\Documents\GitHub\myengine\engine\src\ecs\systems\PhysicsSystem.cpp,748,14012658052,6746996,2,
Physics::Step,C:\Users\╨┐╨║\Documents\GitHub\myengine\engine\src\ecs\systems\PhysicsSystem.cpp,748,14031491264,6753919,2,
Physics::Step,C:\Users\╨┐╨║\Documents\GitHub\myengine\engine\src\ecs\systems\PhysicsSystem.cpp,748,14038245203,7082372,2,
Physics::Step,C:\Users\╨┐╨║\Documents\GitHub\myengine\engine\src\ecs\systems\PhysicsSystem.cpp,748,14057401648,7184638,2,
Physics::Step,C:\Users\╨┐╨║\Documents\GitHub\myengine\engine\src\ecs\systems\PhysicsSystem.cpp,748,14076302748,6741105,2,
Physics::Step,C:\Users\╨┐╨║\Documents\GitHub\myengine\engine\src\ecs\systems\PhysicsSystem.cpp,748,14095284793,6867705,2,
Physics::Step,C:\Users\╨┐╨║\Documents\GitHub\myengine\engine\src\ecs\systems\PhysicsSystem.cpp,748,14114303798,7008524,2,
Physics::Step,C:\Users\╨┐╨║\Documents\GitHub\myengine\engine\src\ecs\systems\PhysicsSystem.cpp,748,14134290596,6508421,2,
Physics::Step,C:\Users\╨┐╨║\Documents\GitHub\myengine\engine\src\ecs\systems\PhysicsSystem.cpp,748,14140799037,6510233,2,
Physics::Step,C:\Users\╨┐╨║\Documents\GitHub\myengine\engine\src\ecs\systems\PhysicsSystem.cpp,748,14160997235,6994427,2,
Physics::Step,C:\Users\╨┐╨║\Documents\GitHub\myengine\engine\src\ecs\systems\PhysicsSystem.cpp,748,14180323196,6209341,2,
Physics::Step,C:\Users\╨┐╨║\Documents\GitHub\myengine\engine\src\ecs\systems\PhysicsSystem.cpp,748,14198818363,7139573,2,
Physics::Step,C:\Users\╨┐╨║\Documents\GitHub\myengine\engine\src\ecs\systems\PhysicsSystem.cpp,748,14205958026,6762844,2,
Physics::Step,C:\Users\╨┐╨║\Documents\GitHub\myengine\engine\src\ecs\systems\PhysicsSystem.cpp,748,14224371867,6441284,2,
Physics::Step,C:\Users\╨┐╨║\Documents\GitHub\myengine\engine\src\ecs\systems\PhysicsSystem.cpp,748,14242832158,6696510,2,
Physics::Step,C:\Users\╨┐╨║\Documents\GitHub\myengine\engine\src\ecs\systems\PhysicsSystem.cpp,748,14262534655,7072124,2,
Physics::Step,C:\Users\╨┐╨║\Documents\GitHub\myengine\engine\src\ecs\systems\PhysicsSystem.cpp,748,14282145056,7077284,2,
Physics::Step,C:\Users\╨┐╨║\Documents\GitHub\myengine\engine\src\ecs\systems\PhysicsSystem.cpp,748,14289222360,6857755,2,
Physics::Step,C:\Users\╨┐╨║\Documents\GitHub\myengine\engine\src\ecs\systems\PhysicsSystem.cpp,748,14307949579,6248967,2,
Physics::Step,C:\Users\╨┐╨║\Documents\GitHub\myengine\engine\src\ecs\systems\PhysicsSystem.cpp,748,14326574523,6934863,2,
Physics::Step,C:\Users\╨┐╨║\Documents\GitHub\myengine\engine\src\ecs\systems\PhysicsSystem.cpp,748,14346234097,6896160,2,
Physics::Step,C:\Users\╨┐╨║\Documents\GitHub\myengine\engine\src\ecs\systems\PhysicsSystem.cpp,748,14365882140,7420027,2,
Physics::Step,C:\Users\╨┐╨║\Documents\GitHub\myengine\engine\src\ecs\systems\PhysicsSystem.cpp,748,14373302197,6523118,2,
Physics::Step,C:\Users\╨┐╨║\Documents\GitHub\myengine\engine\src\ecs\systems\PhysicsSystem.cpp,748,14392009166,7556697,2,
Physics::Step,C:\Users\╨┐╨║\Documents\GitHub\myengine\engine\src\ecs\systems\PhysicsSystem.cpp,748,14411947461,7577798,2,
Physics::Step,C:\Users\╨┐╨║\Documents\GitHub\myengine\engine\src\ecs\systems\PhysicsSystem.cpp,748,14432131937,6941348,2,
Physics::Step,C:\Users\╨┐╨║\Documents\GitHub\myengine\engine\src\ecs\systems\PhysicsSystem.cpp,748,14439073305,6827467,2,
Physics::Step,C:\Users\╨┐╨║\Documents\GitHub\myengine\engine\src\ecs\systems\PhysicsSystem.cpp,748,14457898607,6712092,2,
Physics::Step,C:\Users\╨┐╨║\Documents\GitHub\myengine\engine\src\ecs\systems\PhysicsSystem.cpp,748,14476689087,6979116,2,
Physics::Step,C:\Users\╨┐╨║\Documents\GitHub\myengine\engine\src\ecs\systems\PhysicsSystem.cpp,748,14496275901,7190891,2,
Physics::Step,C:\Users\╨┐╨║\Documents\GitHub\myengine\engine\src\ecs\systems\PhysicsSystem.cpp,748,14515616849,7176474,2,
Physics::Step,C:\Users\╨┐╨║\Documents\GitHub\myengine\engine\src\ecs\systems\PhysicsSystem.cpp,748,14522793433,6146761,2,
Physics::Step,C:\Users\╨┐╨║\Documents\GitHub\myengine\engine\src\ecs\systems\PhysicsSystem.cpp,748,14540826370,7130565,2,
Physics::Step,C:\Users\╨┐╨║\Documents\GitHub\myengine\engine\src\ecs\systems\PhysicsSystem.cpp,748,14559872686,7156395,2,
Physics::Step,C:\Users\╨┐╨║\Documents\GitHub\myengine\engine\src\ecs\systems\PhysicsSystem.cpp,748,14579957220,7024734,2,
Physics::Step,C:\Users\╨┐╨║\Documents\GitHub\myengine\engine\src\ecs\systems\PhysicsSystem.cpp,748,14599289822,7150443,2,
Physics::Step,C:\Users\╨┐╨║\Documents\GitHub\myengine\engine\src\ecs\systems\PhysicsSystem.cpp,748,14606440336,6202296,2,
Physics::Step,C:\Users\╨┐╨║\Documents\GitHub\myengine\engine\src\ecs\systems\PhysicsSystem.cpp,748,14624352113,6902961,2,
Physics::Step,C:\Users\╨┐╨║\Documents\GitHub\myengine\engine\src\ecs\systems\PhysicsSystem.cpp,748,14643096944,7127280,2,
Physics::Step,C:\Users\╨┐╨║\Documents\GitHub\myengine\engine\src\ecs\systems\PhysicsSystem.cpp,748,14664042096,6506718,2,
Physics::Step,C:\Users\╨┐╨║\Documents\GitHub\myengine\engine\src\ecs\systems\PhysicsSystem.cpp,748,14683020013,6668867,2,
Physics::Step,C:\Users\╨┐╨║\Documents\GitHub\myengine\engine\src\ecs\systems\PhysicsSystem.cpp,748,14689688900,6537605,2,
Physics::Step,C:\Users\╨┐╨║\Documents\GitHub\myengine\engine\src\ecs\systems\PhysicsSystem.cpp,748,14707815154,6795127,2,
Physics::Step,C:\Users\╨┐╨║\Documents\GitHub\myengine\engine\src\ecs\systems\PhysicsSystem.cpp,748,14726889945,6883365,2,
Physics::Step,C:\Users\╨┐╨║\Documents\GitHub\myengine\engine\src\ecs\systems\PhysicsSystem.cpp,748,14745817186,6145110,2,
Physics::Step,C:\Users\╨┐╨║\Documents\GitHub\myengine\engine\src\ecs\systems\PhysicsSystem.cpp,748,14764949677,6780539,2,
Physics::Step,C:\Users\╨┐╨║\Documents\GitHub\myengine\engine\src\ecs\systems\PhysicsSystem.cpp,748,14771730226,6864327,2,
Physics::Step,C:\Users\╨┐╨║\Documents\GitHub\myengine\engine\src\ecs\systems\PhysicsSystem.cpp,748,14790317177,6347235,2,
Physics::Step,C:\Users\╨┐╨║\Documents\GitHub\myengine\engine\src\ecs\systems\PhysicsSystem.cpp,748,14808862661,6571261,2,
Physics::Step,C:\Users\╨┐╨║\Documents\GitHub\myengine\engine\src\ecs\systems\PhysicsSystem.cpp,748,14827641489,6926788,2,
Physics::Step,C:\Users\╨┐╨║\Documents\GitHub\myengine\engine\src\ecs\systems\PhysicsSystem.cpp,748,14846888839,7232459,2,
Physics::Step,C:\Users\╨┐╨║\Documents\GitHub\myengine\engine\src\ecs\systems\PhysicsSystem.cpp,748,14866261026,7330376,2,
Physics::Step,C:\Users\╨┐╨║\Documents\GitHub\myengine\engine\src\ecs\systems\PhysicsSystem.cpp,748,14873591482,6880037,2,
Physics::Step,C:\Users\╨┐╨║\Documents\GitHub\myengine\engine\src\ecs\systems\PhysicsSystem.cpp,748,14893091211,6773947,2,
Physics::Step,C:\Users\╨┐╨║\Documents\GitHub\myengine\engine\src\ecs\systems\PhysicsSystem.cpp,748,14912421210,6715143,2,
Physics::Step,C:\Users\╨┐╨║\Documents\GitHub\myengine\engine\src\ecs\systems\PhysicsSystem.cpp,748,14931693415,6700597,2,
Physics::Step,C:\Users\╨┐╨║\Documents\GitHub\myengine\engine\src\ecs\systems\PhysicsSystem.cpp,748,14938394032,6903572,2,
Physics::Step,C:\Users\╨┐╨║\Documents\GitHub\myengine\engine\src\ecs\systems\PhysicsSystem.cpp,748,14956975543,7493286,2,
Physics::Step,C:\Users\╨┐╨║\Documents\GitHub\myengine\engine\src\ecs\systems\PhysicsSystem.cpp,748,14975924835,7150364,2,
Physics::Step,C:\Users\╨┐╨║\Documents\GitHub\myengine\engine\src\ecs\systems\PhysicsSystem.cpp,748,14995132111,6865970,2,
Physics::Step,C:\Users\╨┐╨║\Documents\GitHub\myengine\engine\src\ecs\systems\PhysicsSystem.cpp,748,15014350504,6826597,2,
Physics::Step,C:\Users\╨┐╨║\Documents\GitHub\myengine\engine\src\ecs\systems\PhysicsSystem.cpp,748,15033369589,7279639,2,
Physics::Step,C:\Users\╨┐╨║\Documents\GitHub\myengine\engine\src\ecs\systems\PhysicsSystem.cpp,748,15040649279,6942946,2,
Physics::Step,C:\Users\╨┐╨║\Documents\GitHub\myengine\engine\src\ecs\systems\PhysicsSystem.cpp,748,15059419628,7260323,2,
Physics::Step,C:\Users\╨┐╨║\Documents\GitHub\myengine\engine\src\ecs\systems\PhysicsSystem.cpp,748,15079317939,6677652,2,
Physics::Step,C:\Users\╨┐╨║\Documents\GitHub\myengine\engine\src\ecs\systems\PhysicsSystem.cpp,748,15098238295,7020326,2,
Physics::Step,C:\Users\╨┐╨║\Documents\GitHub\myengine\engine\src\ecs\systems\PhysicsSystem.cpp,748,15105258681,6619020,2,
Physics::Step,C:\Users\╨┐╨║\Documents\GitHub\myengine\engine\src\ecs\systems\PhysicsSystem.cpp,748,15124528151,6304393,2,
Physics::Step,C:\Users\╨┐╨║\Documents\GitHub\myengine\engine\src\ecs\systems\PhysicsSystem.cpp,748,15143195988,7431172,2,
Physics::Step,C:\Users\╨┐╨║\Documents\GitHub\myengine\engine\src\ecs\systems\PhysicsSystem.cpp,748,15165385981,6873044,2,
Physics::Step,C:\Users\╨┐╨║\Documents\GitHub\myengine\engine\src\ecs\systems\PhysicsSystem.cpp,748,15172259135,6602108,2,
Physics::Step,C:\Users\╨┐╨║\Documents\GitHub\myengine\engine\src\ecs\systems\PhysicsSystem.cpp,748,15190515446,6364217,2,
Physics::Step,C:\Users\╨┐╨║\Documents\GitHub\myengine\engine\src\ecs\systems\PhysicsSystem.cpp,748,15209238618,7120757,2,
Physics::Step,C:\Users\╨┐╨║\Documents\GitHub\myengine\engine\src\ecs\systems\PhysicsSystem.cpp,748,15228530212,6638880,2,
Physics::Step,C:\Users\╨┐╨║\Documents\GitHub\myengine\engine\src\ecs\systems\PhysicsSystem.cpp,748,15247400084,6765440,2,
Physics::Step,C:\Users\╨┐╨║\Documents\GitHub\myengine\engine\src\ecs\systems\PhysicsSystem.cpp,748,15266968475,6589686,2,
Physics::Step,C:\Users\╨┐╨║\Documents\GitHub\myengine\engine\src\ecs\systems\PhysicsSystem.cpp,748,15273558201,6268262,2,
Physics::Step,C:\Users\╨┐╨║\Documents\GitHub\myengine\engine\src\ecs\systems\PhysicsSystem.cpp,748,15291631545,6885338,2,
Physics::Step,C:\Users\╨┐╨║\Documents\GitHub\myengine\engine\src\ecs\systems\PhysicsSystem.cpp,748,15310427945,7115528,2,
Physics::Step,C:\Users\╨┐╨║\Documents\GitHub\myengine\engine\src\ecs\systems\PhysicsSystem.cpp,748,15329508768,6906710,2,
Physics::Step,C:\Users\╨┐╨║\Documents\GitHub\myengine\engine\src\ecs\systems\PhysicsSystem.cpp,748,15348970676,6411006,2,
Physics::Step,C:\Users\╨┐╨║\Documents\GitHub\myengine\engine\src\ecs\systems\PhysicsSystem.cpp,748,15355381773,7241475,2,
Physics::Step,C:\Users\╨┐╨║\Documents\GitHub\myengine\engine\src\ecs\systems\PhysicsSystem.cpp,748,15374554478,6921348,2,
Physics::Step,C:\Users\╨┐╨║\Documents\GitHub\myengine\engine\src\ecs\systems\PhysicsSystem.cpp,748,15393210980,6515423,2,
Physics::Step,C:\Users\╨┐╨║\Documents\GitHub\myengine\engine\src\ecs\systems\PhysicsSystem.cpp,748,15412210291,7140545,2,
Physics::Step,C:\Users\╨┐╨║\Documents\GitHub\myengine\engine\src\ecs\systems\PhysicsSystem.cpp,748,15431247253,6413158,2,
Physics::Step,C:\Users\╨┐╨║\Documents\GitHub\myengine\engine\src\ecs\systems\PhysicsSystem.cpp,748,15437660441,6635742,2,
Physics::Step,C:\Users\╨┐╨║\Documents\GitHub\myengine\engine\src\ecs\systems\PhysicsSystem.cpp,748,15456118486,6583309,2,
Physics::Step,C:\Users\╨┐╨║\Documents\GitHub\myengine\engine\src\ecs\systems\PhysicsSystem.cpp,748,15475584963,7424015,2,
Physics::Step,C:\Users\╨┐╨║\Documents\GitHub\myengine\engine\src\ecs\systems\PhysicsSystem.cpp,748,15495374697,6147743,2,
Physics::Step,C:\Users\╨┐╨║\Documents\GitHub\myengine\engine\src\ecs\systems\PhysicsSystem.cpp,748,15513379881,6849140,2,
Physics::Step,C:\Users\╨┐╨║\Documents\GitHub\myengine\engine\src\ecs\systems\PhysicsSystem.cpp,748,15532317401,6941496,2,
Physics::Step,C:\Users\╨┐╨║\Documents\GitHub\myengine\engine\src\ecs\systems\PhysicsSystem.cpp,748,15539258917,6672612,2,
Physics::Step,C:\Users\╨┐╨║\Documents\GitHub\myengine\engine\src\ecs\systems\PhysicsSystem.cpp,748,15557528082,6417153,2,
Physics::Step,C:\Users\╨┐╨║\Documents\GitHub\myengine\engine\src\ecs\systems\PhysicsSystem.cpp,748,15576594199,6680056,2,
Physics::Step,C:\Users\╨┐╨║\Documents\GitHub\myengine\engine\src\ecs\systems\PhysicsSystem.cpp,748,15595710888,7244233,2,
Physics::Step,C:\Users\╨┐╨║\Documents\GitHub\myengine\engine\src\ecs\systems\PhysicsSystem.cpp,748,15615259953,6593864,2,
Physics::Step,C:\Users\╨┐╨║\Documents\GitHub\myengine\engine\src\ecs\systems\PhysicsSystem.cpp,748,15621853907,6661621,2,
Physics::Step,C:\Users\╨┐╨║\Documents\GitHub\myengine\engine\src\ecs\systems\PhysicsSystem.cpp,748,15640256877,6579387,2,
Physics::Step,C:\Users\╨┐╨║\Documents\GitHub\myengine\engine\src\ecs\systems\PhysicsSystem.cpp,748,15658987043,6866212,2,
Physics::Step,C:\Users\╨┐╨║\Documents\GitHub\myengine\engine\src\ecs\systems\PhysicsSystem.cpp,748,15680061943,6409091,2,
Physics::Step,C:\Users\╨┐╨║\Documents\GitHub\myengine\engine\src\ecs\systems\PhysicsSystem.cpp,748,15698890845,7332801,2,
Physics::Step,C:\Users\╨┐╨║\Documents\GitHub\myengine\engine\src\ecs\systems\PhysicsSystem.cpp,748,15706223766,6676620,2,
Physics::Step,C:\Users\╨┐╨║\Documents\GitHub\myengine\engine\src\ecs\systems\PhysicsSystem.cpp,748,15724647205,6556213,2,
Physics::Step,C:\Users\╨┐╨║\Documents\GitHub\myengine\engine\src\ecs\systems\PhysicsSystem.cpp,748,15743349918,7280031,2,
Physics::Step,C:\Users\╨┐╨║\Documents\GitHub\myengine\engine\src\ecs\systems\PhysicsSystem.cpp,748,15762562071,6970872,2,
Physics::Step,C:\Users\╨┐╨║\Documents\GitHub\myengine\engine\src\ecs\systems\PhysicsSystem.cpp,748,15781879755,6946225,2,
Physics::Step,C:\Users\╨┐╨║\Documents\GitHub\myengine\engine\src\ecs\systems\PhysicsSystem.cpp,748,15788826010,6902039,2,
Physics::Step,C:\Users\╨┐╨║\Documents\GitHub\myengine\engine\src\ecs\systems\PhysicsSystem.cpp,748,15807315886,6528109,2,
Physics::Step,C:\Users\╨┐╨║\Documents\GitHub\myengine\engine\src\ecs\systems\PhysicsSystem.cpp,748,15825553776,6400244,2,
Physics::Step,C:\Users\╨┐╨║\Documents\GitHub\myengine\engine\src\ecs\systems\PhysicsSystem.cpp,748,15844181745,7019123,2,
Physics::Step,C:\Users\╨┐╨║\Documents\GitHub\myengine\engine\src\ecs\systems\PhysicsSystem.cpp,748,15863334184,7163939,2,
Physics::Step,C:\Users\╨┐╨║\Documents\GitHub\myengine\engine\src\ecs\systems\PhysicsSystem.cpp,748,15882840276,6847788,2,
Physics::Step,C:\Users\╨┐╨║\Documents\GitHub\myengine\engine\src\ecs\systems\PhysicsSystem.cpp,748,15889688184,6732396,2,
Physics::Step,C:\Users\╨┐╨║\Documents\GitHub\myengine\engine\src\ecs\systems\PhysicsSystem.cpp,748,15908133766,6478134,2,
Physics::Step,C:\Users\╨┐╨║\Documents\GitHub\myengine\engine\src\ecs\systems\PhysicsSystem.cpp,748,15927258121,6514664,2,
Physics::Step,C:\Users\╨┐╨║\Documents\GitHub\myengine\engine\src\ecs\systems\PhysicsSystem.cpp,748,15945856927,6404503,2,
Physics::Step,C:\Users\╨┐╨║\Documents\GitHub\myengine\engine\src\ecs\systems\PhysicsSystem.cpp,748,15964537538,7028752,2,
Physics::Step,C:\Users\╨┐╨║\Documents\GitHub\myengine\engine\src\ecs\systems\PhysicsSystem.cpp,748,15971566430,7063506,2,
Physics::Step,C:\Users\╨┐╨║\Documents\GitHub\myengine\engine\src\ecs\systems\PhysicsSystem.cpp,748,15990424036,6649129,2,
Physics::Step,C:\Users\╨┐╨║\Documents\GitHub\myengine\engine\src\ecs\systems\PhysicsSystem.cpp,748,16009305519,7049953,2,
Physics::Step,C:\Users\╨┐╨║\Documents\GitHub\myengine\engine\src\ecs\systems\PhysicsSystem.cpp,748,16028677556,6758819,2,
Physics::Step,C:\Users\╨┐╨║\Documents\GitHub\myengine\engine\src\ecs\systems\PhysicsSystem.cpp,748,16047708875,6731035,2,
Physics::Step,C:\Users\╨┐╨║\Documents\GitHub\myengine\engine\src\ecs\systems\PhysicsSystem.cpp,748,16066699747,7183496,2,
Physics::Step,C:\Users\╨┐╨║\Documents\GitHub\myengine\engine\src\ecs\systems\PhysicsSystem.cpp,748,16073883353,6933599,2,
Physics::Step,C:\Users\╨┐╨║\Documents\GitHub\myengine\engine\src\ecs\systems\PhysicsSystem.cpp,748,16092574012,6696834,2,
Physics::Step,C:\Users\╨┐╨║\Documents\GitHub\myengine\engine\src\ecs\systems\PhysicsSystem.cpp,748,16111340803,6202357,2,
Physics::Step,C:\Users\╨┐╨║\Documents\GitHub\myengine\engine\src\ecs\systems\PhysicsSystem.cpp,748,16130524697,6128888,2,
Physics::Step,C:\Users\╨┐╨║\Documents\GitHub\myengine\engine\src\ecs\systems\PhysicsSystem.cpp,748,16149308703,7024364,2,
Physics::Step,C:\Users\╨┐╨║\Documents\GitHub\myengine\engine\src\ecs\systems\PhysicsSystem.cpp,748,16156333087,6621675,2,
Physics::Step,C:\Users\╨┐╨║\Documents\GitHub\myengine\engine\src\ecs\systems\PhysicsSystem.cpp,748,16175062539,7050644,2,
Physics::Step,C:\Users\╨┐╨║\Documents\GitHub\myengine\engine\src\ecs\systems\PhysicsSystem.cpp,748,16195655110,7103073,2,
Physics::Step,C:\Users\╨┐╨║\Documents\GitHub\myengine\engine\src\ecs\systems\PhysicsSystem.cpp,748,16215038749,7258940,2,
Physics::Step,C:\Users\╨┐╨║\Documents\GitHub\myengine\engine\src\ecs\systems\PhysicsSystem.cpp,748,16222297810,6702669,2,
Physics::Step,C:\Users\╨┐╨║\Documents\GitHub\myengine\engine\src\ecs\systems\PhysicsSystem.cpp,748,16240724976,6225002,2,
Physics::Step,C:\Users\╨┐╨║\Documents\GitHub\myengine\engine\src\ecs\systems\PhysicsSystem.cpp,748,16259776354,6501297,2,
Physics::Step,C:\Users\╨┐╨║\Documents\GitHub\myengine\engine\src\ecs\systems\PhysicsSystem.cpp,748,16278410736,7430166,2,
Physics::Step,C:\Users\╨┐╨║\Documents\GitHub\myengine\engine\src\ecs\systems\PhysicsSystem.cpp,748,16297882152,6588053,2,
Physics::Step,C:\Users\╨┐╨║\Documents\GitHub\myengine\engine\src\ecs\systems\PhysicsSystem.cpp,748,16304470245,6555580,2,
Physics::Step,C:\Users\╨┐╨║\Documents\GitHub\myengine\engine\src\ecs\systems\PhysicsSystem.cpp,748,16322822129,6777964,2,
Physics::Step,C:\Users\╨┐╨║\Documents\GitHub\myengine\engine\src\ecs\systems\PhysicsSystem.cpp,748,16342169279,6968707,2,
Physics::Step,C:\Users\╨┐╨║\Documents\GitHub\myengine\engine\src\ecs\systems\PhysicsSystem.cpp,748,16361373208,6433006,2,
Physics::Step,C:\Users\╨┐╨║\Documents\GitHub\myengine\engine\src\ecs\systems\PhysicsSystem.cpp,748,16380501399,6950182,2,
Physics::Step,C:\Users\╨┐╨║\Documents\GitHub\myengine\engine\src\ecs\systems\PhysicsSystem.cpp,748,16399858057,7013953,2,
Physics::Step,C:\Users\╨┐╨║\Documents\GitHub\myengine\engine\src\ecs\systems\PhysicsSystem.cpp,748,16406872040,6976692,2,
Physics::Step,C:\Users\╨┐╨║\Documents\GitHub\myengine\engine\src\ecs\systems\PhysicsSystem.cpp,748,16425778846,6322676,2,
Physics::Step,C:\Users\╨┐╨║\Documents\GitHub\myengine\engine\src\ecs\systems\PhysicsSystem.cpp,748,16444501792,6928170,2,
Physics::Step,C:\Users\╨┐╨║\Documents\GitHub\myengine\engine\src\ecs\systems\PhysicsSystem.cpp,748,16463603885,7203715,2,
Physics::Step,C:\Users\╨┐╨║\Documents\GitHub\myengine\engine\src\ecs\systems\PhysicsSystem.cpp,748,16483398477,6929984,2,
Physics::Step,C:\Users\╨┐╨║\Documents\GitHub\myengine\engine\src\ecs\systems\PhysicsSystem.cpp,748,16490328581,6204761,2,
Physics::Step,C:\Users\╨┐╨║\Documents\GitHub\myengine\engine\src\ecs\systems\PhysicsSystem.cpp,748,16508128163,6554629,2,
Physics::Step,C:\Users\╨┐╨║\Documents\GitHub\myengine\engine\src\ecs\systems\PhysicsSystem.cpp,748,16527245305,6732337,2,
Physics::Step,C:\Users\╨┐╨║\Documents\GitHub\myengine\engine\src\ecs\systems\PhysicsSystem.cpp,748,16546074719,7256425,2,
Physics::Step,C:\Users\╨┐╨║\Documents\GitHub\myengine\engine\src\ecs\systems\PhysicsSystem.cpp,748,16565370431,6658717,2,
Physics::Step,C:\Users\╨┐╨║\Documents\GitHub\myengine\engine\src\ecs\systems\PhysicsSystem.cpp,748,16572029178,7367556,2,
Physics::Step,C:\Users\╨┐╨║\Documents\GitHub\myengine\engine\src\ecs\systems\PhysicsSystem.cpp,748,16591585035,6628529,2,
Physics::Step,C:\Users\╨┐╨║\Documents\GitHub\myengine\engine\src\ecs\systems\PhysicsSystem.cpp,748,16609636709,6779085,2,
Physics::Step,C:\Users\╨┐╨║\Documents\GitHub\myengine\engine\src\ecs\systems\PhysicsSystem.cpp,748,16628452856,6625665,2,
Physics::Step,C:\Users\╨┐╨║\Documents\GitHub\myengine\engine\src\ecs\systems\PhysicsSystem.cpp,748,16647293201,6665271,2,
Physics::Step,C:\Users\╨┐╨║\Documents\GitHub\myengine\engine\src\ecs\systems\PhysicsSystem.cpp,748,16666034007,6889577,2,
Physics::Step,C:\Users\╨┐╨║\Documents\GitHub\myengine\engine\src\ecs\systems\PhysicsSystem.cpp,748,16672923724,7256574,2,
Physics::Step,C:\Users\╨┐╨║\Documents\GitHub\myengine\engine\src\ecs\systems\PhysicsSystem.cpp,748,16691991711,6439670,2,
Physics::Step,C:\Users\╨┐╨║\Documents\GitHub\myengine\engine\src\ecs\systems\PhysicsSystem.cpp,748,16711884721,6861062,2,
Physics::Step,C:\Users\╨┐╨║\Documents\GitHub\myengine\engine\src\ecs\systems\PhysicsSystem.cpp,748,16730576268,6706937,2,
Physics::Step,C:\Users\╨┐╨║\Documents\GitHub\myengine\engine\src\ecs\systems\PhysicsSystem.cpp,748,16749458436,7420298,2,
Physics::Step,C:\Users\╨┐╨║\Documents\GitHub\myengine\engine\src\ecs\systems\PhysicsSystem.cpp,748,16756878874,6507247,2,
Physics::Step,C:\Users\╨┐╨║\Documents\GitHub\myengine\engine\src\ecs\systems\PhysicsSystem.cpp,748,16775099587,6838971,2,
Physics::Step,C:\Users\╨┐╨║\Documents\GitHub\myengine\engine\src\ecs\systems\PhysicsSystem.cpp,748,16794200972,6472331,2,
Physics::Step,C:\Users\╨┐╨║\Documents\GitHub\myengine\engine\src\ecs\systems\PhysicsSystem.cpp,748,16812256944,6670338,2,
Physics::Step,C:\Users\╨┐╨║\Documents\GitHub\myengine\engine\src\ecs\systems\PhysicsSystem.cpp,748,16830935521,6551482,2,
Physics::Step,C:\Users\╨┐╨║\Documents\GitHub\myengine\engine\src\ecs\systems\PhysicsSystem.cpp,748,16849792368,6266809,2,
Physics::Step,C:\Users\╨┐╨║\Documents\GitHub\myengine\engine\src\ecs\systems\PhysicsSystem.cpp,748,16856059257,6750812,2,
Physics::Step,C:\Users\╨┐╨║\Documents\GitHub\myengine\engine\src\ecs\systems\PhysicsSystem.cpp,748,16874334958,6797009,2,
Physics::Step,C:\Users\╨┐╨║\Documents\GitHub\myengine\engine\src\ecs\systems\PhysicsSystem.cpp,748,16893409609,6659467,2,
Physics::Step,C:\Users\╨┐╨║\Documents\GitHub\myengine\engine\src\ecs\systems\PhysicsSystem.cpp,748,16912405330,6753616,2,
Physics::Step,C:\Users\╨┐╨║\Documents\GitHub\myengine\engine\src\ecs\systems\PhysicsSystem.cpp,748,16931499658,6251921,2,
Physics::Step,C:\Users\╨┐╨║\Documents\GitHub\myengine\engine\src\ecs\systems\PhysicsSystem.cpp,748,16937751609,7477114,2,
Physics::Step,C:\Users\╨┐╨║\Documents\GitHub\myengine\engine\src\ecs\systems\PhysicsSystem.cpp,748,16956934387,6227424,2,
Physics::Step,C:\Users\╨┐╨║\Documents\GitHub\myengine\engine\src\ecs\systems\PhysicsSystem.cpp,748,16975430436,7593766,2,
Physics::Step,C:\Users\╨┐╨║\Documents\GitHub\myengine\engine\src\ecs\systems\PhysicsSystem.cpp,748,16994929605,6189222,2,
Physics::Step,C:\Users\╨┐╨║\Documents\GitHub\myengine\engine\src\ecs\systems\PhysicsSystem.cpp,748,17013466182,6930132,2,
Physics::Step,C:\Users\╨┐╨║\Documents\GitHub\myengine\engine\src\ecs\systems\PhysicsSystem.cpp,748,17032779989,6956562,2,
Physics::Step,C:\Users\╨┐╨║\Documents\GitHub\myengine\engine\src\ecs\systems\PhysicsSystem.cpp,748,17039736671,6084012,2,
Physics::Step,C:\Users\╨┐╨║\Documents\GitHub\myengine\engine\src\ecs\systems\PhysicsSystem.cpp,748,17057907111,8493699,2,
Physics::Step,C:\Users\╨┐╨║\Documents\GitHub\myengine\engine\src\ecs\systems\PhysicsSystem.cpp,748,17078587429,7374308,2,
Physics::Step,C:\Users\╨┐╨║\Documents\GitHub\myengine\engine\src\ecs\systems\PhysicsSystem.cpp,748,17098386058,6920805,2,
Physics::Step,C:\Users\╨┐╨║\Documents\GitHub\myengine\engine\src\ecs\systems\PhysicsSystem.cpp,748,17105306903,8004537,2,
Physics::Step,C:\Users\╨┐╨║\Documents\GitHub\myengine\engine\src\ecs\systems\PhysicsSystem.cpp,748,17124997877,6593241,2,
Physics::Step,C:\Users\╨┐╨║\Documents\GitHub\myengine\engine\src\ecs\systems\PhysicsSystem.cpp,748,17143695731,6228386,2,
Physics::Step,C:\Users\╨┐╨║\Documents\GitHub\myengine\engine\src\ecs\systems\PhysicsSystem.cpp,748,17162282413,6605665,2,
Physics::Step,C:\Users\╨┐╨║\Documents\GitHub\myengine\engine\src\ecs\systems\PhysicsSystem.cpp,748,17181077222,7322058,2,
Physics::Step,C:\Users\╨┐╨║\Documents\GitHub\myengine\engine\src\ecs\systems\PhysicsSystem.cpp,748,17200238477,7133690,2,
Physics::Step,C:\Users\╨┐╨║\Documents\GitHub\myengine\engine\src\ecs\systems\PhysicsSystem.cpp,748,17207372197,6485927,2,
Physics::Step,C:\Users\╨┐╨║\Documents\GitHub\myengine\engine\src\ecs\systems\PhysicsSystem.cpp,748,17227149717,7077873,2,
Physics::Step,C:\Users\╨┐╨║\Documents\GitHub\myengine\engine\src\ecs\systems\PhysicsSystem.cpp,748,17246896768,7040201,2,
Physics::Step,C:\Users\╨┐╨║\Documents\GitHub\myengine\engine\src\ecs\systems\PhysicsSystem.cpp,748,17266155880,7017398,2,
Physics::Step,C:\Users\╨┐╨║\Documents\GitHub\myengine\engine\src\ecs\systems\PhysicsSystem.cpp,748,17273173308,6836294,2,
Physics::Step,C:\Users\╨┐╨║\Documents\GitHub\myengine\engine\src\ecs\systems\PhysicsSystem.cpp,748,17292035084,6359937,2,
Physics::Step,C:\Users\╨┐╨║\Documents\GitHub\myengine\engine\src\ecs\systems\PhysicsSystem.cpp,748,17310662033,6830482,2,
Physics::Step,C:\Users\╨┐╨║\Documents\GitHub\myengine\engine\src\ecs\systems\PhysicsSystem.cpp,748,17329976290,6418629,2,
Physics::Step,C:\Users\╨┐╨║\Documents\GitHub\myengine\engine\src\ecs\systems\PhysicsSystem.cpp,748,17349418912,7359349,2,
Physics::Step,C:\Users\╨┐╨║\Documents\GitHub\myengine\engine\src\ecs\systems\PhysicsSystem.cpp,748,17356778301,7392983,2,
Physics::Step,C:\Users\╨┐╨║\Documents\GitHub\myengine\engine\src\ecs\systems\PhysicsSystem.cpp,748,17376191006,6288491,2,
Physics::Step,C:\Users\╨┐╨║\Documents\GitHub\myengine\engine\src\ecs\systems\PhysicsSystem.cpp,748,17395189682,6652364,2,
Physics::Step,C:\Users\╨┐╨║\Documents\GitHub\myengine\engine\src\ecs\systems\PhysicsSystem.cpp,748,17414143083,7162264,2,
Physics::Step,C:\Users\╨┐╨║\Documents\GitHub\myengine\engine\src\ecs\systems\PhysicsSystem.cpp,748,17433312073,7376592,2,
Physics::Step,C:\Users\╨┐╨║\Documents\GitHub\myengine\engine\src\ecs\systems\PhysicsSystem.cpp,748,17440688775,6853357,2,
Physics::Step,C:\Users\╨┐╨║\Documents\GitHub\myengine\engine\src\ecs\systems\PhysicsSystem.cpp,748,17460182725,6593561,2,
Physics::Step,C:\Users\╨┐╨║\Documents\GitHub\myengine\engine\src\ecs\systems\PhysicsSystem.cpp,748,17479439663,6933168,2,
Physics::Step,C:\Users\╨┐╨║\Documents\GitHub\myengine\engine\src\ecs\systems\PhysicsSystem.cpp,748,17498672114,7188855,2,
Physics::Step,C:\Users\╨┐╨║\Documents\GitHub\myengine\engine\src\ecs\systems\PhysicsSystem.cpp,748,17505861049,6307337,2,
Physics::Step,C:\Users\╨┐╨║\Documents\GitHub\myengine\engine\src\ecs\systems\PhysicsSystem.cpp,748,17524433755,6185144,2,
Physics::Step,C:\Users\╨┐╨║\Documents\GitHub\myengine\engine\src\ecs\systems\PhysicsSystem.cpp,748,17543205239,6501396,2,
Physics::Step,C:\Users\╨┐╨║\Documents\GitHub\myengine\engine\src\ecs\systems\PhysicsSystem.cpp,748,17562252979,6895055,2,
Physics::Step,C:\Users\╨┐╨║\Documents\GitHub\myengine\engine\src\ecs\systems\PhysicsSystem.cpp,748,17581642549,6729110,2,
Physics::Step,C:\Users\╨┐╨║\Documents\GitHub\myengine\engine\src\ecs\systems\PhysicsSystem.cpp,748,17588371759,7127358,2,
Physics::Step,C:\Users\╨┐╨║\Documents\GitHub\myengine\engine\src\ecs\systems\PhysicsSystem.cpp,748,17607236120,6405223,2,
Physics::Step,C:\Users\╨┐╨║\Documents\GitHub\myengine\engine\src\ecs\systems\PhysicsSystem.cpp,748,17625969922,6686178,2,
Physics::Step,C:\Users\╨┐╨║\Documents\GitHub\myengine\engine\src\ecs\systems\PhysicsSystem.cpp,748,17645068178,6342975,2,
Physics::Step,C:\Users\╨┐╨║\Documents\GitHub\myengine\engine\src\ecs\systems\PhysicsSystem.cpp,748,17663695192,6093489,2,
Physics::Step,C:\Users\╨┐╨║\Documents\GitHub\myengine\engine\src\ecs\systems\PhysicsSystem.cpp,748,17682295285,6964988,2,
Physics::Step,C:\Users\╨┐╨║\Documents\GitHub\myengine\engine\src\ecs\systems\PhysicsSystem.cpp,748,17689260304,6991900,2,
Physics::Step,C:\Users\╨┐╨║\Documents\GitHub\myengine\engine\src\ecs\systems\PhysicsSystem.cpp,748,17708205478,6247874,2,
Physics::Step,C:\Users\╨┐╨║\Documents\GitHub\myengine\engine\src\ecs\systems\PhysicsSystem.cpp,748,17728339466,7068456,2,
Physics::Step,C:\Users\╨┐╨║\Documents\GitHub\myengine\engine\src\ecs\systems\PhysicsSystem.cpp,748,17747785514,7588626,2,
Physics::Step,C:\Users\╨┐╨║\Documents\GitHub\myengine\engine\src\ecs\systems\PhysicsSystem.cpp,748,17755374210,6908291,2,
Physics::Step,C:\Users\╨┐╨║\Documents\GitHub\myengine\engine\src\ecs\systems\PhysicsSystem.cpp,748,17774072104,6677892,2,
Physics::Step,C:\Users\╨┐╨║\Documents\GitHub\myengine\engine\src\ecs\systems\PhysicsSystem.cpp,748,17793278155,6615924,2,
Physics::Step,C:\Users\╨┐╨║\Documents\GitHub\myengine\engine\src\ecs\systems\PhysicsSystem.cpp,748,17812169958,6606466,2,
Physics::Step,C:\Users\╨┐╨║\Documents\GitHub\myengine\engine\src\ecs\systems\PhysicsSystem.cpp,748,17831337165,6797260,2,
Physics::Step,C:\Users\╨┐╨║\Documents\GitHub\myengine\engine\src\ecs\systems\PhysicsSystem.cpp,748,17838134455,6954819,2,
Physics::Step,C:\Users\╨┐╨║\Documents\GitHub\myengine\engine\src\ecs\systems\PhysicsSystem.cpp,748,17856936517,6523829,2,
Physics::Step,C:\Users\╨┐╨║\Documents\GitHub\myengine\engine\src\ecs\systems\PhysicsSystem.cpp,748,17875227777,6529519,2,
Physics::Step,C:\Users\╨┐╨║\Documents\GitHub\myengine\engine\src\ecs\systems\PhysicsSystem.cpp,748,17895158227,7178134,2,
Physics::Step,C:\Users\╨┐╨║\Documents\GitHub\myengine\engine\src\ecs\systems\PhysicsSystem.cpp,748,17915328474,7434467,2,
Physics::Step,C:\Users\╨┐╨║\Documents\GitHub\myengine\engine\src\ecs\systems\PhysicsSystem.cpp,748,17922762961,6036862,2,
Physics::Step,C:\Users\╨┐╨║\Documents\GitHub\myengine\engine\src\ecs\systems\PhysicsSystem.cpp,748,17940752151,6911692,2,
Physics::Step,C:\Users\╨┐╨║\Documents\GitHub\myengine\engine\src\ecs\systems\PhysicsSystem.cpp,748,17960909583,7287002,2,
Physics::Step,C:\Users\╨┐╨║\Documents\GitHub\myengine\engine\src\ecs\systems\PhysicsSystem.cpp,748,17980803694,6413319,2,
Physics::Step,C:\Users\╨┐╨║\Documents\GitHub\myengine\engine\src\ecs\systems\PhysicsSystem.cpp,748,18000417111,6564476,2,
Physics::Step,C:\Users\╨┐╨║\Documents\GitHub\myengine\engine\src\ecs\systems\PhysicsSystem.cpp,748,18006981717,6960621,2,
Physics::Step,C:\Users\╨┐╨║\Documents\GitHub\myengine\engine\src\ecs\systems\PhysicsSystem.cpp,748,18025748021,6547144,2,
Physics::Step,C:\Users\╨┐╨║\Documents\GitHub\myengine\engine\src\ecs\systems\PhysicsSystem.cpp,748,18044544974,6919051,2,
Physics::Step,C:\Users\╨┐╨║\Documents\GitHub\myengine\engine\src\ecs\systems\PhysicsSystem.cpp,748,18063993427,6305884,2,
Physics::Step,C:\Users\╨┐╨║\Documents\GitHub\myengine\engine\src\ecs\systems\PhysicsSystem.cpp,748,18083106892,7235443,2,
Physics::Step,C:\Users\╨┐╨║\Documents\GitHub\myengine\engine\src\ecs\systems\PhysicsSystem.cpp,748,18090342455,7005496,2,
Physics::Step,C:\Users\╨┐╨║\Documents\GitHub\myengine\engine\src\ecs\systems\PhysicsSystem.cpp,748,18109528959,6882893,2,
Physics::Step,C:\Users\╨┐╨║\Documents\GitHub\myengine\engine\src\ecs\systems\PhysicsSystem.cpp,748,18128601000,7188745,2,
Physics::Step,C:\Users\╨┐╨║\Documents\GitHub\myengine\engine\src\ecs\systems\PhysicsSystem.cpp,748,18147530380,7021817,2,
Physics::Step,C:\Users\╨┐╨║\Documents\GitHub\myengine\engine\src\ecs\systems\PhysicsSystem.cpp,748,18166853224,6639509,2,
Physics::Step,C:\Users\╨┐╨║\Documents\GitHub\myengine\engine\src\ecs\systems\PhysicsSystem.cpp,748,18173492873,6710875,2,
Physics::Step,C:\Users\╨┐╨║\Documents\GitHub\myengine\engine\src\ecs\systems\PhysicsSystem.cpp,748,18192413361,6973885,2,
Physics::Step,C:\Users\╨┐╨║\Documents\GitHub\myengine\engine\src\ecs\systems\PhysicsSystem.cpp,748,18211921972,7118121,2,
Physics::Step,C:\Users\╨┐╨║\Documents\GitHub\myengine\engine\src\ecs\systems\PhysicsSystem.cpp,748,18232128067,6730463,2,
Physics::Step,C:\Users\╨┐╨║\Documents\GitHub\myengine\engine\src\ecs\systems\PhysicsSystem.cpp,748,18238858620,6358554,2,
Physics::Step,C:\Users\╨┐╨║\Documents\GitHub\myengine\engine\src\ecs\systems\PhysicsSystem.cpp,748,18256940016,7617450,2,
Physics::Step,C:\Users\╨┐╨║\Documents\GitHub\myengine\engine\src\ecs\systems\PhysicsSystem.cpp,748,18276745868,6240640,2,
Physics::Step,C:\Users\╨┐╨║\Documents\GitHub\myengine\engine\src\ecs\systems\PhysicsSystem.cpp,748,18295401813,6974727,2,
Physics::Step,C:\Users\╨┐╨║\Documents\GitHub\myengine\engine\src\ecs\systems\PhysicsSystem.cpp,748,18314726740,6189362,2,
Physics::Step,C:\Users\╨┐╨║\Documents\GitHub\myengine\engine\src\ecs\systems\PhysicsSystem.cpp,748,18320916142,7104294,2,
Physics::Step,C:\Users\╨┐╨║\Documents\GitHub\myengine\engine\src\ecs\systems\PhysicsSystem.cpp,748,18340734750,6711225,2,
Physics::Step,C:\Users\╨┐╨║\Documents\GitHub\myengine\engine\src\ecs\systems\PhysicsSystem.cpp,748,18360120363,6541202,2,
Physics::Step,C:\Users\╨┐╨║\Documents\GitHub\myengine\engine\src\ecs\systems\PhysicsSystem.cpp,748,18379196707,6722828,2,
Physics::Step,C:\Users\╨┐╨║\Documents\GitHub\myengine\engine\src\ecs\systems\PhysicsSystem.cpp,748,18398648957,6463624,2,
Physics::Step,C:\Users\╨┐╨║\Documents\GitHub\myengine\engine\src\ecs\systems\PhysicsSystem.cpp,748,18405112711,6245780,2,
Physics::Step,C:\Users\╨┐╨║\Documents\GitHub\myengine\engine\src\ecs\systems\PhysicsSystem.cpp,748,18423895827,6275156,2,
Physics::Step,C:\Users\╨┐╨║\Documents\GitHub\myengine\engine\src\ecs\systems\PhysicsSystem.cpp,748,18442890767,6991840,2,
Physics::Step,C:\Users\╨┐╨║\Documents\GitHub\myengine\engine\src\ecs\systems\PhysicsSystem.cpp,748,18461976659,6503861,2,
Physics::Step,C:\Users\╨┐╨║\Documents\GitHub\myengine\engine\src\ecs\systems\PhysicsSystem.cpp,748,18481421265,6622847,2,
Physics::Step,C:\Users\╨┐╨║\Documents\GitHub\myengine\engine\src\ecs\systems\PhysicsSystem.cpp,748,18488044152,7181240,2,
Physics::Step,C:\Users\╨┐╨║\Documents\GitHub\myengine\engine\src\ecs\systems\PhysicsSystem.cpp,748,18507039502,6447674,2,
Physics::Step,C:\Users\╨┐╨║\Documents\GitHub\myengine\engine\src\ecs\systems\PhysicsSystem.cpp,748,18525868305,6412006,2,
Physics::Step,C:\Users\╨┐╨║\Documents\GitHub\myengine\engine\src\ecs\systems\PhysicsSystem.cpp,748,18544440530,6973855,2,
Physics::Step,C:\Users\╨┐╨║\Documents\GitHub\myengine\engine\src\ecs\systems\PhysicsSystem.cpp,748,18563733366,6365047,2,
Physics::Step,C:\Users\╨┐╨║\Documents\GitHub\myengine\engine\src\ecs\systems\PhysicsSystem.cpp,748,18582006011,6180906,2,
Physics::Step,C:\Users\╨┐╨║\Documents\GitHub\myengine\engine\src\ecs\systems\PhysicsSystem.cpp,748,18588186947,7332558,2,
Physics::Step,C:\Users\╨┐╨║\Documents\GitHub\myengine\engine\src\ecs\systems\PhysicsSystem.cpp,748,18607652011,6744008,2,
Physics::Step,C:\Users\╨┐╨║\Documents\GitHub\myengine\engine\src\ecs\systems\PhysicsSystem.cpp,748,18626051206,6176458,2,
Physics::Step,C:\Users\╨┐╨║\Documents\GitHub\myengine\engine\src\ecs\systems\PhysicsSystem.cpp,748,18644687503,6887191,2,
Physics::Step,C:\Users\╨┐╨║\Documents\GitHub\myengine\engine\src\ecs\systems\PhysicsSystem.cpp,748,18664011549,7106728,2,
Physics::Step,C:\Users\╨┐╨║\Documents\GitHub\myengine\engine\src\ecs\systems\PhysicsSystem.cpp,748,18683246345,6901748,2,
Physics::Step,C:\Users\╨┐╨║\Documents\GitHub\myengine\engine\src\ecs\systems\PhysicsSystem.cpp,748,18690148123,7063837,2,
Physics::Step,C:\Users\╨┐╨║\Documents\GitHub\myengine\engine\src\ecs\systems\PhysicsSystem.cpp,748,18709491867,6644588,2,
Physics::Step,C:\Users\╨┐╨║\Documents\GitHub\myengine\engine\src\ecs\systems\PhysicsSystem.cpp,748,18728715912,6314300,2,
Physics::Step,C:\Users\╨┐╨║\Documents\GitHub\myengine\engine\src\ecs\systems\PhysicsSystem.cpp,748,18748970399,6581879,2,
Physics::Step,C:\Users\╨┐╨║\Documents\GitHub\myengine\engine\src\ecs\systems\PhysicsSystem.cpp,748,18755552318,6541723,2,
Physics::Step,C:\Users\╨┐╨║\Documents\GitHub\myengine\engine\src\ecs\systems\PhysicsSystem.cpp,748,18774301260,6899784,2,
Physics::Step,C:\Users\╨┐╨║\Documents\GitHub\myengine\engine\src\ecs\systems\PhysicsSystem.cpp,748,18792885237,7814179,2,
Physics::Step,C:\Users\╨┐╨║\Documents\GitHub\myengine\engine\src\ecs\systems\PhysicsSystem.cpp,748,18812378354,6815374,2,
Physics::Step,C:\Users\╨┐╨║\Documents\GitHub\myengine\engine\src\ecs\systems\PhysicsSystem.cpp,748,18831778615,6855701,2,
Physics::Step,C:\Users\╨┐╨║\Documents\GitHub\myengine\engine\src\ecs\systems\PhysicsSystem.cpp,748,18838634346,6907930,2,
Physics::Step,C:\Users\╨┐╨║\Documents\GitHub\myengine\engine\src\ecs\systems\PhysicsSystem.cpp,748,18857314193,6594285,2,
Physics::Step,C:\Users\╨┐╨║\Documents\GitHub\myengine\engine\src\ecs\systems\PhysicsSystem.cpp,748,18876870984,7697253,2,
Physics::Step,C:\Users\╨┐╨║\Documents\GitHub\myengine\engine\src\ecs\systems\PhysicsSystem.cpp,748,18896989743,6544799,2,
Physics::Step,C:\Users\╨┐╨║\Documents\GitHub\myengine\engine\src\ecs\systems\PhysicsSystem.cpp,748,18916021052,6993713,2,
Physics::Step,C:\Users\╨┐╨║\Documents\GitHub\myengine\engine\src\ecs\systems\PhysicsSystem.cpp,748,18923014865,6943247,2,
Physics::Step,C:\Users\╨┐╨║\Documents\GitHub\myengine\engine\src\ecs\systems\PhysicsSystem.cpp,748,18942050492,7231185,2,
Physics::Step,C:\Users\╨┐╨║\Documents\GitHub\myengine\engine\src\ecs\systems\PhysicsSystem.cpp,748,18961561324,7009483,2,
Physics::Step,C:\Users\╨┐╨║\Documents\GitHub\myengine\engine\src\ecs\systems\PhysicsSystem.cpp,748,18980896721,6630602,2,
Physics::Step,C:\Users\╨┐╨║\Documents\GitHub\myengine\engine\src\ecs\systems\PhysicsSystem.cpp,748,18999569948,6505253,2,
Physics::Step,C:\Users\╨┐╨║\Documents\GitHub\myengine\engine\src\ecs\systems\PhysicsSystem.cpp,748,19006075231,6990598,2,
Physics::Step,C:\Users\╨┐╨║\Documents\GitHub\myengine\engine\src\ecs\systems\PhysicsSystem.cpp,748,19024993355,6476558,2,
Physics::Step,C:\Users\╨┐╨║\Documents\GitHub\myengine\engine\src\ecs\systems\PhysicsSystem.cpp,748,19043382471,7153858,2,
Physics::Step,C:\Users\╨┐╨║\Documents\GitHub\myengine\engine\src\ecs\systems\PhysicsSystem.cpp,748,19062517256,6681559,2,
Physics::Step,C:\Users\╨┐╨║\Documents\GitHub\myengine\engine\src\ecs\systems\PhysicsSystem.cpp,748,19081877140,6311064,2,
Physics::Step,C:\Users\╨┐╨║\Documents\GitHub\myengine\engine\src\ecs\systems\PhysicsSystem.cpp,748,19088188224,7384497,2,
Physics::Step,C:\Users\╨┐╨║\Documents\GitHub\myengine\engine\src\ecs\systems\PhysicsSystem.cpp,748,19107762787,6402858,2,
Physics::Step,C:\Users\╨┐╨║\Documents\GitHub\myengine\engine\src\ecs\systems\PhysicsSystem.cpp,748,19125897388,6208178,2,
Physics::Step,C:\Users\╨┐╨║\Documents\GitHub\myengine\engine\src\ecs\systems\PhysicsSystem.cpp,748,19145039448,6517106,2,
Physics::Step,C:\Users\╨┐╨║\Documents\GitHub\myengine\engine\src\ecs\systems\PhysicsSystem.cpp,748,19163843985,6789604,2,
Physics::Step,C:\Users\╨┐╨║\Documents\GitHub\myengine\engine\src\ecs\systems\PhysicsSystem.cpp,748,19182984371,6274013,2,
Physics::Step,C:\Users\╨┐╨║\Documents\GitHub\myengine\engine\src\ecs\systems\PhysicsSystem.cpp,748,19189258474,6823019,2,
Physics::Step,C:\Users\╨┐╨║\Documents\GitHub\myengine\engine\src\ecs\systems\PhysicsSystem.cpp,748,19208509010,6988914,2,
Physics::Step,C:\Users\╨┐╨║\Documents\GitHub\myengine\engine\src\ecs\systems\PhysicsSystem.cpp,748,19227233345,7919285,2,
Physics::Step,C:\Users\╨┐╨║\Documents\GitHub\myengine\engine\src\ecs\systems\PhysicsSystem.cpp,748,19248637650,6298741,2,
Physics::Step,C:\Users\╨┐╨║\Documents\GitHub\myengine\engine\src\ecs\systems\PhysicsSystem.cpp,748,19254936481,6835482,2,
Physics::Step,C:\Users\╨┐╨║\Documents\GitHub\myengine\engine\src\ecs\systems\PhysicsSystem.cpp,748,19273913637,7004754,2,
Physics::Step,C:\Users\╨┐╨║\Documents\GitHub\myengine\engine\src\ecs\systems\PhysicsSystem.cpp,748,19293168330,7105597,2,
Physics::Step,C:\Users\╨┐╨║\Documents\GitHub\myengine\engine\src\ecs\systems\PhysicsSystem.cpp,748,19313268223,6892761,2,
Physics::Step,C:\Users\╨┐╨║\Documents\GitHub\myengine\engine\src\ecs\systems\PhysicsSystem.cpp,748,19332897741,7566844,2,
Physics::Step,C:\Users\╨┐╨║\Documents\GitHub\myengine\engine\src\ecs\systems\PhysicsSystem.cpp,748,19340464665,6278061,2,
Physics::Step,C:\Users\╨┐╨║\Documents\GitHub\myengine\engine\src\ecs\systems\PhysicsSystem.cpp,748,19358743311,6681699,2,
Physics::Step,C:\Users\╨┐╨║\Documents\GitHub\myengine\engine\src\ecs\systems\PhysicsSystem.cpp,748,19378088577,6916937,2,
Physics::Step,C:\Users\╨┐╨║\Documents\GitHub\myengine\engine\src\ecs\systems\PhysicsSystem.cpp,748,19397184689,7358638,2,
Physics::Step,C:\Users\╨┐╨║\Documents\GitHub\myengine\engine\src\ecs\systems\PhysicsSystem.cpp,748,19417335990,6853115,2,
Physics::Step,C:\Users\╨┐╨║\Documents\GitHub\myengine\engine\src\ecs\systems\PhysicsSystem.cpp,748,19424189225,6730753,2,
Physics::Step,C:\Users\╨┐╨║\Documents\GitHub\myengine\engine\src\ecs\systems\PhysicsSystem.cpp,748,19443015995,6367781,2,
Physics::Step,C:\Users\╨┐╨║\Documents\GitHub\myengine\engine\src\ecs\systems\PhysicsSystem.cpp,748,19461312194,7393900,2,
Physics::Step,C:\Users\╨┐╨║\Documents\GitHub\myengine\engine\src\ecs\systems\PhysicsSystem.cpp,748,19480469422,6999555,2,
Physics::Step,C:\Users\╨┐╨║\Documents\GitHub\myengine\engine\src\ecs\systems\PhysicsSystem.cpp,748,19500207767,6646482,2,
Physics::Step,C:\Users\╨┐╨║\Documents\GitHub\myengine\engine\src\ecs\systems\PhysicsSystem.cpp,748,19506854399,6966382,2,
Physics::Step,C:\Users\╨┐╨║\Documents\GitHub\myengine\engine\src\ecs\systems\PhysicsSystem.cpp,748,19525937727,6549197,2,
Physics::Step,C:\Users\╨┐╨║\Documents\GitHub\myengine\engine\src\ecs\systems\PhysicsSystem.cpp,748,19544474544,7275310,2,
Physics::Step,C:\Users\╨┐╨║\Documents\GitHub\myengine\engine\src\ecs\systems\PhysicsSystem.cpp,748,19564096257,6733668,2,
Physics::Step,C:\Users\╨┐╨║\Documents\GitHub\myengine\engine\src\ecs\systems\PhysicsSystem.cpp,748,19583499423,6860861,2,
Physics::Step,C:\Users\╨┐╨║\Documents\GitHub\myengine\engine\src\ecs\systems\PhysicsSystem.cpp,748,19590360304,6686658,2,
Physics::Step,C:\Users\╨┐╨║\Documents\GitHub\myengine\engine\src\ecs\systems\PhysicsSystem.cpp,748,19609341266,6350048,2,
Physics::Step,C:\Users\╨┐╨║\Documents\GitHub\myengine\engine\src\ecs\systems\PhysicsSystem.cpp,748,19628183956,6357282,2,
Physics::Step,C:\Users\╨┐╨║\Documents\GitHub\myengine\engine\src\ecs\systems\PhysicsSystem.cpp,748,19647130182,6370958,2,
Physics::Step,C:\Users\╨┐╨║\Documents\GitHub\myengine\engine\src\ecs\systems\PhysicsSystem.cpp,748,19665318627,7174457,2,
Physics::Step,C:\Users\╨┐╨║\Documents\GitHub\myengine\engine\src\ecs\systems\PhysicsSystem.cpp,748,19672493124,6635001,2,
Physics::Step,C:\Users\╨┐╨║\Documents\GitHub\myengine\engine\src\ecs\systems\PhysicsSystem.cpp,748,19690986399,6564826,2,
Physics::Step,C:\Users\╨┐╨║\Documents\GitHub\myengine\engine\src\ecs\systems\PhysicsSystem.cpp,748,19710419903,7024421,2,
Physics::Step,C:\Users\╨┐╨║\Documents\GitHub\myengine\engine\src\ecs\systems\PhysicsSystem.cpp,748,19729452344,6931885,2,
Physics::Step,C:\Users\╨┐╨║\Documents\GitHub\myengine\engine\src\ecs\systems\PhysicsSystem.cpp,748,19750288598,6910605,2,
Physics::Step,C:\Users\╨┐╨║\Documents\GitHub\myengine\engine\src\ecs\systems\PhysicsSystem.cpp,748,19757199273,6898172,2,
Physics::Step,C:\Users\╨┐╨║\Documents\GitHub\myengine\engine\src\ecs\systems\PhysicsSystem.cpp,748,19776066430,6854548,2,
Physics::Step,C:\Users\╨┐╨║\Documents\GitHub\myengine\engine\src\ecs\systems\PhysicsSystem.cpp,748,19794625359,6216103,2,
Physics::Step,C:\Users\╨┐╨║\Documents\GitHub\myengine\engine\src\ecs\systems\PhysicsSystem.cpp,748,19813700120,6887782,2,
Physics::Step,C:\Users\╨┐╨║\Documents\GitHub\myengine\engine\src\ecs\systems\PhysicsSystem.cpp,748,19832906045,6367752,2,
Physics::Step,C:\Users\╨┐╨║\Documents\GitHub\myengine\engine\src\ecs\systems\PhysicsSystem.cpp,748,19839273928,6882912,2,
Physics::Step,C:\Users\╨┐╨║\Documents\GitHub\myengine\engine\src\ecs\systems\PhysicsSystem.cpp,748,19857891594,7223501,2,
Physics::Step,C:\Users\╨┐╨║\Documents\GitHub\myengine\engine\src\ecs\systems\PhysicsSystem.cpp,748,19877304399,7360311,2,
Physics::Step,C:\Users\╨┐╨║\Documents\GitHub\myengine\engine\src\ecs\systems\PhysicsSystem.cpp,748,19896699410,7341480,2,
Physics::Step,C:\Users\╨┐╨║\Documents\GitHub\myengine\engine\src\ecs\systems\PhysicsSystem.cpp,748,19915937352,6744228,2,
Physics::Step,C:\Users\╨┐╨║\Documents\GitHub\myengine\engine\src\ecs\systems\PhysicsSystem.cpp,748,19922681620,6771170,2,
Physics::Step,C:\Users\╨┐╨║\Documents\GitHub\myengine\engine\src\ecs\systems\PhysicsSystem.cpp,748,19941347193,7170680,2,
Physics::Step,C:\Users\╨┐╨║\Documents\GitHub\myengine\engine\src\ecs\systems\PhysicsSystem.cpp,748,19961073113,6401256,2,
Physics::Step,C:\Users\╨┐╨║\Documents\GitHub\myengine\engine\src\ecs\systems\PhysicsSystem.cpp,748,19980213019,7491491,2,
Physics::Step,C:\Users\╨┐╨║\Documents\GitHub\myengine\engine\src\ecs\systems\PhysicsSystem.cpp,748,20000238089,6794088,2,
Physics::Step,C:\Users\╨┐╨║\Documents\GitHub\myengine\engine\src\ecs\systems\PhysicsSystem.cpp,748,20007032267,7768378,2,
Physics::Step,C:\Users\╨┐╨║\Documents\GitHub\myengine\engine\src\ecs\systems\PhysicsSystem.cpp,748,20026432093,6874596,2,
Physics::Step,C:\Users\╨┐╨║\Documents\GitHub\myengine\engine\src\ecs\systems\PhysicsSystem.cpp,748,20045884183,6697178,2,
Physics::Step,C:\Users\╨┐╨║\Documents\GitHub\myengine\engine\src\ecs\systems\PhysicsSystem.cpp,748,20064866027,6989054,2,
Physics::Step,C:\Users\╨┐╨║\Documents\GitHub\myengine\engine\src\ecs\systems\PhysicsSystem.cpp,748,20071855111,7296190,2,
Physics::Step,C:\Users\╨┐╨║\Documents\GitHub\myengine\engine\src\ecs\systems\PhysicsSystem.cpp,748,20091462066,6425000,2,
Physics::Step,C:\Users\╨┐╨║\Documents\GitHub\myengine\engine\src\ecs\systems\PhysicsSystem.cpp,748,20110096459,6427676,2,
Physics::Step,C:\Users\╨┐╨║\Documents\GitHub\myengine\engine\src\ecs\systems\PhysicsSystem.cpp,748,20129165910,6828368,2,
Physics::Step,C:\Users\╨┐╨║\Documents\GitHub\myengine\engine\src\ecs\systems\PhysicsSystem.cpp,748,20148365800,6819441,2,
Physics::Step,C:\Users\╨┐╨║\Documents\GitHub\myengine\engine\src\ecs\systems\PhysicsSystem.cpp,748,20155185331,6806477,2,
Physics::Step,C:\Users\╨┐╨║\Documents\GitHub\myengine\engine\src\ecs\systems\PhysicsSystem.cpp,748,20174005779,6942846,2,
Physics::Step,C:\Users\╨┐╨║\Documents\GitHub\myengine\engine\src\ecs\systems\PhysicsSystem.cpp,748,20193603746,6716726,2,
Physics::Step,C:\Users\╨┐╨║\Documents\GitHub\myengine\engine\src\ecs\systems\PhysicsSystem.cpp,748,20212595068,7166322,2,
Physics::Step,C:\Users\╨┐╨║\Documents\GitHub\myengine\engine\src\ecs\systems\PhysicsSystem.cpp,748,20232794177,6422058,2,
Physics::Step,C:\Users\╨┐╨║\Documents\GitHub\myengine\engine\src\ecs\systems\PhysicsSystem.cpp,748,20239216255,6849890,2,
Physics::Step,C:\Users\╨┐╨║\Documents\GitHub\myengine\engine\src\ecs\systems\PhysicsSystem.cpp,748,20259477605,7101168,2,
Physics::Step,C:\Users\╨┐╨║\Documents\GitHub\myengine\engine\src\ecs\systems\PhysicsSystem.cpp,748,20279100420,6941744,2,
Physics::Step,C:\Users\╨┐╨║\Documents\GitHub\myengine\engine\src\ecs\systems\PhysicsSystem.cpp,748,20298294208,6495995,2,
Physics::Step,C:\Users\╨┐╨║\Documents\GitHub\myengine\engine\src\ecs\systems\PhysicsSystem.cpp,748,20304790284,7365651,2,
Physics::Step,C:\Users\╨┐╨║\Documents\GitHub\myengine\engine\src\ecs\systems\PhysicsSystem.cpp,748,20323937333,6951883,2,
Physics::Step,C:\Users\╨┐╨║\Documents\GitHub\myengine\engine\src\ecs\systems\PhysicsSystem.cpp,748,20342986505,6525873,2,
Physics::Step,C:\Users\╨┐╨║\Documents\GitHub\myengine\engine\src\ecs\systems\PhysicsSystem.cpp,748,20362239356,6790295,2,
Physics::Step,C:\Users\╨┐╨║\Documents\GitHub\myengine\engine\src\ecs\systems\PhysicsSystem.cpp,748,20381613627,6639940,2,
Physics::Step,C:\Users\╨┐╨║\Documents\GitHub\myengine\engine\src\ecs\systems\PhysicsSystem.cpp,748,20388253597,6934581,2,
Physics::Step,C:\Users\╨┐╨║\Documents\GitHub\myengine\engine\src\ecs\systems\PhysicsSystem.cpp,748,20407199112,6747515,2,
Physics::Step,C:\Users\╨┐╨║\Documents\GitHub\myengine\engine\src\ecs\systems\PhysicsSystem.cpp,748,20426076999,7349681,2,
Physics::Step,C:\Users\╨┐╨║\Documents\GitHub\myengine\engine\src\ecs\systems\PhysicsSystem.cpp,748,20445555088,7879764,2,
Physics::Step,C:\Users\╨┐╨║\Documents\GitHub\myengine\engine\src\ecs\systems\PhysicsSystem.cpp,748,20465031413,6924632,2,
Physics::Step,C:\Users\╨┐╨║\Documents\GitHub\myengine\engine\src\ecs\systems\PhysicsSystem.cpp,748,20471956065,6722347,2,
Physics::Step,C:\Users\╨┐╨║\Documents\GitHub\myengine\engine\src\ecs\systems\PhysicsSystem.cpp,748,20490645263,6172339,2,
Physics::Step,C:\Users\╨┐╨║\Documents\GitHub\myengine\engine\src\ecs\systems\PhysicsSystem.cpp,748,20509319501,6604703,2,
Physics::Step,C:\Users\╨┐╨║\Documents\GitHub\myengine\engine\src\ecs\systems\PhysicsSystem.cpp,748,20528850572,7101728,2,
Physics::Step,C:\Users\╨┐╨║\Documents\GitHub\myengine\engine\src\ecs\systems\PhysicsSystem.cpp,748,20548053070,6366380,2,
Physics::Step,C:\Users\╨┐╨║\Documents\GitHub\myengine\engine\src\ecs\systems\PhysicsSystem.cpp,748,20554419490,6535832,2,
Physics::Step,C:\Users\╨┐╨║\Documents\GitHub\myengine\engine\src\ecs\systems\PhysicsSystem.cpp,748,20572817438,6635692,2,
Physics::Step,C:\Users\╨┐╨║\Documents\GitHub\myengine\engine\src\ecs\systems\PhysicsSystem.cpp,748,20591975703,6368744,2,
Physics::Step,C:\Users\╨┐╨║\Documents\GitHub\myengine\engine\src\ecs\systems\PhysicsSystem.cpp,748,20610618838,7010896,2,
Physics::Step,C:\Users\╨┐╨║\Documents\GitHub\myengine\engine\src\ecs\systems\PhysicsSystem.cpp,748,20630479490,6696287,2,
Physics::Step,C:\Users\╨┐╨║\Documents\GitHub\myengine\engine\src\ecs\systems\PhysicsSystem.cpp,748,20649390475,6684805,2,
Physics::Step,C:\Users\╨┐╨║\Documents\GitHub\myengine\engine\src\ecs\systems\PhysicsSystem.cpp,748,20656075300,7095768,2,
Physics::Step,C:\Users\╨┐╨║\Documents\GitHub\myengine\engine\src\ecs\systems\PhysicsSystem.cpp,748,20675123616,6078671,2,
Physics::Step,C:\Users\╨┐╨║\Documents\GitHub\myengine\engine\src\ecs\systems\PhysicsSystem.cpp,748,20693245679,6466219,2,
Physics::Step,C:\Users\╨┐╨║\Documents\GitHub\myengine\engine\src\ecs\systems\PhysicsSystem.cpp,748,20712384963,7629804,2,
Physics::Step,C:\Users\╨┐╨║\Documents\GitHub\myengine\engine\src\ecs\systems\PhysicsSystem.cpp,748,20732126964,6501817,2,
Physics::Step,C:\Users\╨┐╨║\Documents\GitHub\myengine\engine\src\ecs\systems\PhysicsSystem.cpp,748,20738628942,6958336,2,
Physics::Step,C:\Users\╨┐╨║\Documents\GitHub\myengine\engine\src\ecs\systems\PhysicsSystem.cpp,748,20757637557,6238245,2,
Physics::Step,C:\Users\╨┐╨║\Documents\GitHub\myengine\engine\src\ecs\systems\PhysicsSystem.cpp,748,20777736679,7194445,2,
Physics::Step,C:\Users\╨┐╨║\Documents\GitHub\myengine\engine\src\ecs\systems\PhysicsSystem.cpp,748,20797410701,6577050,2,
Physics::Step,C:\Users\╨┐╨║\Documents\GitHub\myengine\engine\src\ecs\systems\PhysicsSystem.cpp,748,20816670814,6420443,2,
Physics::Step,C:\Users\╨┐╨║\Documents\GitHub\myengine\engine\src\ecs\systems\PhysicsSystem.cpp,748,20823091377,6691027,2,
Physics::Step,C:\Users\╨┐╨║\Documents\GitHub\myengine\engine\src\ecs\systems\PhysicsSystem.cpp,748,20841619668,6909623,2,
Physics::Step,C:\Users\╨┐╨║\Documents\GitHub\myengine\engine\src\ecs\systems\PhysicsSystem.cpp,748,20860406802,6730081,2,
Physics::Step,C:\Users\╨┐╨║\Documents\GitHub\myengine\engine\src\ecs\systems\PhysicsSystem.cpp,748,20879437499,6794815,2,
Physics::Step,C:\Users\╨┐╨║\Documents\GitHub\myengine\engine\src\ecs\systems\PhysicsSystem.cpp,748,20898793466,6525532,2,
Physics::Step,C:\Users\╨┐╨║\Documents\GitHub\myengine\engine\src\ecs\systems\PhysicsSystem.cpp,748,20905319028,6964027,2,
Physics::Step,C:\Users\╨┐╨║\Documents\GitHub\myengine\engine\src\ecs\systems\PhysicsSystem.cpp,748,20924708248,6639970,2,
Physics::Step,C:\Users\╨┐╨║\Documents\GitHub\myengine\engine\src\ecs\systems\PhysicsSystem.cpp,748,20943881116,6820197,2,
Physics::Step,C:\Users\╨┐╨║\Documents\GitHub\myengine\engine\src\ecs\systems\PhysicsSystem.cpp,748,20963612627,7435294,2,
Physics::Step,C:\Users\╨┐╨║\Documents\GitHub\myengine\engine\src\ecs\systems\PhysicsSystem.cpp,748,20983342526,7047966,2,
Physics::Step,C:\Users\╨┐╨║\Documents\GitHub\myengine\engine\src\ecs\systems\PhysicsSystem.cpp,748,20990390613,6816075,2,
Physics::Step,C:\Users\╨┐╨║\Documents\GitHub\myengine\engine\src\ecs\systems\PhysicsSystem.cpp,748,21009013784,6348575,2,
Physics::Step,C:\Users\╨┐╨║\Documents\GitHub\myengine\engine\src\ecs\systems\PhysicsSystem.cpp,748,21028122230,7376832,2,
Physics::Step,C:\Users\╨┐╨║\Documents\GitHub\myengine\engine\src\ecs\systems\PhysicsSystem.cpp,748,21048008436,7389311,2,
Physics::Step,C:\Users\╨┐╨║\Documents\GitHub\myengine\engine\src\ecs\systems\PhysicsSystem.cpp,748,21055397787,6744799,2,
Physics::Step,C:\Users\╨┐╨║\Documents\GitHub\myengine\engine\src\ecs\systems\PhysicsSystem.cpp,748,21074096227,6870509,2,
Physics::Step,C:\Users\╨┐╨║\Documents\GitHub\myengine\engine\src\ecs\systems\PhysicsSystem.cpp,748,21092695704,6497468,2,
Physics::Step,C:\Users\╨┐╨║\Documents\GitHub\myengine\engine\src\ecs\systems\PhysicsSystem.cpp,748,21111438914,7111527,2,
Physics::Step,C:\Users\╨┐╨║\Documents\GitHub\myengine\engine\src\ecs\systems\PhysicsSystem.cpp,748,21131341260,6714272,2,
Physics::Step,C:\Users\╨┐╨║\Documents\GitHub\myengine\engine\src\ecs\systems\PhysicsSystem.cpp,748,21138055552,7097351,2,
Physics::Step,C:\Users\╨┐╨║\Documents\GitHub\myengine\engine\src\ecs\systems\PhysicsSystem.cpp,748,21157145362,6496697,2,
Physics::Step,C:\Users\╨┐╨║\Documents\GitHub\myengine\engine\src\ecs\systems\PhysicsSystem.cpp,748,21176179886,6391417,2,
Physics::Step,C:\Users\╨┐╨║\Documents\GitHub\myengine\engine\src\ecs\systems\PhysicsSystem.cpp,748,21196221769,6767382,2,
Physics::Step,C:\Users\╨┐╨║\Documents\GitHub\myengine\engine\src\ecs\systems\PhysicsSystem.cpp,748,21215578177,7465421,2,
Physics::Step,C:\Users\╨┐╨║\Documents\GitHub\myengine\engine\src\ecs\systems\PhysicsSystem.cpp,748,21223043618,6936023,2,
Physics::Step,C:\Users\╨┐╨║\Documents\GitHub\myengine\engine\src\ecs\systems\PhysicsSystem.cpp,748,21241942735,6208328,2,
Physics::Step,C:\Users\╨┐╨║\Documents\GitHub\myengine\engine\src\ecs\systems\PhysicsSystem.cpp,748,21260723867,6909413,2,
Physics::Step,C:\Users\╨┐╨║\Documents\GitHub\myengine\engine\src\ecs\systems\PhysicsSystem.cpp,748,21281490539,7026656,2,
Physics::Step,C:\Users\╨┐╨║\Documents\GitHub\myengine\engine\src\ecs\systems\PhysicsSystem.cpp,748,21288517315,6963105,2,
Physics::Step,C:\Users\╨┐╨║\Documents\GitHub\myengine\engine\src\ecs\systems\PhysicsSystem.cpp,748,21307310691,6666090,2,
Physics::Step,C:\Users\╨┐╨║\Documents\GitHub\myengine\engine\src\ecs\systems\PhysicsSystem.cpp,748,21326744566,7023159,2,
Physics::Step,C:\Users\╨┐╨║\Documents\GitHub\myengine\engine\src\ecs\systems\PhysicsSystem.cpp,748,21346192057,6798787,2,
Physics::Step,C:\Users\╨┐╨║\Documents\GitHub\myengine\engine\src\ecs\systems\PhysicsSystem.cpp,748,21365464820,6205973,2,
Physics::Step,C:\Users\╨┐╨║\Documents\GitHub\myengine\engine\src\ecs\systems\PhysicsSystem.cpp,748,21371670803,6864137,2,
Physics::Step,C:\Users\╨┐╨║\Documents\GitHub\myengine\engine\src\ecs\systems\PhysicsSystem.cpp,748,21390090784,6700309,2,
Physics::Step,C:\Users\╨┐╨║\Documents\GitHub\myengine\engine\src\ecs\systems\PhysicsSystem.cpp,748,21408595209,6513003,2,
Physics::Step,C:\Users\╨┐╨║\Documents\GitHub\myengine\engine\src\ecs\systems\PhysicsSystem.cpp,748,21427628041,6907914,2,
Physics::Step,C:\Users\╨┐╨║\Documents\GitHub\myengine\engine\src\ecs\systems\PhysicsSystem.cpp,748,21446825891,6262371,2,
Physics::Step,C:\Users\╨┐╨║\Documents\GitHub\myengine\engine\src\ecs\systems\PhysicsSystem.cpp,748,21465389455,7228544,2,
Physics::Step,C:\Users\╨┐╨║\Documents\GitHub\myengine\engine\src\ecs\systems\PhysicsSystem.cpp,748,21472618130,6682992,2,
Physics::Step,C:\Users\╨┐╨║\Documents\GitHub\myengine\engine\src\ecs\systems\PhysicsSystem.cpp,748,21490988917,6786709,2,
Physics::Step,C:\Users\╨┐╨║\Documents\GitHub\myengine\engine\src\ecs\systems\PhysicsSystem.cpp,748,21510555965,6417436,2,
Physics::Step,C:\Users\╨┐╨║\Documents\GitHub\myengine\engine\src\ecs\systems\PhysicsSystem.cpp,748,21529697513,7094751,2,
Physics::Step,C:\Users\╨┐╨║\Documents\GitHub\myengine\engine\src\ecs\systems\PhysicsSystem.cpp,748,21549294343,6380997,2,
Physics::Step,C:\Users\╨┐╨║\Documents\GitHub\myengine\engine\src\ecs\systems\PhysicsSystem.cpp,748,21555675360,6731354,2,
Physics::Step,C:\Users\╨┐╨║\Documents\GitHub\myengine\engine\src\ecs\systems\PhysicsSystem.cpp,748,21574137771,6794915,2,
Physics::Step,C:\Users\╨┐╨║\Documents\GitHub\myengine\engine\src\ecs\systems\PhysicsSystem.cpp,748,21593086362,6662723,2,
Physics::Step,C:\Users\╨┐╨║\Documents\GitHub\myengine\engine\src\ecs\systems\PhysicsSystem.cpp,748,21611928971,6907770,2,
Physics::Step,C:\Users\╨┐╨║\Documents\GitHub\myengine\engine\src\ecs\systems\PhysicsSystem.cpp,748,21631828333,6856822,2,
Physics::Step,C:\Users\╨┐╨║\Documents\GitHub\myengine\engine\src\ecs\systems\PhysicsSystem.cpp,748,21638685165,7046384,2,
Physics::Step,C:\Users\╨┐╨║\Documents\GitHub\myengine\engine\src\ecs\systems\PhysicsSystem.cpp,748,21657546711,6110482,2,
Physics::Step,C:\Users\╨┐╨║\Documents\GitHub\myengine\engine\src\ecs\systems\PhysicsSystem.cpp,748,21676044564,6711867,2,
Physics::Step,C:\Users\╨┐╨║\Documents\GitHub\myengine\engine\src\ecs\systems\PhysicsSystem.cpp,748,21695459072,6750991,2,
Physics::Step,C:\Users\╨┐╨║\Documents\GitHub\myengine\engine\src\ecs\systems\PhysicsSystem.cpp,748,21714337489,6516285,2,
Physics::Step,C:\Users\╨┐╨║\Documents\GitHub\myengine\engine\src\ecs\systems\PhysicsSystem.cpp,748,21733476227,6349768,2,
Physics::Step,C:\Users\╨┐╨║\Documents\GitHub\myengine\engine\src\ecs\systems\PhysicsSystem.cpp,748,21739826015,6692690,2,
Physics::Step,C:\Users\╨┐╨║\Documents\GitHub\myengine\engine\src\ecs\systems\PhysicsSystem.cpp,748,21758334914,6593381,2,
Physics::Step,C:\Users\╨┐╨║\Documents\GitHub\myengine\engine\src\ecs\systems\PhysicsSystem.cpp,748,21777391120,7049750,2,
Physics::Step,C:\Users\╨┐╨║\Documents\GitHub\myengine\engine\src\ecs\systems\PhysicsSystem.cpp,748,21798539529,6623959,2,
Physics::Step,C:\Users\╨┐╨║\Documents\GitHub\myengine\engine\src\ecs\systems\PhysicsSystem.cpp,748,21805163588,6732747,2,
Physics::Step,C:\Users\╨┐╨║\Documents\GitHub\myengine\engine\src\ecs\systems\PhysicsSystem.cpp,748,21823747706,6804222,2,
Physics::Step,C:\Users\╨┐╨║\Documents\GitHub\myengine\engine\src\ecs\systems\PhysicsSystem.cpp,748,21843115244,6441032,2,
Physics::Step,C:\Users\╨┐╨║\Documents\GitHub\myengine\engine\src\ecs\systems\PhysicsSystem.cpp,748,21861988522,6813100,2,
Physics::Step,C:\Users\╨┐╨║\Documents\GitHub\myengine\engine\src\ecs\systems\PhysicsSystem.cpp,748,21881330923,6849649,2,
Physics::Step,C:\Users\╨┐╨║\Documents\GitHub\myengine\engine\src\ecs\systems\PhysicsSystem.cpp,748,21888180592,7293474,2,
Physics::Step,C:\Users\╨┐╨║\Documents\GitHub\myengine\engine\src\ecs\systems\PhysicsSystem.cpp,748,21907849164,6638287,2,
Physics::Step,C:\Users\╨┐╨║\Documents\GitHub\myengine\engine\src\ecs\systems\PhysicsSystem.cpp,748,21927001483,6557052,2,
Physics::Step,C:\Users\╨┐╨║\Documents\GitHub\myengine\engine\src\ecs\systems\PhysicsSystem.cpp,748,21945986774,6398610,2,
Physics::Step,C:\Users\╨┐╨║\Documents\GitHub\myengine\engine\src\ecs\systems\PhysicsSystem.cpp,748,21964991231,6683773,2,
Physics::Step,C:\Users\╨┐╨║\Documents\GitHub\myengine\engine\src\ecs\systems\PhysicsSystem.cpp,748,21971675145,6694764,2,
Physics::Step,C:\Users\╨┐╨║\Documents\GitHub\myengine\engine\src\ecs\systems\PhysicsSystem.cpp,748,21990646990,6656922,2,
Physics::Step,C:\Users\╨┐╨║\Documents\GitHub\myengine\engine\src\ecs\systems\PhysicsSystem.cpp,748,22009807485,7035743,2,
Physics::Step,C:\Users\╨┐╨║\Documents\GitHub\myengine\engine\src\ecs\systems\PhysicsSystem.cpp,748,22029351429,7186971,2,
Physics::Step,C:\Users\╨┐╨║\Documents\GitHub\myengine\engine\src\ecs\systems\PhysicsSystem.cpp,748,22049539089,7449321,2,
Physics::Step,C:\Users\╨┐╨║\Documents\GitHub\myengine\engine\src\ecs\systems\PhysicsSystem.cpp,748,22056988560,6845802,2,
Physics::Step,C:\Users\╨┐╨║\Documents\GitHub\myengine\engine\src\ecs\systems\PhysicsSystem.cpp,748,22075511962,7437067,2,
Physics::Step,C:\Users\╨┐╨║\Documents\GitHub\myengine\engine\src\ecs\systems\PhysicsSystem.cpp,748,22095043793,6335901,2,
Physics::Step,C:\Users\╨┐╨║\Documents\GitHub\myengine\engine\src\ecs\systems\PhysicsSystem.cpp,748,22113854782,6520362,2,
Physics::Step,C:\Users\╨┐╨║\Documents\GitHub\myengine\engine\src\ecs\systems\PhysicsSystem.cpp,748,22132861644,6147112,2,
Physics::Step,C:\Users\╨┐╨║\Documents\GitHub\myengine\engine\src\ecs\systems\PhysicsSystem.cpp,748,22139008826,6877352,2,
Physics::Step,C:\Users\╨┐╨║\Documents\GitHub\myengine\engine\src\ecs\systems\PhysicsSystem.cpp,748,22158114055,6455138,2,
Physics::Step,C:\Users\╨┐╨║\Documents\GitHub\myengine\engine\src\ecs\systems\PhysicsSystem.cpp,748,22176724293,7380409,2,
Physics::Step,C:\Users\╨┐╨║\Documents\GitHub\myengine\engine\src\ecs\systems\PhysicsSystem.cpp,748,22197027132,7227718,2,
Physics::Step,C:\Users\╨┐╨║\Documents\GitHub\myengine\engine\src\ecs\systems\PhysicsSystem.cpp,748,22217012034,6499783,2,
Physics::Step,C:\Users\╨┐╨║\Documents\GitHub\myengine\engine\src\ecs\systems\PhysicsSystem.cpp,748,22223511938,7088954,2,
Physics::Step,C:\Users\╨┐╨║\Documents\GitHub\myengine\engine\src\ecs\systems\PhysicsSystem.cpp,748,22242725131,6731099,2,
Physics::Step,C:\Users\╨┐╨║\Documents\GitHub\myengine\engine\src\ecs\systems\PhysicsSystem.cpp,748,22262158364,8118551,2,
Physics::Step,C:\Users\╨┐╨║\Documents\GitHub\myengine\engine\src\ecs\systems\PhysicsSystem.cpp,748,22283030018,6531929,2,
Physics::Step,C:\Users\╨┐╨║\Documents\GitHub\myengine\engine\src\ecs\systems\PhysicsSystem.cpp,748,22289562067,6083821,2,
Physics::Step,C:\Users\╨┐╨║\Documents\GitHub\myengine\engine\src\ecs\systems\PhysicsSystem.cpp,748,22308664415,6891254,2,
Physics::Step,C:\Users\╨┐╨║\Documents\GitHub\myengine\engine\src\ecs\systems\PhysicsSystem.cpp,748,22327792397,7377621,2,
Physics::Step,C:\Users\╨┐╨║\Documents\GitHub\myengine\engine\src\ecs\systems\PhysicsSystem.cpp,748,22347339718,7344483,2,
Physics::Step,C:\Users\╨┐╨║\Documents\GitHub\myengine\engine\src\ecs\systems\PhysicsSystem.cpp,748,22367994659,6336943,2,
Physics::Step,C:\Users\╨┐╨║\Documents\GitHub\myengine\engine\src\ecs\systems\PhysicsSystem.cpp,748,22374331723,7146915,2,
Physics::Step,C:\Users\╨┐╨║\Documents\GitHub\myengine\engine\src\ecs\systems\PhysicsSystem.cpp,748,22393632534,6753551,2,
Physics::Step,C:\Users\╨┐╨║\Documents\GitHub\myengine\engine\src\ecs\systems\PhysicsSystem.cpp,748,22412056725,6727042,2,
Physics::Step,C:\Users\╨┐╨║\Documents\GitHub\myengine\engine\src\ecs\systems\PhysicsSystem.cpp,748,22431365283,7405081,2,
Physics::Step,C:\Users\╨┐╨║\Documents\GitHub\myengine\engine\src\ecs\systems\PhysicsSystem.cpp,748,22438770585,6805876,2,
Physics::Step,C:\Users\╨┐╨║\Documents\GitHub\myengine\engine\src\ecs\systems\PhysicsSystem.cpp,748,22457284803,6348722,2,
Physics::Step,C:\Users\╨┐╨║\Documents\GitHub\myengine\engine\src\ecs\systems\PhysicsSystem.cpp,748,22475939775,6450556,2,
Physics::Step,C:\Users\╨┐╨║\Documents\GitHub\myengine\engine\src\ecs\systems\PhysicsSystem.cpp,748,22494725336,7120040,2,
Physics::Step,C:\Users\╨┐╨║\Documents\GitHub\myengine\engine\src\ecs\systems\PhysicsSystem.cpp,748,22513928732,6783890,2,
Physics::Step,C:\Users\╨┐╨║\Documents\GitHub\myengine\engine\src\ecs\systems\PhysicsSystem.cpp,748,22533370113,6796602,2,
Physics::Step,C:\Users\╨┐╨║\Documents\GitHub\myengine\engine\src\ecs\systems\PhysicsSystem.cpp,748,22540166876,6673033,2,
Physics::Step,C:\Users\╨┐╨║\Documents\GitHub\myengine\engine\src\ecs\systems\PhysicsSystem.cpp,748,22558790984,7219043,2,
Physics::Step,C:\Users\╨┐╨║\Documents\GitHub\myengine\engine\src\ecs\systems\PhysicsSystem.cpp,748,22577751336,6712855,2,
Physics::Step,C:\Users\╨┐╨║\Documents\GitHub\myengine\engine\src\ecs\systems\PhysicsSystem.cpp,748,22597124318,7094499,2,
Physics::Step,C:\Users\╨┐╨║\Documents\GitHub\myengine\engine\src\ecs\systems\PhysicsSystem.cpp,748,22615993856,6699750,2,
Physics::Step,C:\Users\╨┐╨║\Documents\GitHub\myengine\engine\src\ecs\systems\PhysicsSystem.cpp,748,22622693626,7094155,2,
Physics::Step,C:\Users\╨┐╨║\Documents\GitHub\myengine\engine\src\ecs\systems\PhysicsSystem.cpp,748,22642138786,6878941,2,
Physics::Step,C:\Users\╨┐╨║\Documents\GitHub\myengine\engine\src\ecs\systems\PhysicsSystem.cpp,748,22662346516,6246816,2,
Physics::Step,C:\Users\╨┐╨║\Documents\GitHub\myengine\engine\src\ecs\systems\PhysicsSystem.cpp,748,22681353206,6422969,2,
Physics::Step,C:\Users\╨┐╨║\Documents\GitHub\myengine\engine\src\ecs\systems\PhysicsSystem.cpp,748,22687776265,6393411,2,
Physics::Step,C:\Users\╨┐╨║\Documents\GitHub\myengine\engine\src\ecs\systems\PhysicsSystem.cpp,748,22706637009,6330841,2,
Physics::Step,C:\Users\╨┐╨║\Documents\GitHub\myengine\engine\src\ecs\systems\PhysicsSystem.cpp,748,22725390216,6580764,2,
Physics::Step,C:\Users\╨┐╨║\Documents\GitHub\myengine\engine\src\ecs\systems\PhysicsSystem.cpp,748,22744846345,6726675,2,
Physics::Step,C:\Users\╨┐╨║\Documents\GitHub\myengine\engine\src\ecs\systems\PhysicsSystem.cpp,748,22764188666,6668384,2,
Physics::Step,C:\Users\╨┐╨║\Documents\GitHub\myengine\engine\src\ecs\systems\PhysicsSystem.cpp,748,22783316238,6235840,2,
Physics::Step,C:\Users\╨┐╨║\Documents\GitHub\myengine\engine\src\ecs\systems\PhysicsSystem.cpp,748,22789552169,6609732,2,
Physics::Step,C:\Users\╨┐╨║\Documents\GitHub\myengine\engine\src\ecs\systems\PhysicsSystem.cpp,748,22809709891,6513089,2,
Physics::Step,C:\Users\╨┐╨║\Documents\GitHub\myengine\engine\src\ecs\systems\PhysicsSystem.cpp,748,22828707996,7619666,2,
Physics::Step,C:\Users\╨┐╨║\Documents\GitHub\myengine\engine\src\ecs\systems\PhysicsSystem.cpp,748,22848952870,6248755,2,
Physics::Step,C:\Users\╨┐╨║\Documents\GitHub\myengine\engine\src\ecs\systems\PhysicsSystem.cpp,748,22855201655,6630091,2,
Physics::Step,C:\Users\╨┐╨║\Documents\GitHub\myengine\engine\src\ecs\systems\PhysicsSystem.cpp,748,22873736032,6929677,2,
Physics::Step,C:\Users\╨┐╨║\Documents\GitHub\myengine\engine\src\ecs\systems\PhysicsSystem.cpp,748,22893114090,6894972,2,
Physics::Step,C:\Users\╨┐╨║\Documents\GitHub\myengine\engine\src\ecs\systems\PhysicsSystem.cpp,748,22912349714,6210152,2,
Physics::Step,C:\Users\╨┐╨║\Documents\GitHub\myengine\engine\src\ecs\systems\PhysicsSystem.cpp,748,22931359698,6587800,2,
Physics::Step,C:\Users\╨┐╨║\Documents\GitHub\myengine\engine\src\ecs\systems\PhysicsSystem.cpp,748,22937947518,7408103,2,
Physics::Step,C:\Users\╨┐╨║\Documents\GitHub\myengine\engine\src\ecs\systems\PhysicsSystem.cpp,748,22957340134,6853381,2,
Physics::Step,C:\Users\╨┐╨║\Documents\GitHub\myengine\engine\src\ecs\systems\PhysicsSystem.cpp,748,22978402349,6938188,2,
Physics::Step,C:\Users\╨┐╨║\Documents\GitHub\myengine\engine\src\ecs\systems\PhysicsSystem.cpp,748,22997628629,6751126,2,
Physics::Step,C:\Users\╨┐╨║\Documents\GitHub\myengine\engine\src\ecs\systems\PhysicsSystem.cpp,748,23016726783,6954836,2,
Physics::Step,C:\Users\╨┐╨║\Documents\GitHub\myengine\engine\src\ecs\systems\PhysicsSystem.cpp,748,23023681729,6507017,2,
Physics::Step,C:\Users\╨┐╨║\Documents\GitHub\myengine\engine\src\ecs\systems\PhysicsSystem.cpp,748,23042664990,6815260,2,
Physics::Step,C:\Users\╨┐╨║\Documents\GitHub\myengine\engine\src\ecs\systems\PhysicsSystem.cpp,748,23061187762,8020087,2,
Physics::Step,C:\Users\╨┐╨║\Documents\GitHub\myengine\engine\src\ecs\systems\PhysicsSystem.cpp,748,23081501562,6852549,2,
Physics::Step,C:\Users\╨┐╨║\Documents\GitHub\myengine\engine\src\ecs\systems\PhysicsSystem.cpp,748,23088354301,7138620,2,
Physics::Step,C:\Users\╨┐╨║\Documents\GitHub\myengine\engine\src\ecs\systems\PhysicsSystem.cpp,748,23107229457,6689841,2,
Physics::Step,C:\Users\╨┐╨║\Documents\GitHub\myengine\engine\src\ecs\systems\PhysicsSystem.cpp,748,23126331329,6960607,2,
Physics::Step,C:\Users\╨┐╨║\Documents\GitHub\myengine\engine\src\ecs\systems\PhysicsSystem.cpp,748,23145727392,6369111,2,
Physics::Step,C:\Users\╨┐╨║\Documents\GitHub\myengine\engine\src\ecs\systems\PhysicsSystem.cpp,748,23164360924,6861307,2,
Physics::Step,C:\Users\╨┐╨║\Documents\GitHub\myengine\engine\src\ecs\systems\PhysicsSystem.cpp,748,23183306068,6943524,2,
Physics::Step,C:\Users\╨┐╨║\Documents\GitHub\myengine\engine\src\ecs\systems\PhysicsSystem.cpp,748,23190249612,6464817,2,
Physics::Step,C:\Users\╨┐╨║\Documents\GitHub\myengine\engine\src\ecs\systems\PhysicsSystem.cpp,748,23208635356,6594800,2,
Physics::Step,C:\Users\╨┐╨║\Documents\GitHub\myengine\engine\src\ecs\systems\PhysicsSystem.cpp,748,23228279080,7297438,2,
Physics::Step,C:\Users\╨┐╨║\Documents\GitHub\myengine\engine\src\ecs\systems\PhysicsSystem.cpp,748,23247808627,6835855,2,
Physics::Step,C:\Users\╨┐╨║\Documents\GitHub\myengine\engine\src\ecs\systems\PhysicsSystem.cpp,748,23254644722,6824331,2,
Physics::Step,C:\Users\╨┐╨║\Documents\GitHub\myengine\engine\src\ecs\systems\PhysicsSystem.cpp,748,23273269908,6807092,2,
Physics::Step,C:\Users\╨┐╨║\Documents\GitHub\myengine\engine\src\ecs\systems\PhysicsSystem.cpp,748,23292376809,6670574,2,
Physics::Step,C:\Users\╨┐╨║\Documents\GitHub\myengine\engine\src\ecs\systems\PhysicsSystem.cpp,748,23312878206,6573479,2,
Physics::Step,C:\Users\╨┐╨║\Documents\GitHub\myengine\engine\src\ecs\systems\PhysicsSystem.cpp,748,23332027308,6912536,2,
Physics::Step,C:\Users\╨┐╨║\Documents\GitHub\myengine\engine\src\ecs\systems\PhysicsSystem.cpp,748,23338939854,7276361,2,
Physics::Step,C:\Users\╨┐╨║\Documents\GitHub\myengine\engine\src\ecs\systems\PhysicsSystem.cpp,748,23358031230,7116454,2,
Physics::Step,C:\Users\╨┐╨║\Documents\GitHub\myengine\engine\src\ecs\systems\PhysicsSystem.cpp,748,23377044576,7009925,2,
Physics::Step,C:\Users\╨┐╨║\Documents\GitHub\myengine\engine\src\ecs\systems\PhysicsSystem.cpp,748,23396085612,7101344,2,
Physics::Step,C:\Users\╨┐╨║\Documents\GitHub\myengine\engine\src\ecs\systems\PhysicsSystem.cpp,748,23415681446,7626694,2,
Physics::Step,C:\Users\╨┐╨║\Documents\GitHub\myengine\engine\src\ecs\systems\PhysicsSystem.cpp,748,23423308340,7177804,2,
Physics::Step,C:\Users\╨┐╨║\Documents\GitHub\myengine\engine\src\ecs\systems\PhysicsSystem.cpp,748,23442394837,7168813,2,
Physics::Step,C:\Users\╨┐╨║\Documents\GitHub\myengine\engine\src\ecs\systems\PhysicsSystem.cpp,748,23461831168,7624670,2,
Physics::Step,C:\Users\╨┐╨║\Documents\GitHub\myengine\engine\src\ecs\systems\PhysicsSystem.cpp,748,23481618336,6851858,2,
Physics::Step,C:\Users\╨┐╨║\Documents\GitHub\myengine\engine\src\ecs\systems\PhysicsSystem.cpp,748,23488470304,6110392,2,
Physics::Step,C:\Users\╨┐╨║\Documents\GitHub\myengine\engine\src\ecs\systems\PhysicsSystem.cpp,748,23506321560,6580263,2,
Physics::Step,C:\Users\╨┐╨║\Documents\GitHub\myengine\engine\src\ecs\systems\PhysicsSystem.cpp,748,23525054392,7728928,2,
Physics::Step,C:\Users\╨┐╨║\Documents\GitHub\myengine\engine\src\ecs\systems\PhysicsSystem.cpp,748,23544756518,6884630,2,
Physics::Step,C:\Users\╨┐╨║\Documents\GitHub\myengine\engine\src\ecs\systems\PhysicsSystem.cpp,748,23564086715,6263548,2,
Physics::Step,C:\Users\╨┐╨║\Documents\GitHub\myengine\engine\src\ecs\systems\PhysicsSystem.cpp,748,23582908144,6422591,2,
Physics::Step,C:\Users\╨┐╨║\Documents\GitHub\myengine\engine\src\ecs\systems\PhysicsSystem.cpp,748,23589330755,6991269,2,
Physics::Step,C:\Users\╨┐╨║\Documents\GitHub\myengine\engine\src\ecs\systems\PhysicsSystem.cpp,748,23608080111,6853923,2,
Physics::Step,C:\Users\╨┐╨║\Documents\GitHub\myengine\engine\src\ecs\systems\PhysicsSystem.cpp,748,23626607971,6920931,2,
Physics::Step,C:\Users\╨┐╨║\Documents\GitHub\myengine\engine\src\ecs\systems\PhysicsSystem.cpp,748,23645782692,6552791,2,
Physics::Step,C:\Users\╨┐╨║\Documents\GitHub\myengine\engine\src\ecs\systems\PhysicsSystem.cpp,748,23665051493,7197147,2,
Physics::Step,C:\Users\╨┐╨║\Documents\GitHub\myengine\engine\src\ecs\systems\PhysicsSystem.cpp,748,23672248740,6674286,2,
Physics::Step,C:\Users\╨┐╨║\Documents\GitHub\myengine\engine\src\ecs\systems\PhysicsSystem.cpp,748,23690833152,6863421,2,
Physics::Step,C:\Users\╨┐╨║\Documents\GitHub\myengine\engine\src\ecs\systems\PhysicsSystem.cpp,748,23709480750,7025400,2,
Physics::Step,C:\Users\╨┐╨║\Documents\GitHub\myengine\engine\src\ecs\systems\PhysicsSystem.cpp,748,23728510692,6271228,2,
Physics::Step,C:\Users\╨┐╨║\Documents\GitHub\myengine\engine\src\ecs\systems\PhysicsSystem.cpp,748,23747407159,6626790,2,
Physics::Step,C:\Users\╨┐╨║\Documents\GitHub\myengine\engine\src\ecs\systems\PhysicsSystem.cpp,748,23766138325,6117141,2,
Physics::Step,C:\Users\╨┐╨║\Documents\GitHub\myengine\engine\src\ecs\systems\PhysicsSystem.cpp,748,23772255496,6522557,2,
Physics::Step,C:\Users\╨┐╨║\Documents\GitHub\myengine\engine\src\ecs\systems\PhysicsSystem.cpp,748,23790709129,6774672,2,
Physics::Step,C:\Users\╨┐╨║\Documents\GitHub\myengine\engine\src\ecs\systems\PhysicsSystem.cpp,748,23809866026,7061339,2,
Physics::Step,C:\Users\╨┐╨║\Documents\GitHub\myengine\engine\src\ecs\systems\PhysicsSystem.cpp,748,23830806489,6616191,2,
Physics::Step,C:\Users\╨┐╨║\Documents\GitHub\myengine\engine\src\ecs\systems\PhysicsSystem.cpp,748,23850157207,6416650,2,
Physics::Step,C:\Users\╨┐╨║\Documents\GitHub\myengine\engine\src\ecs\systems\PhysicsSystem.cpp,748,23856573967,6817157,2,
Physics::Step,C:\Users\╨┐╨║\Documents\GitHub\myengine\engine\src\ecs\systems\PhysicsSystem.cpp,748,23875288088,6595960,2,
Physics::Step,C:\Users\╨┐╨║\Documents\GitHub\myengine\engine\src\ecs\systems\PhysicsSystem.cpp,748,23894192905,6195244,2,
Physics::Step,C:\Users\╨┐╨║\Documents\GitHub\myengine\engine\src\ecs\systems\PhysicsSystem.cpp,748,23912964988,6911043,2,
Physics::Step,C:\Users\╨┐╨║\Documents\GitHub\myengine\engine\src\ecs\systems\PhysicsSystem.cpp,748,23932365189,7003869,2,
Physics::Step,C:\Users\╨┐╨║\Documents\GitHub\myengine\engine\src\ecs\systems\PhysicsSystem.cpp,748,23939369078,6964198,2,
Physics::Step,C:\Users\╨┐╨║\Documents\GitHub\myengine\engine\src\ecs\systems\PhysicsSystem.cpp,748,23958622804,6542320,2,
Physics::Step,C:\Users\╨┐╨║\Documents\GitHub\myengine\engine\src\ecs\systems\PhysicsSystem.cpp,748,23977372527,6944896,2,
Physics::Step,C:\Users\╨┐╨║\Documents\GitHub\myengine\engine\src\ecs\systems\PhysicsSystem.cpp,748,23996626669,6618886,2,
Physics::Step,C:\Users\╨┐╨║\Documents\GitHub\myengine\engine\src\ecs\systems\PhysicsSystem.cpp,748,24015574098,7289142,2,
Physics::Step,C:\Users\╨┐╨║\Documents\GitHub\myengine\engine\src\ecs\systems\PhysicsSystem.cpp,748,24022863371,6744809,2,
Physics::Step,C:\Users\╨┐╨║\Documents\GitHub\myengine\engine\src\ecs\systems\PhysicsSystem.cpp,748,24041448094,6864623,2,
Physics::Step,C:\Users\╨┐╨║\Documents\GitHub\myengine\engine\src\ecs\systems\PhysicsSystem.cpp,748,24060769684,6855536,2,
Physics::Step,C:\Users\╨┐╨║\Documents\GitHub\myengine\engine\src\ecs\systems\PhysicsSystem.cpp,748,24079854073,6549505,2,
Physics::Step,C:\Users\╨┐╨║\Documents\GitHub\myengine\engine\src\ecs\systems\PhysicsSystem.cpp,748,24099436681,7286738,2,
Physics::Step,C:\Users\╨┐╨║\Documents\GitHub\myengine\engine\src\ecs\systems\PhysicsSystem.cpp,748,24106723539,6830663,2,
Physics::Step,C:\Users\╨┐╨║\Documents\GitHub\myengine\engine\src\ecs\systems\PhysicsSystem.cpp,748,24125597829,6300083,2,
Physics::Step,C:\Users\╨┐╨║\Documents\GitHub\myengine\engine\src\ecs\systems\PhysicsSystem.cpp,748,24143782239,7574936,2,
Physics::Step,C:\Users\╨┐╨║\Documents\GitHub\myengine\engine\src\ecs\systems\PhysicsSystem.cpp,748,24163861002,6828905,2,
Physics::Step,C:\Users\╨┐╨║\Documents\GitHub\myengine\engine\src\ecs\systems\PhysicsSystem.cpp,748,24183001688,6904530,2,
Physics::Step,C:\Users\╨┐╨║\Documents\GitHub\myengine\engine\src\ecs\systems\PhysicsSystem.cpp,748,24189906248,6534960,2,
Physics::Step,C:\Users\╨┐╨║\Documents\GitHub\myengine\engine\src\ecs\systems\PhysicsSystem.cpp,748,24208297041,6546769,2,
Physics::Step,C:\Users\╨┐╨║\Documents\GitHub\myengine\engine\src\ecs\systems\PhysicsSystem.cpp,748,24227088183,6849695,2,
Physics::Step,C:\Users\╨┐╨║\Documents\GitHub\myengine\engine\src\ecs\systems\PhysicsSystem.cpp,748,24246542046,6834727,2,
Physics::Step,C:\Users\╨┐╨║\Documents\GitHub\myengine\engine\src\ecs\systems\PhysicsSystem.cpp,748,24265745933,6809078,2,
Physics::Step,C:\Users\╨┐╨║\Documents\GitHub\myengine\engine\src\ecs\systems\PhysicsSystem.cpp,748,24272555041,6583533,2,
Physics::Step,C:\Users\╨┐╨║\Documents\GitHub\myengine\engine\src\ecs\systems\PhysicsSystem.cpp,748,24290877540,6175887,2,
Physics::Step,C:\Users\╨┐╨║\Documents\GitHub\myengine\engine\src\ecs\systems\PhysicsSystem.cpp,748,24309525633,7230130,2,
Physics::Step,C:\Users\╨┐╨║\Documents\GitHub\myengine\engine\src\ecs\systems\PhysicsSystem.cpp,748,24328882070,6873972,2,
Physics::Step,C:\Users\╨┐╨║\Documents\GitHub\myengine\engine\src\ecs\systems\PhysicsSystem.cpp,748,24350021482,7341472,2,
Physics::Step,C:\Users\╨┐╨║\Documents\GitHub\myengine\engine\src\ecs\systems\PhysicsSystem.cpp,748,24357363044,6429740,2,
Physics::Step,C:\Users\╨┐╨║\Documents\GitHub\myengine\engine\src\ecs\systems\PhysicsSystem.cpp,748,24375587822,7128986,2,
Physics::Step,C:\Users\╨┐╨║\Documents\GitHub\myengine\engine\src\ecs\systems\PhysicsSystem.cpp,748,24394572030,7467938,2,
Physics::Step,C:\Users\╨┐╨║\Documents\GitHub\myengine\engine\src\ecs\systems\PhysicsSystem.cpp,748,24413759436,6878846,2,
Physics::Step,C:\Users\╨┐╨║\Documents\GitHub\myengine\engine\src\ecs\systems\PhysicsSystem.cpp,748,24432998019,6938324,2,
Physics::Step,C:\Users\╨┐╨║\Documents\GitHub\myengine\engine\src\ecs\systems\PhysicsSystem.cpp,748,24439936373,6505213,2,
Physics::Step,C:\Users\╨┐╨║\Documents\GitHub\myengine\engine\src\ecs\systems\PhysicsSystem.cpp,748,24458813674,6739283,2,
Physics::Step,C:\Users\╨┐╨║\Documents\GitHub\myengine\engine\src\ecs\systems\PhysicsSystem.cpp,748,24477786980,7146841,2,
Physics::Step,C:\Users\╨┐╨║\Documents\GitHub\myengine\engine\src\ecs\systems\PhysicsSystem.cpp,748,24497245993,7020521,2,
Physics::Step,C:\Users\╨┐╨║\Documents\GitHub\myengine\engine\src\ecs\systems\PhysicsSystem.cpp,748,24516242946,6693528,2,
Physics::Step,C:\Users\╨┐╨║\Documents\GitHub\myengine\engine\src\ecs\systems\PhysicsSystem.cpp,748,24522936595,6562753,2,
Physics::Step,C:\Users\╨┐╨║\Documents\GitHub\myengine\engine\src\ecs\systems\PhysicsSystem.cpp,748,24541308493,6144362,2,
Physics::Step,C:\Users\╨┐╨║\Documents\GitHub\myengine\engine\src\ecs\systems\PhysicsSystem.cpp,748,24559840015,6352914,2,
Physics::Step,C:\Users\╨┐╨║\Documents\GitHub\myengine\engine\src\ecs\systems\PhysicsSystem.cpp,748,24579249808,7072389,2,
Physics::Step,C:\Users\╨┐╨║\Documents\GitHub\myengine\engine\src\ecs\systems\PhysicsSystem.cpp,748,24597924898,6730970,2,
Physics::Step,C:\Users\╨┐╨║\Documents\GitHub\myengine\engine\src\ecs\systems\PhysicsSystem.cpp,748,24604655988,6925614,2,
Physics::Step,C:\Users\╨┐╨║\Documents\GitHub\myengine\engine\src\ecs\systems\PhysicsSystem.cpp,748,24623573474,6419436,2,
Physics::Step,C:\Users\╨┐╨║\Documents\GitHub\myengine\engine\src\ecs\systems\PhysicsSystem.cpp,748,24642410372,7119219,2,
Physics::Step,C:\Users\╨┐╨║\Documents\GitHub\myengine\engine\src\ecs\systems\PhysicsSystem.cpp,748,24662256853,6655145,2,
Physics::Step,C:\Users\╨┐╨║\Documents\GitHub\myengine\engine\src\ecs\systems\PhysicsSystem.cpp,748,24681692693,6772477,2,
Physics::Step,C:\Users\╨┐╨║\Documents\GitHub\myengine\engine\src\ecs\systems\PhysicsSystem.cpp,748,24688465190,6857554,2,
Physics::Step,C:\Users\╨┐╨║\Documents\GitHub\myengine\engine\src\ecs\systems\PhysicsSystem.cpp,748,24707016238,7057661,2,
Physics::Step,C:\Users\╨┐╨║\Documents\GitHub\myengine\engine\src\ecs\systems\PhysicsSystem.cpp,748,24725674606,6629467,2,
Physics::Step,C:\Users\╨┐╨║\Documents\GitHub\myengine\engine\src\ecs\systems\PhysicsSystem.cpp,748,24744560158,6963923,2,
Physics::Step,C:\Users\╨┐╨║\Documents\GitHub\myengine\engine\src\ecs\systems\PhysicsSystem.cpp,748,24764170639,6901534,2,
Physics::Step,C:\Users\╨┐╨║\Documents\GitHub\myengine\engine\src\ecs\systems\PhysicsSystem.cpp,748,24783259096,7289172,2,
Physics::Step,C:\Users\╨┐╨║\Documents\GitHub\myengine\engine\src\ecs\systems\PhysicsSystem.cpp,748,24790548669,6242874,2,
Physics::Step,C:\Users\╨┐╨║\Documents\GitHub\myengine\engine\src\ecs\systems\PhysicsSystem.cpp,748,24808908092,7209767,2,
Physics::Step,C:\Users\╨┐╨║\Documents\GitHub\myengine\engine\src\ecs\systems\PhysicsSystem.cpp,748,24828744615,7134777,2,
Physics::Step,C:\Users\╨┐╨║\Documents\GitHub\myengine\engine\src\ecs\systems\PhysicsSystem.cpp,748,24849727219,6962995,2,
Physics::Step,C:\Users\╨┐╨║\Documents\GitHub\myengine\engine\src\ecs\systems\PhysicsSystem.cpp,748,24856690434,6564747,2,
Physics::Step,C:\Users\╨┐╨║\Documents\GitHub\myengine\engine\src\ecs\systems\PhysicsSystem.cpp,748,24875460004,6276078,2,
Physics::Step,C:\Users\╨┐╨║\Documents\GitHub\myengine\engine\src\ecs\systems\PhysicsSystem.cpp,748,24894105809,6748607,2,
Physics::Step,C:\Users\╨┐╨║\Documents\GitHub\myengine\engine\src\ecs\systems\PhysicsSystem.cpp,748,24913470452,6100984,2,
Physics::Step,C:\Users\╨┐╨║\Documents\GitHub\myengine\engine\src\ecs\systems\PhysicsSystem.cpp,748,24931911147,6806992,2,
Physics::Step,C:\Users\╨┐╨║\Documents\GitHub\myengine\engine\src\ecs\systems\PhysicsSystem.cpp,748,24938718159,6379664,2,
Physics::Step,C:\Users\╨┐╨║\Documents\GitHub\myengine\engine\src\ecs\systems\PhysicsSystem.cpp,748,24957342653,6787831,2,
Physics::Step,C:\Users\╨┐╨║\Documents\GitHub\myengine\engine\src\ecs\systems\PhysicsSystem.cpp,748,24976411268,6473744,2,
Physics::Step,C:\Users\╨┐╨║\Documents\GitHub\myengine\engine\src\ecs\systems\PhysicsSystem.cpp,748,24995520830,6371228,2,
Physics::Step,C:\Users\╨┐╨║\Documents\GitHub\myengine\engine\src\ecs\systems\PhysicsSystem.cpp,748,25014740352,6588162,2,
Physics::Step,C:\Users\╨┐╨║\Documents\GitHub\myengine\engine\src\ecs\systems\PhysicsSystem.cpp,748,25021328614,6855009,2,
Physics::Step,C:\Users\╨┐╨║\Documents\GitHub\myengine\engine\src\ecs\systems\PhysicsSystem.cpp,748,25040021508,6122125,2,
Physics::Step,C:\Users\╨┐╨║\Documents\GitHub\myengine\engine\src\ecs\systems\PhysicsSystem.cpp,748,25058580979,6490145,2,
Physics::Step,C:\Users\╨┐╨║\Documents\GitHub\myengine\engine\src\ecs\systems\PhysicsSystem.cpp,748,25077723637,6774468,2,
Physics::Step,C:\Users\╨┐╨║\Documents\GitHub\myengine\engine\src\ecs\systems\PhysicsSystem.cpp,748,25097627854,6783563,2,
Physics::Step,C:\Users\╨┐╨║\Documents\GitHub\myengine\engine\src\ecs\systems\PhysicsSystem.cpp,748,25116238596,7771646,2,
Physics::Step,C:\Users\╨┐╨║\Documents\GitHub\myengine\engine\src\ecs\systems\PhysicsSystem.cpp,748,25124010352,6243706,2,
Physics::Step,C:\Users\╨┐╨║\Documents\GitHub\myengine\engine\src\ecs\systems\PhysicsSystem.cpp,748,25142171173,6203670,2,
Physics::Step,C:\Users\╨┐╨║\Documents\GitHub\myengine\engine\src\ecs\systems\PhysicsSystem.cpp,748,25160653256,7232212,2,
Physics::Step,C:\Users\╨┐╨║\Documents\GitHub\myengine\engine\src\ecs\systems\PhysicsSystem.cpp,748,25179948668,7087432,2,
Physics::Step,C:\Users\╨┐╨║\Documents\GitHub\myengine\engine\src\ecs\systems\PhysicsSystem.cpp,748,25199145149,6757871,2,
Physics::Step,C:\Users\╨┐╨║\Documents\GitHub\myengine\engine\src\ecs\systems\PhysicsSystem.cpp,748,25205903140,6839480,2,
Physics::Step,C:\Users\╨┐╨║\Documents\GitHub\myengine\engine\src\ecs\systems\PhysicsSystem.cpp,748,25224503973,7102877,2,
Physics::Step,C:\Users\╨┐╨║\Documents\GitHub\myengine\engine\src\ecs\systems\PhysicsSystem.cpp,748,25243721347,8316001,2,
Physics::Step,C:\Users\╨┐╨║\Documents\GitHub\myengine\engine\src\ecs\systems\PhysicsSystem.cpp,748,25264295382,6434464,2,
Physics::Step,C:\Users\╨┐╨║\Documents\GitHub\myengine\engine\src\ecs\systems\PhysicsSystem.cpp,748,25283178577,6676156,2,
Physics::Step,C:\Users\╨┐╨║\Documents\GitHub\myengine\engine\src\ecs\systems\PhysicsSystem.cpp,748,25289854903,6582410,2,
Physics::Step,C:\Users\╨┐╨║\Documents\GitHub\myengine\engine\src\ecs\systems\PhysicsSystem.cpp,748,25308165353,6787577,2,
Physics::Step,C:\Users\╨┐╨║\Documents\GitHub\myengine\engine\src\ecs\systems\PhysicsSystem.cpp,748,25327340636,7112586,2,
Physics::Step,C:\Users\╨┐╨║\Documents\GitHub\myengine\engine\src\ecs\systems\PhysicsSystem.cpp,748,25346850976,7851589,2,
Physics::Step,C:\Users\╨┐╨║\Documents\GitHub\myengine\engine\src\ecs\systems\PhysicsSystem.cpp,748,25368718624,7076798,2,
Physics::Step,C:\Users\╨┐╨║\Documents\GitHub\myengine\engine\src\ecs\systems\PhysicsSystem.cpp,748,25375795522,6829691,2,
Physics::Step,C:\Users\╨┐╨║\Documents\GitHub\myengine\engine\src\ecs\systems\PhysicsSystem.cpp,748,25394345568,7107867,2,
Physics::Step,C:\Users\╨┐╨║\Documents\GitHub\myengine\engine\src\ecs\systems\PhysicsSystem.cpp,748,25413760417,6740327,2,
