name,src_file,src_line,ns_since_start,exec_time_ns,thread,value
Physics::Step,C:\Users\╨┐╨║\Documents\GitHub\myengine\engine\src\ecs\systems\PhysicsSystem.cpp,748,1093984818,5199518,2,
Physics::Step,C:\Users\╨┐╨║\Documents\GitHub\myengine\engine\src\ecs\systems\PhysicsSystem.cpp,748,1099184376,4205867,2,
Physics::Step,C:\Users\╨┐╨║\Documents\GitHub\myengine\engine\src\ecs\systems\PhysicsSystem.cpp,748,1103390253,5554053,2,
Physics::Step,C:\Users\╨┐╨║\Documents\GitHub\myengine\engine\src\ecs\systems\PhysicsSystem.cpp,748,1143221279,4592673,2,
Physics::Step,C:\Users\╨┐╨║\Documents\GitHub\myengine\engine\src\ecs\systems\PhysicsSystem.cpp,748,1147814052,4634363,2,
Physics::Step,C:\Users\╨┐╨║\Documents\GitHub\myengine\engine\src\ecs\systems\PhysicsSystem.cpp,748,1152448445,4011286,2,
Physics::Step,C:\Users\╨┐╨║\Documents\GitHub\myengine\engine\src\ecs\systems\PhysicsSystem.cpp,748,1173039886,4211196,2,
Physics::Step,C:\Users\╨┐╨║\Documents\GitHub\myengine\engine\src\ecs\systems\PhysicsSystem.cpp,748,1177251203,3726394,2,
Physics::Step,C:\Users\╨┐╨║\Documents\GitHub\myengine\engine\src\ecs\systems\PhysicsSystem.cpp,748,1196354354,4367824,2,
Physics::Step,C:\Users\╨┐╨║\Documents\GitHub\myengine\engine\src\ecs\systems\PhysicsSystem.cpp,748,1216810841,3913209,2,
Physics::Step,C:\Users\╨┐╨║\Documents\GitHub\myengine\engine\src\ecs\systems\PhysicsSystem.cpp,748,1236153383,3379884,2,
Physics::Step,C:\Users\╨┐╨║\Documents\GitHub\myengine\engine\src\ecs\systems\PhysicsSystem.cpp,748,1254626766,3202086,2,
Physics::Step,C:\Users\╨┐╨║\Documents\GitHub\myengine\engine\src\ecs\systems\PhysicsSystem.cpp,748,1273382782,3942940,2,
Physics::Step,C:\Users\╨┐╨║\Documents\GitHub\myengine\engine\src\ecs\systems\PhysicsSystem.cpp,748,1277325762,2393577,2,
Physics::Step,C:\Users\╨┐╨║\Documents\GitHub\myengine\engine\src\ecs\systems\PhysicsSystem.cpp,748,1292921267,4249370,2,
Physics::Step,C:\Users\╨┐╨║\Documents\GitHub\myengine\engine\src\ecs\systems\PhysicsSystem.cpp,748,1310869615,3254119,2,
Physics::Step,C:\Users\╨┐╨║\Documents\GitHub\myengine\engine\src\ecs\systems\PhysicsSystem.cpp,748,1328636387,3280991,2,
Physics::Step,C:\Users\╨┐╨║\Documents\GitHub\myengine\engine\src\ecs\systems\PhysicsSystem.cpp,748,1345697206,2924227,2,
Physics::Step,C:\Users\╨┐╨║\Documents\GitHub\myengine\engine\src\ecs\systems\PhysicsSystem.cpp,748,1362397136,3582456,2,
Physics::Step,C:\Users\╨┐╨║\Documents\GitHub\myengine\engine\src\ecs\systems\PhysicsSystem.cpp,748,1378643896,6194367,2,
Physics::Step,C:\Users\╨┐╨║\Documents\GitHub\myengine\engine\src\ecs\systems\PhysicsSystem.cpp,748,1398907861,5234727,2,
Physics::Step,C:\Users\╨┐╨║\Documents\GitHub\myengine\engine\src\ecs\systems\PhysicsSystem.cpp,748,1416323345,3526259,2,
Physics::Step,C:\Users\╨┐╨║\Documents\GitHub\myengine\engine\src\ecs\systems\PhysicsSystem.cpp,748,1432294325,3892866,2,
Physics::Step,C:\Users\╨┐╨║\Documents\GitHub\myengine\engine\src\ecs\systems\PhysicsSystem.cpp,748,1448631061,5049682,2,
Physics::Step,C:\Users\╨┐╨║\Documents\GitHub\myengine\engine\src\ecs\systems\PhysicsSystem.cpp,748,1466547969,4998736,2,
Physics::Step,C:\Users\╨┐╨║\Documents\GitHub\myengine\engine\src\ecs\systems\PhysicsSystem.cpp,748,1483969714,5416702,2,
Physics::Step,C:\Users\╨┐╨║\Documents\GitHub\myengine\engine\src\ecs\systems\PhysicsSystem.cpp,748,1501874710,5216801,2,
Physics::Step,C:\Users\╨┐╨║\Documents\GitHub\myengine\engine\src\ecs\systems\PhysicsSystem.cpp,748,1519714341,7545955,2,
Physics::Step,C:\Users\╨┐╨║\Documents\GitHub\myengine\engine\src\ecs\systems\PhysicsSystem.cpp,748,1539662296,8810522,2,
Physics::Step,C:\Users\╨┐╨║\Documents\GitHub\myengine\engine\src\ecs\systems\PhysicsSystem.cpp,748,1548472898,5916503,2,
Physics::Step,C:\Users\╨┐╨║\Documents\GitHub\myengine\engine\src\ecs\systems\PhysicsSystem.cpp,748,1567952241,6621225,2,
Physics::Step,C:\Users\╨┐╨║\Documents\GitHub\myengine\engine\src\ecs\systems\PhysicsSystem.cpp,748,1589640236,6732162,2,
Physics::Step,C:\Users\╨┐╨║\Documents\GitHub\myengine\engine\src\ecs\systems\PhysicsSystem.cpp,748,1596372428,5191644,2,
Physics::Step,C:\Users\╨┐╨║\Documents\GitHub\myengine\engine\src\ecs\systems\PhysicsSystem.cpp,748,1614680746,7075014,2,
Physics::Step,C:\Users\╨┐╨║\Documents\GitHub\myengine\engine\src\ecs\systems\PhysicsSystem.cpp,748,1636283893,5724849,2,
Physics::Step,C:\Users\╨┐╨║\Documents\GitHub\myengine\engine\src\ecs\systems\PhysicsSystem.cpp,748,1655081398,7539453,2,
Physics::Step,C:\Users\╨┐╨║\Documents\GitHub\myengine\engine\src\ecs\systems\PhysicsSystem.cpp,748,1674838958,7023142,2,
Physics::Step,C:\Users\╨┐╨║\Documents\GitHub\myengine\engine\src\ecs\systems\PhysicsSystem.cpp,748,1681862130,5533444,2,
Physics::Step,C:\Users\╨┐╨║\Documents\GitHub\myengine\engine\src\ecs\systems\PhysicsSystem.cpp,748,1701931156,5632266,2,
Physics::Step,C:\Users\╨┐╨║\Documents\GitHub\myengine\engine\src\ecs\systems\PhysicsSystem.cpp,748,1719512424,8178470,2,
Physics::Step,C:\Users\╨┐╨║\Documents\GitHub\myengine\engine\src\ecs\systems\PhysicsSystem.cpp,748,1740263347,8216823,2,
Physics::Step,C:\Users\╨┐╨║\Documents\GitHub\myengine\engine\src\ecs\systems\PhysicsSystem.cpp,748,1748480290,11584177,2,
Physics::Step,C:\Users\╨┐╨║\Documents\GitHub\myengine\engine\src\ecs\systems\PhysicsSystem.cpp,748,1772724764,10200379,2,
Physics::Step,C:\Users\╨┐╨║\Documents\GitHub\myengine\engine\src\ecs\systems\PhysicsSystem.cpp,748,1782925273,10512202,2,
Physics::Step,C:\Users\╨┐╨║\Documents\GitHub\myengine\engine\src\ecs\systems\PhysicsSystem.cpp,748,1805820849,7688040,2,
Physics::Step,C:\Users\╨┐╨║\Documents\GitHub\myengine\engine\src\ecs\systems\PhysicsSystem.cpp,748,1813508989,6494454,2,
Physics::Step,C:\Users\╨┐╨║\Documents\GitHub\myengine\engine\src\ecs\systems\PhysicsSystem.cpp,748,1832723582,7386648,2,
Physics::Step,C:\Users\╨┐╨║\Documents\GitHub\myengine\engine\src\ecs\systems\PhysicsSystem.cpp,748,1853070248,7620386,2,
Physics::Step,C:\Users\╨┐╨║\Documents\GitHub\myengine\engine\src\ecs\systems\PhysicsSystem.cpp,748,1874469274,8045341,2,
Physics::Step,C:\Users\╨┐╨║\Documents\GitHub\myengine\engine\src\ecs\systems\PhysicsSystem.cpp,748,1882514645,7177694,2,
Physics::Step,C:\Users\╨┐╨║\Documents\GitHub\myengine\engine\src\ecs\systems\PhysicsSystem.cpp,748,1904042272,8055465,2,
Physics::Step,C:\Users\╨┐╨║\Documents\GitHub\myengine\engine\src\ecs\systems\PhysicsSystem.cpp,748,1926659927,7941495,2,
Physics::Step,C:\Users\╨┐╨║\Documents\GitHub\myengine\engine\src\ecs\systems\PhysicsSystem.cpp,748,1934601452,6935944,2,
Physics::Step,C:\Users\╨┐╨║\Documents\GitHub\myengine\engine\src\ecs\systems\PhysicsSystem.cpp,748,1954918495,7768743,2,
Physics::Step,C:\Users\╨┐╨║\Documents\GitHub\myengine\engine\src\ecs\systems\PhysicsSystem.cpp,748,1977696096,7507232,2,
Physics::Step,C:\Users\╨┐╨║\Documents\GitHub\myengine\engine\src\ecs\systems\PhysicsSystem.cpp,748,1985203348,6212927,2,
Physics::Step,C:\Users\╨┐╨║\Documents\GitHub\myengine\engine\src\ecs\systems\PhysicsSystem.cpp,748,2004873914,6917179,2,
Physics::Step,C:\Users\╨┐╨║\Documents\GitHub\myengine\engine\src\ecs\systems\PhysicsSystem.cpp,748,2024941004,8223762,2,
Physics::Step,C:\Users\╨┐╨║\Documents\GitHub\myengine\engine\src\ecs\systems\PhysicsSystem.cpp,748,2033164776,6967484,2,
Physics::Step,C:\Users\╨┐╨║\Documents\GitHub\myengine\engine\src\ecs\systems\PhysicsSystem.cpp,748,2052004685,7681455,2,
Physics::Step,C:\Users\╨┐╨║\Documents\GitHub\myengine\engine\src\ecs\systems\PhysicsSystem.cpp,748,2071371664,7612778,2,
Physics::Step,C:\Users\╨┐╨║\Documents\GitHub\myengine\engine\src\ecs\systems\PhysicsSystem.cpp,748,2090445254,7196536,2,
Physics::Step,C:\Users\╨┐╨║\Documents\GitHub\myengine\engine\src\ecs\systems\PhysicsSystem.cpp,748,2097641830,6449739,2,
Physics::Step,C:\Users\╨┐╨║\Documents\GitHub\myengine\engine\src\ecs\systems\PhysicsSystem.cpp,748,2116878647,6844149,2,
Physics::Step,C:\Users\╨┐╨║\Documents\GitHub\myengine\engine\src\ecs\systems\PhysicsSystem.cpp,748,2136581244,6732832,2,
Physics::Step,C:\Users\╨┐╨║\Documents\GitHub\myengine\engine\src\ecs\systems\PhysicsSystem.cpp,748,2157591562,6803882,2,
Physics::Step,C:\Users\╨┐╨║\Documents\GitHub\myengine\engine\src\ecs\systems\PhysicsSystem.cpp,748,2164395564,6297268,2,
Physics::Step,C:\Users\╨┐╨║\Documents\GitHub\myengine\engine\src\ecs\systems\PhysicsSystem.cpp,748,2183822445,6620946,2,
Physics::Step,C:\Users\╨┐╨║\Documents\GitHub\myengine\engine\src\ecs\systems\PhysicsSystem.cpp,748,2203611444,6950491,2,
Physics::Step,C:\Users\╨┐╨║\Documents\GitHub\myengine\engine\src\ecs\systems\PhysicsSystem.cpp,748,2222842534,6890828,2,
Physics::Step,C:\Users\╨┐╨║\Documents\GitHub\myengine\engine\src\ecs\systems\PhysicsSystem.cpp,748,2229733452,6195454,2,
Physics::Step,C:\Users\╨┐╨║\Documents\GitHub\myengine\engine\src\ecs\systems\PhysicsSystem.cpp,748,2249076649,7677722,2,
Physics::Step,C:\Users\╨┐╨║\Documents\GitHub\myengine\engine\src\ecs\systems\PhysicsSystem.cpp,748,2269026329,7957929,2,
Physics::Step,C:\Users\╨┐╨║\Documents\GitHub\myengine\engine\src\ecs\systems\PhysicsSystem.cpp,748,2288382337,6749419,2,
Physics::Step,C:\Users\╨┐╨║\Documents\GitHub\myengine\engine\src\ecs\systems\PhysicsSystem.cpp,748,2306344610,7231903,2,
Physics::Step,C:\Users\╨┐╨║\Documents\GitHub\myengine\engine\src\ecs\systems\PhysicsSystem.cpp,748,2313576643,6037123,2,
Physics::Step,C:\Users\╨┐╨║\Documents\GitHub\myengine\engine\src\ecs\systems\PhysicsSystem.cpp,748,2331125545,7544354,2,
Physics::Step,C:\Users\╨┐╨║\Documents\GitHub\myengine\engine\src\ecs\systems\PhysicsSystem.cpp,748,2350053650,7848351,2,
Physics::Step,C:\Users\╨┐╨║\Documents\GitHub\myengine\engine\src\ecs\systems\PhysicsSystem.cpp,748,2369484989,7032420,2,
Physics::Step,C:\Users\╨┐╨║\Documents\GitHub\myengine\engine\src\ecs\systems\PhysicsSystem.cpp,748,2388446388,7215686,2,
Physics::Step,C:\Users\╨┐╨║\Documents\GitHub\myengine\engine\src\ecs\systems\PhysicsSystem.cpp,748,2408711855,6599636,2,
Physics::Step,C:\Users\╨┐╨║\Documents\GitHub\myengine\engine\src\ecs\systems\PhysicsSystem.cpp,748,2415311501,6829010,2,
Physics::Step,C:\Users\╨┐╨║\Documents\GitHub\myengine\engine\src\ecs\systems\PhysicsSystem.cpp,748,2433483564,7165592,2,
Physics::Step,C:\Users\╨┐╨║\Documents\GitHub\myengine\engine\src\ecs\systems\PhysicsSystem.cpp,748,2453837642,7628968,2,
Physics::Step,C:\Users\╨┐╨║\Documents\GitHub\myengine\engine\src\ecs\systems\PhysicsSystem.cpp,748,2475231129,7466298,2,
Physics::Step,C:\Users\╨┐╨║\Documents\GitHub\myengine\engine\src\ecs\systems\PhysicsSystem.cpp,748,2482697557,6264616,2,
Physics::Step,C:\Users\╨┐╨║\Documents\GitHub\myengine\engine\src\ecs\systems\PhysicsSystem.cpp,748,2503182304,6741484,2,
Physics::Step,C:\Users\╨┐╨║\Documents\GitHub\myengine\engine\src\ecs\systems\PhysicsSystem.cpp,748,2521024045,7198433,2,
Physics::Step,C:\Users\╨┐╨║\Documents\GitHub\myengine\engine\src\ecs\systems\PhysicsSystem.cpp,748,2539871593,7823766,2,
Physics::Step,C:\Users\╨┐╨║\Documents\GitHub\myengine\engine\src\ecs\systems\PhysicsSystem.cpp,748,2547695459,6304061,2,
Physics::Step,C:\Users\╨┐╨║\Documents\GitHub\myengine\engine\src\ecs\systems\PhysicsSystem.cpp,748,2565391344,7202568,2,
Physics::Step,C:\Users\╨┐╨║\Documents\GitHub\myengine\engine\src\ecs\systems\PhysicsSystem.cpp,748,2586444864,7263744,2,
Physics::Step,C:\Users\╨┐╨║\Documents\GitHub\myengine\engine\src\ecs\systems\PhysicsSystem.cpp,748,2607740496,7280730,2,
Physics::Step,C:\Users\╨┐╨║\Documents\GitHub\myengine\engine\src\ecs\systems\PhysicsSystem.cpp,748,2615021336,6404192,2,
Physics::Step,C:\Users\╨┐╨║\Documents\GitHub\myengine\engine\src\ecs\systems\PhysicsSystem.cpp,748,2633790265,7469120,2,
Physics::Step,C:\Users\╨┐╨║\Documents\GitHub\myengine\engine\src\ecs\systems\PhysicsSystem.cpp,748,2653832470,7123582,2,
Physics::Step,C:\Users\╨┐╨║\Documents\GitHub\myengine\engine\src\ecs\systems\PhysicsSystem.cpp,748,2672792533,7026182,2,
Physics::Step,C:\Users\╨┐╨║\Documents\GitHub\myengine\engine\src\ecs\systems\PhysicsSystem.cpp,748,2679818845,6499052,2,
Physics::Step,C:\Users\╨┐╨║\Documents\GitHub\myengine\engine\src\ecs\systems\PhysicsSystem.cpp,748,2698711715,7397154,2,
Physics::Step,C:\Users\╨┐╨║\Documents\GitHub\myengine\engine\src\ecs\systems\PhysicsSystem.cpp,748,2718036013,7458951,2,
Physics::Step,C:\Users\╨┐╨║\Documents\GitHub\myengine\engine\src\ecs\systems\PhysicsSystem.cpp,748,2737757346,7538507,2,
Physics::Step,C:\Users\╨┐╨║\Documents\GitHub\myengine\engine\src\ecs\systems\PhysicsSystem.cpp,748,2757374481,6888550,2,
Physics::Step,C:\Users\╨┐╨║\Documents\GitHub\myengine\engine\src\ecs\systems\PhysicsSystem.cpp,748,2764263051,5964174,2,
Physics::Step,C:\Users\╨┐╨║\Documents\GitHub\myengine\engine\src\ecs\systems\PhysicsSystem.cpp,748,2782201791,6785206,2,
Physics::Step,C:\Users\╨┐╨║\Documents\GitHub\myengine\engine\src\ecs\systems\PhysicsSystem.cpp,748,2800469570,7283368,2,
Physics::Step,C:\Users\╨┐╨║\Documents\GitHub\myengine\engine\src\ecs\systems\PhysicsSystem.cpp,748,2821508173,7062285,2,
Physics::Step,C:\Users\╨┐╨║\Documents\GitHub\myengine\engine\src\ecs\systems\PhysicsSystem.cpp,748,2840761965,8159058,2,
Physics::Step,C:\Users\╨┐╨║\Documents\GitHub\myengine\engine\src\ecs\systems\PhysicsSystem.cpp,748,2848921204,6335180,2,
Physics::Step,C:\Users\╨┐╨║\Documents\GitHub\myengine\engine\src\ecs\systems\PhysicsSystem.cpp,748,2866637325,7277404,2,
Physics::Step,C:\Users\╨┐╨║\Documents\GitHub\myengine\engine\src\ecs\systems\PhysicsSystem.cpp,748,2885880668,7873784,2,
Physics::Step,C:\Users\╨┐╨║\Documents\GitHub\myengine\engine\src\ecs\systems\PhysicsSystem.cpp,748,2905242686,7215753,2,
Physics::Step,C:\Users\╨┐╨║\Documents\GitHub\myengine\engine\src\ecs\systems\PhysicsSystem.cpp,748,2925705858,6834270,2,
Physics::Step,C:\Users\╨┐╨║\Documents\GitHub\myengine\engine\src\ecs\systems\PhysicsSystem.cpp,748,2932540218,6522177,2,
Physics::Step,C:\Users\╨┐╨║\Documents\GitHub\myengine\engine\src\ecs\systems\PhysicsSystem.cpp,748,2950780728,7153924,2,
Physics::Step,C:\Users\╨┐╨║\Documents\GitHub\myengine\engine\src\ecs\systems\PhysicsSystem.cpp,748,2969185984,7142013,2,
Physics::Step,C:\Users\╨┐╨║\Documents\GitHub\myengine\engine\src\ecs\systems\PhysicsSystem.cpp,748,2987925829,7985624,2,
Physics::Step,C:\Users\╨┐╨║\Documents\GitHub\myengine\engine\src\ecs\systems\PhysicsSystem.cpp,748,3007124137,7063809,2,
Physics::Step,C:\Users\╨┐╨║\Documents\GitHub\myengine\engine\src\ecs\systems\PhysicsSystem.cpp,748,3014188056,6855030,2,
Physics::Step,C:\Users\╨┐╨║\Documents\GitHub\myengine\engine\src\ecs\systems\PhysicsSystem.cpp,748,3032592904,7412926,2,
Physics::Step,C:\Users\╨┐╨║\Documents\GitHub\myengine\engine\src\ecs\systems\PhysicsSystem.cpp,748,3051764815,7645314,2,
Physics::Step,C:\Users\╨┐╨║\Documents\GitHub\myengine\engine\src\ecs\systems\PhysicsSystem.cpp,748,3070826749,7153408,2,
Physics::Step,C:\Users\╨┐╨║\Documents\GitHub\myengine\engine\src\ecs\systems\PhysicsSystem.cpp,748,3089647195,6976658,2,
Physics::Step,C:\Users\╨┐╨║\Documents\GitHub\myengine\engine\src\ecs\systems\PhysicsSystem.cpp,748,3096623883,6090174,2,
Physics::Step,C:\Users\╨┐╨║\Documents\GitHub\myengine\engine\src\ecs\systems\PhysicsSystem.cpp,748,3114476392,7287339,2,
Physics::Step,C:\Users\╨┐╨║\Documents\GitHub\myengine\engine\src\ecs\systems\PhysicsSystem.cpp,748,3133436418,7143820,2,
Physics::Step,C:\Users\╨┐╨║\Documents\GitHub\myengine\engine\src\ecs\systems\PhysicsSystem.cpp,748,3152011931,7685450,2,
Physics::Step,C:\Users\╨┐╨║\Documents\GitHub\myengine\engine\src\ecs\systems\PhysicsSystem.cpp,748,3171026452,7278156,2,
Physics::Step,C:\Users\╨┐╨║\Documents\GitHub\myengine\engine\src\ecs\systems\PhysicsSystem.cpp,748,3189866141,6938615,2,
Physics::Step,C:\Users\╨┐╨║\Documents\GitHub\myengine\engine\src\ecs\systems\PhysicsSystem.cpp,748,3196804866,6283352,2,
Physics::Step,C:\Users\╨┐╨║\Documents\GitHub\myengine\engine\src\ecs\systems\PhysicsSystem.cpp,748,3216729380,14227251,2,
Physics::Step,C:\Users\╨┐╨║\Documents\GitHub\myengine\engine\src\ecs\systems\PhysicsSystem.cpp,748,3248692931,7950980,2,
Physics::Step,C:\Users\╨┐╨║\Documents\GitHub\myengine\engine\src\ecs\systems\PhysicsSystem.cpp,748,3256643922,7565732,2,
Physics::Step,C:\Users\╨┐╨║\Documents\GitHub\myengine\engine\src\ecs\systems\PhysicsSystem.cpp,748,3276950282,7285716,2,
Physics::Step,C:\Users\╨┐╨║\Documents\GitHub\myengine\engine\src\ecs\systems\PhysicsSystem.cpp,748,3284236139,6188571,2,
Physics::Step,C:\Users\╨┐╨║\Documents\GitHub\myengine\engine\src\ecs\systems\PhysicsSystem.cpp,748,3304508767,7615427,2,
Physics::Step,C:\Users\╨┐╨║\Documents\GitHub\myengine\engine\src\ecs\systems\PhysicsSystem.cpp,748,3326198027,8503302,2,
Physics::Step,C:\Users\╨┐╨║\Documents\GitHub\myengine\engine\src\ecs\systems\PhysicsSystem.cpp,748,3334701359,7754722,2,
Physics::Step,C:\Users\╨┐╨║\Documents\GitHub\myengine\engine\src\ecs\systems\PhysicsSystem.cpp,748,3355279834,8196002,2,
Physics::Step,C:\Users\╨┐╨║\Documents\GitHub\myengine\engine\src\ecs\systems\PhysicsSystem.cpp,748,3377103094,8308146,2,
Physics::Step,C:\Users\╨┐╨║\Documents\GitHub\myengine\engine\src\ecs\systems\PhysicsSystem.cpp,748,3385411310,7182894,2,
Physics::Step,C:\Users\╨┐╨║\Documents\GitHub\myengine\engine\src\ecs\systems\PhysicsSystem.cpp,748,3405469144,8430684,2,
Physics::Step,C:\Users\╨┐╨║\Documents\GitHub\myengine\engine\src\ecs\systems\PhysicsSystem.cpp,748,3429447000,8198859,2,
Physics::Step,C:\Users\╨┐╨║\Documents\GitHub\myengine\engine\src\ecs\systems\PhysicsSystem.cpp,748,3437645979,6816747,2,
Physics::Step,C:\Users\╨┐╨║\Documents\GitHub\myengine\engine\src\ecs\systems\PhysicsSystem.cpp,748,3456595337,8629097,2,
Physics::Step,C:\Users\╨┐╨║\Documents\GitHub\myengine\engine\src\ecs\systems\PhysicsSystem.cpp,748,3465224554,6708231,2,
Physics::Step,C:\Users\╨┐╨║\Documents\GitHub\myengine\engine\src\ecs\systems\PhysicsSystem.cpp,748,3485253529,8580124,2,
Physics::Step,C:\Users\╨┐╨║\Documents\GitHub\myengine\engine\src\ecs\systems\PhysicsSystem.cpp,748,3509510537,7641777,2,
Physics::Step,C:\Users\╨┐╨║\Documents\GitHub\myengine\engine\src\ecs\systems\PhysicsSystem.cpp,748,3517152445,7859832,2,
Physics::Step,C:\Users\╨┐╨║\Documents\GitHub\myengine\engine\src\ecs\systems\PhysicsSystem.cpp,748,3537597374,7919267,2,
Physics::Step,C:\Users\╨┐╨║\Documents\GitHub\myengine\engine\src\ecs\systems\PhysicsSystem.cpp,748,3557911167,8093648,2,
Physics::Step,C:\Users\╨┐╨║\Documents\GitHub\myengine\engine\src\ecs\systems\PhysicsSystem.cpp,748,3566004935,6509842,2,
Physics::Step,C:\Users\╨┐╨║\Documents\GitHub\myengine\engine\src\ecs\systems\PhysicsSystem.cpp,748,3584418077,7256946,2,
Physics::Step,C:\Users\╨┐╨║\Documents\GitHub\myengine\engine\src\ecs\systems\PhysicsSystem.cpp,748,3603283510,7508005,2,
Physics::Step,C:\Users\╨┐╨║\Documents\GitHub\myengine\engine\src\ecs\systems\PhysicsSystem.cpp,748,3622286315,7888434,2,
Physics::Step,C:\Users\╨┐╨║\Documents\GitHub\myengine\engine\src\ecs\systems\PhysicsSystem.cpp,748,3630174969,6560399,2,
Physics::Step,C:\Users\╨┐╨║\Documents\GitHub\myengine\engine\src\ecs\systems\PhysicsSystem.cpp,748,3648494217,8040152,2,
Physics::Step,C:\Users\╨┐╨║\Documents\GitHub\myengine\engine\src\ecs\systems\PhysicsSystem.cpp,748,3669001927,6882729,2,
Physics::Step,C:\Users\╨┐╨║\Documents\GitHub\myengine\engine\src\ecs\systems\PhysicsSystem.cpp,748,3687933213,7789278,2,
Physics::Step,C:\Users\╨┐╨║\Documents\GitHub\myengine\engine\src\ecs\systems\PhysicsSystem.cpp,748,3707479968,7364736,2,
Physics::Step,C:\Users\╨┐╨║\Documents\GitHub\myengine\engine\src\ecs\systems\PhysicsSystem.cpp,748,3714844804,5887909,2,
Physics::Step,C:\Users\╨┐╨║\Documents\GitHub\myengine\engine\src\ecs\systems\PhysicsSystem.cpp,748,3732929125,6379040,2,
Physics::Step,C:\Users\╨┐╨║\Documents\GitHub\myengine\engine\src\ecs\systems\PhysicsSystem.cpp,748,3751703646,7119209,2,
Physics::Step,C:\Users\╨┐╨║\Documents\GitHub\myengine\engine\src\ecs\systems\PhysicsSystem.cpp,748,3771553123,7093861,2,
Physics::Step,C:\Users\╨┐╨║\Documents\GitHub\myengine\engine\src\ecs\systems\PhysicsSystem.cpp,748,3790719750,6308636,2,
Physics::Step,C:\Users\╨┐╨║\Documents\GitHub\myengine\engine\src\ecs\systems\PhysicsSystem.cpp,748,3797028416,6962354,2,
Physics::Step,C:\Users\╨┐╨║\Documents\GitHub\myengine\engine\src\ecs\systems\PhysicsSystem.cpp,748,3816016188,7324859,2,
Physics::Step,C:\Users\╨┐╨║\Documents\GitHub\myengine\engine\src\ecs\systems\PhysicsSystem.cpp,748,3835098219,6417798,2,
Physics::Step,C:\Users\╨┐╨║\Documents\GitHub\myengine\engine\src\ecs\systems\PhysicsSystem.cpp,748,3853871193,6815314,2,
Physics::Step,C:\Users\╨┐╨║\Documents\GitHub\myengine\engine\src\ecs\systems\PhysicsSystem.cpp,748,3873183035,6964875,2,
Physics::Step,C:\Users\╨┐╨║\Documents\GitHub\myengine\engine\src\ecs\systems\PhysicsSystem.cpp,748,3880147930,7599803,2,
Physics::Step,C:\Users\╨┐╨║\Documents\GitHub\myengine\engine\src\ecs\systems\PhysicsSystem.cpp,748,3899340051,6591563,2,
Physics::Step,C:\Users\╨┐╨║\Documents\GitHub\myengine\engine\src\ecs\systems\PhysicsSystem.cpp,748,3918747086,6783404,2,
Physics::Step,C:\Users\╨┐╨║\Documents\GitHub\myengine\engine\src\ecs\systems\PhysicsSystem.cpp,748,3940520997,7222490,2,
Physics::Step,C:\Users\╨┐╨║\Documents\GitHub\myengine\engine\src\ecs\systems\PhysicsSystem.cpp,748,3947743587,6268113,2,
Physics::Step,C:\Users\╨┐╨║\Documents\GitHub\myengine\engine\src\ecs\systems\PhysicsSystem.cpp,748,3966370285,6712951,2,
Physics::Step,C:\Users\╨┐╨║\Documents\GitHub\myengine\engine\src\ecs\systems\PhysicsSystem.cpp,748,3985500018,7287142,2,
Physics::Step,C:\Users\╨┐╨║\Documents\GitHub\myengine\engine\src\ecs\systems\PhysicsSystem.cpp,748,4006038903,6951989,2,
Physics::Step,C:\Users\╨┐╨║\Documents\GitHub\myengine\engine\src\ecs\systems\PhysicsSystem.cpp,748,4012990982,7203614,2,
Physics::Step,C:\Users\╨┐╨║\Documents\GitHub\myengine\engine\src\ecs\systems\PhysicsSystem.cpp,748,4033401172,7014324,2,
Physics::Step,C:\Users\╨┐╨║\Documents\GitHub\myengine\engine\src\ecs\systems\PhysicsSystem.cpp,748,4052507794,7550239,2,
Physics::Step,C:\Users\╨┐╨║\Documents\GitHub\myengine\engine\src\ecs\systems\PhysicsSystem.cpp,748,4072955301,6477822,2,
Physics::Step,C:\Users\╨┐╨║\Documents\GitHub\myengine\engine\src\ecs\systems\PhysicsSystem.cpp,748,4079433233,6786279,2,
Physics::Step,C:\Users\╨┐╨║\Documents\GitHub\myengine\engine\src\ecs\systems\PhysicsSystem.cpp,748,4099252608,6814112,2,
Physics::Step,C:\Users\╨┐╨║\Documents\GitHub\myengine\engine\src\ecs\systems\PhysicsSystem.cpp,748,4118828378,6735739,2,
Physics::Step,C:\Users\╨┐╨║\Documents\GitHub\myengine\engine\src\ecs\systems\PhysicsSystem.cpp,748,4139230779,6990398,2,
Physics::Step,C:\Users\╨┐╨║\Documents\GitHub\myengine\engine\src\ecs\systems\PhysicsSystem.cpp,748,4146221297,6712398,2,
Physics::Step,C:\Users\╨┐╨║\Documents\GitHub\myengine\engine\src\ecs\systems\PhysicsSystem.cpp,748,4165424053,6566932,2,
Physics::Step,C:\Users\╨┐╨║\Documents\GitHub\myengine\engine\src\ecs\systems\PhysicsSystem.cpp,748,4185299965,6627327,2,
Physics::Step,C:\Users\╨┐╨║\Documents\GitHub\myengine\engine\src\ecs\systems\PhysicsSystem.cpp,748,4204873728,6918761,2,
Physics::Step,C:\Users\╨┐╨║\Documents\GitHub\myengine\engine\src\ecs\systems\PhysicsSystem.cpp,748,4225417732,6681334,2,
Physics::Step,C:\Users\╨┐╨║\Documents\GitHub\myengine\engine\src\ecs\systems\PhysicsSystem.cpp,748,4232099096,6638758,2,
Physics::Step,C:\Users\╨┐╨║\Documents\GitHub\myengine\engine\src\ecs\systems\PhysicsSystem.cpp,748,4251752564,6480313,2,
Physics::Step,C:\Users\╨┐╨║\Documents\GitHub\myengine\engine\src\ecs\systems\PhysicsSystem.cpp,748,4270990988,7967740,2,
Physics::Step,C:\Users\╨┐╨║\Documents\GitHub\myengine\engine\src\ecs\systems\PhysicsSystem.cpp,748,4291179072,6472742,2,
Physics::Step,C:\Users\╨┐╨║\Documents\GitHub\myengine\engine\src\ecs\systems\PhysicsSystem.cpp,748,4297651944,7127549,2,
Physics::Step,C:\Users\╨┐╨║\Documents\GitHub\myengine\engine\src\ecs\systems\PhysicsSystem.cpp,748,4317383315,7129528,2,
Physics::Step,C:\Users\╨┐╨║\Documents\GitHub\myengine\engine\src\ecs\systems\PhysicsSystem.cpp,748,4337424243,6377030,2,
Physics::Step,C:\Users\╨┐╨║\Documents\GitHub\myengine\engine\src\ecs\systems\PhysicsSystem.cpp,748,4357400675,6663217,2,
Physics::Step,C:\Users\╨┐╨║\Documents\GitHub\myengine\engine\src\ecs\systems\PhysicsSystem.cpp,748,4364063922,6522226,2,
Physics::Step,C:\Users\╨┐╨║\Documents\GitHub\myengine\engine\src\ecs\systems\PhysicsSystem.cpp,748,4383395273,7144285,2,
Physics::Step,C:\Users\╨┐╨║\Documents\GitHub\myengine\engine\src\ecs\systems\PhysicsSystem.cpp,748,4403601820,7935010,2,
Physics::Step,C:\Users\╨┐╨║\Documents\GitHub\myengine\engine\src\ecs\systems\PhysicsSystem.cpp,748,4423854710,7256980,2,
Physics::Step,C:\Users\╨┐╨║\Documents\GitHub\myengine\engine\src\ecs\systems\PhysicsSystem.cpp,748,4431111820,6292750,2,
Physics::Step,C:\Users\╨┐╨║\Documents\GitHub\myengine\engine\src\ecs\systems\PhysicsSystem.cpp,748,4451337464,6148034,2,
Physics::Step,C:\Users\╨┐╨║\Documents\GitHub\myengine\engine\src\ecs\systems\PhysicsSystem.cpp,748,4470993462,7462271,2,
Physics::Step,C:\Users\╨┐╨║\Documents\GitHub\myengine\engine\src\ecs\systems\PhysicsSystem.cpp,748,4491433569,6453585,2,
Physics::Step,C:\Users\╨┐╨║\Documents\GitHub\myengine\engine\src\ecs\systems\PhysicsSystem.cpp,748,4497887164,6960611,2,
Physics::Step,C:\Users\╨┐╨║\Documents\GitHub\myengine\engine\src\ecs\systems\PhysicsSystem.cpp,748,4516657337,6584996,2,
Physics::Step,C:\Users\╨┐╨║\Documents\GitHub\myengine\engine\src\ecs\systems\PhysicsSystem.cpp,748,4535579945,6803998,2,
Physics::Step,C:\Users\╨┐╨║\Documents\GitHub\myengine\engine\src\ecs\systems\PhysicsSystem.cpp,748,4554810113,7128285,2,
Physics::Step,C:\Users\╨┐╨║\Documents\GitHub\myengine\engine\src\ecs\systems\PhysicsSystem.cpp,748,4575340197,7233334,2,
Physics::Step,C:\Users\╨┐╨║\Documents\GitHub\myengine\engine\src\ecs\systems\PhysicsSystem.cpp,748,4582573772,7077914,2,
Physics::Step,C:\Users\╨┐╨║\Documents\GitHub\myengine\engine\src\ecs\systems\PhysicsSystem.cpp,748,4601787814,6784120,2,
Physics::Step,C:\Users\╨┐╨║\Documents\GitHub\myengine\engine\src\ecs\systems\PhysicsSystem.cpp,748,4622011905,6964072,2,
Physics::Step,C:\Users\╨┐╨║\Documents\GitHub\myengine\engine\src\ecs\systems\PhysicsSystem.cpp,748,4641756551,6906991,2,
Physics::Step,C:\Users\╨┐╨║\Documents\GitHub\myengine\engine\src\ecs\systems\PhysicsSystem.cpp,748,4648663592,6708951,2,
Physics::Step,C:\Users\╨┐╨║\Documents\GitHub\myengine\engine\src\ecs\systems\PhysicsSystem.cpp,748,4668085099,7167033,2,
Physics::Step,C:\Users\╨┐╨║\Documents\GitHub\myengine\engine\src\ecs\systems\PhysicsSystem.cpp,748,4688676432,7199658,2,
Physics::Step,C:\Users\╨┐╨║\Documents\GitHub\myengine\engine\src\ecs\systems\PhysicsSystem.cpp,748,4708781267,6359661,2,
Physics::Step,C:\Users\╨┐╨║\Documents\GitHub\myengine\engine\src\ecs\systems\PhysicsSystem.cpp,748,4715140948,6544569,2,
Physics::Step,C:\Users\╨┐╨║\Documents\GitHub\myengine\engine\src\ecs\systems\PhysicsSystem.cpp,748,4734282121,6981477,2,
Physics::Step,C:\Users\╨┐╨║\Documents\GitHub\myengine\engine\src\ecs\systems\PhysicsSystem.cpp,748,4754334326,6982727,2,
Physics::Step,C:\Users\╨┐╨║\Documents\GitHub\myengine\engine\src\ecs\systems\PhysicsSystem.cpp,748,4774510113,6582122,2,
Physics::Step,C:\Users\╨┐╨║\Documents\GitHub\myengine\engine\src\ecs\systems\PhysicsSystem.cpp,748,4781092365,6438136,2,
Physics::Step,C:\Users\╨┐╨║\Documents\GitHub\myengine\engine\src\ecs\systems\PhysicsSystem.cpp,748,4800022091,7589693,2,
Physics::Step,C:\Users\╨┐╨║\Documents\GitHub\myengine\engine\src\ecs\systems\PhysicsSystem.cpp,748,4819429952,6359417,2,
Physics::Step,C:\Users\╨┐╨║\Documents\GitHub\myengine\engine\src\ecs\systems\PhysicsSystem.cpp,748,4838007392,6537311,2,
Physics::Step,C:\Users\╨┐╨║\Documents\GitHub\myengine\engine\src\ecs\systems\PhysicsSystem.cpp,748,4856704736,6945634,2,
Physics::Step,C:\Users\╨┐╨║\Documents\GitHub\myengine\engine\src\ecs\systems\PhysicsSystem.cpp,748,4863650390,7009474,2,
Physics::Step,C:\Users\╨┐╨║\Documents\GitHub\myengine\engine\src\ecs\systems\PhysicsSystem.cpp,748,4883502091,6780854,2,
Physics::Step,C:\Users\╨┐╨║\Documents\GitHub\myengine\engine\src\ecs\systems\PhysicsSystem.cpp,748,4903757586,6531484,2,
Physics::Step,C:\Users\╨┐╨║\Documents\GitHub\myengine\engine\src\ecs\systems\PhysicsSystem.cpp,748,4923300951,6830453,2,
Physics::Step,C:\Users\╨┐╨║\Documents\GitHub\myengine\engine\src\ecs\systems\PhysicsSystem.cpp,748,4930131524,6306696,2,
Physics::Step,C:\Users\╨┐╨║\Documents\GitHub\myengine\engine\src\ecs\systems\PhysicsSystem.cpp,748,4949603643,6531744,2,
Physics::Step,C:\Users\╨┐╨║\Documents\GitHub\myengine\engine\src\ecs\systems\PhysicsSystem.cpp,748,4971229798,6902580,2,
Physics::Step,C:\Users\╨┐╨║\Documents\GitHub\myengine\engine\src\ecs\systems\PhysicsSystem.cpp,748,4991380729,6349998,2,
Physics::Step,C:\Users\╨┐╨║\Documents\GitHub\myengine\engine\src\ecs\systems\PhysicsSystem.cpp,748,4997730748,6596227,2,
Physics::Step,C:\Users\╨┐╨║\Documents\GitHub\myengine\engine\src\ecs\systems\PhysicsSystem.cpp,748,5016667646,6596494,2,
Physics::Step,C:\Users\╨┐╨║\Documents\GitHub\myengine\engine\src\ecs\systems\PhysicsSystem.cpp,748,5035093843,6492627,2,
Physics::Step,C:\Users\╨┐╨║\Documents\GitHub\myengine\engine\src\ecs\systems\PhysicsSystem.cpp,748,5053884415,6600081,2,
Physics::Step,C:\Users\╨┐╨║\Documents\GitHub\myengine\engine\src\ecs\systems\PhysicsSystem.cpp,748,5072775468,6950898,2,
Physics::Step,C:\Users\╨┐╨║\Documents\GitHub\myengine\engine\src\ecs\systems\PhysicsSystem.cpp,748,5079726466,6811748,2,
Physics::Step,C:\Users\╨┐╨║\Documents\GitHub\myengine\engine\src\ecs\systems\PhysicsSystem.cpp,748,5098225328,7006518,2,
Physics::Step,C:\Users\╨┐╨║\Documents\GitHub\myengine\engine\src\ecs\systems\PhysicsSystem.cpp,748,5117903059,7620852,2,
Physics::Step,C:\Users\╨┐╨║\Documents\GitHub\myengine\engine\src\ecs\systems\PhysicsSystem.cpp,748,5138124894,6601723,2,
Physics::Step,C:\Users\╨┐╨║\Documents\GitHub\myengine\engine\src\ecs\systems\PhysicsSystem.cpp,748,5156897590,6578480,2,
Physics::Step,C:\Users\╨┐╨║\Documents\GitHub\myengine\engine\src\ecs\systems\PhysicsSystem.cpp,748,5163476280,6432606,2,
Physics::Step,C:\Users\╨┐╨║\Documents\GitHub\myengine\engine\src\ecs\systems\PhysicsSystem.cpp,748,5182552160,6989797,2,
Physics::Step,C:\Users\╨┐╨║\Documents\GitHub\myengine\engine\src\ecs\systems\PhysicsSystem.cpp,748,5201875855,6880544,2,
Physics::Step,C:\Users\╨┐╨║\Documents\GitHub\myengine\engine\src\ecs\systems\PhysicsSystem.cpp,748,5221125971,6782578,2,
Physics::Step,C:\Users\╨┐╨║\Documents\GitHub\myengine\engine\src\ecs\systems\PhysicsSystem.cpp,748,5241483437,6851377,2,
Physics::Step,C:\Users\╨┐╨║\Documents\GitHub\myengine\engine\src\ecs\systems\PhysicsSystem.cpp,748,5248334825,6592670,2,
Physics::Step,C:\Users\╨┐╨║\Documents\GitHub\myengine\engine\src\ecs\systems\PhysicsSystem.cpp,748,5266586045,6448095,2,
Physics::Step,C:\Users\╨┐╨║\Documents\GitHub\myengine\engine\src\ecs\systems\PhysicsSystem.cpp,748,5285559563,7186542,2,
Physics::Step,C:\Users\╨┐╨║\Documents\GitHub\myengine\engine\src\ecs\systems\PhysicsSystem.cpp,748,5305427030,6303200,2,
Physics::Step,C:\Users\╨┐╨║\Documents\GitHub\myengine\engine\src\ecs\systems\PhysicsSystem.cpp,748,5324489085,6827381,2,
Physics::Step,C:\Users\╨┐╨║\Documents\GitHub\myengine\engine\src\ecs\systems\PhysicsSystem.cpp,748,5331316626,7008803,2,
Physics::Step,C:\Users\╨┐╨║\Documents\GitHub\myengine\engine\src\ecs\systems\PhysicsSystem.cpp,748,5350382536,6286764,2,
Physics::Step,C:\Users\╨┐╨║\Documents\GitHub\myengine\engine\src\ecs\systems\PhysicsSystem.cpp,748,5368468392,6970399,2,
Physics::Step,C:\Users\╨┐╨║\Documents\GitHub\myengine\engine\src\ecs\systems\PhysicsSystem.cpp,748,5387701279,6640944,2,
Physics::Step,C:\Users\╨┐╨║\Documents\GitHub\myengine\engine\src\ecs\systems\PhysicsSystem.cpp,748,5406617740,7145960,2,
Physics::Step,C:\Users\╨┐╨║\Documents\GitHub\myengine\engine\src\ecs\systems\PhysicsSystem.cpp,748,5413763770,6561441,2,
Physics::Step,C:\Users\╨┐╨║\Documents\GitHub\myengine\engine\src\ecs\systems\PhysicsSystem.cpp,748,5432387744,6267782,2,
Physics::Step,C:\Users\╨┐╨║\Documents\GitHub\myengine\engine\src\ecs\systems\PhysicsSystem.cpp,748,5451286532,6418629,2,
Physics::Step,C:\Users\╨┐╨║\Documents\GitHub\myengine\engine\src\ecs\systems\PhysicsSystem.cpp,748,5471789717,6771317,2,
Physics::Step,C:\Users\╨┐╨║\Documents\GitHub\myengine\engine\src\ecs\systems\PhysicsSystem.cpp,748,5490905337,7138095,2,
Physics::Step,C:\Users\╨┐╨║\Documents\GitHub\myengine\engine\src\ecs\systems\PhysicsSystem.cpp,748,5498043452,6389855,2,
Physics::Step,C:\Users\╨┐╨║\Documents\GitHub\myengine\engine\src\ecs\systems\PhysicsSystem.cpp,748,5517281401,6695326,2,
Physics::Step,C:\Users\╨┐╨║\Documents\GitHub\myengine\engine\src\ecs\systems\PhysicsSystem.cpp,748,5537464011,6750462,2,
Physics::Step,C:\Users\╨┐╨║\Documents\GitHub\myengine\engine\src\ecs\systems\PhysicsSystem.cpp,748,5558622542,6842701,2,
Physics::Step,C:\Users\╨┐╨║\Documents\GitHub\myengine\engine\src\ecs\systems\PhysicsSystem.cpp,748,5565465333,6666040,2,
Physics::Step,C:\Users\╨┐╨║\Documents\GitHub\myengine\engine\src\ecs\systems\PhysicsSystem.cpp,748,5583949566,6617894,2,
Physics::Step,C:\Users\╨┐╨║\Documents\GitHub\myengine\engine\src\ecs\systems\PhysicsSystem.cpp,748,5602843394,6860946,2,
Physics::Step,C:\Users\╨┐╨║\Documents\GitHub\myengine\engine\src\ecs\systems\PhysicsSystem.cpp,748,5621633463,6368600,2,
Physics::Step,C:\Users\╨┐╨║\Documents\GitHub\myengine\engine\src\ecs\systems\PhysicsSystem.cpp,748,5640410790,6557345,2,
Physics::Step,C:\Users\╨┐╨║\Documents\GitHub\myengine\engine\src\ecs\systems\PhysicsSystem.cpp,748,5646968245,6836394,2,
Physics::Step,C:\Users\╨┐╨║\Documents\GitHub\myengine\engine\src\ecs\systems\PhysicsSystem.cpp,748,5666048578,6575893,2,
Physics::Step,C:\Users\╨┐╨║\Documents\GitHub\myengine\engine\src\ecs\systems\PhysicsSystem.cpp,748,5684612387,7276287,2,
Physics::Step,C:\Users\╨┐╨║\Documents\GitHub\myengine\engine\src\ecs\systems\PhysicsSystem.cpp,748,5703481346,6636971,2,
Physics::Step,C:\Users\╨┐╨║\Documents\GitHub\myengine\engine\src\ecs\systems\PhysicsSystem.cpp,748,5722426973,6531590,2,
Physics::Step,C:\Users\╨┐╨║\Documents\GitHub\myengine\engine\src\ecs\systems\PhysicsSystem.cpp,748,5728958583,6714232,2,
Physics::Step,C:\Users\╨┐╨║\Documents\GitHub\myengine\engine\src\ecs\systems\PhysicsSystem.cpp,748,5747497520,6380112,2,
Physics::Step,C:\Users\╨┐╨║\Documents\GitHub\myengine\engine\src\ecs\systems\PhysicsSystem.cpp,748,5766725654,6454584,2,
Physics::Step,C:\Users\╨┐╨║\Documents\GitHub\myengine\engine\src\ecs\systems\PhysicsSystem.cpp,748,5785618210,6724247,2,
Physics::Step,C:\Users\╨┐╨║\Documents\GitHub\myengine\engine\src\ecs\systems\PhysicsSystem.cpp,748,5804350640,6374942,2,
Physics::Step,C:\Users\╨┐╨║\Documents\GitHub\myengine\engine\src\ecs\systems\PhysicsSystem.cpp,748,5822982419,6286334,2,
Physics::Step,C:\Users\╨┐╨║\Documents\GitHub\myengine\engine\src\ecs\systems\PhysicsSystem.cpp,748,5829268823,6266810,2,
Physics::Step,C:\Users\╨┐╨║\Documents\GitHub\myengine\engine\src\ecs\systems\PhysicsSystem.cpp,748,5847688011,7469061,2,
Physics::Step,C:\Users\╨┐╨║\Documents\GitHub\myengine\engine\src\ecs\systems\PhysicsSystem.cpp,748,5867230895,6948434,2,
Physics::Step,C:\Users\╨┐╨║\Documents\GitHub\myengine\engine\src\ecs\systems\PhysicsSystem.cpp,748,5886853782,6843433,2,
Physics::Step,C:\Users\╨┐╨║\Documents\GitHub\myengine\engine\src\ecs\systems\PhysicsSystem.cpp,748,5905883838,6348462,2,
Physics::Step,C:\Users\╨┐╨║\Documents\GitHub\myengine\engine\src\ecs\systems\PhysicsSystem.cpp,748,5912232330,6907009,2,
Physics::Step,C:\Users\╨┐╨║\Documents\GitHub\myengine\engine\src\ecs\systems\PhysicsSystem.cpp,748,5930863845,6519636,2,
Physics::Step,C:\Users\╨┐╨║\Documents\GitHub\myengine\engine\src\ecs\systems\PhysicsSystem.cpp,748,5949007686,6709106,2,
Physics::Step,C:\Users\╨┐╨║\Documents\GitHub\myengine\engine\src\ecs\systems\PhysicsSystem.cpp,748,5968105712,6927292,2,
Physics::Step,C:\Users\╨┐╨║\Documents\GitHub\myengine\engine\src\ecs\systems\PhysicsSystem.cpp,748,5989061225,7149014,2,
Physics::Step,C:\Users\╨┐╨║\Documents\GitHub\myengine\engine\src\ecs\systems\PhysicsSystem.cpp,748,5996210279,6784125,2,
Physics::Step,C:\Users\╨┐╨║\Documents\GitHub\myengine\engine\src\ecs\systems\PhysicsSystem.cpp,748,6014872732,7094631,2,
Physics::Step,C:\Users\╨┐╨║\Documents\GitHub\myengine\engine\src\ecs\systems\PhysicsSystem.cpp,748,6033622486,6786003,2,
Physics::Step,C:\Users\╨┐╨║\Documents\GitHub\myengine\engine\src\ecs\systems\PhysicsSystem.cpp,748,6052925774,6947850,2,
Physics::Step,C:\Users\╨┐╨║\Documents\GitHub\myengine\engine\src\ecs\systems\PhysicsSystem.cpp,748,6072084396,7215390,2,
Physics::Step,C:\Users\╨┐╨║\Documents\GitHub\myengine\engine\src\ecs\systems\PhysicsSystem.cpp,748,6092031749,6960004,2,
Physics::Step,C:\Users\╨┐╨║\Documents\GitHub\myengine\engine\src\ecs\systems\PhysicsSystem.cpp,748,6098991843,6709684,2,
Physics::Step,C:\Users\╨┐╨║\Documents\GitHub\myengine\engine\src\ecs\systems\PhysicsSystem.cpp,748,6117978804,7285013,2,
Physics::Step,C:\Users\╨┐╨║\Documents\GitHub\myengine\engine\src\ecs\systems\PhysicsSystem.cpp,748,6136754507,6730217,2,
Physics::Step,C:\Users\╨┐╨║\Documents\GitHub\myengine\engine\src\ecs\systems\PhysicsSystem.cpp,748,6155684715,6815549,2,
Physics::Step,C:\Users\╨┐╨║\Documents\GitHub\myengine\engine\src\ecs\systems\PhysicsSystem.cpp,748,6162500364,6548506,2,
Physics::Step,C:\Users\╨┐╨║\Documents\GitHub\myengine\engine\src\ecs\systems\PhysicsSystem.cpp,748,6180583238,6531674,2,
Physics::Step,C:\Users\╨┐╨║\Documents\GitHub\myengine\engine\src\ecs\systems\PhysicsSystem.cpp,748,6199605216,6828544,2,
Physics::Step,C:\Users\╨┐╨║\Documents\GitHub\myengine\engine\src\ecs\systems\PhysicsSystem.cpp,748,6218821728,6873820,2,
Physics::Step,C:\Users\╨┐╨║\Documents\GitHub\myengine\engine\src\ecs\systems\PhysicsSystem.cpp,748,6237919344,7262650,2,
Physics::Step,C:\Users\╨┐╨║\Documents\GitHub\myengine\engine\src\ecs\systems\PhysicsSystem.cpp,748,6257164501,7081030,2,
Physics::Step,C:\Users\╨┐╨║\Documents\GitHub\myengine\engine\src\ecs\systems\PhysicsSystem.cpp,748,6264245561,6658315,2,
Physics::Step,C:\Users\╨┐╨║\Documents\GitHub\myengine\engine\src\ecs\systems\PhysicsSystem.cpp,748,6282560317,7142000,2,
Physics::Step,C:\Users\╨┐╨║\Documents\GitHub\myengine\engine\src\ecs\systems\PhysicsSystem.cpp,748,6302148016,7259834,2,
Physics::Step,C:\Users\╨┐╨║\Documents\GitHub\myengine\engine\src\ecs\systems\PhysicsSystem.cpp,748,6321334400,6818110,2,
Physics::Step,C:\Users\╨┐╨║\Documents\GitHub\myengine\engine\src\ecs\systems\PhysicsSystem.cpp,748,6340361412,6651582,2,
Physics::Step,C:\Users\╨┐╨║\Documents\GitHub\myengine\engine\src\ecs\systems\PhysicsSystem.cpp,748,6347013104,6521095,2,
Physics::Step,C:\Users\╨┐╨║\Documents\GitHub\myengine\engine\src\ecs\systems\PhysicsSystem.cpp,748,6365195939,7023170,2,
Physics::Step,C:\Users\╨┐╨║\Documents\GitHub\myengine\engine\src\ecs\systems\PhysicsSystem.cpp,748,6384528913,9377476,2,
Physics::Step,C:\Users\╨┐╨║\Documents\GitHub\myengine\engine\src\ecs\systems\PhysicsSystem.cpp,748,6405701459,6781274,2,
Physics::Step,C:\Users\╨┐╨║\Documents\GitHub\myengine\engine\src\ecs\systems\PhysicsSystem.cpp,748,6412482833,6885438,2,
Physics::Step,C:\Users\╨┐╨║\Documents\GitHub\myengine\engine\src\ecs\systems\PhysicsSystem.cpp,748,6430977401,6531424,2,
Physics::Step,C:\Users\╨┐╨║\Documents\GitHub\myengine\engine\src\ecs\systems\PhysicsSystem.cpp,748,6449251790,6470608,2,
Physics::Step,C:\Users\╨┐╨║\Documents\GitHub\myengine\engine\src\ecs\systems\PhysicsSystem.cpp,748,6468144391,7289391,2,
Physics::Step,C:\Users\╨┐╨║\Documents\GitHub\myengine\engine\src\ecs\systems\PhysicsSystem.cpp,748,6490868866,6492299,2,
Physics::Step,C:\Users\╨┐╨║\Documents\GitHub\myengine\engine\src\ecs\systems\PhysicsSystem.cpp,748,6497361296,6702850,2,
Physics::Step,C:\Users\╨┐╨║\Documents\GitHub\myengine\engine\src\ecs\systems\PhysicsSystem.cpp,748,6515898731,6806512,2,
Physics::Step,C:\Users\╨┐╨║\Documents\GitHub\myengine\engine\src\ecs\systems\PhysicsSystem.cpp,748,6535209968,6139558,2,
Physics::Step,C:\Users\╨┐╨║\Documents\GitHub\myengine\engine\src\ecs\systems\PhysicsSystem.cpp,748,6554195376,7333996,2,
Physics::Step,C:\Users\╨┐╨║\Documents\GitHub\myengine\engine\src\ecs\systems\PhysicsSystem.cpp,748,6573568005,8036208,2,
Physics::Step,C:\Users\╨┐╨║\Documents\GitHub\myengine\engine\src\ecs\systems\PhysicsSystem.cpp,748,6581604364,7896181,2,
Physics::Step,C:\Users\╨┐╨║\Documents\GitHub\myengine\engine\src\ecs\systems\PhysicsSystem.cpp,748,6601247338,7359414,2,
Physics::Step,C:\Users\╨┐╨║\Documents\GitHub\myengine\engine\src\ecs\systems\PhysicsSystem.cpp,748,6620514396,6757044,2,
Physics::Step,C:\Users\╨┐╨║\Documents\GitHub\myengine\engine\src\ecs\systems\PhysicsSystem.cpp,748,6639489710,6781419,2,
Physics::Step,C:\Users\╨┐╨║\Documents\GitHub\myengine\engine\src\ecs\systems\PhysicsSystem.cpp,748,6646271149,6897381,2,
Physics::Step,C:\Users\╨┐╨║\Documents\GitHub\myengine\engine\src\ecs\systems\PhysicsSystem.cpp,748,6665282982,6523498,2,
Physics::Step,C:\Users\╨┐╨║\Documents\GitHub\myengine\engine\src\ecs\systems\PhysicsSystem.cpp,748,6683603639,7230434,2,
Physics::Step,C:\Users\╨┐╨║\Documents\GitHub\myengine\engine\src\ecs\systems\PhysicsSystem.cpp,748,6703296157,7015566,2,
Physics::Step,C:\Users\╨┐╨║\Documents\GitHub\myengine\engine\src\ecs\systems\PhysicsSystem.cpp,748,6722378123,7077133,2,
Physics::Step,C:\Users\╨┐╨║\Documents\GitHub\myengine\engine\src\ecs\systems\PhysicsSystem.cpp,748,6729455276,6892702,2,
Physics::Step,C:\Users\╨┐╨║\Documents\GitHub\myengine\engine\src\ecs\systems\PhysicsSystem.cpp,748,6748036248,6414592,2,
Physics::Step,C:\Users\╨┐╨║\Documents\GitHub\myengine\engine\src\ecs\systems\PhysicsSystem.cpp,748,6766772667,7534143,2,
Physics::Step,C:\Users\╨┐╨║\Documents\GitHub\myengine\engine\src\ecs\systems\PhysicsSystem.cpp,748,6786422685,7725301,2,
Physics::Step,C:\Users\╨┐╨║\Documents\GitHub\myengine\engine\src\ecs\systems\PhysicsSystem.cpp,748,6806353667,6505980,2,
Physics::Step,C:\Users\╨┐╨║\Documents\GitHub\myengine\engine\src\ecs\systems\PhysicsSystem.cpp,748,6812859667,6567412,2,
Physics::Step,C:\Users\╨┐╨║\Documents\GitHub\myengine\engine\src\ecs\systems\PhysicsSystem.cpp,748,6831247878,6515327,2,
Physics::Step,C:\Users\╨┐╨║\Documents\GitHub\myengine\engine\src\ecs\systems\PhysicsSystem.cpp,748,6849871586,6575899,2,
Physics::Step,C:\Users\╨┐╨║\Documents\GitHub\myengine\engine\src\ecs\systems\PhysicsSystem.cpp,748,6867952202,8387962,2,
Physics::Step,C:\Users\╨┐╨║\Documents\GitHub\myengine\engine\src\ecs\systems\PhysicsSystem.cpp,748,6888374319,7252691,2,
Physics::Step,C:\Users\╨┐╨║\Documents\GitHub\myengine\engine\src\ecs\systems\PhysicsSystem.cpp,748,6908007725,6464641,2,
Physics::Step,C:\Users\╨┐╨║\Documents\GitHub\myengine\engine\src\ecs\systems\PhysicsSystem.cpp,748,6914472386,7008793,2,
Physics::Step,C:\Users\╨┐╨║\Documents\GitHub\myengine\engine\src\ecs\systems\PhysicsSystem.cpp,748,6933180601,6260227,2,
Physics::Step,C:\Users\╨┐╨║\Documents\GitHub\myengine\engine\src\ecs\systems\PhysicsSystem.cpp,748,6951835424,6575878,2,
Physics::Step,C:\Users\╨┐╨║\Documents\GitHub\myengine\engine\src\ecs\systems\PhysicsSystem.cpp,748,6971109010,6736805,2,
Physics::Step,C:\Users\╨┐╨║\Documents\GitHub\myengine\engine\src\ecs\systems\PhysicsSystem.cpp,748,6992639217,6864588,2,
Physics::Step,C:\Users\╨┐╨║\Documents\GitHub\myengine\engine\src\ecs\systems\PhysicsSystem.cpp,748,6999503925,6189383,2,
Physics::Step,C:\Users\╨┐╨║\Documents\GitHub\myengine\engine\src\ecs\systems\PhysicsSystem.cpp,748,7018276707,7575472,2,
Physics::Step,C:\Users\╨┐╨║\Documents\GitHub\myengine\engine\src\ecs\systems\PhysicsSystem.cpp,748,7038734382,7464360,2,
Physics::Step,C:\Users\╨┐╨║\Documents\GitHub\myengine\engine\src\ecs\systems\PhysicsSystem.cpp,748,7058906770,7345944,2,
Physics::Step,C:\Users\╨┐╨║\Documents\GitHub\myengine\engine\src\ecs\systems\PhysicsSystem.cpp,748,7066252844,6464386,2,
Physics::Step,C:\Users\╨┐╨║\Documents\GitHub\myengine\engine\src\ecs\systems\PhysicsSystem.cpp,748,7085679306,7179818,2,
Physics::Step,C:\Users\╨┐╨║\Documents\GitHub\myengine\engine\src\ecs\systems\PhysicsSystem.cpp,748,7105955676,7615848,2,
Physics::Step,C:\Users\╨┐╨║\Documents\GitHub\myengine\engine\src\ecs\systems\PhysicsSystem.cpp,748,7113571655,6414541,2,
Physics::Step,C:\Users\╨┐╨║\Documents\GitHub\myengine\engine\src\ecs\systems\PhysicsSystem.cpp,748,7133470396,6799243,2,
Physics::Step,C:\Users\╨┐╨║\Documents\GitHub\myengine\engine\src\ecs\systems\PhysicsSystem.cpp,748,7153208461,6489925,2,
Physics::Step,C:\Users\╨┐╨║\Documents\GitHub\myengine\engine\src\ecs\systems\PhysicsSystem.cpp,748,7172346463,6565549,2,
Physics::Step,C:\Users\╨┐╨║\Documents\GitHub\myengine\engine\src\ecs\systems\PhysicsSystem.cpp,748,7178912122,6237965,2,
Physics::Step,C:\Users\╨┐╨║\Documents\GitHub\myengine\engine\src\ecs\systems\PhysicsSystem.cpp,748,7198435018,7406805,2,
Physics::Step,C:\Users\╨┐╨║\Documents\GitHub\myengine\engine\src\ecs\systems\PhysicsSystem.cpp,748,7218830244,7328331,2,
Physics::Step,C:\Users\╨┐╨║\Documents\GitHub\myengine\engine\src\ecs\systems\PhysicsSystem.cpp,748,7238768260,7308513,2,
Physics::Step,C:\Users\╨┐╨║\Documents\GitHub\myengine\engine\src\ecs\systems\PhysicsSystem.cpp,748,7258460312,7238050,2,
Physics::Step,C:\Users\╨┐╨║\Documents\GitHub\myengine\engine\src\ecs\systems\PhysicsSystem.cpp,748,7265698532,6680367,2,
Physics::Step,C:\Users\╨┐╨║\Documents\GitHub\myengine\engine\src\ecs\systems\PhysicsSystem.cpp,748,7285388621,7839394,2,
Physics::Step,C:\Users\╨┐╨║\Documents\GitHub\myengine\engine\src\ecs\systems\PhysicsSystem.cpp,748,7306043161,7497092,2,
Physics::Step,C:\Users\╨┐╨║\Documents\GitHub\myengine\engine\src\ecs\systems\PhysicsSystem.cpp,748,7313540373,6236923,2,
Physics::Step,C:\Users\╨┐╨║\Documents\GitHub\myengine\engine\src\ecs\systems\PhysicsSystem.cpp,748,7333088336,6466551,2,
Physics::Step,C:\Users\╨┐╨║\Documents\GitHub\myengine\engine\src\ecs\systems\PhysicsSystem.cpp,748,7351953701,6817001,2,
Physics::Step,C:\Users\╨┐╨║\Documents\GitHub\myengine\engine\src\ecs\systems\PhysicsSystem.cpp,748,7371776572,6615564,2,
Physics::Step,C:\Users\╨┐╨║\Documents\GitHub\myengine\engine\src\ecs\systems\PhysicsSystem.cpp,748,7391493296,7128541,2,
Physics::Step,C:\Users\╨┐╨║\Documents\GitHub\myengine\engine\src\ecs\systems\PhysicsSystem.cpp,748,7398621937,6553967,2,
Physics::Step,C:\Users\╨┐╨║\Documents\GitHub\myengine\engine\src\ecs\systems\PhysicsSystem.cpp,748,7418489949,6585367,2,
Physics::Step,C:\Users\╨┐╨║\Documents\GitHub\myengine\engine\src\ecs\systems\PhysicsSystem.cpp,748,7437854760,6813785,2,
Physics::Step,C:\Users\╨┐╨║\Documents\GitHub\myengine\engine\src\ecs\systems\PhysicsSystem.cpp,748,7457302382,6902955,2,
Physics::Step,C:\Users\╨┐╨║\Documents\GitHub\myengine\engine\src\ecs\systems\PhysicsSystem.cpp,748,7464205377,6792331,2,
Physics::Step,C:\Users\╨┐╨║\Documents\GitHub\myengine\engine\src\ecs\systems\PhysicsSystem.cpp,748,7484307581,7495108,2,
Physics::Step,C:\Users\╨┐╨║\Documents\GitHub\myengine\engine\src\ecs\systems\PhysicsSystem.cpp,748,7506738372,7492955,2,
Physics::Step,C:\Users\╨┐╨║\Documents\GitHub\myengine\engine\src\ecs\systems\PhysicsSystem.cpp,748,7514231357,6276278,2,
Physics::Step,C:\Users\╨┐╨║\Documents\GitHub\myengine\engine\src\ecs\systems\PhysicsSystem.cpp,748,7533161685,6813941,2,
Physics::Step,C:\Users\╨┐╨║\Documents\GitHub\myengine\engine\src\ecs\systems\PhysicsSystem.cpp,748,7552674661,7116362,2,
Physics::Step,C:\Users\╨┐╨║\Documents\GitHub\myengine\engine\src\ecs\systems\PhysicsSystem.cpp,748,7572487899,8274522,2,
Physics::Step,C:\Users\╨┐╨║\Documents\GitHub\myengine\engine\src\ecs\systems\PhysicsSystem.cpp,748,7580762902,7666825,2,
Physics::Step,C:\Users\╨┐╨║\Documents\GitHub\myengine\engine\src\ecs\systems\PhysicsSystem.cpp,748,7601083376,7776084,2,
Physics::Step,C:\Users\╨┐╨║\Documents\GitHub\myengine\engine\src\ecs\systems\PhysicsSystem.cpp,748,7620935429,7314999,2,
Physics::Step,C:\Users\╨┐╨║\Documents\GitHub\myengine\engine\src\ecs\systems\PhysicsSystem.cpp,748,7640440871,6982682,2,
Physics::Step,C:\Users\╨┐╨║\Documents\GitHub\myengine\engine\src\ecs\systems\PhysicsSystem.cpp,748,7647423644,6908772,2,
Physics::Step,C:\Users\╨┐╨║\Documents\GitHub\myengine\engine\src\ecs\systems\PhysicsSystem.cpp,748,7666397461,8456141,2,
Physics::Step,C:\Users\╨┐╨║\Documents\GitHub\myengine\engine\src\ecs\systems\PhysicsSystem.cpp,748,7686670748,8251553,2,
Physics::Step,C:\Users\╨┐╨║\Documents\GitHub\myengine\engine\src\ecs\systems\PhysicsSystem.cpp,748,7706712391,7713785,2,
Physics::Step,C:\Users\╨┐╨║\Documents\GitHub\myengine\engine\src\ecs\systems\PhysicsSystem.cpp,748,7714426506,6757394,2,
Physics::Step,C:\Users\╨┐╨║\Documents\GitHub\myengine\engine\src\ecs\systems\PhysicsSystem.cpp,748,7733434592,6984606,2,
Physics::Step,C:\Users\╨┐╨║\Documents\GitHub\myengine\engine\src\ecs\systems\PhysicsSystem.cpp,748,7753043311,7305647,2,
Physics::Step,C:\Users\╨┐╨║\Documents\GitHub\myengine\engine\src\ecs\systems\PhysicsSystem.cpp,748,7772153210,6954329,2,
Physics::Step,C:\Users\╨┐╨║\Documents\GitHub\myengine\engine\src\ecs\systems\PhysicsSystem.cpp,748,7790859652,7061222,2,
Physics::Step,C:\Users\╨┐╨║\Documents\GitHub\myengine\engine\src\ecs\systems\PhysicsSystem.cpp,748,7797921204,6459397,2,
Physics::Step,C:\Users\╨┐╨║\Documents\GitHub\myengine\engine\src\ecs\systems\PhysicsSystem.cpp,748,7816412657,6533842,2,
Physics::Step,C:\Users\╨┐╨║\Documents\GitHub\myengine\engine\src\ecs\systems\PhysicsSystem.cpp,748,7834776791,6988584,2,
Physics::Step,C:\Users\╨┐╨║\Documents\GitHub\myengine\engine\src\ecs\systems\PhysicsSystem.cpp,748,7853874096,6464847,2,
Physics::Step,C:\Users\╨┐╨║\Documents\GitHub\myengine\engine\src\ecs\systems\PhysicsSystem.cpp,748,7872366780,6305244,2,
Physics::Step,C:\Users\╨┐╨║\Documents\GitHub\myengine\engine\src\ecs\systems\PhysicsSystem.cpp,748,7878672054,6491317,2,
Physics::Step,C:\Users\╨┐╨║\Documents\GitHub\myengine\engine\src\ecs\systems\PhysicsSystem.cpp,748,7897513387,8093492,2,
Physics::Step,C:\Users\╨┐╨║\Documents\GitHub\myengine\engine\src\ecs\systems\PhysicsSystem.cpp,748,7917460100,6850596,2,
Physics::Step,C:\Users\╨┐╨║\Documents\GitHub\myengine\engine\src\ecs\systems\PhysicsSystem.cpp,748,7936579788,6907183,2,
Physics::Step,C:\Users\╨┐╨║\Documents\GitHub\myengine\engine\src\ecs\systems\PhysicsSystem.cpp,748,7955712611,6594458,2,
Physics::Step,C:\Users\╨┐╨║\Documents\GitHub\myengine\engine\src\ecs\systems\PhysicsSystem.cpp,748,7962307119,6786048,2,
Physics::Step,C:\Users\╨┐╨║\Documents\GitHub\myengine\engine\src\ecs\systems\PhysicsSystem.cpp,748,7980868961,7086164,2,
Physics::Step,C:\Users\╨┐╨║\Documents\GitHub\myengine\engine\src\ecs\systems\PhysicsSystem.cpp,748,8000484372,6499357,2,
Physics::Step,C:\Users\╨┐╨║\Documents\GitHub\myengine\engine\src\ecs\systems\PhysicsSystem.cpp,748,8021828434,7007951,2,
Physics::Step,C:\Users\╨┐╨║\Documents\GitHub\myengine\engine\src\ecs\systems\PhysicsSystem.cpp,748,8041324589,7140754,2,
Physics::Step,C:\Users\╨┐╨║\Documents\GitHub\myengine\engine\src\ecs\systems\PhysicsSystem.cpp,748,8048465463,6403009,2,
Physics::Step,C:\Users\╨┐╨║\Documents\GitHub\myengine\engine\src\ecs\systems\PhysicsSystem.cpp,748,8067546818,7723934,2,
Physics::Step,C:\Users\╨┐╨║\Documents\GitHub\myengine\engine\src\ecs\systems\PhysicsSystem.cpp,748,8087645400,7511790,2,
Physics::Step,C:\Users\╨┐╨║\Documents\GitHub\myengine\engine\src\ecs\systems\PhysicsSystem.cpp,748,8110866439,10216348,2,
Physics::Step,C:\Users\╨┐╨║\Documents\GitHub\myengine\engine\src\ecs\systems\PhysicsSystem.cpp,748,8121082948,8720591,2,
Physics::Step,C:\Users\╨┐╨║\Documents\GitHub\myengine\engine\src\ecs\systems\PhysicsSystem.cpp,748,8144269053,7534022,2,
Physics::Step,C:\Users\╨┐╨║\Documents\GitHub\myengine\engine\src\ecs\systems\PhysicsSystem.cpp,748,8151803185,6376429,2,
Physics::Step,C:\Users\╨┐╨║\Documents\GitHub\myengine\engine\src\ecs\systems\PhysicsSystem.cpp,748,8171131530,6755741,2,
Physics::Step,C:\Users\╨┐╨║\Documents\GitHub\myengine\engine\src\ecs\systems\PhysicsSystem.cpp,748,8191043788,6787111,2,
Physics::Step,C:\Users\╨┐╨║\Documents\GitHub\myengine\engine\src\ecs\systems\PhysicsSystem.cpp,748,8197830989,6675388,2,
Physics::Step,C:\Users\╨┐╨║\Documents\GitHub\myengine\engine\src\ecs\systems\PhysicsSystem.cpp,748,8220031091,7498580,2,
Physics::Step,C:\Users\╨┐╨║\Documents\GitHub\myengine\engine\src\ecs\systems\PhysicsSystem.cpp,748,8239544333,7076541,2,
Physics::Step,C:\Users\╨┐╨║\Documents\GitHub\myengine\engine\src\ecs\systems\PhysicsSystem.cpp,748,8246620944,6955061,2,
Physics::Step,C:\Users\╨┐╨║\Documents\GitHub\myengine\engine\src\ecs\systems\PhysicsSystem.cpp,748,8266038949,7560824,2,
Physics::Step,C:\Users\╨┐╨║\Documents\GitHub\myengine\engine\src\ecs\systems\PhysicsSystem.cpp,748,8285723011,7608094,2,
Physics::Step,C:\Users\╨┐╨║\Documents\GitHub\myengine\engine\src\ecs\systems\PhysicsSystem.cpp,748,8305766745,8089530,2,
Physics::Step,C:\Users\╨┐╨║\Documents\GitHub\myengine\engine\src\ecs\systems\PhysicsSystem.cpp,748,8313856365,6548036,2,
Physics::Step,C:\Users\╨┐╨║\Documents\GitHub\myengine\engine\src\ecs\systems\PhysicsSystem.cpp,748,8332783837,6814413,2,
Physics::Step,C:\Users\╨┐╨║\Documents\GitHub\myengine\engine\src\ecs\systems\PhysicsSystem.cpp,748,8352261065,7029452,2,
Physics::Step,C:\Users\╨┐╨║\Documents\GitHub\myengine\engine\src\ecs\systems\PhysicsSystem.cpp,748,8371875996,7294466,2,
Physics::Step,C:\Users\╨┐╨║\Documents\GitHub\myengine\engine\src\ecs\systems\PhysicsSystem.cpp,748,8391540522,7044080,2,
Physics::Step,C:\Users\╨┐╨║\Documents\GitHub\myengine\engine\src\ecs\systems\PhysicsSystem.cpp,748,8398584692,7389517,2,
Physics::Step,C:\Users\╨┐╨║\Documents\GitHub\myengine\engine\src\ecs\systems\PhysicsSystem.cpp,748,8419025094,6882507,2,
Physics::Step,C:\Users\╨┐╨║\Documents\GitHub\myengine\engine\src\ecs\systems\PhysicsSystem.cpp,748,8438197216,6561311,2,
Physics::Step,C:\Users\╨┐╨║\Documents\GitHub\myengine\engine\src\ecs\systems\PhysicsSystem.cpp,748,8457160212,7469213,2,
Physics::Step,C:\Users\╨┐╨║\Documents\GitHub\myengine\engine\src\ecs\systems\PhysicsSystem.cpp,748,8464629515,6277100,2,
Physics::Step,C:\Users\╨┐╨║\Documents\GitHub\myengine\engine\src\ecs\systems\PhysicsSystem.cpp,748,8483853060,6618800,2,
Physics::Step,C:\Users\╨┐╨║\Documents\GitHub\myengine\engine\src\ecs\systems\PhysicsSystem.cpp,748,8503575883,7508879,2,
Physics::Step,C:\Users\╨┐╨║\Documents\GitHub\myengine\engine\src\ecs\systems\PhysicsSystem.cpp,748,8525656281,7069759,2,
Physics::Step,C:\Users\╨┐╨║\Documents\GitHub\myengine\engine\src\ecs\systems\PhysicsSystem.cpp,748,8532726060,7324103,2,
Physics::Step,C:\Users\╨┐╨║\Documents\GitHub\myengine\engine\src\ecs\systems\PhysicsSystem.cpp,748,8552039415,7111795,2,
Physics::Step,C:\Users\╨┐╨║\Documents\GitHub\myengine\engine\src\ecs\systems\PhysicsSystem.cpp,748,8571449492,7048899,2,
Physics::Step,C:\Users\╨┐╨║\Documents\GitHub\myengine\engine\src\ecs\systems\PhysicsSystem.cpp,748,8590901433,7117800,2,
Physics::Step,C:\Users\╨┐╨║\Documents\GitHub\myengine\engine\src\ecs\systems\PhysicsSystem.cpp,748,8598019324,6730442,2,
Physics::Step,C:\Users\╨┐╨║\Documents\GitHub\myengine\engine\src\ecs\systems\PhysicsSystem.cpp,748,8617331768,7049400,2,
Physics::Step,C:\Users\╨┐╨║\Documents\GitHub\myengine\engine\src\ecs\systems\PhysicsSystem.cpp,748,8637029126,6511336,2,
Physics::Step,C:\Users\╨┐╨║\Documents\GitHub\myengine\engine\src\ecs\systems\PhysicsSystem.cpp,748,8655649994,7096610,2,
Physics::Step,C:\Users\╨┐╨║\Documents\GitHub\myengine\engine\src\ecs\systems\PhysicsSystem.cpp,748,8662746634,6512308,2,
Physics::Step,C:\Users\╨┐╨║\Documents\GitHub\myengine\engine\src\ecs\systems\PhysicsSystem.cpp,748,8681677383,6420843,2,
Physics::Step,C:\Users\╨┐╨║\Documents\GitHub\myengine\engine\src\ecs\systems\PhysicsSystem.cpp,748,8700849560,6630332,2,
Physics::Step,C:\Users\╨┐╨║\Documents\GitHub\myengine\engine\src\ecs\systems\PhysicsSystem.cpp,748,8719621996,6418099,2,
Physics::Step,C:\Users\╨┐╨║\Documents\GitHub\myengine\engine\src\ecs\systems\PhysicsSystem.cpp,748,8738757234,6679095,2,
Physics::Step,C:\Users\╨┐╨║\Documents\GitHub\myengine\engine\src\ecs\systems\PhysicsSystem.cpp,748,8757029690,6912574,2,
Physics::Step,C:\Users\╨┐╨║\Documents\GitHub\myengine\engine\src\ecs\systems\PhysicsSystem.cpp,748,8763942384,6805075,2,
Physics::Step,C:\Users\╨┐╨║\Documents\GitHub\myengine\engine\src\ecs\systems\PhysicsSystem.cpp,748,8783913774,7784403,2,
Physics::Step,C:\Users\╨┐╨║\Documents\GitHub\myengine\engine\src\ecs\systems\PhysicsSystem.cpp,748,8806227402,9179485,2,
Physics::Step,C:\Users\╨┐╨║\Documents\GitHub\myengine\engine\src\ecs\systems\PhysicsSystem.cpp,748,8815406937,6836695,2,
Physics::Step,C:\Users\╨┐╨║\Documents\GitHub\myengine\engine\src\ecs\systems\PhysicsSystem.cpp,748,8836240688,7667346,2,
Physics::Step,C:\Users\╨┐╨║\Documents\GitHub\myengine\engine\src\ecs\systems\PhysicsSystem.cpp,748,8857290671,7031095,2,
Physics::Step,C:\Users\╨┐╨║\Documents\GitHub\myengine\engine\src\ecs\systems\PhysicsSystem.cpp,748,8864321796,6833609,2,
Physics::Step,C:\Users\╨┐╨║\Documents\GitHub\myengine\engine\src\ecs\systems\PhysicsSystem.cpp,748,8884604778,6891099,2,
Physics::Step,C:\Users\╨┐╨║\Documents\GitHub\myengine\engine\src\ecs\systems\PhysicsSystem.cpp,748,8905176460,8786106,2,
Physics::Step,C:\Users\╨┐╨║\Documents\GitHub\myengine\engine\src\ecs\systems\PhysicsSystem.cpp,748,8927457702,9882143,2,
Physics::Step,C:\Users\╨┐╨║\Documents\GitHub\myengine\engine\src\ecs\systems\PhysicsSystem.cpp,748,8937339865,9422417,2,
Physics::Step,C:\Users\╨┐╨║\Documents\GitHub\myengine\engine\src\ecs\systems\PhysicsSystem.cpp,748,8964023072,11362483,2,
Physics::Step,C:\Users\╨┐╨║\Documents\GitHub\myengine\engine\src\ecs\systems\PhysicsSystem.cpp,748,8975385676,10135945,2,
Physics::Step,C:\Users\╨┐╨║\Documents\GitHub\myengine\engine\src\ecs\systems\PhysicsSystem.cpp,748,9003369385,10345908,2,
Physics::Step,C:\Users\╨┐╨║\Documents\GitHub\myengine\engine\src\ecs\systems\PhysicsSystem.cpp,748,9013715424,10529915,2,
Physics::Step,C:\Users\╨┐╨║\Documents\GitHub\myengine\engine\src\ecs\systems\PhysicsSystem.cpp,748,9043797320,7820458,2,
Physics::Step,C:\Users\╨┐╨║\Documents\GitHub\myengine\engine\src\ecs\systems\PhysicsSystem.cpp,748,9051617898,9492657,2,
Physics::Step,C:\Users\╨┐╨║\Documents\GitHub\myengine\engine\src\ecs\systems\PhysicsSystem.cpp,748,9061110695,8520090,2,
Physics::Step,C:\Users\╨┐╨║\Documents\GitHub\myengine\engine\src\ecs\systems\PhysicsSystem.cpp,748,9084355387,8070504,2,
Physics::Step,C:\Users\╨┐╨║\Documents\GitHub\myengine\engine\src\ecs\systems\PhysicsSystem.cpp,748,9092426001,8593159,2,
Physics::Step,C:\Users\╨┐╨║\Documents\GitHub\myengine\engine\src\ecs\systems\PhysicsSystem.cpp,748,9116578860,7811661,2,
Physics::Step,C:\Users\╨┐╨║\Documents\GitHub\myengine\engine\src\ecs\systems\PhysicsSystem.cpp,748,9124390592,8159322,2,
Physics::Step,C:\Users\╨┐╨║\Documents\GitHub\myengine\engine\src\ecs\systems\PhysicsSystem.cpp,748,9148711635,10009966,2,
Physics::Step,C:\Users\╨┐╨║\Documents\GitHub\myengine\engine\src\ecs\systems\PhysicsSystem.cpp,748,9158721801,9304630,2,
Physics::Step,C:\Users\╨┐╨║\Documents\GitHub\myengine\engine\src\ecs\systems\PhysicsSystem.cpp,748,9186101630,10206460,2,
Physics::Step,C:\Users\╨┐╨║\Documents\GitHub\myengine\engine\src\ecs\systems\PhysicsSystem.cpp,748,9196308260,10916512,2,
Physics::Step,C:\Users\╨┐╨║\Documents\GitHub\myengine\engine\src\ecs\systems\PhysicsSystem.cpp,748,9227187856,9137445,2,
Physics::Step,C:\Users\╨┐╨║\Documents\GitHub\myengine\engine\src\ecs\systems\PhysicsSystem.cpp,748,9236325461,9575343,2,
Physics::Step,C:\Users\╨┐╨║\Documents\GitHub\myengine\engine\src\ecs\systems\PhysicsSystem.cpp,748,9245900944,9636355,2,
Physics::Step,C:\Users\╨┐╨║\Documents\GitHub\myengine\engine\src\ecs\systems\PhysicsSystem.cpp,748,9271479608,9613622,2,
Physics::Step,C:\Users\╨┐╨║\Documents\GitHub\myengine\engine\src\ecs\systems\PhysicsSystem.cpp,748,9281094101,7917042,2,
Physics::Step,C:\Users\╨┐╨║\Documents\GitHub\myengine\engine\src\ecs\systems\PhysicsSystem.cpp,748,9306103832,9906339,2,
Physics::Step,C:\Users\╨┐╨║\Documents\GitHub\myengine\engine\src\ecs\systems\PhysicsSystem.cpp,748,9316010551,8866089,2,
Physics::Step,C:\Users\╨┐╨║\Documents\GitHub\myengine\engine\src\ecs\systems\PhysicsSystem.cpp,748,9324876980,9302780,2,
Physics::Step,C:\Users\╨┐╨║\Documents\GitHub\myengine\engine\src\ecs\systems\PhysicsSystem.cpp,748,9349991511,9064475,2,
Physics::Step,C:\Users\╨┐╨║\Documents\GitHub\myengine\engine\src\ecs\systems\PhysicsSystem.cpp,748,9359056107,7746667,2,
Physics::Step,C:\Users\╨┐╨║\Documents\GitHub\myengine\engine\src\ecs\systems\PhysicsSystem.cpp,748,9381873853,10596573,2,
Physics::Step,C:\Users\╨┐╨║\Documents\GitHub\myengine\engine\src\ecs\systems\PhysicsSystem.cpp,748,9392470556,8586586,2,
Physics::Step,C:\Users\╨┐╨║\Documents\GitHub\myengine\engine\src\ecs\systems\PhysicsSystem.cpp,748,9415206095,8605772,2,
Physics::Step,C:\Users\╨┐╨║\Documents\GitHub\myengine\engine\src\ecs\systems\PhysicsSystem.cpp,748,9423811887,7976735,2,
Physics::Step,C:\Users\╨┐╨║\Documents\GitHub\myengine\engine\src\ecs\systems\PhysicsSystem.cpp,748,9443818874,6357002,2,
Physics::Step,C:\Users\╨┐╨║\Documents\GitHub\myengine\engine\src\ecs\systems\PhysicsSystem.cpp,748,9450175986,6135450,2,
Physics::Step,C:\Users\╨┐╨║\Documents\GitHub\myengine\engine\src\ecs\systems\PhysicsSystem.cpp,748,9468870073,7252015,2,
Physics::Step,C:\Users\╨┐╨║\Documents\GitHub\myengine\engine\src\ecs\systems\PhysicsSystem.cpp,748,9490314487,7693782,2,
Physics::Step,C:\Users\╨┐╨║\Documents\GitHub\myengine\engine\src\ecs\systems\PhysicsSystem.cpp,748,9498008369,6462112,2,
Physics::Step,C:\Users\╨┐╨║\Documents\GitHub\myengine\engine\src\ecs\systems\PhysicsSystem.cpp,748,9518092268,7723503,2,
Physics::Step,C:\Users\╨┐╨║\Documents\GitHub\myengine\engine\src\ecs\systems\PhysicsSystem.cpp,748,9540301096,7564401,2,
Physics::Step,C:\Users\╨┐╨║\Documents\GitHub\myengine\engine\src\ecs\systems\PhysicsSystem.cpp,748,9547865527,7121888,2,
Physics::Step,C:\Users\╨┐╨║\Documents\GitHub\myengine\engine\src\ecs\systems\PhysicsSystem.cpp,748,9567678153,7867958,2,
Physics::Step,C:\Users\╨┐╨║\Documents\GitHub\myengine\engine\src\ecs\systems\PhysicsSystem.cpp,748,9590518434,8459484,2,
Physics::Step,C:\Users\╨┐╨║\Documents\GitHub\myengine\engine\src\ecs\systems\PhysicsSystem.cpp,748,9598978048,10524445,2,
Physics::Step,C:\Users\╨┐╨║\Documents\GitHub\myengine\engine\src\ecs\systems\PhysicsSystem.cpp,748,9625568620,9263678,2,
Physics::Step,C:\Users\╨┐╨║\Documents\GitHub\myengine\engine\src\ecs\systems\PhysicsSystem.cpp,748,9634832448,7754202,2,
Physics::Step,C:\Users\╨┐╨║\Documents\GitHub\myengine\engine\src\ecs\systems\PhysicsSystem.cpp,748,9658672432,8279672,2,
Physics::Step,C:\Users\╨┐╨║\Documents\GitHub\myengine\engine\src\ecs\systems\PhysicsSystem.cpp,748,9666952224,7497934,2,
Physics::Step,C:\Users\╨┐╨║\Documents\GitHub\myengine\engine\src\ecs\systems\PhysicsSystem.cpp,748,9687481586,8119086,2,
Physics::Step,C:\Users\╨┐╨║\Documents\GitHub\myengine\engine\src\ecs\systems\PhysicsSystem.cpp,748,9708158700,7566314,2,
Physics::Step,C:\Users\╨┐╨║\Documents\GitHub\myengine\engine\src\ecs\systems\PhysicsSystem.cpp,748,9715725134,7264740,2,
Physics::Step,C:\Users\╨┐╨║\Documents\GitHub\myengine\engine\src\ecs\systems\PhysicsSystem.cpp,748,9737764761,8892729,2,
Physics::Step,C:\Users\╨┐╨║\Documents\GitHub\myengine\engine\src\ecs\systems\PhysicsSystem.cpp,748,9760223054,7118001,2,
Physics::Step,C:\Users\╨┐╨║\Documents\GitHub\myengine\engine\src\ecs\systems\PhysicsSystem.cpp,748,9767341165,6321494,2,
Physics::Step,C:\Users\╨┐╨║\Documents\GitHub\myengine\engine\src\ecs\systems\PhysicsSystem.cpp,748,9786998146,9650121,2,
Physics::Step,C:\Users\╨┐╨║\Documents\GitHub\myengine\engine\src\ecs\systems\PhysicsSystem.cpp,748,9808562877,6783845,2,
Physics::Step,C:\Users\╨┐╨║\Documents\GitHub\myengine\engine\src\ecs\systems\PhysicsSystem.cpp,748,9815346992,8134596,2,
Physics::Step,C:\Users\╨┐╨║\Documents\GitHub\myengine\engine\src\ecs\systems\PhysicsSystem.cpp,748,9836782779,7554983,2,
Physics::Step,C:\Users\╨┐╨║\Documents\GitHub\myengine\engine\src\ecs\systems\PhysicsSystem.cpp,748,9857189975,8141739,2,
Physics::Step,C:\Users\╨┐╨║\Documents\GitHub\myengine\engine\src\ecs\systems\PhysicsSystem.cpp,748,9865331854,6542605,2,
Physics::Step,C:\Users\╨┐╨║\Documents\GitHub\myengine\engine\src\ecs\systems\PhysicsSystem.cpp,748,9884825043,6835473,2,
Physics::Step,C:\Users\╨┐╨║\Documents\GitHub\myengine\engine\src\ecs\systems\PhysicsSystem.cpp,748,9904459430,11082488,2,
Physics::Step,C:\Users\╨┐╨║\Documents\GitHub\myengine\engine\src\ecs\systems\PhysicsSystem.cpp,748,9930847906,7241666,2,
Physics::Step,C:\Users\╨┐╨║\Documents\GitHub\myengine\engine\src\ecs\systems\PhysicsSystem.cpp,748,9938089592,9034019,2,
Physics::Step,C:\Users\╨┐╨║\Documents\GitHub\myengine\engine\src\ecs\systems\PhysicsSystem.cpp,748,9959841921,7008512,2,
Physics::Step,C:\Users\╨┐╨║\Documents\GitHub\myengine\engine\src\ecs\systems\PhysicsSystem.cpp,748,9966850473,6217847,2,
Physics::Step,C:\Users\╨┐╨║\Documents\GitHub\myengine\engine\src\ecs\systems\PhysicsSystem.cpp,748,9986326279,6918241,2,
Physics::Step,C:\Users\╨┐╨║\Documents\GitHub\myengine\engine\src\ecs\systems\PhysicsSystem.cpp,748,10005986086,6830172,2,
Physics::Step,C:\Users\╨┐╨║\Documents\GitHub\myengine\engine\src\ecs\systems\PhysicsSystem.cpp,748,10012816368,6563445,2,
Physics::Step,C:\Users\╨┐╨║\Documents\GitHub\myengine\engine\src\ecs\systems\PhysicsSystem.cpp,748,10032356126,8873714,2,
Physics::Step,C:\Users\╨┐╨║\Documents\GitHub\myengine\engine\src\ecs\systems\PhysicsSystem.cpp,748,10056581825,7688697,2,
Physics::Step,C:\Users\╨┐╨║\Documents\GitHub\myengine\engine\src\ecs\systems\PhysicsSystem.cpp,748,10064270642,6225522,2,
Physics::Step,C:\Users\╨┐╨║\Documents\GitHub\myengine\engine\src\ecs\systems\PhysicsSystem.cpp,748,10082751895,6581689,2,
Physics::Step,C:\Users\╨┐╨║\Documents\GitHub\myengine\engine\src\ecs\systems\PhysicsSystem.cpp,748,10102082444,6878435,2,
Physics::Step,C:\Users\╨┐╨║\Documents\GitHub\myengine\engine\src\ecs\systems\PhysicsSystem.cpp,748,10122024693,6720073,2,
Physics::Step,C:\Users\╨┐╨║\Documents\GitHub\myengine\engine\src\ecs\systems\PhysicsSystem.cpp,748,10141012248,7145213,2,
Physics::Step,C:\Users\╨┐╨║\Documents\GitHub\myengine\engine\src\ecs\systems\PhysicsSystem.cpp,748,10148157481,6121684,2,
Physics::Step,C:\Users\╨┐╨║\Documents\GitHub\myengine\engine\src\ecs\systems\PhysicsSystem.cpp,748,10167555599,6669587,2,
Physics::Step,C:\Users\╨┐╨║\Documents\GitHub\myengine\engine\src\ecs\systems\PhysicsSystem.cpp,748,10186535600,6870780,2,
Physics::Step,C:\Users\╨┐╨║\Documents\GitHub\myengine\engine\src\ecs\systems\PhysicsSystem.cpp,748,10205436251,6982643,2,
Physics::Step,C:\Users\╨┐╨║\Documents\GitHub\myengine\engine\src\ecs\systems\PhysicsSystem.cpp,748,10224811776,6841595,2,
Physics::Step,C:\Users\╨┐╨║\Documents\GitHub\myengine\engine\src\ecs\systems\PhysicsSystem.cpp,748,10231653441,6189382,2,
Physics::Step,C:\Users\╨┐╨║\Documents\GitHub\myengine\engine\src\ecs\systems\PhysicsSystem.cpp,748,10251647985,7469310,2,
Physics::Step,C:\Users\╨┐╨║\Documents\GitHub\myengine\engine\src\ecs\systems\PhysicsSystem.cpp,748,10271191841,7381722,2,
Physics::Step,C:\Users\╨┐╨║\Documents\GitHub\myengine\engine\src\ecs\systems\PhysicsSystem.cpp,748,10290913405,6827667,2,
Physics::Step,C:\Users\╨┐╨║\Documents\GitHub\myengine\engine\src\ecs\systems\PhysicsSystem.cpp,748,10297741473,6396928,2,
Physics::Step,C:\Users\╨┐╨║\Documents\GitHub\myengine\engine\src\ecs\systems\PhysicsSystem.cpp,748,10315634125,7040152,2,
Physics::Step,C:\Users\╨┐╨║\Documents\GitHub\myengine\engine\src\ecs\systems\PhysicsSystem.cpp,748,10335348714,7195418,2,
Physics::Step,C:\Users\╨┐╨║\Documents\GitHub\myengine\engine\src\ecs\systems\PhysicsSystem.cpp,748,10354496857,6542374,2,
Physics::Step,C:\Users\╨┐╨║\Documents\GitHub\myengine\engine\src\ecs\systems\PhysicsSystem.cpp,748,10373453765,7071271,2,
Physics::Step,C:\Users\╨┐╨║\Documents\GitHub\myengine\engine\src\ecs\systems\PhysicsSystem.cpp,748,10380525146,7055311,2,
Physics::Step,C:\Users\╨┐╨║\Documents\GitHub\myengine\engine\src\ecs\systems\PhysicsSystem.cpp,748,10399343491,6729270,2,
Physics::Step,C:\Users\╨┐╨║\Documents\GitHub\myengine\engine\src\ecs\systems\PhysicsSystem.cpp,748,10418527521,7611250,2,
Physics::Step,C:\Users\╨┐╨║\Documents\GitHub\myengine\engine\src\ecs\systems\PhysicsSystem.cpp,748,10437773380,7611691,2,
Physics::Step,C:\Users\╨┐╨║\Documents\GitHub\myengine\engine\src\ecs\systems\PhysicsSystem.cpp,748,10458099535,7362777,2,
Physics::Step,C:\Users\╨┐╨║\Documents\GitHub\myengine\engine\src\ecs\systems\PhysicsSystem.cpp,748,10465462402,6456661,2,
Physics::Step,C:\Users\╨┐╨║\Documents\GitHub\myengine\engine\src\ecs\systems\PhysicsSystem.cpp,748,10488254240,6731936,2,
Physics::Step,C:\Users\╨┐╨║\Documents\GitHub\myengine\engine\src\ecs\systems\PhysicsSystem.cpp,748,10508246279,6694725,2,
Physics::Step,C:\Users\╨┐╨║\Documents\GitHub\myengine\engine\src\ecs\systems\PhysicsSystem.cpp,748,10514941104,7213284,2,
Physics::Step,C:\Users\╨┐╨║\Documents\GitHub\myengine\engine\src\ecs\systems\PhysicsSystem.cpp,748,10535116898,8626041,2,
Physics::Step,C:\Users\╨┐╨║\Documents\GitHub\myengine\engine\src\ecs\systems\PhysicsSystem.cpp,748,10564855712,7856927,2,
Physics::Step,C:\Users\╨┐╨║\Documents\GitHub\myengine\engine\src\ecs\systems\PhysicsSystem.cpp,748,10572712729,7309314,2,
Physics::Step,C:\Users\╨┐╨║\Documents\GitHub\myengine\engine\src\ecs\systems\PhysicsSystem.cpp,748,10594668917,7593105,2,
Physics::Step,C:\Users\╨┐╨║\Documents\GitHub\myengine\engine\src\ecs\systems\PhysicsSystem.cpp,748,10602262042,6954393,2,
Physics::Step,C:\Users\╨┐╨║\Documents\GitHub\myengine\engine\src\ecs\systems\PhysicsSystem.cpp,748,10624681311,8206833,2,
Physics::Step,C:\Users\╨┐╨║\Documents\GitHub\myengine\engine\src\ecs\systems\PhysicsSystem.cpp,748,10632888174,6437385,2,
Physics::Step,C:\Users\╨┐╨║\Documents\GitHub\myengine\engine\src\ecs\systems\PhysicsSystem.cpp,748,10652781625,7471133,2,
Physics::Step,C:\Users\╨┐╨║\Documents\GitHub\myengine\engine\src\ecs\systems\PhysicsSystem.cpp,748,10674068619,7025845,2,
Physics::Step,C:\Users\╨┐╨║\Documents\GitHub\myengine\engine\src\ecs\systems\PhysicsSystem.cpp,748,10681094574,6165257,2,
Physics::Step,C:\Users\╨┐╨║\Documents\GitHub\myengine\engine\src\ecs\systems\PhysicsSystem.cpp,748,10701179169,7785421,2,
Physics::Step,C:\Users\╨┐╨║\Documents\GitHub\myengine\engine\src\ecs\systems\PhysicsSystem.cpp,748,10721766330,7319665,2,
Physics::Step,C:\Users\╨┐╨║\Documents\GitHub\myengine\engine\src\ecs\systems\PhysicsSystem.cpp,748,10741614095,7901707,2,
Physics::Step,C:\Users\╨┐╨║\Documents\GitHub\myengine\engine\src\ecs\systems\PhysicsSystem.cpp,748,10749515892,6562913,2,
Physics::Step,C:\Users\╨┐╨║\Documents\GitHub\myengine\engine\src\ecs\systems\PhysicsSystem.cpp,748,10769643584,6982858,2,
Physics::Step,C:\Users\╨┐╨║\Documents\GitHub\myengine\engine\src\ecs\systems\PhysicsSystem.cpp,748,10789595210,6788243,2,
Physics::Step,C:\Users\╨┐╨║\Documents\GitHub\myengine\engine\src\ecs\systems\PhysicsSystem.cpp,748,10796383563,6493091,2,
Physics::Step,C:\Users\╨┐╨║\Documents\GitHub\myengine\engine\src\ecs\systems\PhysicsSystem.cpp,748,10816502940,7335339,2,
Physics::Step,C:\Users\╨┐╨║\Documents\GitHub\myengine\engine\src\ecs\systems\PhysicsSystem.cpp,748,10837709916,6878184,2,
Physics::Step,C:\Users\╨┐╨║\Documents\GitHub\myengine\engine\src\ecs\systems\PhysicsSystem.cpp,748,10858132239,7441321,2,
Physics::Step,C:\Users\╨┐╨║\Documents\GitHub\myengine\engine\src\ecs\systems\PhysicsSystem.cpp,748,10865573680,7120846,2,
Physics::Step,C:\Users\╨┐╨║\Documents\GitHub\myengine\engine\src\ecs\systems\PhysicsSystem.cpp,748,10885740271,6924261,2,
Physics::Step,C:\Users\╨┐╨║\Documents\GitHub\myengine\engine\src\ecs\systems\PhysicsSystem.cpp,748,10904861618,8667109,2,
Physics::Step,C:\Users\╨┐╨║\Documents\GitHub\myengine\engine\src\ecs\systems\PhysicsSystem.cpp,748,10926929388,8322698,2,
Physics::Step,C:\Users\╨┐╨║\Documents\GitHub\myengine\engine\src\ecs\systems\PhysicsSystem.cpp,748,10935252146,6359777,2,
Physics::Step,C:\Users\╨┐╨║\Documents\GitHub\myengine\engine\src\ecs\systems\PhysicsSystem.cpp,748,10954596281,7939795,2,
Physics::Step,C:\Users\╨┐╨║\Documents\GitHub\myengine\engine\src\ecs\systems\PhysicsSystem.cpp,748,10975912030,6747024,2,
Physics::Step,C:\Users\╨┐╨║\Documents\GitHub\myengine\engine\src\ecs\systems\PhysicsSystem.cpp,748,10982659164,6325071,2,
Physics::Step,C:\Users\╨┐╨║\Documents\GitHub\myengine\engine\src\ecs\systems\PhysicsSystem.cpp,748,11001984774,6926296,2,
Physics::Step,C:\Users\╨┐╨║\Documents\GitHub\myengine\engine\src\ecs\systems\PhysicsSystem.cpp,748,11022599999,7177444,2,
Physics::Step,C:\Users\╨┐╨║\Documents\GitHub\myengine\engine\src\ecs\systems\PhysicsSystem.cpp,748,11029777754,6943979,2,
Physics::Step,C:\Users\╨┐╨║\Documents\GitHub\myengine\engine\src\ecs\systems\PhysicsSystem.cpp,748,11048954115,8409153,2,
Physics::Step,C:\Users\╨┐╨║\Documents\GitHub\myengine\engine\src\ecs\systems\PhysicsSystem.cpp,748,11072014405,7624409,2,
Physics::Step,C:\Users\╨┐╨║\Documents\GitHub\myengine\engine\src\ecs\systems\PhysicsSystem.cpp,748,11092242893,7211769,2,
Physics::Step,C:\Users\╨┐╨║\Documents\GitHub\myengine\engine\src\ecs\systems\PhysicsSystem.cpp,748,11099454742,6153575,2,
Physics::Step,C:\Users\╨┐╨║\Documents\GitHub\myengine\engine\src\ecs\systems\PhysicsSystem.cpp,748,11117987583,6982553,2,
Physics::Step,C:\Users\╨┐╨║\Documents\GitHub\myengine\engine\src\ecs\systems\PhysicsSystem.cpp,748,11137634986,7423802,2,
Physics::Step,C:\Users\╨┐╨║\Documents\GitHub\myengine\engine\src\ecs\systems\PhysicsSystem.cpp,748,11156921732,8103331,2,
Physics::Step,C:\Users\╨┐╨║\Documents\GitHub\myengine\engine\src\ecs\systems\PhysicsSystem.cpp,748,11165025113,6065987,2,
Physics::Step,C:\Users\╨┐╨║\Documents\GitHub\myengine\engine\src\ecs\systems\PhysicsSystem.cpp,748,11183643512,7147807,2,
Physics::Step,C:\Users\╨┐╨║\Documents\GitHub\myengine\engine\src\ecs\systems\PhysicsSystem.cpp,748,11203033014,7182708,2,
Physics::Step,C:\Users\╨┐╨║\Documents\GitHub\myengine\engine\src\ecs\systems\PhysicsSystem.cpp,748,11222612667,7743882,2,
Physics::Step,C:\Users\╨┐╨║\Documents\GitHub\myengine\engine\src\ecs\systems\PhysicsSystem.cpp,748,11230357170,6639550,2,
Physics::Step,C:\Users\╨┐╨║\Documents\GitHub\myengine\engine\src\ecs\systems\PhysicsSystem.cpp,748,11249531993,7105797,2,
Physics::Step,C:\Users\╨┐╨║\Documents\GitHub\myengine\engine\src\ecs\systems\PhysicsSystem.cpp,748,11268868304,6533191,2,
Physics::Step,C:\Users\╨┐╨║\Documents\GitHub\myengine\engine\src\ecs\systems\PhysicsSystem.cpp,748,11287926765,6972343,2,
Physics::Step,C:\Users\╨┐╨║\Documents\GitHub\myengine\engine\src\ecs\systems\PhysicsSystem.cpp,748,11307501419,7044886,2,
Physics::Step,C:\Users\╨┐╨║\Documents\GitHub\myengine\engine\src\ecs\systems\PhysicsSystem.cpp,748,11314546365,6929121,2,
Physics::Step,C:\Users\╨┐╨║\Documents\GitHub\myengine\engine\src\ecs\systems\PhysicsSystem.cpp,748,11334079616,6786624,2,
Physics::Step,C:\Users\╨┐╨║\Documents\GitHub\myengine\engine\src\ecs\systems\PhysicsSystem.cpp,748,11353026634,6302488,2,
Physics::Step,C:\Users\╨┐╨║\Documents\GitHub\myengine\engine\src\ecs\systems\PhysicsSystem.cpp,748,11371729456,7365083,2,
Physics::Step,C:\Users\╨┐╨║\Documents\GitHub\myengine\engine\src\ecs\systems\PhysicsSystem.cpp,748,11390948315,6328357,2,
Physics::Step,C:\Users\╨┐╨║\Documents\GitHub\myengine\engine\src\ecs\systems\PhysicsSystem.cpp,748,11397276782,6519692,2,
Physics::Step,C:\Users\╨┐╨║\Documents\GitHub\myengine\engine\src\ecs\systems\PhysicsSystem.cpp,748,11415604260,6806910,2,
Physics::Step,C:\Users\╨┐╨║\Documents\GitHub\myengine\engine\src\ecs\systems\PhysicsSystem.cpp,748,11434936573,6820947,2,
Physics::Step,C:\Users\╨┐╨║\Documents\GitHub\myengine\engine\src\ecs\systems\PhysicsSystem.cpp,748,11453815112,6839682,2,
Physics::Step,C:\Users\╨┐╨║\Documents\GitHub\myengine\engine\src\ecs\systems\PhysicsSystem.cpp,748,11472898020,6432758,2,
Physics::Step,C:\Users\╨┐╨║\Documents\GitHub\myengine\engine\src\ecs\systems\PhysicsSystem.cpp,748,11479330818,6518249,2,
Physics::Step,C:\Users\╨┐╨║\Documents\GitHub\myengine\engine\src\ecs\systems\PhysicsSystem.cpp,748,11497607881,6837748,2,
Physics::Step,C:\Users\╨┐╨║\Documents\GitHub\myengine\engine\src\ecs\systems\PhysicsSystem.cpp,748,11517674721,7245826,2,
Physics::Step,C:\Users\╨┐╨║\Documents\GitHub\myengine\engine\src\ecs\systems\PhysicsSystem.cpp,748,11537053322,6806349,2,
Physics::Step,C:\Users\╨┐╨║\Documents\GitHub\myengine\engine\src\ecs\systems\PhysicsSystem.cpp,748,11556051218,6823582,2,
Physics::Step,C:\Users\╨┐╨║\Documents\GitHub\myengine\engine\src\ecs\systems\PhysicsSystem.cpp,748,11562874840,6944179,2,
Physics::Step,C:\Users\╨┐╨║\Documents\GitHub\myengine\engine\src\ecs\systems\PhysicsSystem.cpp,748,11583339538,6487030,2,
Physics::Step,C:\Users\╨┐╨║\Documents\GitHub\myengine\engine\src\ecs\systems\PhysicsSystem.cpp,748,11601634605,7763531,2,
Physics::Step,C:\Users\╨┐╨║\Documents\GitHub\myengine\engine\src\ecs\systems\PhysicsSystem.cpp,748,11621127052,6834653,2,
Physics::Step,C:\Users\╨┐╨║\Documents\GitHub\myengine\engine\src\ecs\systems\PhysicsSystem.cpp,748,11640714302,7291696,2,
Physics::Step,C:\Users\╨┐╨║\Documents\GitHub\myengine\engine\src\ecs\systems\PhysicsSystem.cpp,748,11648006098,6683533,2,
Physics::Step,C:\Users\╨┐╨║\Documents\GitHub\myengine\engine\src\ecs\systems\PhysicsSystem.cpp,748,11666904127,7233733,2,
Physics::Step,C:\Users\╨┐╨║\Documents\GitHub\myengine\engine\src\ecs\systems\PhysicsSystem.cpp,748,11686738095,7367367,2,
Physics::Step,C:\Users\╨┐╨║\Documents\GitHub\myengine\engine\src\ecs\systems\PhysicsSystem.cpp,748,11706252164,6887724,2,
Physics::Step,C:\Users\╨┐╨║\Documents\GitHub\myengine\engine\src\ecs\systems\PhysicsSystem.cpp,748,11713139918,6768986,2,
Physics::Step,C:\Users\╨┐╨║\Documents\GitHub\myengine\engine\src\ecs\systems\PhysicsSystem.cpp,748,11733027678,7462346,2,
Physics::Step,C:\Users\╨┐╨║\Documents\GitHub\myengine\engine\src\ecs\systems\PhysicsSystem.cpp,748,11751922737,7181062,2,
Physics::Step,C:\Users\╨┐╨║\Documents\GitHub\myengine\engine\src\ecs\systems\PhysicsSystem.cpp,748,11770933848,6715566,2,
Physics::Step,C:\Users\╨┐╨║\Documents\GitHub\myengine\engine\src\ecs\systems\PhysicsSystem.cpp,748,11790010767,6735431,2,
Physics::Step,C:\Users\╨┐╨║\Documents\GitHub\myengine\engine\src\ecs\systems\PhysicsSystem.cpp,748,11796746309,6854458,2,
Physics::Step,C:\Users\╨┐╨║\Documents\GitHub\myengine\engine\src\ecs\systems\PhysicsSystem.cpp,748,11815277494,6746936,2,
Physics::Step,C:\Users\╨┐╨║\Documents\GitHub\myengine\engine\src\ecs\systems\PhysicsSystem.cpp,748,11833842869,7574249,2,
Physics::Step,C:\Users\╨┐╨║\Documents\GitHub\myengine\engine\src\ecs\systems\PhysicsSystem.cpp,748,11853632532,7110437,2,
Physics::Step,C:\Users\╨┐╨║\Documents\GitHub\myengine\engine\src\ecs\systems\PhysicsSystem.cpp,748,11872523243,7612193,2,
Physics::Step,C:\Users\╨┐╨║\Documents\GitHub\myengine\engine\src\ecs\systems\PhysicsSystem.cpp,748,11880135516,6137564,2,
Physics::Step,C:\Users\╨┐╨║\Documents\GitHub\myengine\engine\src\ecs\systems\PhysicsSystem.cpp,748,11898568767,7239071,2,
Physics::Step,C:\Users\╨┐╨║\Documents\GitHub\myengine\engine\src\ecs\systems\PhysicsSystem.cpp,748,11918504859,6333698,2,
Physics::Step,C:\Users\╨┐╨║\Documents\GitHub\myengine\engine\src\ecs\systems\PhysicsSystem.cpp,748,11937385562,7709501,2,
Physics::Step,C:\Users\╨┐╨║\Documents\GitHub\myengine\engine\src\ecs\systems\PhysicsSystem.cpp,748,11957088470,7564295,2,
Physics::Step,C:\Users\╨┐╨║\Documents\GitHub\myengine\engine\src\ecs\systems\PhysicsSystem.cpp,748,11964652805,6073282,2,
Physics::Step,C:\Users\╨┐╨║\Documents\GitHub\myengine\engine\src\ecs\systems\PhysicsSystem.cpp,748,11983230545,7356496,2,
Physics::Step,C:\Users\╨┐╨║\Documents\GitHub\myengine\engine\src\ecs\systems\PhysicsSystem.cpp,748,12002419174,7531460,2,
Physics::Step,C:\Users\╨┐╨║\Documents\GitHub\myengine\engine\src\ecs\systems\PhysicsSystem.cpp,748,12022211132,7154021,2,
Physics::Step,C:\Users\╨┐╨║\Documents\GitHub\myengine\engine\src\ecs\systems\PhysicsSystem.cpp,748,12041078389,6681261,2,
Physics::Step,C:\Users\╨┐╨║\Documents\GitHub\myengine\engine\src\ecs\systems\PhysicsSystem.cpp,748,12047759670,6931145,2,
Physics::Step,C:\Users\╨┐╨║\Documents\GitHub\myengine\engine\src\ecs\systems\PhysicsSystem.cpp,748,12066228888,6857577,2,
Physics::Step,C:\Users\╨┐╨║\Documents\GitHub\myengine\engine\src\ecs\systems\PhysicsSystem.cpp,748,12087368884,6868365,2,
Physics::Step,C:\Users\╨┐╨║\Documents\GitHub\myengine\engine\src\ecs\systems\PhysicsSystem.cpp,748,12106390073,6345782,2,
Physics::Step,C:\Users\╨┐╨║\Documents\GitHub\myengine\engine\src\ecs\systems\PhysicsSystem.cpp,748,12112735885,7110817,2,
Physics::Step,C:\Users\╨┐╨║\Documents\GitHub\myengine\engine\src\ecs\systems\PhysicsSystem.cpp,748,12131714665,6411816,2,
Physics::Step,C:\Users\╨┐╨║\Documents\GitHub\myengine\engine\src\ecs\systems\PhysicsSystem.cpp,748,12150664948,7202163,2,
Physics::Step,C:\Users\╨┐╨║\Documents\GitHub\myengine\engine\src\ecs\systems\PhysicsSystem.cpp,748,12169832778,6989047,2,
Physics::Step,C:\Users\╨┐╨║\Documents\GitHub\myengine\engine\src\ecs\systems\PhysicsSystem.cpp,748,12189063239,6622026,2,
Physics::Step,C:\Users\╨┐╨║\Documents\GitHub\myengine\engine\src\ecs\systems\PhysicsSystem.cpp,748,12195685395,6556151,2,
Physics::Step,C:\Users\╨┐╨║\Documents\GitHub\myengine\engine\src\ecs\systems\PhysicsSystem.cpp,748,12213992095,6780028,2,
Physics::Step,C:\Users\╨┐╨║\Documents\GitHub\myengine\engine\src\ecs\systems\PhysicsSystem.cpp,748,12233303286,7731821,2,
Physics::Step,C:\Users\╨┐╨║\Documents\GitHub\myengine\engine\src\ecs\systems\PhysicsSystem.cpp,748,12253003640,6868727,2,
Physics::Step,C:\Users\╨┐╨║\Documents\GitHub\myengine\engine\src\ecs\systems\PhysicsSystem.cpp,748,12272216747,6464681,2,
Physics::Step,C:\Users\╨┐╨║\Documents\GitHub\myengine\engine\src\ecs\systems\PhysicsSystem.cpp,748,12290811865,7062767,2,
Physics::Step,C:\Users\╨┐╨║\Documents\GitHub\myengine\engine\src\ecs\systems\PhysicsSystem.cpp,748,12297874662,6621345,2,
Physics::Step,C:\Users\╨┐╨║\Documents\GitHub\myengine\engine\src\ecs\systems\PhysicsSystem.cpp,748,12316115505,7171113,2,
Physics::Step,C:\Users\╨┐╨║\Documents\GitHub\myengine\engine\src\ecs\systems\PhysicsSystem.cpp,748,12335792265,7050132,2,
Physics::Step,C:\Users\╨┐╨║\Documents\GitHub\myengine\engine\src\ecs\systems\PhysicsSystem.cpp,748,12355126159,7012035,2,
Physics::Step,C:\Users\╨┐╨║\Documents\GitHub\myengine\engine\src\ecs\systems\PhysicsSystem.cpp,748,12374363351,6526400,2,
Physics::Step,C:\Users\╨┐╨║\Documents\GitHub\myengine\engine\src\ecs\systems\PhysicsSystem.cpp,748,12380889791,6694104,2,
Physics::Step,C:\Users\╨┐╨║\Documents\GitHub\myengine\engine\src\ecs\systems\PhysicsSystem.cpp,748,12399536132,6653378,2,
Physics::Step,C:\Users\╨┐╨║\Documents\GitHub\myengine\engine\src\ecs\systems\PhysicsSystem.cpp,748,12418463344,6793374,2,
Physics::Step,C:\Users\╨┐╨║\Documents\GitHub\myengine\engine\src\ecs\systems\PhysicsSystem.cpp,748,12437678614,6976052,2,
Physics::Step,C:\Users\╨┐╨║\Documents\GitHub\myengine\engine\src\ecs\systems\PhysicsSystem.cpp,748,12457240072,6751960,2,
Physics::Step,C:\Users\╨┐╨║\Documents\GitHub\myengine\engine\src\ecs\systems\PhysicsSystem.cpp,748,12463992062,6186548,2,
Physics::Step,C:\Users\╨┐╨║\Documents\GitHub\myengine\engine\src\ecs\systems\PhysicsSystem.cpp,748,12481850764,6962376,2,
Physics::Step,C:\Users\╨┐╨║\Documents\GitHub\myengine\engine\src\ecs\systems\PhysicsSystem.cpp,748,12501500290,7466586,2,
Physics::Step,C:\Users\╨┐╨║\Documents\GitHub\myengine\engine\src\ecs\systems\PhysicsSystem.cpp,748,12520966077,7020787,2,
Physics::Step,C:\Users\╨┐╨║\Documents\GitHub\myengine\engine\src\ecs\systems\PhysicsSystem.cpp,748,12540300125,6983695,2,
Physics::Step,C:\Users\╨┐╨║\Documents\GitHub\myengine\engine\src\ecs\systems\PhysicsSystem.cpp,748,12547283840,6470397,2,
Physics::Step,C:\Users\╨┐╨║\Documents\GitHub\myengine\engine\src\ecs\systems\PhysicsSystem.cpp,748,12566032610,7446838,2,
Physics::Step,C:\Users\╨┐╨║\Documents\GitHub\myengine\engine\src\ecs\systems\PhysicsSystem.cpp,748,12586702228,6945114,2,
Physics::Step,C:\Users\╨┐╨║\Documents\GitHub\myengine\engine\src\ecs\systems\PhysicsSystem.cpp,748,12605980168,6937859,2,
Physics::Step,C:\Users\╨┐╨║\Documents\GitHub\myengine\engine\src\ecs\systems\PhysicsSystem.cpp,748,12612918057,6666220,2,
Physics::Step,C:\Users\╨┐╨║\Documents\GitHub\myengine\engine\src\ecs\systems\PhysicsSystem.cpp,748,12631268739,6876874,2,
Physics::Step,C:\Users\╨┐╨║\Documents\GitHub\myengine\engine\src\ecs\systems\PhysicsSystem.cpp,748,12650594239,6917350,2,
Physics::Step,C:\Users\╨┐╨║\Documents\GitHub\myengine\engine\src\ecs\systems\PhysicsSystem.cpp,748,12669908097,7020096,2,
Physics::Step,C:\Users\╨┐╨║\Documents\GitHub\myengine\engine\src\ecs\systems\PhysicsSystem.cpp,748,12688936581,6612480,2,
Physics::Step,C:\Users\╨┐╨║\Documents\GitHub\myengine\engine\src\ecs\systems\PhysicsSystem.cpp,748,12695549372,6602679,2,
Physics::Step,C:\Users\╨┐╨║\Documents\GitHub\myengine\engine\src\ecs\systems\PhysicsSystem.cpp,748,12713769305,6540503,2,
Physics::Step,C:\Users\╨┐╨║\Documents\GitHub\myengine\engine\src\ecs\systems\PhysicsSystem.cpp,748,12732546881,7027090,2,
Physics::Step,C:\Users\╨┐╨║\Documents\GitHub\myengine\engine\src\ecs\systems\PhysicsSystem.cpp,748,12751740871,7194798,2,
Physics::Step,C:\Users\╨┐╨║\Documents\GitHub\myengine\engine\src\ecs\systems\PhysicsSystem.cpp,748,12771268085,7048971,2,
Physics::Step,C:\Users\╨┐╨║\Documents\GitHub\myengine\engine\src\ecs\systems\PhysicsSystem.cpp,748,12790702712,6358336,2,
Physics::Step,C:\Users\╨┐╨║\Documents\GitHub\myengine\engine\src\ecs\systems\PhysicsSystem.cpp,748,12797061088,6773796,2,
Physics::Step,C:\Users\╨┐╨║\Documents\GitHub\myengine\engine\src\ecs\systems\PhysicsSystem.cpp,748,12815772397,6978938,2,
Physics::Step,C:\Users\╨┐╨║\Documents\GitHub\myengine\engine\src\ecs\systems\PhysicsSystem.cpp,748,12834226027,6563246,2,
Physics::Step,C:\Users\╨┐╨║\Documents\GitHub\myengine\engine\src\ecs\systems\PhysicsSystem.cpp,748,12853118683,6850733,2,
Physics::Step,C:\Users\╨┐╨║\Documents\GitHub\myengine\engine\src\ecs\systems\PhysicsSystem.cpp,748,12872177376,6709243,2,
Physics::Step,C:\Users\╨┐╨║\Documents\GitHub\myengine\engine\src\ecs\systems\PhysicsSystem.cpp,748,12891524527,6971743,2,
Physics::Step,C:\Users\╨┐╨║\Documents\GitHub\myengine\engine\src\ecs\systems\PhysicsSystem.cpp,748,12898496380,6911858,2,
Physics::Step,C:\Users\╨┐╨║\Documents\GitHub\myengine\engine\src\ecs\systems\PhysicsSystem.cpp,748,12917196489,6806518,2,
Physics::Step,C:\Users\╨┐╨║\Documents\GitHub\myengine\engine\src\ecs\systems\PhysicsSystem.cpp,748,12936242747,6739490,2,
Physics::Step,C:\Users\╨┐╨║\Documents\GitHub\myengine\engine\src\ecs\systems\PhysicsSystem.cpp,748,12955364228,7179578,2,
Physics::Step,C:\Users\╨┐╨║\Documents\GitHub\myengine\engine\src\ecs\systems\PhysicsSystem.cpp,748,12974870803,6261300,2,
Physics::Step,C:\Users\╨┐╨║\Documents\GitHub\myengine\engine\src\ecs\systems\PhysicsSystem.cpp,748,12981132133,6380206,2,
Physics::Step,C:\Users\╨┐╨║\Documents\GitHub\myengine\engine\src\ecs\systems\PhysicsSystem.cpp,748,12999571966,6760520,2,
Physics::Step,C:\Users\╨┐╨║\Documents\GitHub\myengine\engine\src\ecs\systems\PhysicsSystem.cpp,748,13018581914,7641919,2,
Physics::Step,C:\Users\╨┐╨║\Documents\GitHub\myengine\engine\src\ecs\systems\PhysicsSystem.cpp,748,13038125470,6347604,2,
Physics::Step,C:\Users\╨┐╨║\Documents\GitHub\myengine\engine\src\ecs\systems\PhysicsSystem.cpp,748,13057317504,6836968,2,
Physics::Step,C:\Users\╨┐╨║\Documents\GitHub\myengine\engine\src\ecs\systems\PhysicsSystem.cpp,748,13064154502,6616666,2,
Physics::Step,C:\Users\╨┐╨║\Documents\GitHub\myengine\engine\src\ecs\systems\PhysicsSystem.cpp,748,13082609552,7199418,2,
Physics::Step,C:\Users\╨┐╨║\Documents\GitHub\myengine\engine\src\ecs\systems\PhysicsSystem.cpp,748,13104351033,7226227,2,
Physics::Step,C:\Users\╨┐╨║\Documents\GitHub\myengine\engine\src\ecs\systems\PhysicsSystem.cpp,748,13124265092,6691330,2,
Physics::Step,C:\Users\╨┐╨║\Documents\GitHub\myengine\engine\src\ecs\systems\PhysicsSystem.cpp,748,13130956462,6859909,2,
Physics::Step,C:\Users\╨┐╨║\Documents\GitHub\myengine\engine\src\ecs\systems\PhysicsSystem.cpp,748,13149775507,7087252,2,
Physics::Step,C:\Users\╨┐╨║\Documents\GitHub\myengine\engine\src\ecs\systems\PhysicsSystem.cpp,748,13168943015,7000829,2,
Physics::Step,C:\Users\╨┐╨║\Documents\GitHub\myengine\engine\src\ecs\systems\PhysicsSystem.cpp,748,13188112728,7201742,2,
Physics::Step,C:\Users\╨┐╨║\Documents\GitHub\myengine\engine\src\ecs\systems\PhysicsSystem.cpp,748,13209932588,9331394,2,
Physics::Step,C:\Users\╨┐╨║\Documents\GitHub\myengine\engine\src\ecs\systems\PhysicsSystem.cpp,748,13219263992,7232859,2,
Physics::Step,C:\Users\╨┐╨║\Documents\GitHub\myengine\engine\src\ecs\systems\PhysicsSystem.cpp,748,13239066398,7428223,2,
Physics::Step,C:\Users\╨┐╨║\Documents\GitHub\myengine\engine\src\ecs\systems\PhysicsSystem.cpp,748,13246494731,7004935,2,
Physics::Step,C:\Users\╨┐╨║\Documents\GitHub\myengine\engine\src\ecs\systems\PhysicsSystem.cpp,748,13265335777,7048830,2,
Physics::Step,C:\Users\╨┐╨║\Documents\GitHub\myengine\engine\src\ecs\systems\PhysicsSystem.cpp,748,13284734973,6472281,2,
Physics::Step,C:\Users\╨┐╨║\Documents\GitHub\myengine\engine\src\ecs\systems\PhysicsSystem.cpp,748,13303317201,7490222,2,
Physics::Step,C:\Users\╨┐╨║\Documents\GitHub\myengine\engine\src\ecs\systems\PhysicsSystem.cpp,748,13323083703,6536603,2,
Physics::Step,C:\Users\╨┐╨║\Documents\GitHub\myengine\engine\src\ecs\systems\PhysicsSystem.cpp,748,13329620407,6615263,2,
Physics::Step,C:\Users\╨┐╨║\Documents\GitHub\myengine\engine\src\ecs\systems\PhysicsSystem.cpp,748,13348043927,6776052,2,
Physics::Step,C:\Users\╨┐╨║\Documents\GitHub\myengine\engine\src\ecs\systems\PhysicsSystem.cpp,748,13366469183,7159872,2,
Physics::Step,C:\Users\╨┐╨║\Documents\GitHub\myengine\engine\src\ecs\systems\PhysicsSystem.cpp,748,13385640431,6967124,2,
Physics::Step,C:\Users\╨┐╨║\Documents\GitHub\myengine\engine\src\ecs\systems\PhysicsSystem.cpp,748,13404920372,6792523,2,
Physics::Step,C:\Users\╨┐╨║\Documents\GitHub\myengine\engine\src\ecs\systems\PhysicsSystem.cpp,748,13424050751,6978196,2,
Physics::Step,C:\Users\╨┐╨║\Documents\GitHub\myengine\engine\src\ecs\systems\PhysicsSystem.cpp,748,13431028977,6865610,2,
Physics::Step,C:\Users\╨┐╨║\Documents\GitHub\myengine\engine\src\ecs\systems\PhysicsSystem.cpp,748,13449837481,7109706,2,
Physics::Step,C:\Users\╨┐╨║\Documents\GitHub\myengine\engine\src\ecs\systems\PhysicsSystem.cpp,748,13468628453,6486440,2,
Physics::Step,C:\Users\╨┐╨║\Documents\GitHub\myengine\engine\src\ecs\systems\PhysicsSystem.cpp,748,13487473668,7251447,2,
Physics::Step,C:\Users\╨┐╨║\Documents\GitHub\myengine\engine\src\ecs\systems\PhysicsSystem.cpp,748,13507287668,6714084,2,
Physics::Step,C:\Users\╨┐╨║\Documents\GitHub\myengine\engine\src\ecs\systems\PhysicsSystem.cpp,748,13514001952,6232164,2,
Physics::Step,C:\Users\╨┐╨║\Documents\GitHub\myengine\engine\src\ecs\systems\PhysicsSystem.cpp,748,13531836211,6954581,2,
Physics::Step,C:\Users\╨┐╨║\Documents\GitHub\myengine\engine\src\ecs\systems\PhysicsSystem.cpp,748,13551470208,6983556,2,
Physics::Step,C:\Users\╨┐╨║\Documents\GitHub\myengine\engine\src\ecs\systems\PhysicsSystem.cpp,748,13570346342,6958840,2,
Physics::Step,C:\Users\╨┐╨║\Documents\GitHub\myengine\engine\src\ecs\systems\PhysicsSystem.cpp,748,13589304344,6201045,2,
Physics::Step,C:\Users\╨┐╨║\Documents\GitHub\myengine\engine\src\ecs\systems\PhysicsSystem.cpp,748,13595505409,6363394,2,
Physics::Step,C:\Users\╨┐╨║\Documents\GitHub\myengine\engine\src\ecs\systems\PhysicsSystem.cpp,748,13615341499,7008785,2,
Physics::Step,C:\Users\╨┐╨║\Documents\GitHub\myengine\engine\src\ecs\systems\PhysicsSystem.cpp,748,13634478520,7255294,2,
Physics::Step,C:\Users\╨┐╨║\Documents\GitHub\myengine\engine\src\ecs\systems\PhysicsSystem.cpp,748,13654015655,7043047,2,
Physics::Step,C:\Users\╨┐╨║\Documents\GitHub\myengine\engine\src\ecs\systems\PhysicsSystem.cpp,748,13673251342,6762615,2,
Physics::Step,C:\Users\╨┐╨║\Documents\GitHub\myengine\engine\src\ecs\systems\PhysicsSystem.cpp,748,13680014028,6698321,2,
Physics::Step,C:\Users\╨┐╨║\Documents\GitHub\myengine\engine\src\ecs\systems\PhysicsSystem.cpp,748,13698249821,6517509,2,
Physics::Step,C:\Users\╨┐╨║\Documents\GitHub\myengine\engine\src\ecs\systems\PhysicsSystem.cpp,748,13717422790,6925226,2,
Physics::Step,C:\Users\╨┐╨║\Documents\GitHub\myengine\engine\src\ecs\systems\PhysicsSystem.cpp,748,13736685501,6926387,2,
Physics::Step,C:\Users\╨┐╨║\Documents\GitHub\myengine\engine\src\ecs\systems\PhysicsSystem.cpp,748,13756174102,7064720,2,
Physics::Step,C:\Users\╨┐╨║\Documents\GitHub\myengine\engine\src\ecs\systems\PhysicsSystem.cpp,748,13763238852,6884005,2,
Physics::Step,C:\Users\╨┐╨║\Documents\GitHub\myengine\engine\src\ecs\systems\PhysicsSystem.cpp,748,13781979015,6464549,2,
Physics::Step,C:\Users\╨┐╨║\Documents\GitHub\myengine\engine\src\ecs\systems\PhysicsSystem.cpp,748,13800748887,6710557,2,
Physics::Step,C:\Users\╨┐╨║\Documents\GitHub\myengine\engine\src\ecs\systems\PhysicsSystem.cpp,748,13821159605,6747716,2,
Physics::Step,C:\Users\╨┐╨║\Documents\GitHub\myengine\engine\src\ecs\systems\PhysicsSystem.cpp,748,13839575571,6275940,2,
Physics::Step,C:\Users\╨┐╨║\Documents\GitHub\myengine\engine\src\ecs\systems\PhysicsSystem.cpp,748,13845851541,6414501,2,
Physics::Step,C:\Users\╨┐╨║\Documents\GitHub\myengine\engine\src\ecs\systems\PhysicsSystem.cpp,748,13864525358,7370724,2,
Physics::Step,C:\Users\╨┐╨║\Documents\GitHub\myengine\engine\src\ecs\systems\PhysicsSystem.cpp,748,13884173013,6522046,2,
Physics::Step,C:\Users\╨┐╨║\Documents\GitHub\myengine\engine\src\ecs\systems\PhysicsSystem.cpp,748,13902920390,6626778,2,
Physics::Step,C:\Users\╨┐╨║\Documents\GitHub\myengine\engine\src\ecs\systems\PhysicsSystem.cpp,748,13921901404,6913704,2,
Physics::Step,C:\Users\╨┐╨║\Documents\GitHub\myengine\engine\src\ecs\systems\PhysicsSystem.cpp,748,13941356924,6330741,2,
Physics::Step,C:\Users\╨┐╨║\Documents\GitHub\myengine\engine\src\ecs\systems\PhysicsSystem.cpp,748,13947687705,7034792,2,
Physics::Step,C:\Users\╨┐╨║\Documents\GitHub\myengine\engine\src\ecs\systems\PhysicsSystem.cpp,748,13966807081,6583234,2,
Physics::Step,C:\Users\╨┐╨║\Documents\GitHub\myengine\engine\src\ecs\systems\PhysicsSystem.cpp,748,13985751004,7090240,2,
Physics::Step,C:\Users\╨┐╨║\Documents\GitHub\myengine\engine\src\ecs\systems\PhysicsSystem.cpp,748,14004895018,7137971,2,
Physics::Step,C:\Users\╨┐╨║\Documents\GitHub\myengine\engine\src\ecs\systems\PhysicsSystem.cpp,748,14023616318,6979819,2,
Physics::Step,C:\Users\╨┐╨║\Documents\GitHub\myengine\engine\src\ecs\systems\PhysicsSystem.cpp,748,14030596238,6505394,2,
Physics::Step,C:\Users\╨┐╨║\Documents\GitHub\myengine\engine\src\ecs\systems\PhysicsSystem.cpp,748,14048900101,6805948,2,
Physics::Step,C:\Users\╨┐╨║\Documents\GitHub\myengine\engine\src\ecs\systems\PhysicsSystem.cpp,748,14068385214,7220377,2,
Physics::Step,C:\Users\╨┐╨║\Documents\GitHub\myengine\engine\src\ecs\systems\PhysicsSystem.cpp,748,14087457833,7185050,2,
Physics::Step,C:\Users\╨┐╨║\Documents\GitHub\myengine\engine\src\ecs\systems\PhysicsSystem.cpp,748,14106296526,6730234,2,
Physics::Step,C:\Users\╨┐╨║\Documents\GitHub\myengine\engine\src\ecs\systems\PhysicsSystem.cpp,748,14113026790,7026917,2,
Physics::Step,C:\Users\╨┐╨║\Documents\GitHub\myengine\engine\src\ecs\systems\PhysicsSystem.cpp,748,14133719883,7047657,2,
Physics::Step,C:\Users\╨┐╨║\Documents\GitHub\myengine\engine\src\ecs\systems\PhysicsSystem.cpp,748,14153129882,7291472,2,
Physics::Step,C:\Users\╨┐╨║\Documents\GitHub\myengine\engine\src\ecs\systems\PhysicsSystem.cpp,748,14172559089,6929313,2,
Physics::Step,C:\Users\╨┐╨║\Documents\GitHub\myengine\engine\src\ecs\systems\PhysicsSystem.cpp,748,14179488422,6743518,2,
Physics::Step,C:\Users\╨┐╨║\Documents\GitHub\myengine\engine\src\ecs\systems\PhysicsSystem.cpp,748,14198219781,6742105,2,
Physics::Step,C:\Users\╨┐╨║\Documents\GitHub\myengine\engine\src\ecs\systems\PhysicsSystem.cpp,748,14216851379,8073965,2,
Physics::Step,C:\Users\╨┐╨║\Documents\GitHub\myengine\engine\src\ecs\systems\PhysicsSystem.cpp,748,14237174518,6843619,2,
Physics::Step,C:\Users\╨┐╨║\Documents\GitHub\myengine\engine\src\ecs\systems\PhysicsSystem.cpp,748,14256441345,6950012,2,
Physics::Step,C:\Users\╨┐╨║\Documents\GitHub\myengine\engine\src\ecs\systems\PhysicsSystem.cpp,748,14263391377,6403701,2,
Physics::Step,C:\Users\╨┐╨║\Documents\GitHub\myengine\engine\src\ecs\systems\PhysicsSystem.cpp,748,14281800831,7052628,2,
Physics::Step,C:\Users\╨┐╨║\Documents\GitHub\myengine\engine\src\ecs\systems\PhysicsSystem.cpp,748,14301255277,7293095,2,
Physics::Step,C:\Users\╨┐╨║\Documents\GitHub\myengine\engine\src\ecs\systems\PhysicsSystem.cpp,748,14320855449,6851225,2,
Physics::Step,C:\Users\╨┐╨║\Documents\GitHub\myengine\engine\src\ecs\systems\PhysicsSystem.cpp,748,14340447829,6274735,2,
Physics::Step,C:\Users\╨┐╨║\Documents\GitHub\myengine\engine\src\ecs\systems\PhysicsSystem.cpp,748,14346722624,6639360,2,
Physics::Step,C:\Users\╨┐╨║\Documents\GitHub\myengine\engine\src\ecs\systems\PhysicsSystem.cpp,748,14365019795,7103084,2,
Physics::Step,C:\Users\╨┐╨║\Documents\GitHub\myengine\engine\src\ecs\systems\PhysicsSystem.cpp,748,14384961247,6928051,2,
Physics::Step,C:\Users\╨┐╨║\Documents\GitHub\myengine\engine\src\ecs\systems\PhysicsSystem.cpp,748,14404662001,6979679,2,
Physics::Step,C:\Users\╨┐╨║\Documents\GitHub\myengine\engine\src\ecs\systems\PhysicsSystem.cpp,748,14424167353,6706944,2,
Physics::Step,C:\Users\╨┐╨║\Documents\GitHub\myengine\engine\src\ecs\systems\PhysicsSystem.cpp,748,14430874418,7282173,2,
Physics::Step,C:\Users\╨┐╨║\Documents\GitHub\myengine\engine\src\ecs\systems\PhysicsSystem.cpp,748,14450481950,6416124,2,
Physics::Step,C:\Users\╨┐╨║\Documents\GitHub\myengine\engine\src\ecs\systems\PhysicsSystem.cpp,748,14469498931,6653768,2,
Physics::Step,C:\Users\╨┐╨║\Documents\GitHub\myengine\engine\src\ecs\systems\PhysicsSystem.cpp,748,14488358463,7220668,2,
Physics::Step,C:\Users\╨┐╨║\Documents\GitHub\myengine\engine\src\ecs\systems\PhysicsSystem.cpp,748,14507664155,7215889,2,
Physics::Step,C:\Users\╨┐╨║\Documents\GitHub\myengine\engine\src\ecs\systems\PhysicsSystem.cpp,748,14514880154,6569967,2,
Physics::Step,C:\Users\╨┐╨║\Documents\GitHub\myengine\engine\src\ecs\systems\PhysicsSystem.cpp,748,14534290995,6893154,2,
Physics::Step,C:\Users\╨┐╨║\Documents\GitHub\myengine\engine\src\ecs\systems\PhysicsSystem.cpp,748,14552889771,7306130,2,
Physics::Step,C:\Users\╨┐╨║\Documents\GitHub\myengine\engine\src\ecs\systems\PhysicsSystem.cpp,748,14572744137,6456648,2,
Physics::Step,C:\Users\╨┐╨║\Documents\GitHub\myengine\engine\src\ecs\systems\PhysicsSystem.cpp,748,14579200805,6955581,2,
Physics::Step,C:\Users\╨┐╨║\Documents\GitHub\myengine\engine\src\ecs\systems\PhysicsSystem.cpp,748,14598474340,7173027,2,
Physics::Step,C:\Users\╨┐╨║\Documents\GitHub\myengine\engine\src\ecs\systems\PhysicsSystem.cpp,748,14617822503,7101481,2,
Physics::Step,C:\Users\╨┐╨║\Documents\GitHub\myengine\engine\src\ecs\systems\PhysicsSystem.cpp,748,14638892734,7053560,2,
Physics::Step,C:\Users\╨┐╨║\Documents\GitHub\myengine\engine\src\ecs\systems\PhysicsSystem.cpp,748,14658096412,7010147,2,
Physics::Step,C:\Users\╨┐╨║\Documents\GitHub\myengine\engine\src\ecs\systems\PhysicsSystem.cpp,748,14665106809,6525873,2,
Physics::Step,C:\Users\╨┐╨║\Documents\GitHub\myengine\engine\src\ecs\systems\PhysicsSystem.cpp,748,14683375856,6730364,2,
Physics::Step,C:\Users\╨┐╨║\Documents\GitHub\myengine\engine\src\ecs\systems\PhysicsSystem.cpp,748,14702375966,6672284,2,
Physics::Step,C:\Users\╨┐╨║\Documents\GitHub\myengine\engine\src\ecs\systems\PhysicsSystem.cpp,748,14721329137,7037489,2,
Physics::Step,C:\Users\╨┐╨║\Documents\GitHub\myengine\engine\src\ecs\systems\PhysicsSystem.cpp,748,14740649217,6873767,2,
Physics::Step,C:\Users\╨┐╨║\Documents\GitHub\myengine\engine\src\ecs\systems\PhysicsSystem.cpp,748,14747523094,6225592,2,
Physics::Step,C:\Users\╨┐╨║\Documents\GitHub\myengine\engine\src\ecs\systems\PhysicsSystem.cpp,748,14766014446,6534590,2,
Physics::Step,C:\Users\╨┐╨║\Documents\GitHub\myengine\engine\src\ecs\systems\PhysicsSystem.cpp,748,14784969539,7129895,2,
Physics::Step,C:\Users\╨┐╨║\Documents\GitHub\myengine\engine\src\ecs\systems\PhysicsSystem.cpp,748,14804088856,7047598,2,
Physics::Step,C:\Users\╨┐╨║\Documents\GitHub\myengine\engine\src\ecs\systems\PhysicsSystem.cpp,748,14823354893,6840624,2,
Physics::Step,C:\Users\╨┐╨║\Documents\GitHub\myengine\engine\src\ecs\systems\PhysicsSystem.cpp,748,14830195537,6367362,2,
Physics::Step,C:\Users\╨┐╨║\Documents\GitHub\myengine\engine\src\ecs\systems\PhysicsSystem.cpp,748,14848412725,7378889,2,
Physics::Step,C:\Users\╨┐╨║\Documents\GitHub\myengine\engine\src\ecs\systems\PhysicsSystem.cpp,748,14868749532,7066933,2,
Physics::Step,C:\Users\╨┐╨║\Documents\GitHub\myengine\engine\src\ecs\systems\PhysicsSystem.cpp,748,14888121188,6919865,2,
Physics::Step,C:\Users\╨┐╨║\Documents\GitHub\myengine\engine\src\ecs\systems\PhysicsSystem.cpp,748,14907325346,6883607,2,
Physics::Step,C:\Users\╨┐╨║\Documents\GitHub\myengine\engine\src\ecs\systems\PhysicsSystem.cpp,748,14914209033,6521755,2,
Physics::Step,C:\Users\╨┐╨║\Documents\GitHub\myengine\engine\src\ecs\systems\PhysicsSystem.cpp,748,14932591435,6580810,2,
Physics::Step,C:\Users\╨┐╨║\Documents\GitHub\myengine\engine\src\ecs\systems\PhysicsSystem.cpp,748,14951557952,7246026,2,
Physics::Step,C:\Users\╨┐╨║\Documents\GitHub\myengine\engine\src\ecs\systems\PhysicsSystem.cpp,748,14971528479,8072430,2,
Physics::Step,C:\Users\╨┐╨║\Documents\GitHub\myengine\engine\src\ecs\systems\PhysicsSystem.cpp,748,14991142650,7451275,2,
Physics::Step,C:\Users\╨┐╨║\Documents\GitHub\myengine\engine\src\ecs\systems\PhysicsSystem.cpp,748,14998594036,6255849,2,
Physics::Step,C:\Users\╨┐╨║\Documents\GitHub\myengine\engine\src\ecs\systems\PhysicsSystem.cpp,748,15016583071,7026436,2,
Physics::Step,C:\Users\╨┐╨║\Documents\GitHub\myengine\engine\src\ecs\systems\PhysicsSystem.cpp,748,15035730482,7546717,2,
Physics::Step,C:\Users\╨┐╨║\Documents\GitHub\myengine\engine\src\ecs\systems\PhysicsSystem.cpp,748,15054860449,6626185,2,
Physics::Step,C:\Users\╨┐╨║\Documents\GitHub\myengine\engine\src\ecs\systems\PhysicsSystem.cpp,748,15074342487,6479054,2,
Physics::Step,C:\Users\╨┐╨║\Documents\GitHub\myengine\engine\src\ecs\systems\PhysicsSystem.cpp,748,15080821632,6127324,2,
Physics::Step,C:\Users\╨┐╨║\Documents\GitHub\myengine\engine\src\ecs\systems\PhysicsSystem.cpp,748,15098589925,7388115,2,
Physics::Step,C:\Users\╨┐╨║\Documents\GitHub\myengine\engine\src\ecs\systems\PhysicsSystem.cpp,748,15118601280,7285442,2,
Physics::Step,C:\Users\╨┐╨║\Documents\GitHub\myengine\engine\src\ecs\systems\PhysicsSystem.cpp,748,15139808624,7055933,2,
Physics::Step,C:\Users\╨┐╨║\Documents\GitHub\myengine\engine\src\ecs\systems\PhysicsSystem.cpp,748,15146864577,6801688,2,
Physics::Step,C:\Users\╨┐╨║\Documents\GitHub\myengine\engine\src\ecs\systems\PhysicsSystem.cpp,748,15165425501,6445190,2,
Physics::Step,C:\Users\╨┐╨║\Documents\GitHub\myengine\engine\src\ecs\systems\PhysicsSystem.cpp,748,15184593841,7176302,2,
Physics::Step,C:\Users\╨┐╨║\Documents\GitHub\myengine\engine\src\ecs\systems\PhysicsSystem.cpp,748,15204117527,6555461,2,
Physics::Step,C:\Users\╨┐╨║\Documents\GitHub\myengine\engine\src\ecs\systems\PhysicsSystem.cpp,748,15223510455,7351357,2,
Physics::Step,C:\Users\╨┐╨║\Documents\GitHub\myengine\engine\src\ecs\systems\PhysicsSystem.cpp,748,15230861982,6102427,2,
Physics::Step,C:\Users\╨┐╨║\Documents\GitHub\myengine\engine\src\ecs\systems\PhysicsSystem.cpp,748,15248707823,7047272,2,
Physics::Step,C:\Users\╨┐╨║\Documents\GitHub\myengine\engine\src\ecs\systems\PhysicsSystem.cpp,748,15268413246,7814178,2,
Physics::Step,C:\Users\╨┐╨║\Documents\GitHub\myengine\engine\src\ecs\systems\PhysicsSystem.cpp,748,15288419392,7568249,2,
Physics::Step,C:\Users\╨┐╨║\Documents\GitHub\myengine\engine\src\ecs\systems\PhysicsSystem.cpp,748,15308116128,7475377,2,
Physics::Step,C:\Users\╨┐╨║\Documents\GitHub\myengine\engine\src\ecs\systems\PhysicsSystem.cpp,748,15315591625,6419591,2,
Physics::Step,C:\Users\╨┐╨║\Documents\GitHub\myengine\engine\src\ecs\systems\PhysicsSystem.cpp,748,15333771779,7481093,2,
Physics::Step,C:\Users\╨┐╨║\Documents\GitHub\myengine\engine\src\ecs\systems\PhysicsSystem.cpp,748,15353297760,6813112,2,
Physics::Step,C:\Users\╨┐╨║\Documents\GitHub\myengine\engine\src\ecs\systems\PhysicsSystem.cpp,748,15372730125,6769467,2,
Physics::Step,C:\Users\╨┐╨║\Documents\GitHub\myengine\engine\src\ecs\systems\PhysicsSystem.cpp,748,15379499612,6644730,2,
Physics::Step,C:\Users\╨┐╨║\Documents\GitHub\myengine\engine\src\ecs\systems\PhysicsSystem.cpp,748,15398058360,7269812,2,
Physics::Step,C:\Users\╨┐╨║\Documents\GitHub\myengine\engine\src\ecs\systems\PhysicsSystem.cpp,748,15417219096,7561407,2,
Physics::Step,C:\Users\╨┐╨║\Documents\GitHub\myengine\engine\src\ecs\systems\PhysicsSystem.cpp,748,15436712446,7161172,2,
Physics::Step,C:\Users\╨┐╨║\Documents\GitHub\myengine\engine\src\ecs\systems\PhysicsSystem.cpp,748,15456822661,7314054,2,
Physics::Step,C:\Users\╨┐╨║\Documents\GitHub\myengine\engine\src\ecs\systems\PhysicsSystem.cpp,748,15464136745,6524961,2,
Physics::Step,C:\Users\╨┐╨║\Documents\GitHub\myengine\engine\src\ecs\systems\PhysicsSystem.cpp,748,15483006104,6784478,2,
Physics::Step,C:\Users\╨┐╨║\Documents\GitHub\myengine\engine\src\ecs\systems\PhysicsSystem.cpp,748,15502156982,7723485,2,
Physics::Step,C:\Users\╨┐╨║\Documents\GitHub\myengine\engine\src\ecs\systems\PhysicsSystem.cpp,748,15522669233,6250048,2,
Physics::Step,C:\Users\╨┐╨║\Documents\GitHub\myengine\engine\src\ecs\systems\PhysicsSystem.cpp,748,15528919381,6510554,2,
Physics::Step,C:\Users\╨┐╨║\Documents\GitHub\myengine\engine\src\ecs\systems\PhysicsSystem.cpp,748,15547184400,6656243,2,
Physics::Step,C:\Users\╨┐╨║\Documents\GitHub\myengine\engine\src\ecs\systems\PhysicsSystem.cpp,748,15566214479,7274018,2,
Physics::Step,C:\Users\╨┐╨║\Documents\GitHub\myengine\engine\src\ecs\systems\PhysicsSystem.cpp,748,15585927665,7038832,2,
Physics::Step,C:\Users\╨┐╨║\Documents\GitHub\myengine\engine\src\ecs\systems\PhysicsSystem.cpp,748,15605560470,7173538,2,
Physics::Step,C:\Users\╨┐╨║\Documents\GitHub\myengine\engine\src\ecs\systems\PhysicsSystem.cpp,748,15625117631,6722549,2,
Physics::Step,C:\Users\╨┐╨║\Documents\GitHub\myengine\engine\src\ecs\systems\PhysicsSystem.cpp,748,15631840271,6188400,2,
Physics::Step,C:\Users\╨┐╨║\Documents\GitHub\myengine\engine\src\ecs\systems\PhysicsSystem.cpp,748,15651994227,6782016,2,
Physics::Step,C:\Users\╨┐╨║\Documents\GitHub\myengine\engine\src\ecs\systems\PhysicsSystem.cpp,748,15671893488,7192263,2,
Physics::Step,C:\Users\╨┐╨║\Documents\GitHub\myengine\engine\src\ecs\systems\PhysicsSystem.cpp,748,15691126393,6480246,2,
Physics::Step,C:\Users\╨┐╨║\Documents\GitHub\myengine\engine\src\ecs\systems\PhysicsSystem.cpp,748,15697606669,6556642,2,
Physics::Step,C:\Users\╨┐╨║\Documents\GitHub\myengine\engine\src\ecs\systems\PhysicsSystem.cpp,748,15716150599,7067060,2,
Physics::Step,C:\Users\╨┐╨║\Documents\GitHub\myengine\engine\src\ecs\systems\PhysicsSystem.cpp,748,15736311139,7428814,2,
Physics::Step,C:\Users\╨┐╨║\Documents\GitHub\myengine\engine\src\ecs\systems\PhysicsSystem.cpp,748,15755421830,6957591,2,
Physics::Step,C:\Users\╨┐╨║\Documents\GitHub\myengine\engine\src\ecs\systems\PhysicsSystem.cpp,748,15774955026,6873586,2,
Physics::Step,C:\Users\╨┐╨║\Documents\GitHub\myengine\engine\src\ecs\systems\PhysicsSystem.cpp,748,15781828993,6618369,2,
Physics::Step,C:\Users\╨┐╨║\Documents\GitHub\myengine\engine\src\ecs\systems\PhysicsSystem.cpp,748,15800298000,6814294,2,
Physics::Step,C:\Users\╨┐╨║\Documents\GitHub\myengine\engine\src\ecs\systems\PhysicsSystem.cpp,748,15819480257,6793865,2,
Physics::Step,C:\Users\╨┐╨║\Documents\GitHub\myengine\engine\src\ecs\systems\PhysicsSystem.cpp,748,15838702271,7072204,2,
Physics::Step,C:\Users\╨┐╨║\Documents\GitHub\myengine\engine\src\ecs\systems\PhysicsSystem.cpp,748,15858303414,6631737,2,
Physics::Step,C:\Users\╨┐╨║\Documents\GitHub\myengine\engine\src\ecs\systems\PhysicsSystem.cpp,748,15864935191,6696338,2,
Physics::Step,C:\Users\╨┐╨║\Documents\GitHub\myengine\engine\src\ecs\systems\PhysicsSystem.cpp,748,15883693439,6669038,2,
Physics::Step,C:\Users\╨┐╨║\Documents\GitHub\myengine\engine\src\ecs\systems\PhysicsSystem.cpp,748,15902745007,6811690,2,
Physics::Step,C:\Users\╨┐╨║\Documents\GitHub\myengine\engine\src\ecs\systems\PhysicsSystem.cpp,748,15922171530,6824744,2,
Physics::Step,C:\Users\╨┐╨║\Documents\GitHub\myengine\engine\src\ecs\systems\PhysicsSystem.cpp,748,15941184945,6911654,2,
Physics::Step,C:\Users\╨┐╨║\Documents\GitHub\myengine\engine\src\ecs\systems\PhysicsSystem.cpp,748,15948096649,6296597,2,
Physics::Step,C:\Users\╨┐╨║\Documents\GitHub\myengine\engine\src\ecs\systems\PhysicsSystem.cpp,748,15967200112,6356952,2,
Physics::Step,C:\Users\╨┐╨║\Documents\GitHub\myengine\engine\src\ecs\systems\PhysicsSystem.cpp,748,15986357259,7331423,2,
Physics::Step,C:\Users\╨┐╨║\Documents\GitHub\myengine\engine\src\ecs\systems\PhysicsSystem.cpp,748,16005967902,6545011,2,
Physics::Step,C:\Users\╨┐╨║\Documents\GitHub\myengine\engine\src\ecs\systems\PhysicsSystem.cpp,748,16012512933,6411255,2,
Physics::Step,C:\Users\╨┐╨║\Documents\GitHub\myengine\engine\src\ecs\systems\PhysicsSystem.cpp,748,16030781810,6523891,2,
Physics::Step,C:\Users\╨┐╨║\Documents\GitHub\myengine\engine\src\ecs\systems\PhysicsSystem.cpp,748,16049587570,7519026,2,
Physics::Step,C:\Users\╨┐╨║\Documents\GitHub\myengine\engine\src\ecs\systems\PhysicsSystem.cpp,748,16069262806,6515134,2,
Physics::Step,C:\Users\╨┐╨║\Documents\GitHub\myengine\engine\src\ecs\systems\PhysicsSystem.cpp,748,16087758346,6592251,2,
Physics::Step,C:\Users\╨┐╨║\Documents\GitHub\myengine\engine\src\ecs\systems\PhysicsSystem.cpp,748,16106489674,6545853,2,
Physics::Step,C:\Users\╨┐╨║\Documents\GitHub\myengine\engine\src\ecs\systems\PhysicsSystem.cpp,748,16113035638,7186931,2,
Physics::Step,C:\Users\╨┐╨║\Documents\GitHub\myengine\engine\src\ecs\systems\PhysicsSystem.cpp,748,16131939743,6870732,2,
Physics::Step,C:\Users\╨┐╨║\Documents\GitHub\myengine\engine\src\ecs\systems\PhysicsSystem.cpp,748,16152735652,7070312,2,
Physics::Step,C:\Users\╨┐╨║\Documents\GitHub\myengine\engine\src\ecs\systems\PhysicsSystem.cpp,748,16172738994,7170350,2,
Physics::Step,C:\Users\╨┐╨║\Documents\GitHub\myengine\engine\src\ecs\systems\PhysicsSystem.cpp,748,16179909495,6805235,2,
Physics::Step,C:\Users\╨┐╨║\Documents\GitHub\myengine\engine\src\ecs\systems\PhysicsSystem.cpp,748,16198490377,7113321,2,
Physics::Step,C:\Users\╨┐╨║\Documents\GitHub\myengine\engine\src\ecs\systems\PhysicsSystem.cpp,748,16218777126,6835794,2,
Physics::Step,C:\Users\╨┐╨║\Documents\GitHub\myengine\engine\src\ecs\systems\PhysicsSystem.cpp,748,16238159182,7429235,2,
Physics::Step,C:\Users\╨┐╨║\Documents\GitHub\myengine\engine\src\ecs\systems\PhysicsSystem.cpp,748,16257769075,6212096,2,
Physics::Step,C:\Users\╨┐╨║\Documents\GitHub\myengine\engine\src\ecs\systems\PhysicsSystem.cpp,748,16263981251,6384975,2,
Physics::Step,C:\Users\╨┐╨║\Documents\GitHub\myengine\engine\src\ecs\systems\PhysicsSystem.cpp,748,16282721907,6630022,2,
Physics::Step,C:\Users\╨┐╨║\Documents\GitHub\myengine\engine\src\ecs\systems\PhysicsSystem.cpp,748,16301714522,7864363,2,
Physics::Step,C:\Users\╨┐╨║\Documents\GitHub\myengine\engine\src\ecs\systems\PhysicsSystem.cpp,748,16321424003,6969229,2,
Physics::Step,C:\Users\╨┐╨║\Documents\GitHub\myengine\engine\src\ecs\systems\PhysicsSystem.cpp,748,16340804567,6735424,2,
Physics::Step,C:\Users\╨┐╨║\Documents\GitHub\myengine\engine\src\ecs\systems\PhysicsSystem.cpp,748,16347540031,6494574,2,
Physics::Step,C:\Users\╨┐╨║\Documents\GitHub\myengine\engine\src\ecs\systems\PhysicsSystem.cpp,748,16365950900,6358535,2,
Physics::Step,C:\Users\╨┐╨║\Documents\GitHub\myengine\engine\src\ecs\systems\PhysicsSystem.cpp,748,16385073011,7037990,2,
Physics::Step,C:\Users\╨┐╨║\Documents\GitHub\myengine\engine\src\ecs\systems\PhysicsSystem.cpp,748,16404444237,6905488,2,
Physics::Step,C:\Users\╨┐╨║\Documents\GitHub\myengine\engine\src\ecs\systems\PhysicsSystem.cpp,748,16423723489,6894437,2,
Physics::Step,C:\Users\╨┐╨║\Documents\GitHub\myengine\engine\src\ecs\systems\PhysicsSystem.cpp,748,16430617966,6503390,2,
Physics::Step,C:\Users\╨┐╨║\Documents\GitHub\myengine\engine\src\ecs\systems\PhysicsSystem.cpp,748,16449047639,6783766,2,
Physics::Step,C:\Users\╨┐╨║\Documents\GitHub\myengine\engine\src\ecs\systems\PhysicsSystem.cpp,748,16468451257,7199267,2,
Physics::Step,C:\Users\╨┐╨║\Documents\GitHub\myengine\engine\src\ecs\systems\PhysicsSystem.cpp,748,16488051099,6916809,2,
Physics::Step,C:\Users\╨┐╨║\Documents\GitHub\myengine\engine\src\ecs\systems\PhysicsSystem.cpp,748,16507330852,6553938,2,
Physics::Step,C:\Users\╨┐╨║\Documents\GitHub\myengine\engine\src\ecs\systems\PhysicsSystem.cpp,748,16513884820,6438998,2,
Physics::Step,C:\Users\╨┐╨║\Documents\GitHub\myengine\engine\src\ecs\systems\PhysicsSystem.cpp,748,16532261632,6914155,2,
Physics::Step,C:\Users\╨┐╨║\Documents\GitHub\myengine\engine\src\ecs\systems\PhysicsSystem.cpp,748,16551664850,6605787,2,
Physics::Step,C:\Users\╨┐╨║\Documents\GitHub\myengine\engine\src\ecs\systems\PhysicsSystem.cpp,748,16570705007,6835765,2,
Physics::Step,C:\Users\╨┐╨║\Documents\GitHub\myengine\engine\src\ecs\systems\PhysicsSystem.cpp,748,16590217132,6537447,2,
Physics::Step,C:\Users\╨┐╨║\Documents\GitHub\myengine\engine\src\ecs\systems\PhysicsSystem.cpp,748,16596754699,6707439,2,
Physics::Step,C:\Users\╨┐╨║\Documents\GitHub\myengine\engine\src\ecs\systems\PhysicsSystem.cpp,748,16615407797,7360434,2,
Physics::Step,C:\Users\╨┐╨║\Documents\GitHub\myengine\engine\src\ecs\systems\PhysicsSystem.cpp,748,16634632877,6889185,2,
Physics::Step,C:\Users\╨┐╨║\Documents\GitHub\myengine\engine\src\ecs\systems\PhysicsSystem.cpp,748,16654972265,6937048,2,
Physics::Step,C:\Users\╨┐╨║\Documents\GitHub\myengine\engine\src\ecs\systems\PhysicsSystem.cpp,748,16674180412,6729753,2,
Physics::Step,C:\Users\╨┐╨║\Documents\GitHub\myengine\engine\src\ecs\systems\PhysicsSystem.cpp,748,16680910215,7060291,2,
Physics::Step,C:\Users\╨┐╨║\Documents\GitHub\myengine\engine\src\ecs\systems\PhysicsSystem.cpp,748,16699883023,6752174,2,
Physics::Step,C:\Users\╨┐╨║\Documents\GitHub\myengine\engine\src\ecs\systems\PhysicsSystem.cpp,748,16719317941,6591288,2,
Physics::Step,C:\Users\╨┐╨║\Documents\GitHub\myengine\engine\src\ecs\systems\PhysicsSystem.cpp,748,16738050437,6867914,2,
Physics::Step,C:\Users\╨┐╨║\Documents\GitHub\myengine\engine\src\ecs\systems\PhysicsSystem.cpp,748,16757439814,6339598,2,
Physics::Step,C:\Users\╨┐╨║\Documents\GitHub\myengine\engine\src\ecs\systems\PhysicsSystem.cpp,748,16763779452,6423669,2,
Physics::Step,C:\Users\╨┐╨║\Documents\GitHub\myengine\engine\src\ecs\systems\PhysicsSystem.cpp,748,16782242271,6573414,2,
Physics::Step,C:\Users\╨┐╨║\Documents\GitHub\myengine\engine\src\ecs\systems\PhysicsSystem.cpp,748,16801204073,6452303,2,
Physics::Step,C:\Users\╨┐╨║\Documents\GitHub\myengine\engine\src\ecs\systems\PhysicsSystem.cpp,748,16819905320,7137497,2,
Physics::Step,C:\Users\╨┐╨║\Documents\GitHub\myengine\engine\src\ecs\systems\PhysicsSystem.cpp,748,16839158662,6158374,2,
Physics::Step,C:\Users\╨┐╨║\Documents\GitHub\myengine\engine\src\ecs\systems\PhysicsSystem.cpp,748,16845317136,6690867,2,
Physics::Step,C:\Users\╨┐╨║\Documents\GitHub\myengine\engine\src\ecs\systems\PhysicsSystem.cpp,748,16863727618,6879577,2,
Physics::Step,C:\Users\╨┐╨║\Documents\GitHub\myengine\engine\src\ecs\systems\PhysicsSystem.cpp,748,16882318876,6899284,2,
Physics::Step,C:\Users\╨┐╨║\Documents\GitHub\myengine\engine\src\ecs\systems\PhysicsSystem.cpp,748,16901436059,6167311,2,
Physics::Step,C:\Users\╨┐╨║\Documents\GitHub\myengine\engine\src\ecs\systems\PhysicsSystem.cpp,748,16920359253,6677737,2,
Physics::Step,C:\Users\╨┐╨║\Documents\GitHub\myengine\engine\src\ecs\systems\PhysicsSystem.cpp,748,16939631852,7239111,2,
Physics::Step,C:\Users\╨┐╨║\Documents\GitHub\myengine\engine\src\ecs\systems\PhysicsSystem.cpp,748,16946871053,6689996,2,
Physics::Step,C:\Users\╨┐╨║\Documents\GitHub\myengine\engine\src\ecs\systems\PhysicsSystem.cpp,748,16965408172,6222977,2,
Physics::Step,C:\Users\╨┐╨║\Documents\GitHub\myengine\engine\src\ecs\systems\PhysicsSystem.cpp,748,16983759036,6636254,2,
Physics::Step,C:\Users\╨┐╨║\Documents\GitHub\myengine\engine\src\ecs\systems\PhysicsSystem.cpp,748,17002798336,6760700,2,
Physics::Step,C:\Users\╨┐╨║\Documents\GitHub\myengine\engine\src\ecs\systems\PhysicsSystem.cpp,748,17021856372,6791038,2,
Physics::Step,C:\Users\╨┐╨║\Documents\GitHub\myengine\engine\src\ecs\systems\PhysicsSystem.cpp,748,17040627737,6538317,2,
Physics::Step,C:\Users\╨┐╨║\Documents\GitHub\myengine\engine\src\ecs\systems\PhysicsSystem.cpp,748,17047166144,6259867,2,
Physics::Step,C:\Users\╨┐╨║\Documents\GitHub\myengine\engine\src\ecs\systems\PhysicsSystem.cpp,748,17065235092,6157491,2,
Physics::Step,C:\Users\╨┐╨║\Documents\GitHub\myengine\engine\src\ecs\systems\PhysicsSystem.cpp,748,17083760839,7054379,2,
Physics::Step,C:\Users\╨┐╨║\Documents\GitHub\myengine\engine\src\ecs\systems\PhysicsSystem.cpp,748,17103037877,6409501,2,
Physics::Step,C:\Users\╨┐╨║\Documents\GitHub\myengine\engine\src\ecs\systems\PhysicsSystem.cpp,748,17121972352,7012449,2,
Physics::Step,C:\Users\╨┐╨║\Documents\GitHub\myengine\engine\src\ecs\systems\PhysicsSystem.cpp,748,17140964587,6855801,2,
Physics::Step,C:\Users\╨┐╨║\Documents\GitHub\myengine\engine\src\ecs\systems\PhysicsSystem.cpp,748,17147820428,6752174,2,
Physics::Step,C:\Users\╨┐╨║\Documents\GitHub\myengine\engine\src\ecs\systems\PhysicsSystem.cpp,748,17168204834,7179538,2,
Physics::Step,C:\Users\╨┐╨║\Documents\GitHub\myengine\engine\src\ecs\systems\PhysicsSystem.cpp,748,17187337327,7501811,2,
Physics::Step,C:\Users\╨┐╨║\Documents\GitHub\myengine\engine\src\ecs\systems\PhysicsSystem.cpp,748,17206950374,6591097,2,
Physics::Step,C:\Users\╨┐╨║\Documents\GitHub\myengine\engine\src\ecs\systems\PhysicsSystem.cpp,748,17213541591,6130310,2,
Physics::Step,C:\Users\╨┐╨║\Documents\GitHub\myengine\engine\src\ecs\systems\PhysicsSystem.cpp,748,17231324775,6195164,2,
Physics::Step,C:\Users\╨┐╨║\Documents\GitHub\myengine\engine\src\ecs\systems\PhysicsSystem.cpp,748,17249589615,6385306,2,
Physics::Step,C:\Users\╨┐╨║\Documents\GitHub\myengine\engine\src\ecs\systems\PhysicsSystem.cpp,748,17268438197,6610725,2,
Physics::Step,C:\Users\╨┐╨║\Documents\GitHub\myengine\engine\src\ecs\systems\PhysicsSystem.cpp,748,17287018839,6594434,2,
Physics::Step,C:\Users\╨┐╨║\Documents\GitHub\myengine\engine\src\ecs\systems\PhysicsSystem.cpp,748,17306394199,6460709,2,
Physics::Step,C:\Users\╨┐╨║\Documents\GitHub\myengine\engine\src\ecs\systems\PhysicsSystem.cpp,748,17312854928,6670979,2,
Physics::Step,C:\Users\╨┐╨║\Documents\GitHub\myengine\engine\src\ecs\systems\PhysicsSystem.cpp,748,17331342788,6372692,2,
Physics::Step,C:\Users\╨┐╨║\Documents\GitHub\myengine\engine\src\ecs\systems\PhysicsSystem.cpp,748,17349893874,6500415,2,
Physics::Step,C:\Users\╨┐╨║\Documents\GitHub\myengine\engine\src\ecs\systems\PhysicsSystem.cpp,748,17368783945,6283201,2,
Physics::Step,C:\Users\╨┐╨║\Documents\GitHub\myengine\engine\src\ecs\systems\PhysicsSystem.cpp,748,17388138474,6825384,2,
Physics::Step,C:\Users\╨┐╨║\Documents\GitHub\myengine\engine\src\ecs\systems\PhysicsSystem.cpp,748,17407674069,6531043,2,
Physics::Step,C:\Users\╨┐╨║\Documents\GitHub\myengine\engine\src\ecs\systems\PhysicsSystem.cpp,748,17414205223,6603631,2,
Physics::Step,C:\Users\╨┐╨║\Documents\GitHub\myengine\engine\src\ecs\systems\PhysicsSystem.cpp,748,17432485753,6127535,2,
Physics::Step,C:\Users\╨┐╨║\Documents\GitHub\myengine\engine\src\ecs\systems\PhysicsSystem.cpp,748,17450849272,6241612,2,
Physics::Step,C:\Users\╨┐╨║\Documents\GitHub\myengine\engine\src\ecs\systems\PhysicsSystem.cpp,748,17469417289,6259857,2,
Physics::Step,C:\Users\╨┐╨║\Documents\GitHub\myengine\engine\src\ecs\systems\PhysicsSystem.cpp,748,17488322619,6876351,2,
Physics::Step,C:\Users\╨┐╨║\Documents\GitHub\myengine\engine\src\ecs\systems\PhysicsSystem.cpp,748,17506754538,6350179,2,
Physics::Step,C:\Users\╨┐╨║\Documents\GitHub\myengine\engine\src\ecs\systems\PhysicsSystem.cpp,748,17513104747,6396897,2,
Physics::Step,C:\Users\╨┐╨║\Documents\GitHub\myengine\engine\src\ecs\systems\PhysicsSystem.cpp,748,17531406668,6190595,2,
Physics::Step,C:\Users\╨┐╨║\Documents\GitHub\myengine\engine\src\ecs\systems\PhysicsSystem.cpp,748,17549812777,6380146,2,
Physics::Step,C:\Users\╨┐╨║\Documents\GitHub\myengine\engine\src\ecs\systems\PhysicsSystem.cpp,748,17568305156,6729070,2,
Physics::Step,C:\Users\╨┐╨║\Documents\GitHub\myengine\engine\src\ecs\systems\PhysicsSystem.cpp,748,17587363733,7211659,2,
Physics::Step,C:\Users\╨┐╨║\Documents\GitHub\myengine\engine\src\ecs\systems\PhysicsSystem.cpp,748,17606583331,6189042,2,
Physics::Step,C:\Users\╨┐╨║\Documents\GitHub\myengine\engine\src\ecs\systems\PhysicsSystem.cpp,748,17612772473,6519081,2,
Physics::Step,C:\Users\╨┐╨║\Documents\GitHub\myengine\engine\src\ecs\systems\PhysicsSystem.cpp,748,17630985505,6320733,2,
Physics::Step,C:\Users\╨┐╨║\Documents\GitHub\myengine\engine\src\ecs\systems\PhysicsSystem.cpp,748,17649558492,6428478,2,
Physics::Step,C:\Users\╨┐╨║\Documents\GitHub\myengine\engine\src\ecs\systems\PhysicsSystem.cpp,748,17669746364,6208669,2,
Physics::Step,C:\Users\╨┐╨║\Documents\GitHub\myengine\engine\src\ecs\systems\PhysicsSystem.cpp,748,17688401988,6908793,2,
Physics::Step,C:\Users\╨┐╨║\Documents\GitHub\myengine\engine\src\ecs\systems\PhysicsSystem.cpp,748,17708069624,6697480,2,
Physics::Step,C:\Users\╨┐╨║\Documents\GitHub\myengine\engine\src\ecs\systems\PhysicsSystem.cpp,748,17714767124,6411926,2,
Physics::Step,C:\Users\╨┐╨║\Documents\GitHub\myengine\engine\src\ecs\systems\PhysicsSystem.cpp,748,17733068269,6382671,2,
Physics::Step,C:\Users\╨┐╨║\Documents\GitHub\myengine\engine\src\ecs\systems\PhysicsSystem.cpp,748,17751902454,6230481,2,
Physics::Step,C:\Users\╨┐╨║\Documents\GitHub\myengine\engine\src\ecs\systems\PhysicsSystem.cpp,748,17770639523,6351351,2,
Physics::Step,C:\Users\╨┐╨║\Documents\GitHub\myengine\engine\src\ecs\systems\PhysicsSystem.cpp,748,17789193915,6584405,2,
Physics::Step,C:\Users\╨┐╨║\Documents\GitHub\myengine\engine\src\ecs\systems\PhysicsSystem.cpp,748,17795778430,6491538,2,
Physics::Step,C:\Users\╨┐╨║\Documents\GitHub\myengine\engine\src\ecs\systems\PhysicsSystem.cpp,748,17814701163,7062234,2,
Physics::Step,C:\Users\╨┐╨║\Documents\GitHub\myengine\engine\src\ecs\systems\PhysicsSystem.cpp,748,17833498482,7434854,2,
Physics::Step,C:\Users\╨┐╨║\Documents\GitHub\myengine\engine\src\ecs\systems\PhysicsSystem.cpp,748,17852981727,6381248,2,
Physics::Step,C:\Users\╨┐╨║\Documents\GitHub\myengine\engine\src\ecs\systems\PhysicsSystem.cpp,748,17871976277,6303901,2,
Physics::Step,C:\Users\╨┐╨║\Documents\GitHub\myengine\engine\src\ecs\systems\PhysicsSystem.cpp,748,17890933540,6965851,2,
Physics::Step,C:\Users\╨┐╨║\Documents\GitHub\myengine\engine\src\ecs\systems\PhysicsSystem.cpp,748,17897899461,7245013,2,
Physics::Step,C:\Users\╨┐╨║\Documents\GitHub\myengine\engine\src\ecs\systems\PhysicsSystem.cpp,748,17917533123,7064429,2,
Physics::Step,C:\Users\╨┐╨║\Documents\GitHub\myengine\engine\src\ecs\systems\PhysicsSystem.cpp,748,17936460075,7453027,2,
Physics::Step,C:\Users\╨┐╨║\Documents\GitHub\myengine\engine\src\ecs\systems\PhysicsSystem.cpp,748,17955742492,6878585,2,
Physics::Step,C:\Users\╨┐╨║\Documents\GitHub\myengine\engine\src\ecs\systems\PhysicsSystem.cpp,748,17962621177,6527376,2,
Physics::Step,C:\Users\╨┐╨║\Documents\GitHub\myengine\engine\src\ecs\systems\PhysicsSystem.cpp,748,17981319834,7346505,2,
Physics::Step,C:\Users\╨┐╨║\Documents\GitHub\myengine\engine\src\ecs\systems\PhysicsSystem.cpp,748,18001267648,7265581,2,
Physics::Step,C:\Users\╨┐╨║\Documents\GitHub\myengine\engine\src\ecs\systems\PhysicsSystem.cpp,748,18020641460,7081631,2,
Physics::Step,C:\Users\╨┐╨║\Documents\GitHub\myengine\engine\src\ecs\systems\PhysicsSystem.cpp,748,18040107922,7040303,2,
Physics::Step,C:\Users\╨┐╨║\Documents\GitHub\myengine\engine\src\ecs\systems\PhysicsSystem.cpp,748,18047148245,6392780,2,
Physics::Step,C:\Users\╨┐╨║\Documents\GitHub\myengine\engine\src\ecs\systems\PhysicsSystem.cpp,748,18065753679,6427697,2,
Physics::Step,C:\Users\╨┐╨║\Documents\GitHub\myengine\engine\src\ecs\systems\PhysicsSystem.cpp,748,18084734734,6550039,2,
Physics::Step,C:\Users\╨┐╨║\Documents\GitHub\myengine\engine\src\ecs\systems\PhysicsSystem.cpp,748,18104121199,6407769,2,
Physics::Step,C:\Users\╨┐╨║\Documents\GitHub\myengine\engine\src\ecs\systems\PhysicsSystem.cpp,748,18123157408,6820905,2,
Physics::Step,C:\Users\╨┐╨║\Documents\GitHub\myengine\engine\src\ecs\systems\PhysicsSystem.cpp,748,18129978353,7182714,2,
Physics::Step,C:\Users\╨┐╨║\Documents\GitHub\myengine\engine\src\ecs\systems\PhysicsSystem.cpp,748,18149309714,7009875,2,
Physics::Step,C:\Users\╨┐╨║\Documents\GitHub\myengine\engine\src\ecs\systems\PhysicsSystem.cpp,748,18170173492,6232916,2,
Physics::Step,C:\Users\╨┐╨║\Documents\GitHub\myengine\engine\src\ecs\systems\PhysicsSystem.cpp,748,18189279194,6608951,2,
Physics::Step,C:\Users\╨┐╨║\Documents\GitHub\myengine\engine\src\ecs\systems\PhysicsSystem.cpp,748,18195888295,7502463,2,
Physics::Step,C:\Users\╨┐╨║\Documents\GitHub\myengine\engine\src\ecs\systems\PhysicsSystem.cpp,748,18215662179,6668023,2,
Physics::Step,C:\Users\╨┐╨║\Documents\GitHub\myengine\engine\src\ecs\systems\PhysicsSystem.cpp,748,18235270507,6487219,2,
Physics::Step,C:\Users\╨┐╨║\Documents\GitHub\myengine\engine\src\ecs\systems\PhysicsSystem.cpp,748,18254257031,6868486,2,
Physics::Step,C:\Users\╨┐╨║\Documents\GitHub\myengine\engine\src\ecs\systems\PhysicsSystem.cpp,748,18272946360,6524150,2,
Physics::Step,C:\Users\╨┐╨║\Documents\GitHub\myengine\engine\src\ecs\systems\PhysicsSystem.cpp,748,18279470550,6637836,2,
Physics::Step,C:\Users\╨┐╨║\Documents\GitHub\myengine\engine\src\ecs\systems\PhysicsSystem.cpp,748,18298327237,6514442,2,
Physics::Step,C:\Users\╨┐╨║\Documents\GitHub\myengine\engine\src\ecs\systems\PhysicsSystem.cpp,748,18317337467,6518870,2,
Physics::Step,C:\Users\╨┐╨║\Documents\GitHub\myengine\engine\src\ecs\systems\PhysicsSystem.cpp,748,18336571673,6462472,2,
Physics::Step,C:\Users\╨┐╨║\Documents\GitHub\myengine\engine\src\ecs\systems\PhysicsSystem.cpp,748,18355682464,6440961,2,
Physics::Step,C:\Users\╨┐╨║\Documents\GitHub\myengine\engine\src\ecs\systems\PhysicsSystem.cpp,748,18362123446,6368443,2,
Physics::Step,C:\Users\╨┐╨║\Documents\GitHub\myengine\engine\src\ecs\systems\PhysicsSystem.cpp,748,18380380571,7086050,2,
Physics::Step,C:\Users\╨┐╨║\Documents\GitHub\myengine\engine\src\ecs\systems\PhysicsSystem.cpp,748,18399751077,6822358,2,
Physics::Step,C:\Users\╨┐╨║\Documents\GitHub\myengine\engine\src\ecs\systems\PhysicsSystem.cpp,748,18418842731,6303250,2,
Physics::Step,C:\Users\╨┐╨║\Documents\GitHub\myengine\engine\src\ecs\systems\PhysicsSystem.cpp,748,18437871567,6447373,2,
Physics::Step,C:\Users\╨┐╨║\Documents\GitHub\myengine\engine\src\ecs\systems\PhysicsSystem.cpp,748,18456642701,7536627,2,
Physics::Step,C:\Users\╨┐╨║\Documents\GitHub\myengine\engine\src\ecs\systems\PhysicsSystem.cpp,748,18464179358,7133771,2,
Physics::Step,C:\Users\╨┐╨║\Documents\GitHub\myengine\engine\src\ecs\systems\PhysicsSystem.cpp,748,18484279573,7126126,2,
Physics::Step,C:\Users\╨┐╨║\Documents\GitHub\myengine\engine\src\ecs\systems\PhysicsSystem.cpp,748,18504379973,6685071,2,
Physics::Step,C:\Users\╨┐╨║\Documents\GitHub\myengine\engine\src\ecs\systems\PhysicsSystem.cpp,748,18523261683,7158928,2,
Physics::Step,C:\Users\╨┐╨║\Documents\GitHub\myengine\engine\src\ecs\systems\PhysicsSystem.cpp,748,18530420711,6305604,2,
Physics::Step,C:\Users\╨┐╨║\Documents\GitHub\myengine\engine\src\ecs\systems\PhysicsSystem.cpp,748,18549129828,6989876,2,
Physics::Step,C:\Users\╨┐╨║\Documents\GitHub\myengine\engine\src\ecs\systems\PhysicsSystem.cpp,748,18568703139,6847626,2,
Physics::Step,C:\Users\╨┐╨║\Documents\GitHub\myengine\engine\src\ecs\systems\PhysicsSystem.cpp,748,18588439011,7150862,2,
Physics::Step,C:\Users\╨┐╨║\Documents\GitHub\myengine\engine\src\ecs\systems\PhysicsSystem.cpp,748,18608573019,7043419,2,
Physics::Step,C:\Users\╨┐╨║\Documents\GitHub\myengine\engine\src\ecs\systems\PhysicsSystem.cpp,748,18615616568,6223808,2,
Physics::Step,C:\Users\╨┐╨║\Documents\GitHub\myengine\engine\src\ecs\systems\PhysicsSystem.cpp,748,18634433199,6467713,2,
Physics::Step,C:\Users\╨┐╨║\Documents\GitHub\myengine\engine\src\ecs\systems\PhysicsSystem.cpp,748,18653565982,6444628,2,
Physics::Step,C:\Users\╨┐╨║\Documents\GitHub\myengine\engine\src\ecs\systems\PhysicsSystem.cpp,748,18673894181,7156964,2,
Physics::Step,C:\Users\╨┐╨║\Documents\GitHub\myengine\engine\src\ecs\systems\PhysicsSystem.cpp,748,18681051245,6296447,2,
Physics::Step,C:\Users\╨┐╨║\Documents\GitHub\myengine\engine\src\ecs\systems\PhysicsSystem.cpp,748,18700582868,6593832,2,
Physics::Step,C:\Users\╨┐╨║\Documents\GitHub\myengine\engine\src\ecs\systems\PhysicsSystem.cpp,748,18719337761,6529059,2,
Physics::Step,C:\Users\╨┐╨║\Documents\GitHub\myengine\engine\src\ecs\systems\PhysicsSystem.cpp,748,18738420499,7072413,2,
Physics::Step,C:\Users\╨┐╨║\Documents\GitHub\myengine\engine\src\ecs\systems\PhysicsSystem.cpp,748,18757674512,6307548,2,
Physics::Step,C:\Users\╨┐╨║\Documents\GitHub\myengine\engine\src\ecs\systems\PhysicsSystem.cpp,748,18763982080,6825403,2,
Physics::Step,C:\Users\╨┐╨║\Documents\GitHub\myengine\engine\src\ecs\systems\PhysicsSystem.cpp,748,18782680827,7319965,2,
Physics::Step,C:\Users\╨┐╨║\Documents\GitHub\myengine\engine\src\ecs\systems\PhysicsSystem.cpp,748,18802272012,6434750,2,
Physics::Step,C:\Users\╨┐╨║\Documents\GitHub\myengine\engine\src\ecs\systems\PhysicsSystem.cpp,748,18821086399,6368934,2,
Physics::Step,C:\Users\╨┐╨║\Documents\GitHub\myengine\engine\src\ecs\systems\PhysicsSystem.cpp,748,18839958350,6623930,2,
Physics::Step,C:\Users\╨┐╨║\Documents\GitHub\myengine\engine\src\ecs\systems\PhysicsSystem.cpp,748,18846582300,7046925,2,
Physics::Step,C:\Users\╨┐╨║\Documents\GitHub\myengine\engine\src\ecs\systems\PhysicsSystem.cpp,748,18865488136,6514582,2,
Physics::Step,C:\Users\╨┐╨║\Documents\GitHub\myengine\engine\src\ecs\systems\PhysicsSystem.cpp,748,18884500350,6705435,2,
Physics::Step,C:\Users\╨┐╨║\Documents\GitHub\myengine\engine\src\ecs\systems\PhysicsSystem.cpp,748,18903962389,6765900,2,
Physics::Step,C:\Users\╨┐╨║\Documents\GitHub\myengine\engine\src\ecs\systems\PhysicsSystem.cpp,748,18922991445,6521034,2,
Physics::Step,C:\Users\╨┐╨║\Documents\GitHub\myengine\engine\src\ecs\systems\PhysicsSystem.cpp,748,18929512519,6663575,2,
Physics::Step,C:\Users\╨┐╨║\Documents\GitHub\myengine\engine\src\ecs\systems\PhysicsSystem.cpp,748,18948058525,6275957,2,
Physics::Step,C:\Users\╨┐╨║\Documents\GitHub\myengine\engine\src\ecs\systems\PhysicsSystem.cpp,748,18966810272,6393581,2,
Physics::Step,C:\Users\╨┐╨║\Documents\GitHub\myengine\engine\src\ecs\systems\PhysicsSystem.cpp,748,18985432062,6380447,2,
Physics::Step,C:\Users\╨┐╨║\Documents\GitHub\myengine\engine\src\ecs\systems\PhysicsSystem.cpp,748,19004406403,7035153,2,
Physics::Step,C:\Users\╨┐╨║\Documents\GitHub\myengine\engine\src\ecs\systems\PhysicsSystem.cpp,748,19023705704,6639569,2,
Physics::Step,C:\Users\╨┐╨║\Documents\GitHub\myengine\engine\src\ecs\systems\PhysicsSystem.cpp,748,19030345403,6494865,2,
Physics::Step,C:\Users\╨┐╨║\Documents\GitHub\myengine\engine\src\ecs\systems\PhysicsSystem.cpp,748,19048721205,6434049,2,
Physics::Step,C:\Users\╨┐╨║\Documents\GitHub\myengine\engine\src\ecs\systems\PhysicsSystem.cpp,748,19067473764,6536674,2,
Physics::Step,C:\Users\╨┐╨║\Documents\GitHub\myengine\engine\src\ecs\systems\PhysicsSystem.cpp,748,19086473985,7020434,2,
Physics::Step,C:\Users\╨┐╨║\Documents\GitHub\myengine\engine\src\ecs\systems\PhysicsSystem.cpp,748,19106058057,6311655,2,
Physics::Step,C:\Users\╨┐╨║\Documents\GitHub\myengine\engine\src\ecs\systems\PhysicsSystem.cpp,748,19112369792,7095428,2,
Physics::Step,C:\Users\╨┐╨║\Documents\GitHub\myengine\engine\src\ecs\systems\PhysicsSystem.cpp,748,19131934007,7096569,2,
Physics::Step,C:\Users\╨┐╨║\Documents\GitHub\myengine\engine\src\ecs\systems\PhysicsSystem.cpp,748,19150944026,7716890,2,
Physics::Step,C:\Users\╨┐╨║\Documents\GitHub\myengine\engine\src\ecs\systems\PhysicsSystem.cpp,748,19171057466,7282463,2,
Physics::Step,C:\Users\╨┐╨║\Documents\GitHub\myengine\engine\src\ecs\systems\PhysicsSystem.cpp,748,19192501599,6575868,2,
Physics::Step,C:\Users\╨┐╨║\Documents\GitHub\myengine\engine\src\ecs\systems\PhysicsSystem.cpp,748,19199077497,7328742,2,
Physics::Step,C:\Users\╨┐╨║\Documents\GitHub\myengine\engine\src\ecs\systems\PhysicsSystem.cpp,748,19218792663,7021978,2,
Physics::Step,C:\Users\╨┐╨║\Documents\GitHub\myengine\engine\src\ecs\systems\PhysicsSystem.cpp,748,19238697786,7052626,2,
Physics::Step,C:\Users\╨┐╨║\Documents\GitHub\myengine\engine\src\ecs\systems\PhysicsSystem.cpp,748,19258176303,6622587,2,
Physics::Step,C:\Users\╨┐╨║\Documents\GitHub\myengine\engine\src\ecs\systems\PhysicsSystem.cpp,748,19264798910,6546903,2,
Physics::Step,C:\Users\╨┐╨║\Documents\GitHub\myengine\engine\src\ecs\systems\PhysicsSystem.cpp,748,19283272388,6410614,2,
Physics::Step,C:\Users\╨┐╨║\Documents\GitHub\myengine\engine\src\ecs\systems\PhysicsSystem.cpp,748,19302139936,7661405,2,
Physics::Step,C:\Users\╨┐╨║\Documents\GitHub\myengine\engine\src\ecs\systems\PhysicsSystem.cpp,748,19322394975,6417177,2,
Physics::Step,C:\Users\╨┐╨║\Documents\GitHub\myengine\engine\src\ecs\systems\PhysicsSystem.cpp,748,19328812242,6996779,2,
Physics::Step,C:\Users\╨┐╨║\Documents\GitHub\myengine\engine\src\ecs\systems\PhysicsSystem.cpp,748,19347828212,6999044,2,
Physics::Step,C:\Users\╨┐╨║\Documents\GitHub\myengine\engine\src\ecs\systems\PhysicsSystem.cpp,748,19367292787,7174638,2,
Physics::Step,C:\Users\╨┐╨║\Documents\GitHub\myengine\engine\src\ecs\systems\PhysicsSystem.cpp,748,19386785455,6937687,2,
Physics::Step,C:\Users\╨┐╨║\Documents\GitHub\myengine\engine\src\ecs\systems\PhysicsSystem.cpp,748,19406250110,7212991,2,
Physics::Step,C:\Users\╨┐╨║\Documents\GitHub\myengine\engine\src\ecs\systems\PhysicsSystem.cpp,748,19413463201,6284374,2,
Physics::Step,C:\Users\╨┐╨║\Documents\GitHub\myengine\engine\src\ecs\systems\PhysicsSystem.cpp,748,19432125468,6411656,2,
Physics::Step,C:\Users\╨┐╨║\Documents\GitHub\myengine\engine\src\ecs\systems\PhysicsSystem.cpp,748,19451327984,6602790,2,
Physics::Step,C:\Users\╨┐╨║\Documents\GitHub\myengine\engine\src\ecs\systems\PhysicsSystem.cpp,748,19470704882,7287813,2,
Physics::Step,C:\Users\╨┐╨║\Documents\GitHub\myengine\engine\src\ecs\systems\PhysicsSystem.cpp,748,19490343036,7107160,2,
Physics::Step,C:\Users\╨┐╨║\Documents\GitHub\myengine\engine\src\ecs\systems\PhysicsSystem.cpp,748,19497450226,6253615,2,
Physics::Step,C:\Users\╨┐╨║\Documents\GitHub\myengine\engine\src\ecs\systems\PhysicsSystem.cpp,748,19516258061,6528879,2,
Physics::Step,C:\Users\╨┐╨║\Documents\GitHub\myengine\engine\src\ecs\systems\PhysicsSystem.cpp,748,19535206212,6822157,2,
Physics::Step,C:\Users\╨┐╨║\Documents\GitHub\myengine\engine\src\ecs\systems\PhysicsSystem.cpp,748,19554783542,7330274,2,
Physics::Step,C:\Users\╨┐╨║\Documents\GitHub\myengine\engine\src\ecs\systems\PhysicsSystem.cpp,748,19574492812,6388151,2,
Physics::Step,C:\Users\╨┐╨║\Documents\GitHub\myengine\engine\src\ecs\systems\PhysicsSystem.cpp,748,19580881053,6627426,2,
Physics::Step,C:\Users\╨┐╨║\Documents\GitHub\myengine\engine\src\ecs\systems\PhysicsSystem.cpp,748,19599735661,6866652,2,
Physics::Step,C:\Users\╨┐╨║\Documents\GitHub\myengine\engine\src\ecs\systems\PhysicsSystem.cpp,748,19619054764,6489083,2,
Physics::Step,C:\Users\╨┐╨║\Documents\GitHub\myengine\engine\src\ecs\systems\PhysicsSystem.cpp,748,19637895185,6389964,2,
Physics::Step,C:\Users\╨┐╨║\Documents\GitHub\myengine\engine\src\ecs\systems\PhysicsSystem.cpp,748,19656803716,6603872,2,
Physics::Step,C:\Users\╨┐╨║\Documents\GitHub\myengine\engine\src\ecs\systems\PhysicsSystem.cpp,748,19663407658,6770439,2,
Physics::Step,C:\Users\╨┐╨║\Documents\GitHub\myengine\engine\src\ecs\systems\PhysicsSystem.cpp,748,19682213248,6586118,2,
Physics::Step,C:\Users\╨┐╨║\Documents\GitHub\myengine\engine\src\ecs\systems\PhysicsSystem.cpp,748,19702137047,6497509,2,
Physics::Step,C:\Users\╨┐╨║\Documents\GitHub\myengine\engine\src\ecs\systems\PhysicsSystem.cpp,748,19721188956,6544007,2,
Physics::Step,C:\Users\╨┐╨║\Documents\GitHub\myengine\engine\src\ecs\systems\PhysicsSystem.cpp,748,19740123601,6474947,2,
Physics::Step,C:\Users\╨┐╨║\Documents\GitHub\myengine\engine\src\ecs\systems\PhysicsSystem.cpp,748,19746598568,6550810,2,
Physics::Step,C:\Users\╨┐╨║\Documents\GitHub\myengine\engine\src\ecs\systems\PhysicsSystem.cpp,748,19765295461,6273032,2,
Physics::Step,C:\Users\╨┐╨║\Documents\GitHub\myengine\engine\src\ecs\systems\PhysicsSystem.cpp,748,19784301893,6578343,2,
Physics::Step,C:\Users\╨┐╨║\Documents\GitHub\myengine\engine\src\ecs\systems\PhysicsSystem.cpp,748,19802987665,6773615,2,
Physics::Step,C:\Users\╨┐╨║\Documents\GitHub\myengine\engine\src\ecs\systems\PhysicsSystem.cpp,748,19822210469,6551462,2,
Physics::Step,C:\Users\╨┐╨║\Documents\GitHub\myengine\engine\src\ecs\systems\PhysicsSystem.cpp,748,19841086353,6278402,2,
Physics::Step,C:\Users\╨┐╨║\Documents\GitHub\myengine\engine\src\ecs\systems\PhysicsSystem.cpp,748,19847364795,6743057,2,
Physics::Step,C:\Users\╨┐╨║\Documents\GitHub\myengine\engine\src\ecs\systems\PhysicsSystem.cpp,748,19866020550,6664938,2,
Physics::Step,C:\Users\╨┐╨║\Documents\GitHub\myengine\engine\src\ecs\systems\PhysicsSystem.cpp,748,19885331212,6634049,2,
Physics::Step,C:\Users\╨┐╨║\Documents\GitHub\myengine\engine\src\ecs\systems\PhysicsSystem.cpp,748,19904202867,6764127,2,
Physics::Step,C:\Users\╨┐╨║\Documents\GitHub\myengine\engine\src\ecs\systems\PhysicsSystem.cpp,748,19923807744,6616786,2,
Physics::Step,C:\Users\╨┐╨║\Documents\GitHub\myengine\engine\src\ecs\systems\PhysicsSystem.cpp,748,19930424550,6560459,2,
Physics::Step,C:\Users\╨┐╨║\Documents\GitHub\myengine\engine\src\ecs\systems\PhysicsSystem.cpp,748,19949051776,6613660,2,
Physics::Step,C:\Users\╨┐╨║\Documents\GitHub\myengine\engine\src\ecs\systems\PhysicsSystem.cpp,748,19968141096,6472131,2,
Physics::Step,C:\Users\╨┐╨║\Documents\GitHub\myengine\engine\src\ecs\systems\PhysicsSystem.cpp,748,19987060467,6338908,2,
Physics::Step,C:\Users\╨┐╨║\Documents\GitHub\myengine\engine\src\ecs\systems\PhysicsSystem.cpp,748,20006056305,7062745,2,
Physics::Step,C:\Users\╨┐╨║\Documents\GitHub\myengine\engine\src\ecs\systems\PhysicsSystem.cpp,748,20013119160,6958136,2,
Physics::Step,C:\Users\╨┐╨║\Documents\GitHub\myengine\engine\src\ecs\systems\PhysicsSystem.cpp,748,20032102473,6406186,2,
Physics::Step,C:\Users\╨┐╨║\Documents\GitHub\myengine\engine\src\ecs\systems\PhysicsSystem.cpp,748,20051033652,6357523,2,
Physics::Step,C:\Users\╨┐╨║\Documents\GitHub\myengine\engine\src\ecs\systems\PhysicsSystem.cpp,748,20069784433,6543457,2,
Physics::Step,C:\Users\╨┐╨║\Documents\GitHub\myengine\engine\src\ecs\systems\PhysicsSystem.cpp,748,20088728617,6586389,2,
Physics::Step,C:\Users\╨┐╨║\Documents\GitHub\myengine\engine\src\ecs\systems\PhysicsSystem.cpp,748,20107499551,7046134,2,
Physics::Step,C:\Users\╨┐╨║\Documents\GitHub\myengine\engine\src\ecs\systems\PhysicsSystem.cpp,748,20114545895,7080119,2,
Physics::Step,C:\Users\╨┐╨║\Documents\GitHub\myengine\engine\src\ecs\systems\PhysicsSystem.cpp,748,20134156768,6676470,2,
Physics::Step,C:\Users\╨┐╨║\Documents\GitHub\myengine\engine\src\ecs\systems\PhysicsSystem.cpp,748,20152490591,6963546,2,
Physics::Step,C:\Users\╨┐╨║\Documents\GitHub\myengine\engine\src\ecs\systems\PhysicsSystem.cpp,748,20171675432,6372141,2,
Physics::Step,C:\Users\╨┐╨║\Documents\GitHub\myengine\engine\src\ecs\systems\PhysicsSystem.cpp,748,20190575482,6914303,2,
Physics::Step,C:\Users\╨┐╨║\Documents\GitHub\myengine\engine\src\ecs\systems\PhysicsSystem.cpp,748,20197489895,7037578,2,
Physics::Step,C:\Users\╨┐╨║\Documents\GitHub\myengine\engine\src\ecs\systems\PhysicsSystem.cpp,748,20219004953,7381001,2,
Physics::Step,C:\Users\╨┐╨║\Documents\GitHub\myengine\engine\src\ecs\systems\PhysicsSystem.cpp,748,20238980340,6688563,2,
Physics::Step,C:\Users\╨┐╨║\Documents\GitHub\myengine\engine\src\ecs\systems\PhysicsSystem.cpp,748,20245668933,6320212,2,
Physics::Step,C:\Users\╨┐╨║\Documents\GitHub\myengine\engine\src\ecs\systems\PhysicsSystem.cpp,748,20264413832,6834140,2,
Physics::Step,C:\Users\╨┐╨║\Documents\GitHub\myengine\engine\src\ecs\systems\PhysicsSystem.cpp,748,20283478260,6325302,2,
Physics::Step,C:\Users\╨┐╨║\Documents\GitHub\myengine\engine\src\ecs\systems\PhysicsSystem.cpp,748,20302290092,6483793,2,
Physics::Step,C:\Users\╨┐╨║\Documents\GitHub\myengine\engine\src\ecs\systems\PhysicsSystem.cpp,748,20321533305,6872263,2,
Physics::Step,C:\Users\╨┐╨║\Documents\GitHub\myengine\engine\src\ecs\systems\PhysicsSystem.cpp,748,20340154178,7096750,2,
Physics::Step,C:\Users\╨┐╨║\Documents\GitHub\myengine\engine\src\ecs\systems\PhysicsSystem.cpp,748,20347251069,6444027,2,
Physics::Step,C:\Users\╨┐╨║\Documents\GitHub\myengine\engine\src\ecs\systems\PhysicsSystem.cpp,748,20365748868,6476580,2,
Physics::Step,C:\Users\╨┐╨║\Documents\GitHub\myengine\engine\src\ecs\systems\PhysicsSystem.cpp,748,20385095548,6725023,2,
Physics::Step,C:\Users\╨┐╨║\Documents\GitHub\myengine\engine\src\ecs\systems\PhysicsSystem.cpp,748,20404086962,7006659,2,
Physics::Step,C:\Users\╨┐╨║\Documents\GitHub\myengine\engine\src\ecs\systems\PhysicsSystem.cpp,748,20423871616,6401456,2,
Physics::Step,C:\Users\╨┐╨║\Documents\GitHub\myengine\engine\src\ecs\systems\PhysicsSystem.cpp,748,20430273172,6759699,2,
Physics::Step,C:\Users\╨┐╨║\Documents\GitHub\myengine\engine\src\ecs\systems\PhysicsSystem.cpp,748,20449348065,6725884,2,
Physics::Step,C:\Users\╨┐╨║\Documents\GitHub\myengine\engine\src\ecs\systems\PhysicsSystem.cpp,748,20468165893,6584335,2,
Physics::Step,C:\Users\╨┐╨║\Documents\GitHub\myengine\engine\src\ecs\systems\PhysicsSystem.cpp,748,20486982514,6270698,2,
Physics::Step,C:\Users\╨┐╨║\Documents\GitHub\myengine\engine\src\ecs\systems\PhysicsSystem.cpp,748,20506431304,6352483,2,
Physics::Step,C:\Users\╨┐╨║\Documents\GitHub\myengine\engine\src\ecs\systems\PhysicsSystem.cpp,748,20512783927,7016017,2,
Physics::Step,C:\Users\╨┐╨║\Documents\GitHub\myengine\engine\src\ecs\systems\PhysicsSystem.cpp,748,20531789598,6302198,2,
Physics::Step,C:\Users\╨┐╨║\Documents\GitHub\myengine\engine\src\ecs\systems\PhysicsSystem.cpp,748,20550788286,6617878,2,
Physics::Step,C:\Users\╨┐╨║\Documents\GitHub\myengine\engine\src\ecs\systems\PhysicsSystem.cpp,748,20569796482,6519731,2,
Physics::Step,C:\Users\╨┐╨║\Documents\GitHub\myengine\engine\src\ecs\systems\PhysicsSystem.cpp,748,20589173850,6426474,2,
Physics::Step,C:\Users\╨┐╨║\Documents\GitHub\myengine\engine\src\ecs\systems\PhysicsSystem.cpp,748,20595600404,6643808,2,
Physics::Step,C:\Users\╨┐╨║\Documents\GitHub\myengine\engine\src\ecs\systems\PhysicsSystem.cpp,748,20614315021,7252366,2,
Physics::Step,C:\Users\╨┐╨║\Documents\GitHub\myengine\engine\src\ecs\systems\PhysicsSystem.cpp,748,20633836033,6544609,2,
Physics::Step,C:\Users\╨┐╨║\Documents\GitHub\myengine\engine\src\ecs\systems\PhysicsSystem.cpp,748,20653064528,6681850,2,
Physics::Step,C:\Users\╨┐╨║\Documents\GitHub\myengine\engine\src\ecs\systems\PhysicsSystem.cpp,748,20672116352,6472872,2,
Physics::Step,C:\Users\╨┐╨║\Documents\GitHub\myengine\engine\src\ecs\systems\PhysicsSystem.cpp,748,20691020695,6523799,2,
Physics::Step,C:\Users\╨┐╨║\Documents\GitHub\myengine\engine\src\ecs\systems\PhysicsSystem.cpp,748,20697544514,6789786,2,
Physics::Step,C:\Users\╨┐╨║\Documents\GitHub\myengine\engine\src\ecs\systems\PhysicsSystem.cpp,748,20716754344,7210787,2,
Physics::Step,C:\Users\╨┐╨║\Documents\GitHub\myengine\engine\src\ecs\systems\PhysicsSystem.cpp,748,20737935136,6393721,2,
Physics::Step,C:\Users\╨┐╨║\Documents\GitHub\myengine\engine\src\ecs\systems\PhysicsSystem.cpp,748,20756877256,6544238,2,
Physics::Step,C:\Users\╨┐╨║\Documents\GitHub\myengine\engine\src\ecs\systems\PhysicsSystem.cpp,748,20763421614,6680588,2,
Physics::Step,C:\Users\╨┐╨║\Documents\GitHub\myengine\engine\src\ecs\systems\PhysicsSystem.cpp,748,20782527566,6354166,2,
Physics::Step,C:\Users\╨┐╨║\Documents\GitHub\myengine\engine\src\ecs\systems\PhysicsSystem.cpp,748,20800691574,6217947,2,
Physics::Step,C:\Users\╨┐╨║\Documents\GitHub\myengine\engine\src\ecs\systems\PhysicsSystem.cpp,748,20819307974,6585707,2,
Physics::Step,C:\Users\╨┐╨║\Documents\GitHub\myengine\engine\src\ecs\systems\PhysicsSystem.cpp,748,20838236438,6480096,2,
Physics::Step,C:\Users\╨┐╨║\Documents\GitHub\myengine\engine\src\ecs\systems\PhysicsSystem.cpp,748,20856813513,6526705,2,
Physics::Step,C:\Users\╨┐╨║\Documents\GitHub\myengine\engine\src\ecs\systems\PhysicsSystem.cpp,748,20863340328,6548877,2,
Physics::Step,C:\Users\╨┐╨║\Documents\GitHub\myengine\engine\src\ecs\systems\PhysicsSystem.cpp,748,20882129036,6641133,2,
Physics::Step,C:\Users\╨┐╨║\Documents\GitHub\myengine\engine\src\ecs\systems\PhysicsSystem.cpp,748,20900777207,7313502,2,
Physics::Step,C:\Users\╨┐╨║\Documents\GitHub\myengine\engine\src\ecs\systems\PhysicsSystem.cpp,748,20920512256,6413469,2,
Physics::Step,C:\Users\╨┐╨║\Documents\GitHub\myengine\engine\src\ecs\systems\PhysicsSystem.cpp,748,20939404751,6358896,2,
Physics::Step,C:\Users\╨┐╨║\Documents\GitHub\myengine\engine\src\ecs\systems\PhysicsSystem.cpp,748,20945763667,6866141,2,
Physics::Step,C:\Users\╨┐╨║\Documents\GitHub\myengine\engine\src\ecs\systems\PhysicsSystem.cpp,748,20964448367,6338576,2,
Physics::Step,C:\Users\╨┐╨║\Documents\GitHub\myengine\engine\src\ecs\systems\PhysicsSystem.cpp,748,20983293182,6845661,2,
Physics::Step,C:\Users\╨┐╨║\Documents\GitHub\myengine\engine\src\ecs\systems\PhysicsSystem.cpp,748,21002476230,6339919,2,
Physics::Step,C:\Users\╨┐╨║\Documents\GitHub\myengine\engine\src\ecs\systems\PhysicsSystem.cpp,748,21021475789,6473684,2,
Physics::Step,C:\Users\╨┐╨║\Documents\GitHub\myengine\engine\src\ecs\systems\PhysicsSystem.cpp,748,21040311487,6525242,2,
Physics::Step,C:\Users\╨┐╨║\Documents\GitHub\myengine\engine\src\ecs\systems\PhysicsSystem.cpp,748,21046836759,6732326,2,
Physics::Step,C:\Users\╨┐╨║\Documents\GitHub\myengine\engine\src\ecs\systems\PhysicsSystem.cpp,748,21065381091,6244608,2,
Physics::Step,C:\Users\╨┐╨║\Documents\GitHub\myengine\engine\src\ecs\systems\PhysicsSystem.cpp,748,21084118602,6260287,2,
Physics::Step,C:\Users\╨┐╨║\Documents\GitHub\myengine\engine\src\ecs\systems\PhysicsSystem.cpp,748,21103461885,6612579,2,
Physics::Step,C:\Users\╨┐╨║\Documents\GitHub\myengine\engine\src\ecs\systems\PhysicsSystem.cpp,748,21123008626,6681590,2,
Physics::Step,C:\Users\╨┐╨║\Documents\GitHub\myengine\engine\src\ecs\systems\PhysicsSystem.cpp,748,21129690226,6671300,2,
Physics::Step,C:\Users\╨┐╨║\Documents\GitHub\myengine\engine\src\ecs\systems\PhysicsSystem.cpp,748,21148379054,6288211,2,
Physics::Step,C:\Users\╨┐╨║\Documents\GitHub\myengine\engine\src\ecs\systems\PhysicsSystem.cpp,748,21167072941,6546292,2,
Physics::Step,C:\Users\╨┐╨║\Documents\GitHub\myengine\engine\src\ecs\systems\PhysicsSystem.cpp,748,21185832564,6402718,2,
Physics::Step,C:\Users\╨┐╨║\Documents\GitHub\myengine\engine\src\ecs\systems\PhysicsSystem.cpp,748,21204964585,6736835,2,
Physics::Step,C:\Users\╨┐╨║\Documents\GitHub\myengine\engine\src\ecs\systems\PhysicsSystem.cpp,748,21223989954,6401837,2,
Physics::Step,C:\Users\╨┐╨║\Documents\GitHub\myengine\engine\src\ecs\systems\PhysicsSystem.cpp,748,21230391871,6917549,2,
Physics::Step,C:\Users\╨┐╨║\Documents\GitHub\myengine\engine\src\ecs\systems\PhysicsSystem.cpp,748,21251100845,7321718,2,
Physics::Step,C:\Users\╨┐╨║\Documents\GitHub\myengine\engine\src\ecs\systems\PhysicsSystem.cpp,748,21270939842,6382400,2,
Physics::Step,C:\Users\╨┐╨║\Documents\GitHub\myengine\engine\src\ecs\systems\PhysicsSystem.cpp,748,21289918541,6314711,2,
Physics::Step,C:\Users\╨┐╨║\Documents\GitHub\myengine\engine\src\ecs\systems\PhysicsSystem.cpp,748,21296233313,6925213,2,
Physics::Step,C:\Users\╨┐╨║\Documents\GitHub\myengine\engine\src\ecs\systems\PhysicsSystem.cpp,748,21315071144,7068636,2,
Physics::Step,C:\Users\╨┐╨║\Documents\GitHub\myengine\engine\src\ecs\systems\PhysicsSystem.cpp,748,21334690784,6867057,2,
Physics::Step,C:\Users\╨┐╨║\Documents\GitHub\myengine\engine\src\ecs\systems\PhysicsSystem.cpp,748,21353799501,7031946,2,
Physics::Step,C:\Users\╨┐╨║\Documents\GitHub\myengine\engine\src\ecs\systems\PhysicsSystem.cpp,748,21373005393,7338450,2,
Physics::Step,C:\Users\╨┐╨║\Documents\GitHub\myengine\engine\src\ecs\systems\PhysicsSystem.cpp,748,21380343973,6204011,2,
Physics::Step,C:\Users\╨┐╨║\Documents\GitHub\myengine\engine\src\ecs\systems\PhysicsSystem.cpp,748,21399302154,6491688,2,
Physics::Step,C:\Users\╨┐╨║\Documents\GitHub\myengine\engine\src\ecs\systems\PhysicsSystem.cpp,748,21418811263,7785682,2,
Physics::Step,C:\Users\╨┐╨║\Documents\GitHub\myengine\engine\src\ecs\systems\PhysicsSystem.cpp,748,21439415387,7047166,2,
Physics::Step,C:\Users\╨┐╨║\Documents\GitHub\myengine\engine\src\ecs\systems\PhysicsSystem.cpp,748,21446462593,6167501,2,
Physics::Step,C:\Users\╨┐╨║\Documents\GitHub\myengine\engine\src\ecs\systems\PhysicsSystem.cpp,748,21465115652,6418018,2,
Physics::Step,C:\Users\╨┐╨║\Documents\GitHub\myengine\engine\src\ecs\systems\PhysicsSystem.cpp,748,21484034889,6912068,2,
Physics::Step,C:\Users\╨┐╨║\Documents\GitHub\myengine\engine\src\ecs\systems\PhysicsSystem.cpp,748,21503215793,6596718,2,
Physics::Step,C:\Users\╨┐╨║\Documents\GitHub\myengine\engine\src\ecs\systems\PhysicsSystem.cpp,748,21522561040,7170050,2,
Physics::Step,C:\Users\╨┐╨║\Documents\GitHub\myengine\engine\src\ecs\systems\PhysicsSystem.cpp,748,21529731200,6322987,2,
Physics::Step,C:\Users\╨┐╨║\Documents\GitHub\myengine\engine\src\ecs\systems\PhysicsSystem.cpp,748,21548808057,6949630,2,
Physics::Step,C:\Users\╨┐╨║\Documents\GitHub\myengine\engine\src\ecs\systems\PhysicsSystem.cpp,748,21568007908,6370366,2,
Physics::Step,C:\Users\╨┐╨║\Documents\GitHub\myengine\engine\src\ecs\systems\PhysicsSystem.cpp,748,21586948374,6818400,2,
Physics::Step,C:\Users\╨┐╨║\Documents\GitHub\myengine\engine\src\ecs\systems\PhysicsSystem.cpp,748,21606574697,6347523,2,
Physics::Step,C:\Users\╨┐╨║\Documents\GitHub\myengine\engine\src\ecs\systems\PhysicsSystem.cpp,748,21612922581,6321073,2,
Physics::Step,C:\Users\╨┐╨║\Documents\GitHub\myengine\engine\src\ecs\systems\PhysicsSystem.cpp,748,21632061876,6504753,2,
Physics::Step,C:\Users\╨┐╨║\Documents\GitHub\myengine\engine\src\ecs\systems\PhysicsSystem.cpp,748,21651003004,6688273,2,
Physics::Step,C:\Users\╨┐╨║\Documents\GitHub\myengine\engine\src\ecs\systems\PhysicsSystem.cpp,748,21670262549,6525682,2,
Physics::Step,C:\Users\╨┐╨║\Documents\GitHub\myengine\engine\src\ecs\systems\PhysicsSystem.cpp,748,21689404413,6672964,2,
Physics::Step,C:\Users\╨┐╨║\Documents\GitHub\myengine\engine\src\ecs\systems\PhysicsSystem.cpp,748,21696077387,6189052,2,
Physics::Step,C:\Users\╨┐╨║\Documents\GitHub\myengine\engine\src\ecs\systems\PhysicsSystem.cpp,748,21714433281,6334008,2,
Physics::Step,C:\Users\╨┐╨║\Documents\GitHub\myengine\engine\src\ecs\systems\PhysicsSystem.cpp,748,21733405894,6614452,2,
Physics::Step,C:\Users\╨┐╨║\Documents\GitHub\myengine\engine\src\ecs\systems\PhysicsSystem.cpp,748,21753923854,6993663,2,
Physics::Step,C:\Users\╨┐╨║\Documents\GitHub\myengine\engine\src\ecs\systems\PhysicsSystem.cpp,748,21773712986,6630122,2,
Physics::Step,C:\Users\╨┐╨║\Documents\GitHub\myengine\engine\src\ecs\systems\PhysicsSystem.cpp,748,21780343128,6278662,2,
Physics::Step,C:\Users\╨┐╨║\Documents\GitHub\myengine\engine\src\ecs\systems\PhysicsSystem.cpp,748,21798830742,6565048,2,
Physics::Step,C:\Users\╨┐╨║\Documents\GitHub\myengine\engine\src\ecs\systems\PhysicsSystem.cpp,748,21817797780,6864939,2,
Physics::Step,C:\Users\╨┐╨║\Documents\GitHub\myengine\engine\src\ecs\systems\PhysicsSystem.cpp,748,21837856425,6503781,2,
Physics::Step,C:\Users\╨┐╨║\Documents\GitHub\myengine\engine\src\ecs\systems\PhysicsSystem.cpp,748,21856563037,6283913,2,
Physics::Step,C:\Users\╨┐╨║\Documents\GitHub\myengine\engine\src\ecs\systems\PhysicsSystem.cpp,748,21862846980,7039571,2,
Physics::Step,C:\Users\╨┐╨║\Documents\GitHub\myengine\engine\src\ecs\systems\PhysicsSystem.cpp,748,21882054164,6276879,2,
Physics::Step,C:\Users\╨┐╨║\Documents\GitHub\myengine\engine\src\ecs\systems\PhysicsSystem.cpp,748,21900790462,6430833,2,
Physics::Step,C:\Users\╨┐╨║\Documents\GitHub\myengine\engine\src\ecs\systems\PhysicsSystem.cpp,748,21919491864,6521996,2,
Physics::Step,C:\Users\╨┐╨║\Documents\GitHub\myengine\engine\src\ecs\systems\PhysicsSystem.cpp,748,21938983420,6674135,2,
Physics::Step,C:\Users\╨┐╨║\Documents\GitHub\myengine\engine\src\ecs\systems\PhysicsSystem.cpp,748,21945657665,6669337,2,
Physics::Step,C:\Users\╨┐╨║\Documents\GitHub\myengine\engine\src\ecs\systems\PhysicsSystem.cpp,748,21964190136,6243074,2,
Physics::Step,C:\Users\╨┐╨║\Documents\GitHub\myengine\engine\src\ecs\systems\PhysicsSystem.cpp,748,21983133683,6821756,2,
Physics::Step,C:\Users\╨┐╨║\Documents\GitHub\myengine\engine\src\ecs\systems\PhysicsSystem.cpp,748,22001919420,6492460,2,
Physics::Step,C:\Users\╨┐╨║\Documents\GitHub\myengine\engine\src\ecs\systems\PhysicsSystem.cpp,748,22020813800,7050401,2,
Physics::Step,C:\Users\╨┐╨║\Documents\GitHub\myengine\engine\src\ecs\systems\PhysicsSystem.cpp,748,22040514674,7072494,2,
Physics::Step,C:\Users\╨┐╨║\Documents\GitHub\myengine\engine\src\ecs\systems\PhysicsSystem.cpp,748,22047587188,7170660,2,
Physics::Step,C:\Users\╨┐╨║\Documents\GitHub\myengine\engine\src\ecs\systems\PhysicsSystem.cpp,748,22066497311,6598081,2,
Physics::Step,C:\Users\╨┐╨║\Documents\GitHub\myengine\engine\src\ecs\systems\PhysicsSystem.cpp,748,22084765874,7294988,2,
Physics::Step,C:\Users\╨┐╨║\Documents\GitHub\myengine\engine\src\ecs\systems\PhysicsSystem.cpp,748,22104083780,7133189,2,
Physics::Step,C:\Users\╨┐╨║\Documents\GitHub\myengine\engine\src\ecs\systems\PhysicsSystem.cpp,748,22123759827,8631762,2,
Physics::Step,C:\Users\╨┐╨║\Documents\GitHub\myengine\engine\src\ecs\systems\PhysicsSystem.cpp,748,22132391609,6245940,2,
Physics::Step,C:\Users\╨┐╨║\Documents\GitHub\myengine\engine\src\ecs\systems\PhysicsSystem.cpp,748,22151043677,6296066,2,
Physics::Step,C:\Users\╨┐╨║\Documents\GitHub\myengine\engine\src\ecs\systems\PhysicsSystem.cpp,748,22170023062,6295004,2,
Physics::Step,C:\Users\╨┐╨║\Documents\GitHub\myengine\engine\src\ecs\systems\PhysicsSystem.cpp,748,22188217191,7280877,2,
Physics::Step,C:\Users\╨┐╨║\Documents\GitHub\myengine\engine\src\ecs\systems\PhysicsSystem.cpp,748,22207332362,7930267,2,
Physics::Step,C:\Users\╨┐╨║\Documents\GitHub\myengine\engine\src\ecs\systems\PhysicsSystem.cpp,748,22215262749,6119450,2,
Physics::Step,C:\Users\╨┐╨║\Documents\GitHub\myengine\engine\src\ecs\systems\PhysicsSystem.cpp,748,22233236073,6915181,2,
Physics::Step,C:\Users\╨┐╨║\Documents\GitHub\myengine\engine\src\ecs\systems\PhysicsSystem.cpp,748,22253780479,6213950,2,
Physics::Step,C:\Users\╨┐╨║\Documents\GitHub\myengine\engine\src\ecs\systems\PhysicsSystem.cpp,748,22272332452,6678153,2,
Physics::Step,C:\Users\╨┐╨║\Documents\GitHub\myengine\engine\src\ecs\systems\PhysicsSystem.cpp,748,22279010726,6638277,2,
Physics::Step,C:\Users\╨┐╨║\Documents\GitHub\myengine\engine\src\ecs\systems\PhysicsSystem.cpp,748,22297240397,7571871,2,
Physics::Step,C:\Users\╨┐╨║\Documents\GitHub\myengine\engine\src\ecs\systems\PhysicsSystem.cpp,748,22316596668,6594664,2,
Physics::Step,C:\Users\╨┐╨║\Documents\GitHub\myengine\engine\src\ecs\systems\PhysicsSystem.cpp,748,22335383622,6313880,2,
Physics::Step,C:\Users\╨┐╨║\Documents\GitHub\myengine\engine\src\ecs\systems\PhysicsSystem.cpp,748,22353994021,6379544,2,
Physics::Step,C:\Users\╨┐╨║\Documents\GitHub\myengine\engine\src\ecs\systems\PhysicsSystem.cpp,748,22373216985,6423669,2,
Physics::Step,C:\Users\╨┐╨║\Documents\GitHub\myengine\engine\src\ecs\systems\PhysicsSystem.cpp,748,22379640764,6666321,2,
Physics::Step,C:\Users\╨┐╨║\Documents\GitHub\myengine\engine\src\ecs\systems\PhysicsSystem.cpp,748,22397988893,6229790,2,
Physics::Step,C:\Users\╨┐╨║\Documents\GitHub\myengine\engine\src\ecs\systems\PhysicsSystem.cpp,748,22416630070,6505785,2,
Physics::Step,C:\Users\╨┐╨║\Documents\GitHub\myengine\engine\src\ecs\systems\PhysicsSystem.cpp,748,22435528004,6896120,2,
Physics::Step,C:\Users\╨┐╨║\Documents\GitHub\myengine\engine\src\ecs\systems\PhysicsSystem.cpp,748,22454840936,6731184,2,
Physics::Step,C:\Users\╨┐╨║\Documents\GitHub\myengine\engine\src\ecs\systems\PhysicsSystem.cpp,748,22474033389,6564917,2,
Physics::Step,C:\Users\╨┐╨║\Documents\GitHub\myengine\engine\src\ecs\systems\PhysicsSystem.cpp,748,22480598336,6104090,2,
Physics::Step,C:\Users\╨┐╨║\Documents\GitHub\myengine\engine\src\ecs\systems\PhysicsSystem.cpp,748,22498866848,6444418,2,
Physics::Step,C:\Users\╨┐╨║\Documents\GitHub\myengine\engine\src\ecs\systems\PhysicsSystem.cpp,748,22517573239,6762514,2,
Physics::Step,C:\Users\╨┐╨║\Documents\GitHub\myengine\engine\src\ecs\systems\PhysicsSystem.cpp,748,22537189687,6740598,2,
Physics::Step,C:\Users\╨┐╨║\Documents\GitHub\myengine\engine\src\ecs\systems\PhysicsSystem.cpp,748,22555574678,6425201,2,
Physics::Step,C:\Users\╨┐╨║\Documents\GitHub\myengine\engine\src\ecs\systems\PhysicsSystem.cpp,748,22574256823,6276729,2,
Physics::Step,C:\Users\╨┐╨║\Documents\GitHub\myengine\engine\src\ecs\systems\PhysicsSystem.cpp,748,22580533572,6791849,2,
Physics::Step,C:\Users\╨┐╨║\Documents\GitHub\myengine\engine\src\ecs\systems\PhysicsSystem.cpp,748,22599049430,6204812,2,
Physics::Step,C:\Users\╨┐╨║\Documents\GitHub\myengine\engine\src\ecs\systems\PhysicsSystem.cpp,748,22617498361,6857048,2,
Physics::Step,C:\Users\╨┐╨║\Documents\GitHub\myengine\engine\src\ecs\systems\PhysicsSystem.cpp,748,22636843974,6570839,2,
Physics::Step,C:\Users\╨┐╨║\Documents\GitHub\myengine\engine\src\ecs\systems\PhysicsSystem.cpp,748,22655668530,6307117,2,
Physics::Step,C:\Users\╨┐╨║\Documents\GitHub\myengine\engine\src\ecs\systems\PhysicsSystem.cpp,748,22661975687,6482761,2,
Physics::Step,C:\Users\╨┐╨║\Documents\GitHub\myengine\engine\src\ecs\systems\PhysicsSystem.cpp,748,22680143288,6618539,2,
Physics::Step,C:\Users\╨┐╨║\Documents\GitHub\myengine\engine\src\ecs\systems\PhysicsSystem.cpp,748,22699213792,6231353,2,
Physics::Step,C:\Users\╨┐╨║\Documents\GitHub\myengine\engine\src\ecs\systems\PhysicsSystem.cpp,748,22717818408,6840268,2,
Physics::Step,C:\Users\╨┐╨║\Documents\GitHub\myengine\engine\src\ecs\systems\PhysicsSystem.cpp,748,22737387062,7095187,2,
Physics::Step,C:\Users\╨┐╨║\Documents\GitHub\myengine\engine\src\ecs\systems\PhysicsSystem.cpp,748,22758858327,7188244,2,
Physics::Step,C:\Users\╨┐╨║\Documents\GitHub\myengine\engine\src\ecs\systems\PhysicsSystem.cpp,748,22766046691,6956073,2,
Physics::Step,C:\Users\╨┐╨║\Documents\GitHub\myengine\engine\src\ecs\systems\PhysicsSystem.cpp,748,22784688500,6366199,2,
Physics::Step,C:\Users\╨┐╨║\Documents\GitHub\myengine\engine\src\ecs\systems\PhysicsSystem.cpp,748,22803364367,6501677,2,
Physics::Step,C:\Users\╨┐╨║\Documents\GitHub\myengine\engine\src\ecs\systems\PhysicsSystem.cpp,748,22822253061,7087657,2,
Physics::Step,C:\Users\╨┐╨║\Documents\GitHub\myengine\engine\src\ecs\systems\PhysicsSystem.cpp,748,22841820621,6743883,2,
Physics::Step,C:\Users\╨┐╨║\Documents\GitHub\myengine\engine\src\ecs\systems\PhysicsSystem.cpp,748,22848564544,7027178,2,
Physics::Step,C:\Users\╨┐╨║\Documents\GitHub\myengine\engine\src\ecs\systems\PhysicsSystem.cpp,748,22867635565,6611777,2,
Physics::Step,C:\Users\╨┐╨║\Documents\GitHub\myengine\engine\src\ecs\systems\PhysicsSystem.cpp,748,22885959362,6397710,2,
Physics::Step,C:\Users\╨┐╨║\Documents\GitHub\myengine\engine\src\ecs\systems\PhysicsSystem.cpp,748,22904726986,7541306,2,
Physics::Step,C:\Users\╨┐╨║\Documents\GitHub\myengine\engine\src\ecs\systems\PhysicsSystem.cpp,748,22925671648,6996654,2,
Physics::Step,C:\Users\╨┐╨║\Documents\GitHub\myengine\engine\src\ecs\systems\PhysicsSystem.cpp,748,22932668502,6802390,2,
Physics::Step,C:\Users\╨┐╨║\Documents\GitHub\myengine\engine\src\ecs\systems\PhysicsSystem.cpp,748,22951287613,6548035,2,
Physics::Step,C:\Users\╨┐╨║\Documents\GitHub\myengine\engine\src\ecs\systems\PhysicsSystem.cpp,748,22970291945,6668916,2,
Physics::Step,C:\Users\╨┐╨║\Documents\GitHub\myengine\engine\src\ecs\systems\PhysicsSystem.cpp,748,22989080539,6207797,2,
Physics::Step,C:\Users\╨┐╨║\Documents\GitHub\myengine\engine\src\ecs\systems\PhysicsSystem.cpp,748,22995288407,6492860,2,
Physics::Step,C:\Users\╨┐╨║\Documents\GitHub\myengine\engine\src\ecs\systems\PhysicsSystem.cpp,748,23013489995,6991025,2,
Physics::Step,C:\Users\╨┐╨║\Documents\GitHub\myengine\engine\src\ecs\systems\PhysicsSystem.cpp,748,23032630665,7060521,2,
Physics::Step,C:\Users\╨┐╨║\Documents\GitHub\myengine\engine\src\ecs\systems\PhysicsSystem.cpp,748,23052425626,6639867,2,
Physics::Step,C:\Users\╨┐╨║\Documents\GitHub\myengine\engine\src\ecs\systems\PhysicsSystem.cpp,748,23072691308,6330200,2,
Physics::Step,C:\Users\╨┐╨║\Documents\GitHub\myengine\engine\src\ecs\systems\PhysicsSystem.cpp,748,23079021569,6148344,2,
Physics::Step,C:\Users\╨┐╨║\Documents\GitHub\myengine\engine\src\ecs\systems\PhysicsSystem.cpp,748,23096773962,8383121,2,
Physics::Step,C:\Users\╨┐╨║\Documents\GitHub\myengine\engine\src\ecs\systems\PhysicsSystem.cpp,748,23116843935,6620133,2,
Physics::Step,C:\Users\╨┐╨║\Documents\GitHub\myengine\engine\src\ecs\systems\PhysicsSystem.cpp,748,23136540517,6715639,2,
Physics::Step,C:\Users\╨┐╨║\Documents\GitHub\myengine\engine\src\ecs\systems\PhysicsSystem.cpp,748,23155544212,6961739,2,
Physics::Step,C:\Users\╨┐╨║\Documents\GitHub\myengine\engine\src\ecs\systems\PhysicsSystem.cpp,748,23174886756,7001223,2,
Physics::Step,C:\Users\╨┐╨║\Documents\GitHub\myengine\engine\src\ecs\systems\PhysicsSystem.cpp,748,23181887989,6126733,2,
Physics::Step,C:\Users\╨┐╨║\Documents\GitHub\myengine\engine\src\ecs\systems\PhysicsSystem.cpp,748,23199780564,7040580,2,
Physics::Step,C:\Users\╨┐╨║\Documents\GitHub\myengine\engine\src\ecs\systems\PhysicsSystem.cpp,748,23219697091,6542255,2,
Physics::Step,C:\Users\╨┐╨║\Documents\GitHub\myengine\engine\src\ecs\systems\PhysicsSystem.cpp,748,23238708241,6859234,2,
Physics::Step,C:\Users\╨┐╨║\Documents\GitHub\myengine\engine\src\ecs\systems\PhysicsSystem.cpp,748,23259309289,6851760,2,
Physics::Step,C:\Users\╨┐╨║\Documents\GitHub\myengine\engine\src\ecs\systems\PhysicsSystem.cpp,748,23266161079,7029221,2,
Physics::Step,C:\Users\╨┐╨║\Documents\GitHub\myengine\engine\src\ecs\systems\PhysicsSystem.cpp,748,23285032019,7359901,2,
Physics::Step,C:\Users\╨┐╨║\Documents\GitHub\myengine\engine\src\ecs\systems\PhysicsSystem.cpp,748,23304108164,6697440,2,
Physics::Step,C:\Users\╨┐╨║\Documents\GitHub\myengine\engine\src\ecs\systems\PhysicsSystem.cpp,748,23322617815,6395134,2,
Physics::Step,C:\Users\╨┐╨║\Documents\GitHub\myengine\engine\src\ecs\systems\PhysicsSystem.cpp,748,23329013009,6854900,2,
Physics::Step,C:\Users\╨┐╨║\Documents\GitHub\myengine\engine\src\ecs\systems\PhysicsSystem.cpp,748,23348228034,6624866,2,
Physics::Step,C:\Users\╨┐╨║\Documents\GitHub\myengine\engine\src\ecs\systems\PhysicsSystem.cpp,748,23367036625,6320792,2,
Physics::Step,C:\Users\╨┐╨║\Documents\GitHub\myengine\engine\src\ecs\systems\PhysicsSystem.cpp,748,23385600981,6267581,2,
Physics::Step,C:\Users\╨┐╨║\Documents\GitHub\myengine\engine\src\ecs\systems\PhysicsSystem.cpp,748,23404486674,7004278,2,
Physics::Step,C:\Users\╨┐╨║\Documents\GitHub\myengine\engine\src\ecs\systems\PhysicsSystem.cpp,748,23423317782,6433692,2,
Physics::Step,C:\Users\╨┐╨║\Documents\GitHub\myengine\engine\src\ecs\systems\PhysicsSystem.cpp,748,23429751494,6510815,2,
Physics::Step,C:\Users\╨┐╨║\Documents\GitHub\myengine\engine\src\ecs\systems\PhysicsSystem.cpp,748,23448383018,6302509,2,
Physics::Step,C:\Users\╨┐╨║\Documents\GitHub\myengine\engine\src\ecs\systems\PhysicsSystem.cpp,748,23466957066,7312717,2,
Physics::Step,C:\Users\╨┐╨║\Documents\GitHub\myengine\engine\src\ecs\systems\PhysicsSystem.cpp,748,23486264233,6460789,2,
Physics::Step,C:\Users\╨┐╨║\Documents\GitHub\myengine\engine\src\ecs\systems\PhysicsSystem.cpp,748,23505042711,7302426,2,
Physics::Step,C:\Users\╨┐╨║\Documents\GitHub\myengine\engine\src\ecs\systems\PhysicsSystem.cpp,748,23524424969,6440440,2,
Physics::Step,C:\Users\╨┐╨║\Documents\GitHub\myengine\engine\src\ecs\systems\PhysicsSystem.cpp,748,23530865530,6744018,2,
Physics::Step,C:\Users\╨┐╨║\Documents\GitHub\myengine\engine\src\ecs\systems\PhysicsSystem.cpp,748,23549571835,6705605,2,
Physics::Step,C:\Users\╨┐╨║\Documents\GitHub\myengine\engine\src\ecs\systems\PhysicsSystem.cpp,748,23568364817,6605074,2,
Physics::Step,C:\Users\╨┐╨║\Documents\GitHub\myengine\engine\src\ecs\systems\PhysicsSystem.cpp,748,23587374880,6473935,2,
Physics::Step,C:\Users\╨┐╨║\Documents\GitHub\myengine\engine\src\ecs\systems\PhysicsSystem.cpp,748,23605837763,6957039,2,
Physics::Step,C:\Users\╨┐╨║\Documents\GitHub\myengine\engine\src\ecs\systems\PhysicsSystem.cpp,748,23612794842,7081100,2,
Physics::Step,C:\Users\╨┐╨║\Documents\GitHub\myengine\engine\src\ecs\systems\PhysicsSystem.cpp,748,23631693104,6401737,2,
Physics::Step,C:\Users\╨┐╨║\Documents\GitHub\myengine\engine\src\ecs\systems\PhysicsSystem.cpp,748,23649894564,6388051,2,
Physics::Step,C:\Users\╨┐╨║\Documents\GitHub\myengine\engine\src\ecs\systems\PhysicsSystem.cpp,748,23668668013,6352764,2,
Physics::Step,C:\Users\╨┐╨║\Documents\GitHub\myengine\engine\src\ecs\systems\PhysicsSystem.cpp,748,23686906712,7350970,2,
Physics::Step,C:\Users\╨┐╨║\Documents\GitHub\myengine\engine\src\ecs\systems\PhysicsSystem.cpp,748,23706542755,6547414,2,
Physics::Step,C:\Users\╨┐╨║\Documents\GitHub\myengine\engine\src\ecs\systems\PhysicsSystem.cpp,748,23713090299,6493492,2,
Physics::Step,C:\Users\╨┐╨║\Documents\GitHub\myengine\engine\src\ecs\systems\PhysicsSystem.cpp,748,23731495016,6792034,2,
Physics::Step,C:\Users\╨┐╨║\Documents\GitHub\myengine\engine\src\ecs\systems\PhysicsSystem.cpp,748,23750813623,6997696,2,
Physics::Step,C:\Users\╨┐╨║\Documents\GitHub\myengine\engine\src\ecs\systems\PhysicsSystem.cpp,748,23770948202,6870129,2,
Physics::Step,C:\Users\╨┐╨║\Documents\GitHub\myengine\engine\src\ecs\systems\PhysicsSystem.cpp,748,23789366275,6234318,2,
Physics::Step,C:\Users\╨┐╨║\Documents\GitHub\myengine\engine\src\ecs\systems\PhysicsSystem.cpp,748,23795600703,6523790,2,
Physics::Step,C:\Users\╨┐╨║\Documents\GitHub\myengine\engine\src\ecs\systems\PhysicsSystem.cpp,748,23813724169,6407969,2,
Physics::Step,C:\Users\╨┐╨║\Documents\GitHub\myengine\engine\src\ecs\systems\PhysicsSystem.cpp,748,23832326082,6779285,2,
Physics::Step,C:\Users\╨┐╨║\Documents\GitHub\myengine\engine\src\ecs\systems\PhysicsSystem.cpp,748,23851617953,6421875,2,
Physics::Step,C:\Users\╨┐╨║\Documents\GitHub\myengine\engine\src\ecs\systems\PhysicsSystem.cpp,748,23869743176,6711673,2,
Physics::Step,C:\Users\╨┐╨║\Documents\GitHub\myengine\engine\src\ecs\systems\PhysicsSystem.cpp,748,23888567273,6947055,2,
Physics::Step,C:\Users\╨┐╨║\Documents\GitHub\myengine\engine\src\ecs\systems\PhysicsSystem.cpp,748,23907462578,6528999,2,
Physics::Step,C:\Users\╨┐╨║\Documents\GitHub\myengine\engine\src\ecs\systems\PhysicsSystem.cpp,748,23913991607,6595777,2,
Physics::Step,C:\Users\╨┐╨║\Documents\GitHub\myengine\engine\src\ecs\systems\PhysicsSystem.cpp,748,23932934695,6198099,2,
Physics::Step,C:\Users\╨┐╨║\Documents\GitHub\myengine\engine\src\ecs\systems\PhysicsSystem.cpp,748,23952082070,6853146,2,
Physics::Step,C:\Users\╨┐╨║\Documents\GitHub\myengine\engine\src\ecs\systems\PhysicsSystem.cpp,748,23970769160,6503295,2,
Physics::Step,C:\Users\╨┐╨║\Documents\GitHub\myengine\engine\src\ecs\systems\PhysicsSystem.cpp,748,23989331707,6569847,2,
Physics::Step,C:\Users\╨┐╨║\Documents\GitHub\myengine\engine\src\ecs\systems\PhysicsSystem.cpp,748,23995901594,6385486,2,
Physics::Step,C:\Users\╨┐╨║\Documents\GitHub\myengine\engine\src\ecs\systems\PhysicsSystem.cpp,748,24013760813,6226914,2,
Physics::Step,C:\Users\╨┐╨║\Documents\GitHub\myengine\engine\src\ecs\systems\PhysicsSystem.cpp,748,24032190497,6514993,2,
Physics::Step,C:\Users\╨┐╨║\Documents\GitHub\myengine\engine\src\ecs\systems\PhysicsSystem.cpp,748,24051215044,6695350,2,
Physics::Step,C:\Users\╨┐╨║\Documents\GitHub\myengine\engine\src\ecs\systems\PhysicsSystem.cpp,748,24070096667,6889993,2,
Physics::Step,C:\Users\╨┐╨║\Documents\GitHub\myengine\engine\src\ecs\systems\PhysicsSystem.cpp,748,24089482633,6855135,2,
Physics::Step,C:\Users\╨┐╨║\Documents\GitHub\myengine\engine\src\ecs\systems\PhysicsSystem.cpp,748,24096337808,6212286,2,
Physics::Step,C:\Users\╨┐╨║\Documents\GitHub\myengine\engine\src\ecs\systems\PhysicsSystem.cpp,748,24114454983,6793834,2,
Physics::Step,C:\Users\╨┐╨║\Documents\GitHub\myengine\engine\src\ecs\systems\PhysicsSystem.cpp,748,24133806172,6239819,2,
Physics::Step,C:\Users\╨┐╨║\Documents\GitHub\myengine\engine\src\ecs\systems\PhysicsSystem.cpp,748,24152793538,7378591,2,
Physics::Step,C:\Users\╨┐╨║\Documents\GitHub\myengine\engine\src\ecs\systems\PhysicsSystem.cpp,748,24172194666,6457163,2,
Physics::Step,C:\Users\╨┐╨║\Documents\GitHub\myengine\engine\src\ecs\systems\PhysicsSystem.cpp,748,24190277274,6454709,2,
Physics::Step,C:\Users\╨┐╨║\Documents\GitHub\myengine\engine\src\ecs\systems\PhysicsSystem.cpp,748,24196732083,6584736,2,
Physics::Step,C:\Users\╨┐╨║\Documents\GitHub\myengine\engine\src\ecs\systems\PhysicsSystem.cpp,748,24215114448,6457964,2,
Physics::Step,C:\Users\╨┐╨║\Documents\GitHub\myengine\engine\src\ecs\systems\PhysicsSystem.cpp,748,24233107014,6812579,2,
Physics::Step,C:\Users\╨┐╨║\Documents\GitHub\myengine\engine\src\ecs\systems\PhysicsSystem.cpp,748,24252505689,6703592,2,
Physics::Step,C:\Users\╨┐╨║\Documents\GitHub\myengine\engine\src\ecs\systems\PhysicsSystem.cpp,748,24273458827,6510024,2,
Physics::Step,C:\Users\╨┐╨║\Documents\GitHub\myengine\engine\src\ecs\systems\PhysicsSystem.cpp,748,24279968941,6360618,2,
Physics::Step,C:\Users\╨┐╨║\Documents\GitHub\myengine\engine\src\ecs\systems\PhysicsSystem.cpp,748,24298127911,7438730,2,
Physics::Step,C:\Users\╨┐╨║\Documents\GitHub\myengine\engine\src\ecs\systems\PhysicsSystem.cpp,748,24317216889,6245450,2,
Physics::Step,C:\Users\╨┐╨║\Documents\GitHub\myengine\engine\src\ecs\systems\PhysicsSystem.cpp,748,24335812189,6307257,2,
Physics::Step,C:\Users\╨┐╨║\Documents\GitHub\myengine\engine\src\ecs\systems\PhysicsSystem.cpp,748,24354808036,6406145,2,
Physics::Step,C:\Users\╨┐╨║\Documents\GitHub\myengine\engine\src\ecs\systems\PhysicsSystem.cpp,748,24373577807,6586599,2,
Physics::Step,C:\Users\╨┐╨║\Documents\GitHub\myengine\engine\src\ecs\systems\PhysicsSystem.cpp,748,24380164526,6613661,2,
Physics::Step,C:\Users\╨┐╨║\Documents\GitHub\myengine\engine\src\ecs\systems\PhysicsSystem.cpp,748,24398723753,6693623,2,
Physics::Step,C:\Users\╨┐╨║\Documents\GitHub\myengine\engine\src\ecs\systems\PhysicsSystem.cpp,748,24417361107,6404883,2,
Physics::Step,C:\Users\╨┐╨║\Documents\GitHub\myengine\engine\src\ecs\systems\PhysicsSystem.cpp,748,24435835192,6952996,2,
Physics::Step,C:\Users\╨┐╨║\Documents\GitHub\myengine\engine\src\ecs\systems\PhysicsSystem.cpp,748,24455243599,6540912,2,
Physics::Step,C:\Users\╨┐╨║\Documents\GitHub\myengine\engine\src\ecs\systems\PhysicsSystem.cpp,748,24474132197,6206175,2,
Physics::Step,C:\Users\╨┐╨║\Documents\GitHub\myengine\engine\src\ecs\systems\PhysicsSystem.cpp,748,24480338442,6229269,2,
Physics::Step,C:\Users\╨┐╨║\Documents\GitHub\myengine\engine\src\ecs\systems\PhysicsSystem.cpp,748,24498891800,7218228,2,
Physics::Step,C:\Users\╨┐╨║\Documents\GitHub\myengine\engine\src\ecs\systems\PhysicsSystem.cpp,748,24517616869,7641266,2,
Physics::Step,C:\Users\╨┐╨║\Documents\GitHub\myengine\engine\src\ecs\systems\PhysicsSystem.cpp,748,24537379701,6353996,2,
Physics::Step,C:\Users\╨┐╨║\Documents\GitHub\myengine\engine\src\ecs\systems\PhysicsSystem.cpp,748,24556566878,6298981,2,
Physics::Step,C:\Users\╨┐╨║\Documents\GitHub\myengine\engine\src\ecs\systems\PhysicsSystem.cpp,748,24562865989,6880869,2,
Physics::Step,C:\Users\╨┐╨║\Documents\GitHub\myengine\engine\src\ecs\systems\PhysicsSystem.cpp,748,24581737765,7131250,2,
Physics::Step,C:\Users\╨┐╨║\Documents\GitHub\myengine\engine\src\ecs\systems\PhysicsSystem.cpp,748,24600986122,6490166,2,
Physics::Step,C:\Users\╨┐╨║\Documents\GitHub\myengine\engine\src\ecs\systems\PhysicsSystem.cpp,748,24619439636,7068923,2,
Physics::Step,C:\Users\╨┐╨║\Documents\GitHub\myengine\engine\src\ecs\systems\PhysicsSystem.cpp,748,24638517390,6373443,2,
Physics::Step,C:\Users\╨┐╨║\Documents\GitHub\myengine\engine\src\ecs\systems\PhysicsSystem.cpp,748,24657427058,6518430,2,
Physics::Step,C:\Users\╨┐╨║\Documents\GitHub\myengine\engine\src\ecs\systems\PhysicsSystem.cpp,748,24663945588,6507839,2,
Physics::Step,C:\Users\╨┐╨║\Documents\GitHub\myengine\engine\src\ecs\systems\PhysicsSystem.cpp,748,24682296438,6481418,2,
Physics::Step,C:\Users\╨┐╨║\Documents\GitHub\myengine\engine\src\ecs\systems\PhysicsSystem.cpp,748,24701245946,6463565,2,
Physics::Step,C:\Users\╨┐╨║\Documents\GitHub\myengine\engine\src\ecs\systems\PhysicsSystem.cpp,748,24720375569,6610945,2,
Physics::Step,C:\Users\╨┐╨║\Documents\GitHub\myengine\engine\src\ecs\systems\PhysicsSystem.cpp,748,24739016159,6584946,2,
Physics::Step,C:\Users\╨┐╨║\Documents\GitHub\myengine\engine\src\ecs\systems\PhysicsSystem.cpp,748,24745601385,6882793,2,
Physics::Step,C:\Users\╨┐╨║\Documents\GitHub\myengine\engine\src\ecs\systems\PhysicsSystem.cpp,748,24764250463,6485687,2,
Physics::Step,C:\Users\╨┐╨║\Documents\GitHub\myengine\engine\src\ecs\systems\PhysicsSystem.cpp,748,24784556359,6636584,2,
Physics::Step,C:\Users\╨┐╨║\Documents\GitHub\myengine\engine\src\ecs\systems\PhysicsSystem.cpp,748,24803742734,6959012,2,
Physics::Step,C:\Users\╨┐╨║\Documents\GitHub\myengine\engine\src\ecs\systems\PhysicsSystem.cpp,748,24823289695,6559327,2,
Physics::Step,C:\Users\╨┐╨║\Documents\GitHub\myengine\engine\src\ecs\systems\PhysicsSystem.cpp,748,24829849032,6625884,2,
Physics::Step,C:\Users\╨┐╨║\Documents\GitHub\myengine\engine\src\ecs\systems\PhysicsSystem.cpp,748,24848619914,7680197,2,
Physics::Step,C:\Users\╨┐╨║\Documents\GitHub\myengine\engine\src\ecs\systems\PhysicsSystem.cpp,748,24867818472,6995774,2,
Physics::Step,C:\Users\╨┐╨║\Documents\GitHub\myengine\engine\src\ecs\systems\PhysicsSystem.cpp,748,24886746542,6340901,2,
Physics::Step,C:\Users\╨┐╨║\Documents\GitHub\myengine\engine\src\ecs\systems\PhysicsSystem.cpp,748,24905327820,6772403,2,
Physics::Step,C:\Users\╨┐╨║\Documents\GitHub\myengine\engine\src\ecs\systems\PhysicsSystem.cpp,748,24924068196,6339889,2,
Physics::Step,C:\Users\╨┐╨║\Documents\GitHub\myengine\engine\src\ecs\systems\PhysicsSystem.cpp,748,24930408126,6776360,2,
Physics::Step,C:\Users\╨┐╨║\Documents\GitHub\myengine\engine\src\ecs\systems\PhysicsSystem.cpp,748,24949297413,6823115,2,
Physics::Step,C:\Users\╨┐╨║\Documents\GitHub\myengine\engine\src\ecs\systems\PhysicsSystem.cpp,748,24968410440,6602489,2,
Physics::Step,C:\Users\╨┐╨║\Documents\GitHub\myengine\engine\src\ecs\systems\PhysicsSystem.cpp,748,24987280232,6330432,2,
Physics::Step,C:\Users\╨┐╨║\Documents\GitHub\myengine\engine\src\ecs\systems\PhysicsSystem.cpp,748,25005793416,6689304,2,
Physics::Step,C:\Users\╨┐╨║\Documents\GitHub\myengine\engine\src\ecs\systems\PhysicsSystem.cpp,748,25012482840,6645181,2,
Physics::Step,C:\Users\╨┐╨║\Documents\GitHub\myengine\engine\src\ecs\systems\PhysicsSystem.cpp,748,25030877438,6203760,2,
Physics::Step,C:\Users\╨┐╨║\Documents\GitHub\myengine\engine\src\ecs\systems\PhysicsSystem.cpp,748,25049690793,7007911,2,
Physics::Step,C:\Users\╨┐╨║\Documents\GitHub\myengine\engine\src\ecs\systems\PhysicsSystem.cpp,748,25068895442,6776846,2,
Physics::Step,C:\Users\╨┐╨║\Documents\GitHub\myengine\engine\src\ecs\systems\PhysicsSystem.cpp,748,25087988680,6424120,2,
Physics::Step,C:\Users\╨┐╨║\Documents\GitHub\myengine\engine\src\ecs\systems\PhysicsSystem.cpp,748,25106615815,6256350,2,
Physics::Step,C:\Users\╨┐╨║\Documents\GitHub\myengine\engine\src\ecs\systems\PhysicsSystem.cpp,748,25112872185,6612689,2,
Physics::Step,C:\Users\╨┐╨║\Documents\GitHub\myengine\engine\src\ecs\systems\PhysicsSystem.cpp,748,25131522084,6528128,2,
Physics::Step,C:\Users\╨┐╨║\Documents\GitHub\myengine\engine\src\ecs\systems\PhysicsSystem.cpp,748,25150399926,6854329,2,
Physics::Step,C:\Users\╨┐╨║\Documents\GitHub\myengine\engine\src\ecs\systems\PhysicsSystem.cpp,748,25169407606,6411871,2,
Physics::Step,C:\Users\╨┐╨║\Documents\GitHub\myengine\engine\src\ecs\systems\PhysicsSystem.cpp,748,25188417269,6411286,2,
Physics::Step,C:\Users\╨┐╨║\Documents\GitHub\myengine\engine\src\ecs\systems\PhysicsSystem.cpp,748,25206726069,6750872,2,
Physics::Step,C:\Users\╨┐╨║\Documents\GitHub\myengine\engine\src\ecs\systems\PhysicsSystem.cpp,748,25213477021,6517407,2,
Physics::Step,C:\Users\╨┐╨║\Documents\GitHub\myengine\engine\src\ecs\systems\PhysicsSystem.cpp,748,25231622104,6264235,2,
Physics::Step,C:\Users\╨┐╨║\Documents\GitHub\myengine\engine\src\ecs\systems\PhysicsSystem.cpp,748,25250085913,6527456,2,
Physics::Step,C:\Users\╨┐╨║\Documents\GitHub\myengine\engine\src\ecs\systems\PhysicsSystem.cpp,748,25269486754,6493238,2,
Physics::Step,C:\Users\╨┐╨║\Documents\GitHub\myengine\engine\src\ecs\systems\PhysicsSystem.cpp,748,25289730218,6429630,2,
Physics::Step,C:\Users\╨┐╨║\Documents\GitHub\myengine\engine\src\ecs\systems\PhysicsSystem.cpp,748,25296159878,6491608,2,
Physics::Step,C:\Users\╨┐╨║\Documents\GitHub\myengine\engine\src\ecs\systems\PhysicsSystem.cpp,748,25314252040,6170156,2,
Physics::Step,C:\Users\╨┐╨║\Documents\GitHub\myengine\engine\src\ecs\systems\PhysicsSystem.cpp,748,25332757689,6263594,2,
Physics::Step,C:\Users\╨┐╨║\Documents\GitHub\myengine\engine\src\ecs\systems\PhysicsSystem.cpp,748,25351413409,6859509,2,
Physics::Step,C:\Users\╨┐╨║\Documents\GitHub\myengine\engine\src\ecs\systems\PhysicsSystem.cpp,748,25370181753,6917469,2,
Physics::Step,C:\Users\╨┐╨║\Documents\GitHub\myengine\engine\src\ecs\systems\PhysicsSystem.cpp,748,25389229509,6303611,2,
Physics::Step,C:\Users\╨┐╨║\Documents\GitHub\myengine\engine\src\ecs\systems\PhysicsSystem.cpp,748,25395533210,6094341,2,
Physics::Step,C:\Users\╨┐╨║\Documents\GitHub\myengine\engine\src\ecs\systems\PhysicsSystem.cpp,748,25413093599,6277350,2,
Physics::Step,C:\Users\╨┐╨║\Documents\GitHub\myengine\engine\src\ecs\systems\PhysicsSystem.cpp,748,25431389188,6550280,2,
Physics::Step,C:\Users\╨┐╨║\Documents\GitHub\myengine\engine\src\ecs\systems\PhysicsSystem.cpp,748,25449722079,6532105,2,
